EXP-H2-SOFTARGMIN-SCALE [10:24:53] note: H2: the matching pathway is untrainable because the soft-argmin is numerically saturated. Standardising the aggregated cost across the disparity axis immediately before the soft-argmin, and changing nothing else, should restore gradient flow to the feature extractor and aggregation.
EXP-H2-SOFTARGMIN-SCALE [10:24:53] note: one seed, 160 training scenes from random initialisation -- the same budget as both H1 arms. The comparison against EXP-H1-WORKING-v2 is a controlled A/B of the changed variable; neither arm's absolute accuracy is a ceiling.
EXP-H2-SOFTARGMIN-SCALE [10:24:53] note: Primary endpoint is mechanistic (gradient reachability); EPE and D1 are secondary and are not used to steer the run.
EXP-H2-SOFTARGMIN-SCALE [10:25:16] epoch   0  loss  10.6352  grad    50.072  match 2.523e+01 (100% of batches)  lr 1.00e-03  val EPE 17.185  D1 88.26%
EXP-H2-SOFTARGMIN-SCALE [10:25:35] epoch   1  loss   9.7270  grad    75.820  match 4.252e+01 (100% of batches)  lr 1.00e-03
EXP-H2-SOFTARGMIN-SCALE [10:25:53] epoch   2  loss   9.2524  grad    52.364  match 3.163e+01 (100% of batches)  lr 9.99e-04
EXP-H2-SOFTARGMIN-SCALE [10:26:12] epoch   3  loss   9.3939  grad    56.316  match 3.840e+01 (100% of batches)  lr 9.99e-04
EXP-H2-SOFTARGMIN-SCALE [10:26:31] epoch   4  loss   8.9896  grad    56.696  match 3.528e+01 (100% of batches)  lr 9.98e-04
EXP-H2-SOFTARGMIN-SCALE [10:26:53] epoch   5  loss   8.2406  grad    59.462  match 4.412e+01 (100% of batches)  lr 9.98e-04  val EPE 16.511  D1 88.44%
EXP-H2-SOFTARGMIN-SCALE [10:27:12] epoch   6  loss   7.8880  grad    52.196  match 3.535e+01 (100% of batches)  lr 9.97e-04
EXP-H2-SOFTARGMIN-SCALE [10:27:32] epoch   7  loss   6.4899  grad    47.487  match 2.917e+01 (100% of batches)  lr 9.96e-04
EXP-H2-SOFTARGMIN-SCALE [10:27:51] epoch   8  loss   5.9193  grad    42.514  match 2.140e+01 (100% of batches)  lr 9.95e-04
EXP-H2-SOFTARGMIN-SCALE [10:28:10] epoch   9  loss   5.0055  grad    40.537  match 2.074e+01 (100% of batches)  lr 9.94e-04
EXP-H2-SOFTARGMIN-SCALE [10:28:32] epoch  10  loss   4.4266  grad    36.779  match 1.995e+01 (100% of batches)  lr 9.93e-04  val EPE 10.535  D1 78.55%
EXP-H2-SOFTARGMIN-SCALE [10:28:50] epoch  11  loss   4.5516  grad    34.240  match 1.700e+01 (100% of batches)  lr 9.91e-04
EXP-H2-SOFTARGMIN-SCALE [10:29:08] epoch  12  loss   4.7622  grad    45.558  match 2.075e+01 (100% of batches)  lr 9.90e-04
EXP-H2-SOFTARGMIN-SCALE [10:29:25] epoch  13  loss   3.8300  grad    31.823  match 1.435e+01 (100% of batches)  lr 9.88e-04
EXP-H2-SOFTARGMIN-SCALE [10:29:43] epoch  14  loss   3.9764  grad    33.560  match 1.455e+01 (100% of batches)  lr 9.86e-04
EXP-H2-SOFTARGMIN-SCALE [10:30:03] epoch  15  loss   3.8074  grad    32.391  match 1.684e+01 (100% of batches)  lr 9.84e-04  val EPE 7.548  D1 53.71%
EXP-H2-SOFTARGMIN-SCALE [10:30:21] epoch  16  loss   3.5276  grad    29.686  match 1.460e+01 (100% of batches)  lr 9.82e-04
EXP-H2-SOFTARGMIN-SCALE [10:30:39] epoch  17  loss   3.5030  grad    34.054  match 1.573e+01 (100% of batches)  lr 9.80e-04
EXP-H2-SOFTARGMIN-SCALE [10:30:56] epoch  18  loss   3.7327  grad    38.486  match 1.722e+01 (100% of batches)  lr 9.78e-04
EXP-H2-SOFTARGMIN-SCALE [10:31:14] epoch  19  loss   3.3771  grad    41.692  match 1.744e+01 (100% of batches)  lr 9.76e-04
EXP-H2-SOFTARGMIN-SCALE [10:31:35] epoch  20  loss   3.0248  grad    34.488  match 1.533e+01 (100% of batches)  lr 9.73e-04  val EPE 8.070  D1 58.54%
EXP-H2-SOFTARGMIN-SCALE [12:58:48] epoch  21  loss   2.9750  grad    27.580  match 1.236e+01 (100% of batches)  lr 9.70e-04
EXP-H2-SOFTARGMIN-SCALE [12:59:02] epoch  22  loss   3.1253  grad    26.982  match 1.199e+01 (100% of batches)  lr 9.68e-04
EXP-H2-SOFTARGMIN-SCALE [12:59:16] epoch  23  loss   3.2924  grad    26.353  match 1.394e+01 (100% of batches)  lr 9.65e-04
EXP-H2-SOFTARGMIN-SCALE [12:59:29] epoch  24  loss   3.0902  grad    30.796  match 1.417e+01 (100% of batches)  lr 9.62e-04
EXP-H2-SOFTARGMIN-SCALE [12:59:45] epoch  25  loss   2.7462  grad    29.358  match 1.258e+01 (100% of batches)  lr 9.59e-04  val EPE 6.633  D1 49.65%
EXP-H2-SOFTARGMIN-SCALE [12:59:57] epoch  26  loss   2.7070  grad    20.926  match 1.113e+01 (100% of batches)  lr 9.56e-04
EXP-H2-SOFTARGMIN-SCALE [13:00:12] epoch  27  loss   3.0536  grad    38.153  match 1.543e+01 (100% of batches)  lr 9.52e-04
EXP-H2-SOFTARGMIN-SCALE [13:00:30] epoch  28  loss   2.7454  grad    25.150  match 1.043e+01 (100% of batches)  lr 9.49e-04
EXP-H2-SOFTARGMIN-SCALE [13:00:49] epoch  29  loss   2.7618  grad    24.609  match 1.221e+01 (100% of batches)  lr 9.46e-04
EXP-H2-SOFTARGMIN-SCALE [13:01:11] epoch  30  loss   2.9009  grad    31.275  match 1.444e+01 (100% of batches)  lr 9.42e-04  val EPE 6.299  D1 41.96%
EXP-H2-SOFTARGMIN-SCALE [13:01:31] epoch  31  loss   2.8453  grad    31.140  match 1.390e+01 (100% of batches)  lr 9.38e-04
EXP-H2-SOFTARGMIN-SCALE [13:01:50] epoch  32  loss   2.4299  grad    28.518  match 1.200e+01 (100% of batches)  lr 9.34e-04
EXP-H2-SOFTARGMIN-SCALE [13:02:09] epoch  33  loss   2.6018  grad    24.362  match 1.263e+01 (100% of batches)  lr 9.30e-04
EXP-H2-SOFTARGMIN-SCALE [13:02:29] epoch  34  loss   2.4973  grad    25.561  match 1.200e+01 (100% of batches)  lr 9.26e-04
EXP-H2-SOFTARGMIN-SCALE [13:02:52] epoch  35  loss   2.6380  grad    29.584  match 1.217e+01 (100% of batches)  lr 9.22e-04  val EPE 6.265  D1 41.76%
EXP-H2-SOFTARGMIN-SCALE [13:03:11] epoch  36  loss   2.9209  grad    31.623  match 1.331e+01 (100% of batches)  lr 9.18e-04
EXP-H2-SOFTARGMIN-SCALE [13:03:30] epoch  37  loss   2.6375  grad    32.269  match 1.363e+01 (100% of batches)  lr 9.14e-04
EXP-H2-SOFTARGMIN-SCALE [13:03:49] epoch  38  loss   2.5323  grad    33.407  match 1.244e+01 (100% of batches)  lr 9.09e-04
EXP-H2-SOFTARGMIN-SCALE [13:04:07] epoch  39  loss   2.4195  grad    23.473  match 9.499e+00 (100% of batches)  lr 9.05e-04
EXP-H2-SOFTARGMIN-SCALE [13:04:29] epoch  40  loss   2.2152  grad    23.280  match 9.157e+00 (100% of batches)  lr 9.00e-04  val EPE 5.827  D1 43.25%
EXP-H2-SOFTARGMIN-SCALE [13:04:48] epoch  41  loss   2.4048  grad    27.195  match 1.105e+01 (100% of batches)  lr 8.95e-04
EXP-H2-SOFTARGMIN-SCALE [13:05:05] epoch  42  loss   2.3145  grad    28.049  match 9.674e+00 (100% of batches)  lr 8.90e-04
EXP-H2-SOFTARGMIN-SCALE [13:05:23] epoch  43  loss   2.2127  grad    27.185  match 1.038e+01 (100% of batches)  lr 8.85e-04
EXP-H2-SOFTARGMIN-SCALE [13:05:41] epoch  44  loss   2.2801  grad    25.695  match 9.967e+00 (100% of batches)  lr 8.80e-04
EXP-H2-SOFTARGMIN-SCALE [13:06:02] epoch  45  loss   2.1650  grad    23.176  match 9.161e+00 (100% of batches)  lr 8.75e-04  val EPE 5.606  D1 38.69%
EXP-H2-SOFTARGMIN-SCALE [13:06:20] epoch  46  loss   2.2252  grad    28.722  match 1.011e+01 (100% of batches)  lr 8.70e-04
EXP-H2-SOFTARGMIN-SCALE [13:06:38] epoch  47  loss   2.1333  grad    24.152  match 9.020e+00 (100% of batches)  lr 8.64e-04
EXP-H2-SOFTARGMIN-SCALE [13:06:55] epoch  48  loss   2.5207  grad    33.024  match 1.105e+01 (100% of batches)  lr 8.59e-04
EXP-H2-SOFTARGMIN-SCALE [13:07:13] epoch  49  loss   2.3526  grad    31.188  match 1.179e+01 (100% of batches)  lr 8.54e-04
EXP-H2-SOFTARGMIN-SCALE [13:07:33] epoch  50  loss   2.2907  grad    23.707  match 9.269e+00 (100% of batches)  lr 8.48e-04  val EPE 5.980  D1 49.36%
EXP-H2-SOFTARGMIN-SCALE [13:07:51] epoch  51  loss   2.0796  grad    26.351  match 8.140e+00 (100% of batches)  lr 8.42e-04
EXP-H2-SOFTARGMIN-SCALE [13:08:09] epoch  52  loss   2.2441  grad    40.999  match 1.175e+01 (100% of batches)  lr 8.37e-04
EXP-H2-SOFTARGMIN-SCALE [13:08:26] epoch  53  loss   2.0454  grad    23.357  match 7.797e+00 (100% of batches)  lr 8.31e-04
EXP-H2-SOFTARGMIN-SCALE [13:08:44] epoch  54  loss   2.0124  grad    26.866  match 9.621e+00 (100% of batches)  lr 8.25e-04
EXP-H2-SOFTARGMIN-SCALE [13:09:05] epoch  55  loss   2.0716  grad    19.433  match 7.303e+00 (100% of batches)  lr 8.19e-04  val EPE 5.331  D1 39.01%
EXP-H2-SOFTARGMIN-SCALE [13:09:22] epoch  56  loss   2.0030  grad    19.245  match 7.614e+00 (100% of batches)  lr 8.13e-04
EXP-H2-SOFTARGMIN-SCALE [13:09:40] epoch  57  loss   1.8374  grad    17.009  match 6.825e+00 (100% of batches)  lr 8.06e-04
EXP-H2-SOFTARGMIN-SCALE [13:09:58] epoch  58  loss   1.9418  grad    26.856  match 8.598e+00 (100% of batches)  lr 8.00e-04
EXP-H2-SOFTARGMIN-SCALE [13:10:15] epoch  59  loss   2.1093  grad    25.175  match 8.435e+00 (100% of batches)  lr 7.94e-04
EXP-H2-SOFTARGMIN-SCALE [13:10:35] epoch  60  loss   1.9379  grad    22.812  match 8.058e+00 (100% of batches)  lr 7.88e-04  val EPE 5.755  D1 36.48%
EXP-H2-SOFTARGMIN-SCALE [13:10:53] epoch  61  loss   1.8307  grad    29.236  match 8.743e+00 (100% of batches)  lr 7.81e-04
EXP-H2-SOFTARGMIN-SCALE [13:11:11] epoch  62  loss   1.9418  grad    21.966  match 7.517e+00 (100% of batches)  lr 7.75e-04
EXP-H2-SOFTARGMIN-SCALE [13:11:28] epoch  63  loss   1.8289  grad    20.612  match 7.236e+00 (100% of batches)  lr 7.68e-04
EXP-H2-SOFTARGMIN-SCALE [13:11:46] epoch  64  loss   1.6862  grad    23.903  match 8.228e+00 (100% of batches)  lr 7.61e-04
EXP-H2-SOFTARGMIN-SCALE [13:12:06] epoch  65  loss   1.7631  grad    20.035  match 7.761e+00 (100% of batches)  lr 7.55e-04  val EPE 5.131  D1 34.74%
EXP-H2-SOFTARGMIN-SCALE [13:12:24] epoch  66  loss   1.8459  grad    20.743  match 7.734e+00 (100% of batches)  lr 7.48e-04
EXP-H2-SOFTARGMIN-SCALE [13:12:41] epoch  67  loss   1.9030  grad    20.252  match 7.818e+00 (100% of batches)  lr 7.41e-04
EXP-H2-SOFTARGMIN-SCALE [13:12:59] epoch  68  loss   1.7418  grad    23.923  match 7.882e+00 (100% of batches)  lr 7.34e-04
EXP-H2-SOFTARGMIN-SCALE [13:13:17] epoch  69  loss   1.7858  grad    20.671  match 6.821e+00 (100% of batches)  lr 7.27e-04
EXP-H2-SOFTARGMIN-SCALE [13:13:37] epoch  70  loss   1.6912  grad    24.937  match 7.878e+00 (100% of batches)  lr 7.20e-04  val EPE 5.251  D1 32.56%
EXP-H2-SOFTARGMIN-SCALE [13:13:54] epoch  71  loss   1.6467  grad    26.982  match 8.782e+00 (100% of batches)  lr 7.13e-04
EXP-H2-SOFTARGMIN-SCALE [13:14:12] epoch  72  loss   1.8624  grad    26.887  match 8.644e+00 (100% of batches)  lr 7.06e-04
EXP-H2-SOFTARGMIN-SCALE [13:14:30] epoch  73  loss   1.6292  grad    18.436  match 6.794e+00 (100% of batches)  lr 6.99e-04
EXP-H2-SOFTARGMIN-SCALE [13:14:47] epoch  74  loss   1.6321  grad    21.242  match 6.857e+00 (100% of batches)  lr 6.91e-04
EXP-H2-SOFTARGMIN-SCALE [13:15:08] epoch  75  loss   1.7031  grad    21.644  match 7.966e+00 (100% of batches)  lr 6.84e-04  val EPE 5.075  D1 34.35%
EXP-H2-SOFTARGMIN-SCALE [13:15:25] epoch  76  loss   1.5693  grad    22.206  match 7.332e+00 (100% of batches)  lr 6.77e-04
EXP-H2-SOFTARGMIN-SCALE [13:15:43] epoch  77  loss   1.5593  grad    23.659  match 7.922e+00 (100% of batches)  lr 6.69e-04
EXP-H2-SOFTARGMIN-SCALE [13:16:01] epoch  78  loss   1.5561  grad    22.434  match 7.905e+00 (100% of batches)  lr 6.62e-04
EXP-H2-SOFTARGMIN-SCALE [13:16:18] epoch  79  loss   1.5397  grad    23.596  match 7.547e+00 (100% of batches)  lr 6.55e-04
EXP-H2-SOFTARGMIN-SCALE [13:16:38] epoch  80  loss   1.5876  grad    21.662  match 8.332e+00 (100% of batches)  lr 6.47e-04  val EPE 5.629  D1 35.89%
EXP-H2-SOFTARGMIN-SCALE [13:16:56] epoch  81  loss   1.6820  grad    23.240  match 7.524e+00 (100% of batches)  lr 6.39e-04
EXP-H2-SOFTARGMIN-SCALE [13:17:13] epoch  82  loss   1.4409  grad    18.295  match 6.285e+00 (100% of batches)  lr 6.32e-04
EXP-H2-SOFTARGMIN-SCALE [13:17:31] epoch  83  loss   1.6312  grad    21.265  match 7.103e+00 (100% of batches)  lr 6.24e-04
EXP-H2-SOFTARGMIN-SCALE [13:17:49] epoch  84  loss   1.4769  grad    25.912  match 7.607e+00 (100% of batches)  lr 6.17e-04
EXP-H2-SOFTARGMIN-SCALE [13:18:09] epoch  85  loss   1.5217  grad    20.753  match 6.938e+00 (100% of batches)  lr 6.09e-04  val EPE 4.788  D1 32.24%
EXP-H2-SOFTARGMIN-SCALE [13:18:26] epoch  86  loss   1.5714  grad    20.049  match 6.633e+00 (100% of batches)  lr 6.01e-04
EXP-H2-SOFTARGMIN-SCALE [13:18:44] epoch  87  loss   1.5981  grad    19.188  match 6.539e+00 (100% of batches)  lr 5.94e-04
EXP-H2-SOFTARGMIN-SCALE [13:19:01] epoch  88  loss   1.4775  grad    21.581  match 6.526e+00 (100% of batches)  lr 5.86e-04
EXP-H2-SOFTARGMIN-SCALE [13:19:19] epoch  89  loss   1.5801  grad    28.478  match 9.189e+00 (100% of batches)  lr 5.78e-04
EXP-H2-SOFTARGMIN-SCALE [13:19:39] epoch  90  loss   1.5417  grad    21.712  match 7.025e+00 (100% of batches)  lr 5.70e-04  val EPE 4.676  D1 31.18%
EXP-H2-SOFTARGMIN-SCALE [13:19:57] epoch  91  loss   1.4517  grad    16.571  match 5.877e+00 (100% of batches)  lr 5.63e-04
EXP-H2-SOFTARGMIN-SCALE [13:20:15] epoch  92  loss   1.2996  grad    20.703  match 6.585e+00 (100% of batches)  lr 5.55e-04
EXP-H2-SOFTARGMIN-SCALE [13:20:32] epoch  93  loss   1.4479  grad    20.705  match 6.395e+00 (100% of batches)  lr 5.47e-04
EXP-H2-SOFTARGMIN-SCALE [13:20:50] epoch  94  loss   1.5290  grad    18.303  match 6.333e+00 (100% of batches)  lr 5.39e-04
EXP-H2-SOFTARGMIN-SCALE [13:21:10] epoch  95  loss   1.3263  grad    17.801  match 5.497e+00 (100% of batches)  lr 5.31e-04  val EPE 4.635  D1 28.64%
EXP-H2-SOFTARGMIN-SCALE [13:21:28] epoch  96  loss   1.4776  grad    22.378  match 7.213e+00 (100% of batches)  lr 5.24e-04
EXP-H2-SOFTARGMIN-SCALE [13:21:45] epoch  97  loss   1.4885  grad    20.001  match 6.388e+00 (100% of batches)  lr 5.16e-04
EXP-H2-SOFTARGMIN-SCALE [13:22:03] epoch  98  loss   1.3902  grad    19.785  match 6.808e+00 (100% of batches)  lr 5.08e-04
EXP-H2-SOFTARGMIN-SCALE [13:22:21] epoch  99  loss   1.3068  grad    22.315  match 7.426e+00 (100% of batches)  lr 5.00e-04
EXP-H2-SOFTARGMIN-SCALE [13:22:41] epoch 100  loss   1.4108  grad    20.776  match 6.807e+00 (100% of batches)  lr 4.92e-04  val EPE 4.985  D1 31.00%
EXP-H2-SOFTARGMIN-SCALE [13:22:59] epoch 101  loss   1.4072  grad    29.798  match 7.809e+00 (100% of batches)  lr 4.84e-04
EXP-H2-SOFTARGMIN-SCALE [13:23:16] epoch 102  loss   1.3653  grad    15.021  match 5.473e+00 (100% of batches)  lr 4.76e-04
EXP-H2-SOFTARGMIN-SCALE [13:23:34] epoch 103  loss   1.2318  grad    20.275  match 6.161e+00 (100% of batches)  lr 4.69e-04
EXP-H2-SOFTARGMIN-SCALE [13:23:52] epoch 104  loss   1.2410  grad    24.476  match 7.220e+00 (100% of batches)  lr 4.61e-04
EXP-H2-SOFTARGMIN-SCALE [13:24:12] epoch 105  loss   1.3428  grad    22.824  match 6.959e+00 (100% of batches)  lr 4.53e-04  val EPE 4.601  D1 29.60%
EXP-H2-SOFTARGMIN-SCALE [13:24:29] epoch 106  loss   1.3243  grad    22.730  match 6.710e+00 (100% of batches)  lr 4.45e-04
EXP-H2-SOFTARGMIN-SCALE [13:24:47] epoch 107  loss   1.2521  grad    18.718  match 5.946e+00 (100% of batches)  lr 4.37e-04
EXP-H2-SOFTARGMIN-SCALE [13:25:05] epoch 108  loss   1.3687  grad    19.872  match 6.200e+00 (100% of batches)  lr 4.30e-04
EXP-H2-SOFTARGMIN-SCALE [13:25:22] epoch 109  loss   1.2866  grad    21.910  match 6.581e+00 (100% of batches)  lr 4.22e-04
EXP-H2-SOFTARGMIN-SCALE [13:25:43] epoch 110  loss   1.2172  grad    18.566  match 6.460e+00 (100% of batches)  lr 4.14e-04  val EPE 4.408  D1 26.43%
EXP-H2-SOFTARGMIN-SCALE [13:26:00] epoch 111  loss   1.2310  grad    18.401  match 5.501e+00 (100% of batches)  lr 4.06e-04
EXP-H2-SOFTARGMIN-SCALE [13:26:18] epoch 112  loss   1.3366  grad    20.091  match 6.590e+00 (100% of batches)  lr 3.99e-04
EXP-H2-SOFTARGMIN-SCALE [13:26:36] epoch 113  loss   1.2741  grad    18.889  match 6.378e+00 (100% of batches)  lr 3.91e-04
EXP-H2-SOFTARGMIN-SCALE [13:26:53] epoch 114  loss   1.1750  grad    18.101  match 5.774e+00 (100% of batches)  lr 3.83e-04
EXP-H2-SOFTARGMIN-SCALE [13:27:14] epoch 115  loss   1.2550  grad    16.922  match 5.398e+00 (100% of batches)  lr 3.76e-04  val EPE 4.568  D1 27.03%
EXP-H2-SOFTARGMIN-SCALE [13:27:31] epoch 116  loss   1.1713  grad    16.946  match 5.414e+00 (100% of batches)  lr 3.68e-04
EXP-H2-SOFTARGMIN-SCALE [13:27:49] epoch 117  loss   1.1535  grad    19.433  match 6.013e+00 (100% of batches)  lr 3.61e-04
EXP-H2-SOFTARGMIN-SCALE [13:28:07] epoch 118  loss   1.2528  grad    21.162  match 6.698e+00 (100% of batches)  lr 3.53e-04
EXP-H2-SOFTARGMIN-SCALE [13:28:24] epoch 119  loss   1.2212  grad    17.062  match 5.250e+00 (100% of batches)  lr 3.45e-04
EXP-H2-SOFTARGMIN-SCALE [13:28:44] epoch 120  loss   1.1752  grad    16.811  match 5.678e+00 (100% of batches)  lr 3.38e-04  val EPE 4.508  D1 26.85%
EXP-H2-SOFTARGMIN-SCALE [13:29:02] epoch 121  loss   1.2223  grad    22.537  match 6.994e+00 (100% of batches)  lr 3.31e-04
EXP-H2-SOFTARGMIN-SCALE [13:29:19] epoch 122  loss   1.1279  grad    15.250  match 5.174e+00 (100% of batches)  lr 3.23e-04
EXP-H2-SOFTARGMIN-SCALE [13:29:37] epoch 123  loss   1.2381  grad    17.223  match 5.373e+00 (100% of batches)  lr 3.16e-04
EXP-H2-SOFTARGMIN-SCALE [13:29:55] epoch 124  loss   1.0422  grad    21.167  match 6.521e+00 (100% of batches)  lr 3.09e-04
EXP-H2-SOFTARGMIN-SCALE [13:30:15] epoch 125  loss   1.2332  grad    17.902  match 5.894e+00 (100% of batches)  lr 3.01e-04  val EPE 4.313  D1 26.43%
EXP-H2-SOFTARGMIN-SCALE [13:30:32] epoch 126  loss   1.1889  grad    17.736  match 5.346e+00 (100% of batches)  lr 2.94e-04
EXP-H2-SOFTARGMIN-SCALE [13:30:50] epoch 127  loss   1.1730  grad    17.655  match 5.300e+00 (100% of batches)  lr 2.87e-04
EXP-H2-SOFTARGMIN-SCALE [13:31:07] epoch 128  loss   1.0761  grad    16.555  match 5.074e+00 (100% of batches)  lr 2.80e-04
EXP-H2-SOFTARGMIN-SCALE [13:31:25] epoch 129  loss   1.1475  grad    16.530  match 5.108e+00 (100% of batches)  lr 2.73e-04
EXP-H2-SOFTARGMIN-SCALE [13:31:45] epoch 130  loss   1.1281  grad    19.550  match 5.896e+00 (100% of batches)  lr 2.66e-04  val EPE 4.286  D1 25.20%
EXP-H2-SOFTARGMIN-SCALE [13:32:03] epoch 131  loss   1.1947  grad    15.303  match 5.224e+00 (100% of batches)  lr 2.59e-04
EXP-H2-SOFTARGMIN-SCALE [13:32:20] epoch 132  loss   1.1491  grad    15.959  match 5.260e+00 (100% of batches)  lr 2.52e-04
EXP-H2-SOFTARGMIN-SCALE [13:32:38] epoch 133  loss   1.0044  grad    20.278  match 6.392e+00 (100% of batches)  lr 2.45e-04
EXP-H2-SOFTARGMIN-SCALE [13:32:55] epoch 134  loss   1.1478  grad    15.549  match 4.797e+00 (100% of batches)  lr 2.39e-04
EXP-H2-SOFTARGMIN-SCALE [13:33:15] epoch 135  loss   1.0975  grad    23.357  match 6.349e+00 (100% of batches)  lr 2.32e-04  val EPE 4.220  D1 24.62%
EXP-H2-SOFTARGMIN-SCALE [13:33:33] epoch 136  loss   1.0861  grad    25.003  match 7.081e+00 (100% of batches)  lr 2.25e-04
EXP-H2-SOFTARGMIN-SCALE [13:33:51] epoch 137  loss   1.0582  grad    15.150  match 5.191e+00 (100% of batches)  lr 2.19e-04
EXP-H2-SOFTARGMIN-SCALE [13:34:08] epoch 138  loss   1.0347  grad    20.877  match 5.972e+00 (100% of batches)  lr 2.12e-04
EXP-H2-SOFTARGMIN-SCALE [13:34:26] epoch 139  loss   1.1102  grad    18.035  match 5.250e+00 (100% of batches)  lr 2.06e-04
EXP-H2-SOFTARGMIN-SCALE [13:34:46] epoch 140  loss   0.9777  grad    13.459  match 4.426e+00 (100% of batches)  lr 2.00e-04  val EPE 4.106  D1 24.92%
EXP-H2-SOFTARGMIN-SCALE [13:35:04] epoch 141  loss   1.0408  grad    15.472  match 5.294e+00 (100% of batches)  lr 1.94e-04
EXP-H2-SOFTARGMIN-SCALE [13:35:21] epoch 142  loss   1.1253  grad    17.649  match 5.274e+00 (100% of batches)  lr 1.87e-04
EXP-H2-SOFTARGMIN-SCALE [13:35:39] epoch 143  loss   1.0294  grad    17.223  match 5.402e+00 (100% of batches)  lr 1.81e-04
EXP-H2-SOFTARGMIN-SCALE [13:35:57] epoch 144  loss   1.0182  grad    21.709  match 6.024e+00 (100% of batches)  lr 1.75e-04
EXP-H2-SOFTARGMIN-SCALE [13:36:17] epoch 145  loss   1.0323  grad    16.072  match 5.686e+00 (100% of batches)  lr 1.69e-04  val EPE 4.394  D1 25.87%
EXP-H2-SOFTARGMIN-SCALE [13:36:36] epoch 146  loss   1.0835  grad    14.277  match 4.811e+00 (100% of batches)  lr 1.63e-04
EXP-H2-SOFTARGMIN-SCALE [13:36:55] epoch 147  loss   1.0044  grad    16.199  match 5.387e+00 (100% of batches)  lr 1.58e-04
EXP-H2-SOFTARGMIN-SCALE [13:37:14] epoch 148  loss   0.9954  grad    14.776  match 4.538e+00 (100% of batches)  lr 1.52e-04
EXP-H2-SOFTARGMIN-SCALE [13:37:32] epoch 149  loss   0.9528  grad    17.371  match 5.340e+00 (100% of batches)  lr 1.46e-04
EXP-H2-SOFTARGMIN-SCALE [13:37:54] epoch 150  loss   1.0199  grad    21.413  match 6.009e+00 (100% of batches)  lr 1.41e-04  val EPE 4.298  D1 25.60%
EXP-H2-SOFTARGMIN-SCALE [13:38:13] epoch 151  loss   0.9467  grad    13.767  match 5.104e+00 (100% of batches)  lr 1.36e-04
EXP-H2-SOFTARGMIN-SCALE [13:38:31] epoch 152  loss   1.0205  grad    18.094  match 5.812e+00 (100% of batches)  lr 1.30e-04
EXP-H2-SOFTARGMIN-SCALE [13:38:49] epoch 153  loss   1.0244  grad    15.387  match 4.764e+00 (100% of batches)  lr 1.25e-04
EXP-H2-SOFTARGMIN-SCALE [13:39:07] epoch 154  loss   1.0092  grad    17.958  match 5.212e+00 (100% of batches)  lr 1.20e-04
EXP-H2-SOFTARGMIN-SCALE [13:39:29] epoch 155  loss   1.0125  grad    15.289  match 4.628e+00 (100% of batches)  lr 1.15e-04  val EPE 4.392  D1 27.16%
EXP-H2-SOFTARGMIN-SCALE [13:39:47] epoch 156  loss   0.9292  grad    15.517  match 4.930e+00 (100% of batches)  lr 1.10e-04
EXP-H2-SOFTARGMIN-SCALE [13:40:05] epoch 157  loss   0.9508  grad    14.078  match 4.613e+00 (100% of batches)  lr 1.05e-04
EXP-H2-SOFTARGMIN-SCALE [13:40:24] epoch 158  loss   0.9610  grad    15.712  match 5.182e+00 (100% of batches)  lr 1.00e-04
EXP-H2-SOFTARGMIN-SCALE [13:40:42] epoch 159  loss   0.9915  grad    14.554  match 4.715e+00 (100% of batches)  lr 9.55e-05
EXP-H2-SOFTARGMIN-SCALE [13:41:04] epoch 160  loss   0.8755  grad    14.111  match 4.330e+00 (100% of batches)  lr 9.09e-05  val EPE 4.312  D1 26.15%
EXP-H2-SOFTARGMIN-SCALE [13:41:22] epoch 161  loss   0.9270  grad    16.849  match 5.303e+00 (100% of batches)  lr 8.65e-05
EXP-H2-SOFTARGMIN-SCALE [13:41:41] epoch 162  loss   0.8815  grad    17.055  match 4.559e+00 (100% of batches)  lr 8.21e-05
EXP-H2-SOFTARGMIN-SCALE [13:41:59] epoch 163  loss   0.9238  grad    12.311  match 4.037e+00 (100% of batches)  lr 7.78e-05
EXP-H2-SOFTARGMIN-SCALE [13:42:18] epoch 164  loss   0.9751  grad    16.893  match 5.027e+00 (100% of batches)  lr 7.37e-05
EXP-H2-SOFTARGMIN-SCALE [13:42:40] epoch 165  loss   1.0072  grad    15.625  match 4.649e+00 (100% of batches)  lr 6.96e-05  val EPE 4.168  D1 24.74%
EXP-H2-SOFTARGMIN-SCALE [13:42:58] epoch 166  loss   0.9299  grad    13.142  match 4.454e+00 (100% of batches)  lr 6.57e-05
EXP-H2-SOFTARGMIN-SCALE [13:43:16] epoch 167  loss   0.8866  grad    14.773  match 4.331e+00 (100% of batches)  lr 6.18e-05
EXP-H2-SOFTARGMIN-SCALE [13:43:34] epoch 168  loss   0.8989  grad    15.492  match 4.886e+00 (100% of batches)  lr 5.81e-05
EXP-H2-SOFTARGMIN-SCALE [13:43:52] epoch 169  loss   0.8946  grad    12.981  match 4.182e+00 (100% of batches)  lr 5.45e-05
EXP-H2-SOFTARGMIN-SCALE [13:44:13] epoch 170  loss   0.9756  grad    14.811  match 4.719e+00 (100% of batches)  lr 5.10e-05  val EPE 4.077  D1 23.92%
EXP-H2-SOFTARGMIN-SCALE [13:44:32] epoch 171  loss   0.9421  grad    13.974  match 4.443e+00 (100% of batches)  lr 4.76e-05
EXP-H2-SOFTARGMIN-SCALE [13:44:50] epoch 172  loss   0.9016  grad    14.512  match 4.270e+00 (100% of batches)  lr 4.43e-05
EXP-H2-SOFTARGMIN-SCALE [13:45:09] epoch 173  loss   0.8470  grad    15.868  match 5.048e+00 (100% of batches)  lr 4.11e-05
EXP-H2-SOFTARGMIN-SCALE [13:45:27] epoch 174  loss   0.9321  grad    15.744  match 5.035e+00 (100% of batches)  lr 3.81e-05
EXP-H2-SOFTARGMIN-SCALE [13:45:49] epoch 175  loss   0.8482  grad    12.661  match 4.414e+00 (100% of batches)  lr 3.51e-05  val EPE 4.149  D1 24.11%
EXP-H2-SOFTARGMIN-SCALE [13:46:07] epoch 176  loss   0.8906  grad    13.679  match 4.246e+00 (100% of batches)  lr 3.23e-05
EXP-H2-SOFTARGMIN-SCALE [13:46:25] epoch 177  loss   0.9029  grad    13.055  match 3.971e+00 (100% of batches)  lr 2.96e-05
EXP-H2-SOFTARGMIN-SCALE [13:46:44] epoch 178  loss   0.9627  grad    15.042  match 4.951e+00 (100% of batches)  lr 2.70e-05
EXP-H2-SOFTARGMIN-SCALE [13:47:02] epoch 179  loss   0.8960  grad    14.544  match 4.622e+00 (100% of batches)  lr 2.45e-05
EXP-H2-SOFTARGMIN-SCALE [13:47:25] epoch 180  loss   0.9746  grad    15.359  match 4.573e+00 (100% of batches)  lr 2.21e-05  val EPE 4.209  D1 24.70%
EXP-H2-SOFTARGMIN-SCALE [13:47:43] epoch 181  loss   0.8460  grad    11.854  match 3.983e+00 (100% of batches)  lr 1.99e-05
EXP-H2-SOFTARGMIN-SCALE [13:48:01] epoch 182  loss   0.9481  grad    14.065  match 4.221e+00 (100% of batches)  lr 1.77e-05
EXP-H2-SOFTARGMIN-SCALE [13:48:19] epoch 183  loss   0.7950  grad    12.395  match 4.271e+00 (100% of batches)  lr 1.57e-05
EXP-H2-SOFTARGMIN-SCALE [13:48:38] epoch 184  loss   0.9000  grad    14.376  match 4.367e+00 (100% of batches)  lr 1.38e-05
EXP-H2-SOFTARGMIN-SCALE [13:48:59] epoch 185  loss   0.8825  grad    12.401  match 3.991e+00 (100% of batches)  lr 1.20e-05  val EPE 4.175  D1 24.23%
EXP-H2-SOFTARGMIN-SCALE [13:49:18] epoch 186  loss   0.8805  grad    12.522  match 3.689e+00 (100% of batches)  lr 1.04e-05
EXP-H2-SOFTARGMIN-SCALE [13:49:37] epoch 187  loss   0.8769  grad    12.943  match 3.913e+00 (100% of batches)  lr 8.86e-06
EXP-H2-SOFTARGMIN-SCALE [13:49:56] epoch 188  loss   0.9021  grad    12.905  match 3.813e+00 (100% of batches)  lr 7.45e-06
EXP-H2-SOFTARGMIN-SCALE [13:50:15] epoch 189  loss   0.8516  grad    11.942  match 4.145e+00 (100% of batches)  lr 6.16e-06
EXP-H2-SOFTARGMIN-SCALE [13:50:37] epoch 190  loss   0.9357  grad    13.971  match 4.326e+00 (100% of batches)  lr 4.99e-06  val EPE 4.133  D1 24.03%
EXP-H2-SOFTARGMIN-SCALE [13:50:56] epoch 191  loss   0.8741  grad    12.580  match 4.279e+00 (100% of batches)  lr 3.94e-06
EXP-H2-SOFTARGMIN-SCALE [13:51:15] epoch 192  loss   0.8890  grad    13.800  match 4.479e+00 (100% of batches)  lr 3.02e-06
EXP-H2-SOFTARGMIN-SCALE [13:51:34] epoch 193  loss   0.9181  grad    14.312  match 4.434e+00 (100% of batches)  lr 2.22e-06
EXP-H2-SOFTARGMIN-SCALE [13:51:52] epoch 194  loss   0.8954  grad    14.408  match 4.211e+00 (100% of batches)  lr 1.54e-06
EXP-H2-SOFTARGMIN-SCALE [13:52:14] epoch 195  loss   0.9349  grad    13.723  match 4.311e+00 (100% of batches)  lr 9.87e-07  val EPE 4.140  D1 23.96%
EXP-H2-SOFTARGMIN-SCALE [13:52:32] epoch 196  loss   0.8470  grad    13.673  match 4.422e+00 (100% of batches)  lr 5.55e-07
EXP-H2-SOFTARGMIN-SCALE [13:52:50] epoch 197  loss   0.9255  grad    11.386  match 3.830e+00 (100% of batches)  lr 2.47e-07
EXP-H2-SOFTARGMIN-SCALE [13:53:09] epoch 198  loss   0.8100  grad    12.714  match 4.005e+00 (100% of batches)  lr 6.17e-08
EXP-H2-SOFTARGMIN-SCALE [13:53:30] epoch 199  loss   0.8709  grad    12.950  match 4.378e+00 (100% of batches)  lr 0.00e+00  val EPE 4.141  D1 24.01%
EXP-H2-SOFTARGMIN-SCALE [13:53:30] metric history = [{'epoch': 0, 'mean_loss': 10.635167688131332, 'valid_pixels': 5077447, 'lr': 0.0009999383162408303, 'median_grad_norm': 50.071706771850586, 'median_matching_grad_norm': 25.23183939204446, 'matching_present_fraction_this_epoch': 1.0, 'val_epe': 17.184743986364964, 'val_d1': 88.25715043994855, 'stage_stats': {'entropy': 1.5350238170350516, 'max_weight': 0.5905522766437911, 'median_top2_gap': 2.1756170272827147, 'initial_std': 1.4826701461225456, 'initial_mean': 8.289422100895456, 'initial_corr_gt': 0.23920742997284955, 'residual_mean_abs': 19.087514889586238, 'residual_corr_final': 0.9881418748029216, 'final_std': 6.718786478178025, 'final_corr_gt': 0.2396873458663306}}, {'epoch': 1, 'mean_loss': 9.726963472366332, 'valid_pixels': 5235120, 'lr': 0.0009997532801828658, 'median_grad_norm': 75.82009506225586, 'median_matching_grad_norm': 42.52224887160953, 'matching_present_fraction_this_epoch': 1.0}, {'epoch': 2, 'mean_loss': 9.252387619018554, 'valid_pixels': 4921340, 'lr': 0.0009994449374809851, 'median_grad_norm': 52.364017486572266, 'median_matching_grad_norm': 31.631816941432774, 'matching_present_fraction_this_epoch': 1.0}, {'epoch': 3, 'mean_loss': 9.39394146502018, 'valid_pixels': 5070525, 'lr': 0.0009990133642141358, 'median_grad_norm': 56.31571578979492, 'median_matching_grad_norm': 38.40265043560515, 'matching_present_fraction_this_epoch': 1.0}, {'epoch': 4, 'mean_loss': 8.989571884274483, 'valid_pixels': 4915605, 'lr': 0.000998458666866564, 'median_grad_norm': 56.69624137878418, 'median_matching_grad_norm': 35.277865048710495, 'matching_present_fraction_this_epoch': 1.0}, {'epoch': 5, 'mean_loss': 8.240557286143304, 'valid_pixels': 4868518, 'lr': 0.00099778098230154, 'median_grad_norm': 59.46169853210449, 'median_matching_grad_norm': 44.119418115822164, 'matching_present_fraction_this_epoch': 1.0, 'val_epe': 16.5108468262236, 'val_d1': 88.43562267037865, 'stage_stats': {'entropy': 1.9990454930185049, 'max_weight': 0.32113862292256773, 'median_top2_gap': 0.3213633120059967, 'initial_std': 1.7798449615952197, 'initial_mean': 5.449401784145059, 'initial_corr_gt': 0.5912599553371931, 'residual_mean_abs': 17.356232862097233, 'residual_corr_final': 0.9986538943940422, 'final_std': 8.054813412554706, 'final_corr_gt': 0.6014329134417532}}, {'epoch': 6, 'mean_loss': 7.888005614280701, 'valid_pixels': 5061000, 'lr': 0.0009969804777275899, 'median_grad_norm': 52.19588851928711, 'median_matching_grad_norm': 35.34770209465383, 'matching_present_fraction_this_epoch': 1.0}, {'epoch': 7, 'mean_loss': 6.489870667457581, 'valid_pixels': 4880738, 'lr': 0.000996057350657239, 'median_grad_norm': 47.48695373535156, 'median_matching_grad_norm': 29.169735239257555, 'matching_present_fraction_this_epoch': 1.0}, {'epoch': 8, 'mean_loss': 5.919280180335045, 'valid_pixels': 5088028, 'lr': 0.0009950118288582787, 'median_grad_norm': 42.513845443725586, 'median_matching_grad_norm': 21.397004915348685, 'matching_present_fraction_this_epoch': 1.0}, {'epoch': 9, 'mean_loss': 5.0055249884724615, 'valid_pixels': 4936565, 'lr': 0.0009938441702975688, 'median_grad_norm': 40.53652572631836, 'median_matching_grad_norm': 20.736762843572727, 'matching_present_fraction_this_epoch': 1.0}, {'epoch': 10, 'mean_loss': 4.426623165607452, 'valid_pixels': 4870989, 'lr': 0.000992554663077387, 'median_grad_norm': 36.778663635253906, 'median_matching_grad_norm': 19.951422496792475, 'matching_present_fraction_this_epoch': 1.0, 'val_epe': 10.535436723048326, 'val_d1': 78.55475100383914, 'stage_stats': {'entropy': 1.761786139935197, 'max_weight': 0.46274953754386106, 'median_top2_gap': 0.911318016052246, 'initial_std': 2.501872790709503, 'initial_mean': 4.799834032821822, 'initial_corr_gt': 0.7382290409347594, 'residual_mean_abs': 20.59657218089132, 'residual_corr_final': 0.9996108477729291, 'final_std': 13.178235024722412, 'final_corr_gt': 0.7438398432182658}}, {'epoch': 11, 'mean_loss': 4.551630201935768, 'valid_pixels': 4870503, 'lr': 0.0009911436253643444, 'median_grad_norm': 34.2403450012207, 'median_matching_grad_norm': 17.003852830585927, 'matching_present_fraction_this_epoch': 1.0}, {'epoch': 12, 'mean_loss': 4.7621886938810345, 'valid_pixels': 5072344, 'lr': 0.0009896114053108828, 'median_grad_norm': 45.55780792236328, 'median_matching_grad_norm': 20.75129787127662, 'matching_present_fraction_this_epoch': 1.0}, {'epoch': 13, 'mean_loss': 3.829983489215374, 'valid_pixels': 4936729, 'lr': 0.0009879583809693736, 'median_grad_norm': 31.823137283325195, 'median_matching_grad_norm': 14.347802789398504, 'matching_present_fraction_this_epoch': 1.0}, {'epoch': 14, 'mean_loss': 3.976410010457039, 'valid_pixels': 4864560, 'lr': 0.0009861849601988382, 'median_grad_norm': 33.55971717834473, 'median_matching_grad_norm': 14.548599369299701, 'matching_present_fraction_this_epoch': 1.0}, {'epoch': 15, 'mean_loss': 3.8074196130037308, 'valid_pixels': 4978769, 'lr': 0.0009842915805643154, 'median_grad_norm': 32.39137077331543, 'median_matching_grad_norm': 16.835335171784838, 'matching_present_fraction_this_epoch': 1.0, 'val_epe': 7.547884930173564, 'val_d1': 53.71498382360368, 'stage_stats': {'entropy': 1.708098403960075, 'max_weight': 0.486582503998416, 'median_top2_gap': 1.0223693609237672, 'initial_std': 2.5417317487591746, 'initial_mean': 4.823975532374201, 'initial_corr_gt': 0.7953553198082332, 'residual_mean_abs': 24.623023733594373, 'residual_corr_final': 0.999692532293213, 'final_std': 15.236429069656419, 'final_corr_gt': 0.7981156073168034}}, {'epoch': 16, 'mean_loss': 3.5276415079832075, 'valid_pixels': 4963620, 'lr': 0.000982278709228899, 'median_grad_norm': 29.68590259552002, 'median_matching_grad_norm': 14.598272975994, 'matching_present_fraction_this_epoch': 1.0}, {'epoch': 17, 'mean_loss': 3.502955009043217, 'valid_pixels': 5117354, 'lr': 0.0009801468428384714, 'median_grad_norm': 34.054094314575195, 'median_matching_grad_norm': 15.727876740200935, 'matching_present_fraction_this_epoch': 1.0}, {'epoch': 18, 'mean_loss': 3.7327421858906744, 'valid_pixels': 4961080, 'lr': 0.0009778965073991648, 'median_grad_norm': 38.48596382141113, 'median_matching_grad_norm': 17.222918774436387, 'matching_present_fraction_this_epoch': 1.0}, {'epoch': 19, 'mean_loss': 3.3771231532096864, 'valid_pixels': 4911398, 'lr': 0.0009755282581475766, 'median_grad_norm': 41.692134857177734, 'median_matching_grad_norm': 17.442612903132094, 'matching_present_fraction_this_epoch': 1.0}, {'epoch': 20, 'mean_loss': 3.0247607633471487, 'valid_pixels': 4932745, 'lr': 0.0009730426794137723, 'median_grad_norm': 34.487735748291016, 'median_matching_grad_norm': 15.33349312032906, 'matching_present_fraction_this_epoch': 1.0, 'val_epe': 8.070355737383021, 'val_d1': 58.537602197110274, 'stage_stats': {'entropy': 1.7087576330894083, 'max_weight': 0.48871217274622836, 'median_top2_gap': 1.0746212780475617, 'initial_std': 2.54687119324274, 'initial_mean': 4.7420133609329165, 'initial_corr_gt': 0.7783162220552946, 'residual_mean_abs': 22.957668489676426, 'residual_corr_final': 0.9998356195088528, 'final_std': 14.585002143084301, 'final_corr_gt': 0.7873352280570598}}, {'epoch': 21, 'mean_loss': 2.9750389412045477, 'valid_pixels': 4947012, 'lr': 0.0009704403844771124, 'median_grad_norm': 27.58046245574951, 'median_matching_grad_norm': 12.356394326194586, 'matching_present_fraction_this_epoch': 1.0}, {'epoch': 22, 'mean_loss': 3.1252716675400736, 'valid_pixels': 4921837, 'lr': 0.0009677220154149334, 'median_grad_norm': 26.981629371643066, 'median_matching_grad_norm': 11.987980571388093, 'matching_present_fraction_this_epoch': 1.0}, {'epoch': 23, 'mean_loss': 3.2924019396305084, 'valid_pixels': 4911327, 'lr': 0.0009648882429441253, 'median_grad_norm': 26.35323143005371, 'median_matching_grad_norm': 13.938931146792449, 'matching_present_fraction_this_epoch': 1.0}, {'epoch': 24, 'mean_loss': 3.090245269238949, 'valid_pixels': 5015970, 'lr': 0.000961939766255643, 'median_grad_norm': 30.796058654785156, 'median_matching_grad_norm': 14.168748155443332, 'matching_present_fraction_this_epoch': 1.0}, {'epoch': 25, 'mean_loss': 2.7462258279323577, 'valid_pixels': 5098413, 'lr': 0.0009588773128419901, 'median_grad_norm': 29.35770320892334, 'median_matching_grad_norm': 12.577843124537143, 'matching_present_fraction_this_epoch': 1.0, 'val_epe': 6.633045926109011, 'val_d1': 49.64504333941851, 'stage_stats': {'entropy': 1.6690422460707002, 'max_weight': 0.502707880030693, 'median_top2_gap': 1.0159326314926147, 'initial_std': 2.4985726256497847, 'initial_mean': 4.528602491345473, 'initial_corr_gt': 0.8390766848127861, 'residual_mean_abs': 25.021339039215036, 'residual_corr_final': 0.9998856979563355, 'final_std': 16.28949688638834, 'final_corr_gt': 0.8446108401361819}}, {'epoch': 26, 'mean_loss': 2.7070176258683203, 'valid_pixels': 4781015, 'lr': 0.0009557016383177221, 'median_grad_norm': 20.926118850708008, 'median_matching_grad_norm': 11.129899802453933, 'matching_present_fraction_this_epoch': 1.0}, {'epoch': 27, 'mean_loss': 3.0536402598023415, 'valid_pixels': 5027374, 'lr': 0.0009524135262330093, 'median_grad_norm': 38.153066635131836, 'median_matching_grad_norm': 15.432474374979009, 'matching_present_fraction_this_epoch': 1.0}, {'epoch': 28, 'mean_loss': 2.745385581254959, 'valid_pixels': 5016059, 'lr': 0.0009490137878803073, 'median_grad_norm': 25.150490760803223, 'median_matching_grad_norm': 10.426334512577071, 'matching_present_fraction_this_epoch': 1.0}, {'epoch': 29, 'mean_loss': 2.7617714658379553, 'valid_pixels': 5001126, 'lr': 0.0009455032620941834, 'median_grad_norm': 24.609333038330078, 'median_matching_grad_norm': 12.208934235607348, 'matching_present_fraction_this_epoch': 1.0}, {'epoch': 30, 'mean_loss': 2.90089593231678, 'valid_pixels': 4807407, 'lr': 0.0009418828150443463, 'median_grad_norm': 31.275325775146484, 'median_matching_grad_norm': 14.440619372863642, 'matching_present_fraction_this_epoch': 1.0, 'val_epe': 6.29862800976691, 'val_d1': 41.96063725653476, 'stage_stats': {'entropy': 1.732797640008581, 'max_weight': 0.47628513884952445, 'median_top2_gap': 0.9217562079429626, 'initial_std': 2.3343109740347407, 'initial_mean': 4.365874205527245, 'initial_corr_gt': 0.8312315220160368, 'residual_mean_abs': 26.23005861693752, 'residual_corr_final': 0.999924084104143, 'final_std': 16.391070254002262, 'final_corr_gt': 0.836065325271606}}, {'epoch': 31, 'mean_loss': 2.845312495529652, 'valid_pixels': 4970115, 'lr': 0.0009381533400219311, 'median_grad_norm': 31.14049243927002, 'median_matching_grad_norm': 13.904321017184941, 'matching_present_fraction_this_epoch': 1.0}, {'epoch': 32, 'mean_loss': 2.429923538863659, 'valid_pixels': 5009147, 'lr': 0.0009343157572190951, 'median_grad_norm': 28.518242835998535, 'median_matching_grad_norm': 12.004471581658546, 'matching_present_fraction_this_epoch': 1.0}, {'epoch': 33, 'mean_loss': 2.6017929047346113, 'valid_pixels': 5029991, 'lr': 0.0009303710135019713, 'median_grad_norm': 24.361976623535156, 'median_matching_grad_norm': 12.626599356863837, 'matching_present_fraction_this_epoch': 1.0}, {'epoch': 34, 'mean_loss': 2.4972560361027716, 'valid_pixels': 4947957, 'lr': 0.0009263200821770456, 'median_grad_norm': 25.5612850189209, 'median_matching_grad_norm': 11.997875034182607, 'matching_present_fraction_this_epoch': 1.0}, {'epoch': 35, 'mean_loss': 2.6379788741469383, 'valid_pixels': 4972279, 'lr': 0.000922163962751007, 'median_grad_norm': 29.583656311035156, 'median_matching_grad_norm': 12.174820349924971, 'matching_present_fraction_this_epoch': 1.0, 'val_epe': 6.265425195260281, 'val_d1': 41.759063563405995, 'stage_stats': {'entropy': 1.6685585350695848, 'max_weight': 0.5036345634284153, 'median_top2_gap': 1.0406347155570983, 'initial_std': 2.3259471724379908, 'initial_mean': 4.262397063036124, 'initial_corr_gt': 0.8020357859658962, 'residual_mean_abs': 26.32251003097242, 'residual_corr_final': 0.9998979067390137, 'final_std': 16.84145488230961, 'final_corr_gt': 0.8095746287947743}}, {'epoch': 36, 'mean_loss': 2.920923890173435, 'valid_pixels': 5018420, 'lr': 0.0009179036806841347, 'median_grad_norm': 31.622876167297363, 'median_matching_grad_norm': 13.306327952339517, 'matching_present_fraction_this_epoch': 1.0}, {'epoch': 37, 'mean_loss': 2.6375165440142156, 'valid_pixels': 5106995, 'lr': 0.0009135402871372803, 'median_grad_norm': 32.26881980895996, 'median_matching_grad_norm': 13.629982392641356, 'matching_present_fraction_this_epoch': 1.0}, {'epoch': 38, 'mean_loss': 2.5323422133922575, 'valid_pixels': 4990935, 'lr': 0.0009090748587125112, 'median_grad_norm': 33.4074649810791, 'median_matching_grad_norm': 12.443915662249927, 'matching_present_fraction_this_epoch': 1.0}, {'epoch': 39, 'mean_loss': 2.419479933381081, 'valid_pixels': 4932900, 'lr': 0.0009045084971874732, 'median_grad_norm': 23.473458290100098, 'median_matching_grad_norm': 9.498517556366703, 'matching_present_fraction_this_epoch': 1.0}, {'epoch': 40, 'mean_loss': 2.215166076272726, 'valid_pixels': 5017188, 'lr': 0.0008998423292435448, 'median_grad_norm': 23.27999782562256, 'median_matching_grad_norm': 9.157308571619446, 'matching_present_fraction_this_epoch': 1.0, 'val_epe': 5.826663144199716, 'val_d1': 43.24787224783679, 'stage_stats': {'entropy': 1.6809784322209977, 'max_weight': 0.49233276643834073, 'median_top2_gap': 0.8956024348735809, 'initial_std': 2.4412717654731364, 'initial_mean': 4.608717726517621, 'initial_corr_gt': 0.8759629663209123, 'residual_mean_abs': 27.33286044114064, 'residual_corr_final': 0.9999177208554993, 'final_std': 17.36412540089922, 'final_corr_gt': 0.882318568182374}}, {'epoch': 41, 'mean_loss': 2.4047660030424596, 'valid_pixels': 5029797, 'lr': 0.0008950775061878447, 'median_grad_norm': 27.19480609893799, 'median_matching_grad_norm': 11.046298436253768, 'matching_present_fraction_this_epoch': 1.0}, {'epoch': 42, 'mean_loss': 2.31450969055295, 'valid_pixels': 5103535, 'lr': 0.0008902152036691643, 'median_grad_norm': 28.04866600036621, 'median_matching_grad_norm': 9.673962856924135, 'matching_present_fraction_this_epoch': 1.0}, {'epoch': 43, 'mean_loss': 2.2126654267311094, 'valid_pixels': 5050131, 'lr': 0.000885256621387894, 'median_grad_norm': 27.184659004211426, 'median_matching_grad_norm': 10.37665897527669, 'matching_present_fraction_this_epoch': 1.0}, {'epoch': 44, 'mean_loss': 2.280071185529232, 'valid_pixels': 4858018, 'lr': 0.0008802029828000149, 'median_grad_norm': 25.69457244873047, 'median_matching_grad_norm': 9.966958333509965, 'matching_present_fraction_this_epoch': 1.0}, {'epoch': 45, 'mean_loss': 2.1649764358997343, 'valid_pixels': 4982629, 'lr': 0.0008750555348152292, 'median_grad_norm': 23.176072120666504, 'median_matching_grad_norm': 9.161394875943955, 'matching_present_fraction_this_epoch': 1.0, 'val_epe': 5.6059524780429895, 'val_d1': 38.6900073817232, 'stage_stats': {'entropy': 1.7006770221167637, 'max_weight': 0.49441171841873127, 'median_top2_gap': 1.0336210429668427, 'initial_std': 2.334541220530343, 'initial_mean': 4.371759445010277, 'initial_corr_gt': 0.8626546745971979, 'residual_mean_abs': 26.288304867270814, 'residual_corr_final': 0.9999067942485566, 'final_std': 17.076991790844687, 'final_corr_gt': 0.8690789480820305}}, {'epoch': 46, 'mean_loss': 2.225176823139191, 'valid_pixels': 5056572, 'lr': 0.0008698155474893041, 'median_grad_norm': 28.722393035888672, 'median_matching_grad_norm': 10.106922824958149, 'matching_present_fraction_this_epoch': 1.0}, {'epoch': 47, 'mean_loss': 2.133331651985645, 'valid_pixels': 4897172, 'lr': 0.0008644843137107051, 'median_grad_norm': 24.15212059020996, 'median_matching_grad_norm': 9.020341077350306, 'matching_present_fraction_this_epoch': 1.0}, {'epoch': 48, 'mean_loss': 2.5206661090254783, 'valid_pixels': 4950884, 'lr': 0.0008590631488815939, 'median_grad_norm': 33.0242805480957, 'median_matching_grad_norm': 11.04822419100209, 'matching_present_fraction_this_epoch': 1.0}, {'epoch': 49, 'mean_loss': 2.352576557546854, 'valid_pixels': 5102709, 'lr': 0.0008535533905932731, 'median_grad_norm': 31.187875747680664, 'median_matching_grad_norm': 11.79456669171932, 'matching_present_fraction_this_epoch': 1.0}, {'epoch': 50, 'mean_loss': 2.2907182559370995, 'valid_pixels': 4820305, 'lr': 0.0008479563982961564, 'median_grad_norm': 23.707382202148438, 'median_matching_grad_norm': 9.269270912019678, 'matching_present_fraction_this_epoch': 1.0, 'val_epe': 5.979761554643722, 'val_d1': 49.35772561264542, 'stage_stats': {'entropy': 1.678904123555632, 'max_weight': 0.48927512783598875, 'median_top2_gap': 0.8401650667190552, 'initial_std': 2.2331928405223964, 'initial_mean': 4.16919580015642, 'initial_corr_gt': 0.8676922287087349, 'residual_mean_abs': 25.679451930618892, 'residual_corr_final': 0.999908323875418, 'final_std': 16.9871940718935, 'final_corr_gt': 0.8714815251473162}}, {'epoch': 51, 'mean_loss': 2.0796457305550575, 'valid_pixels': 5072142, 'lr': 0.0008422735529643437, 'median_grad_norm': 26.35053062438965, 'median_matching_grad_norm': 8.139912548006809, 'matching_present_fraction_this_epoch': 1.0}, {'epoch': 52, 'mean_loss': 2.244144582748413, 'valid_pixels': 4897120, 'lr': 0.000836506256754886, 'median_grad_norm': 40.998857498168945, 'median_matching_grad_norm': 11.746927633272417, 'matching_present_fraction_this_epoch': 1.0}, {'epoch': 53, 'mean_loss': 2.045443956553936, 'valid_pixels': 5061048, 'lr': 0.0008306559326618253, 'median_grad_norm': 23.35694980621338, 'median_matching_grad_norm': 7.797307666279003, 'matching_present_fraction_this_epoch': 1.0}, {'epoch': 54, 'mean_loss': 2.01243649199605, 'valid_pixels': 5051208, 'lr': 0.0008247240241650912, 'median_grad_norm': 26.865700721740723, 'median_matching_grad_norm': 9.62107170649445, 'matching_present_fraction_this_epoch': 1.0}, {'epoch': 55, 'mean_loss': 2.0716049924492834, 'valid_pixels': 5084771, 'lr': 0.0008187119948743442, 'median_grad_norm': 19.433005332946777, 'median_matching_grad_norm': 7.303062005286057, 'matching_present_fraction_this_epoch': 1.0, 'val_epe': 5.331097788621656, 'val_d1': 39.00934481028327, 'stage_stats': {'entropy': 1.6992642259239659, 'max_weight': 0.48015771977126037, 'median_top2_gap': 0.7945398330688477, 'initial_std': 2.3325335302612604, 'initial_mean': 4.376259849647681, 'initial_corr_gt': 0.8842310619745153, 'residual_mean_abs': 27.10058217387323, 'residual_corr_final': 0.9998939929744959, 'final_std': 17.83466396983696, 'final_corr_gt': 0.8881917812426172}}, {'epoch': 56, 'mean_loss': 2.0030134983360766, 'valid_pixels': 4803776, 'lr': 0.000812621328167852, 'median_grad_norm': 19.244990348815918, 'median_matching_grad_norm': 7.614463021887444, 'matching_present_fraction_this_epoch': 1.0}, {'epoch': 57, 'mean_loss': 1.8374335333704948, 'valid_pixels': 4938736, 'lr': 0.0008064535268264877, 'median_grad_norm': 17.008654594421387, 'median_matching_grad_norm': 6.8245861885376256, 'matching_present_fraction_this_epoch': 1.0}, {'epoch': 58, 'mean_loss': 1.9418010428547858, 'valid_pixels': 4856886, 'lr': 0.0008002101126629415, 'median_grad_norm': 26.856200218200684, 'median_matching_grad_norm': 8.597868780290177, 'matching_present_fraction_this_epoch': 1.0}, {'epoch': 59, 'mean_loss': 2.109255699068308, 'valid_pixels': 4913703, 'lr': 0.000793892626146236, 'median_grad_norm': 25.174516677856445, 'median_matching_grad_norm': 8.434727178804437, 'matching_present_fraction_this_epoch': 1.0}, {'epoch': 60, 'mean_loss': 1.9378762818872928, 'valid_pixels': 5067822, 'lr': 0.0007875026260216388, 'median_grad_norm': 22.811734199523926, 'median_matching_grad_norm': 8.057913053639199, 'matching_present_fraction_this_epoch': 1.0, 'val_epe': 5.755364911303297, 'val_d1': 36.476564909200505, 'stage_stats': {'entropy': 1.7130256065115013, 'max_weight': 0.4805946075584281, 'median_top2_gap': 0.8809271454811096, 'initial_std': 2.223455314914876, 'initial_mean': 4.1839495062659, 'initial_corr_gt': 0.8256589593160555, 'residual_mean_abs': 26.793575556717247, 'residual_corr_final': 0.9998979010408631, 'final_std': 17.52899486813868, 'final_corr_gt': 0.8317712602170697}}, {'epoch': 61, 'mean_loss': 1.8306909292936324, 'valid_pixels': 4881033, 'lr': 0.0007810416889260649, 'median_grad_norm': 29.23621368408203, 'median_matching_grad_norm': 8.74321701655225, 'matching_present_fraction_this_epoch': 1.0}, {'epoch': 62, 'mean_loss': 1.9417737536132336, 'valid_pixels': 5019350, 'lr': 0.0007745114089990654, 'median_grad_norm': 21.96649742126465, 'median_matching_grad_norm': 7.517445124745893, 'matching_present_fraction_this_epoch': 1.0}, {'epoch': 63, 'mean_loss': 1.828924150764942, 'valid_pixels': 4763922, 'lr': 0.0007679133974894978, 'median_grad_norm': 20.611553192138672, 'median_matching_grad_norm': 7.236118104440402, 'matching_present_fraction_this_epoch': 1.0}, {'epoch': 64, 'mean_loss': 1.6862297713756562, 'valid_pixels': 5076698, 'lr': 0.0007612492823579739, 'median_grad_norm': 23.90289306640625, 'median_matching_grad_norm': 8.22830601137497, 'matching_present_fraction_this_epoch': 1.0}, {'epoch': 65, 'mean_loss': 1.7630558840930461, 'valid_pixels': 4782169, 'lr': 0.0007545207078751852, 'median_grad_norm': 20.03523826599121, 'median_matching_grad_norm': 7.760702343789034, 'matching_present_fraction_this_epoch': 1.0, 'val_epe': 5.130678514683834, 'val_d1': 34.740516849562205, 'stage_stats': {'entropy': 1.7231786894679448, 'max_weight': 0.4734442577112127, 'median_top2_gap': 0.8314602255821228, 'initial_std': 2.2655812525753345, 'initial_mean': 4.196977741697268, 'initial_corr_gt': 0.8711370177175652, 'residual_mean_abs': 26.580024138934487, 'residual_corr_final': 0.9999210671180032, 'final_std': 17.70077295437134, 'final_corr_gt': 0.8766789339417779}}, {'epoch': 66, 'mean_loss': 1.8459412701427937, 'valid_pixels': 5068932, 'lr': 0.0007477293342162034, 'median_grad_norm': 20.742989540100098, 'median_matching_grad_norm': 7.733546728465532, 'matching_present_fraction_this_epoch': 1.0}, {'epoch': 67, 'mean_loss': 1.90304546803236, 'valid_pixels': 5143632, 'lr': 0.0007408768370508571, 'median_grad_norm': 20.251837730407715, 'median_matching_grad_norm': 7.817558664994458, 'matching_present_fraction_this_epoch': 1.0}, {'epoch': 68, 'mean_loss': 1.7417969219386578, 'valid_pixels': 5141594, 'lr': 0.0007339649071302863, 'median_grad_norm': 23.922971725463867, 'median_matching_grad_norm': 7.882107616030022, 'matching_present_fraction_this_epoch': 1.0}, {'epoch': 69, 'mean_loss': 1.78576819896698, 'valid_pixels': 5010359, 'lr': 0.0007269952498697729, 'median_grad_norm': 20.671147346496582, 'median_matching_grad_norm': 6.821473769205959, 'matching_present_fraction_this_epoch': 1.0}, {'epoch': 70, 'mean_loss': 1.6912047415971756, 'valid_pixels': 4903218, 'lr': 0.000719969584927957, 'median_grad_norm': 24.937230110168457, 'median_matching_grad_norm': 7.877837718952863, 'matching_present_fraction_this_epoch': 1.0, 'val_epe': 5.250731355463593, 'val_d1': 32.557804694861915, 'stage_stats': {'entropy': 1.7628429690257086, 'max_weight': 0.46032511097899576, 'median_top2_gap': 0.858021479845047, 'initial_std': 2.107387893793509, 'initial_mean': 4.053839758782028, 'initial_corr_gt': 0.842771849706829, 'residual_mean_abs': 26.43746671593193, 'residual_corr_final': 0.9998675322229669, 'final_std': 17.055614432830247, 'final_corr_gt': 0.8461761882624155}}, {'epoch': 71, 'mean_loss': 1.6467278353869914, 'valid_pixels': 5060608, 'lr': 0.0007128896457825358, 'median_grad_norm': 26.982166290283203, 'median_matching_grad_norm': 8.782231148214636, 'matching_present_fraction_this_epoch': 1.0}, {'epoch': 72, 'mean_loss': 1.8624229587614536, 'valid_pixels': 5050636, 'lr': 0.0007057571793025539, 'median_grad_norm': 26.886777877807617, 'median_matching_grad_norm': 8.64380433908337, 'matching_present_fraction_this_epoch': 1.0}, {'epoch': 73, 'mean_loss': 1.6291882403194904, 'valid_pixels': 5006409, 'lr': 0.0006985739453173898, 'median_grad_norm': 18.43575668334961, 'median_matching_grad_norm': 6.794244041081028, 'matching_present_fraction_this_epoch': 1.0}, {'epoch': 74, 'mean_loss': 1.6321395315229892, 'valid_pixels': 5030455, 'lr': 0.0006913417161825444, 'median_grad_norm': 21.241538047790527, 'median_matching_grad_norm': 6.857019186258782, 'matching_present_fraction_this_epoch': 1.0}, {'epoch': 75, 'mean_loss': 1.7031227111816407, 'valid_pixels': 4953093, 'lr': 0.0006840622763423385, 'median_grad_norm': 21.643738746643066, 'median_matching_grad_norm': 7.96593211782475, 'matching_present_fraction_this_epoch': 1.0, 'val_epe': 5.075168949714857, 'val_d1': 34.35037075161414, 'stage_stats': {'entropy': 1.7227124119494106, 'max_weight': 0.4774137735564505, 'median_top2_gap': 0.8896237969398498, 'initial_std': 2.2403546945122765, 'initial_mean': 4.219543873279643, 'initial_corr_gt': 0.891304717745568, 'residual_mean_abs': 26.489228120358387, 'residual_corr_final': 0.9999133463775071, 'final_std': 17.670007387049612, 'final_corr_gt': 0.8969906095554119}}, {'epoch': 76, 'mean_loss': 1.5692618951201438, 'valid_pixels': 5063202, 'lr': 0.000676737421889628, 'median_grad_norm': 22.205585479736328, 'median_matching_grad_norm': 7.332444917645809, 'matching_present_fraction_this_epoch': 1.0}, {'epoch': 77, 'mean_loss': 1.5592717424035072, 'valid_pixels': 5098169, 'lr': 0.0006693689601226452, 'median_grad_norm': 23.65946102142334, 'median_matching_grad_norm': 7.922106129703284, 'matching_present_fraction_this_epoch': 1.0}, {'epoch': 78, 'mean_loss': 1.5561194710433484, 'valid_pixels': 5055379, 'lr': 0.0006619587090990741, 'median_grad_norm': 22.43380641937256, 'median_matching_grad_norm': 7.904639027859898, 'matching_present_fraction_this_epoch': 1.0}, {'epoch': 79, 'mean_loss': 1.539738867431879, 'valid_pixels': 5227319, 'lr': 0.0006545084971874731, 'median_grad_norm': 23.59647560119629, 'median_matching_grad_norm': 7.547338533199616, 'matching_present_fraction_this_epoch': 1.0}, {'epoch': 80, 'mean_loss': 1.5876416511833669, 'valid_pixels': 4901617, 'lr': 0.0006470201626161514, 'median_grad_norm': 21.662195205688477, 'median_matching_grad_norm': 8.332249445790513, 'matching_present_fraction_this_epoch': 1.0, 'val_epe': 5.629124612323857, 'val_d1': 35.89053989730056, 'stage_stats': {'entropy': 1.7465586228658403, 'max_weight': 0.46185192841453837, 'median_top2_gap': 0.812404191493988, 'initial_std': 2.062726195329152, 'initial_mean': 4.039478672843033, 'initial_corr_gt': 0.840062680368322, 'residual_mean_abs': 25.521138980703267, 'residual_corr_final': 0.9999143254609806, 'final_std': 16.349267469313958, 'final_corr_gt': 0.8447621585962717}}, {'epoch': 81, 'mean_loss': 1.6820265404880046, 'valid_pixels': 5011228, 'lr': 0.0006394955530196142, 'median_grad_norm': 23.23979091644287, 'median_matching_grad_norm': 7.523902399788829, 'matching_present_fraction_this_epoch': 1.0}, {'epoch': 82, 'mean_loss': 1.4409082986414432, 'valid_pixels': 4991070, 'lr': 0.0006319365249826858, 'median_grad_norm': 18.295063972473145, 'median_matching_grad_norm': 6.284897775584442, 'matching_present_fraction_this_epoch': 1.0}, {'epoch': 83, 'mean_loss': 1.6311958663165569, 'valid_pixels': 5131183, 'lr': 0.0006243449435824268, 'median_grad_norm': 21.26481533050537, 'median_matching_grad_norm': 7.102608967585601, 'matching_present_fraction_this_epoch': 1.0}, {'epoch': 84, 'mean_loss': 1.4768533818423748, 'valid_pixels': 5027979, 'lr': 0.0006167226819279523, 'median_grad_norm': 25.91168975830078, 'median_matching_grad_norm': 7.606933887777023, 'matching_present_fraction_this_epoch': 1.0}, {'epoch': 85, 'mean_loss': 1.5216784439980984, 'valid_pixels': 4976054, 'lr': 0.0006090716206982709, 'median_grad_norm': 20.75254726409912, 'median_matching_grad_norm': 6.937885603191479, 'matching_present_fraction_this_epoch': 1.0, 'val_epe': 4.787812827084908, 'val_d1': 32.239219406947846, 'stage_stats': {'entropy': 1.7058845827801972, 'max_weight': 0.4847033760422069, 'median_top2_gap': 0.9296175539493561, 'initial_std': 2.20596999867653, 'initial_mean': 4.0834367341816815, 'initial_corr_gt': 0.8792477233320783, 'residual_mean_abs': 27.52562260709707, 'residual_corr_final': 0.9999593467582907, 'final_std': 18.598263813055098, 'final_corr_gt': 0.8833041143553272}}, {'epoch': 86, 'mean_loss': 1.5714475855231285, 'valid_pixels': 5004505, 'lr': 0.0006013936476782558, 'median_grad_norm': 20.049138069152832, 'median_matching_grad_norm': 6.632523889797115, 'matching_present_fraction_this_epoch': 1.0}, {'epoch': 87, 'mean_loss': 1.5981497459113598, 'valid_pixels': 4789965, 'lr': 0.000593690657292862, 'median_grad_norm': 19.188440322875977, 'median_matching_grad_norm': 6.539169811263845, 'matching_present_fraction_this_epoch': 1.0}, {'epoch': 88, 'mean_loss': 1.477528414130211, 'valid_pixels': 4776926, 'lr': 0.0005859645501397043, 'median_grad_norm': 21.581334114074707, 'median_matching_grad_norm': 6.525553805346803, 'matching_present_fraction_this_epoch': 1.0}, {'epoch': 89, 'mean_loss': 1.5800520166754723, 'valid_pixels': 5130169, 'lr': 0.000578217232520115, 'median_grad_norm': 28.4777193069458, 'median_matching_grad_norm': 9.189333571850625, 'matching_present_fraction_this_epoch': 1.0}, {'epoch': 90, 'mean_loss': 1.5416858896613121, 'valid_pixels': 4997810, 'lr': 0.000570450615968791, 'median_grad_norm': 21.712244033813477, 'median_matching_grad_norm': 7.0254149561376344, 'matching_present_fraction_this_epoch': 1.0, 'val_epe': 4.676089917388636, 'val_d1': 31.183428837287263, 'stage_stats': {'entropy': 1.7391916426352272, 'max_weight': 0.4662570022916957, 'median_top2_gap': 0.8188720583915711, 'initial_std': 2.103902975015772, 'initial_mean': 4.029220918731192, 'initial_corr_gt': 0.8786428261961751, 'residual_mean_abs': 26.774663549722995, 'residual_corr_final': 0.9999087885950692, 'final_std': 17.613365851501023, 'final_corr_gt': 0.8836638695748631}}, {'epoch': 91, 'mean_loss': 1.4516538567841053, 'valid_pixels': 4765863, 'lr': 0.0005626666167821518, 'median_grad_norm': 16.57137966156006, 'median_matching_grad_norm': 5.877361622920197, 'matching_present_fraction_this_epoch': 1.0}, {'epoch': 92, 'mean_loss': 1.2996440760791301, 'valid_pixels': 4928083, 'lr': 0.0005548671555455222, 'median_grad_norm': 20.70258617401123, 'median_matching_grad_norm': 6.585255601167777, 'matching_present_fraction_this_epoch': 1.0}, {'epoch': 93, 'mean_loss': 1.447909739613533, 'valid_pixels': 4903528, 'lr': 0.0005470541566592567, 'median_grad_norm': 20.705257415771484, 'median_matching_grad_norm': 6.395008776418132, 'matching_present_fraction_this_epoch': 1.0}, {'epoch': 94, 'mean_loss': 1.5290435887873173, 'valid_pixels': 4921190, 'lr': 0.000539229547863922, 'median_grad_norm': 18.302743911743164, 'median_matching_grad_norm': 6.332594867731217, 'matching_present_fraction_this_epoch': 1.0}, {'epoch': 95, 'mean_loss': 1.3262616217136383, 'valid_pixels': 5021754, 'lr': 0.0005313952597646562, 'median_grad_norm': 17.800930976867676, 'median_matching_grad_norm': 5.497093377820348, 'matching_present_fraction_this_epoch': 1.0, 'val_epe': 4.634501073673484, 'val_d1': 28.642805183753335, 'stage_stats': {'entropy': 1.7501092008113748, 'max_weight': 0.4644389366112497, 'median_top2_gap': 0.8646855235099793, 'initial_std': 2.1124805211235884, 'initial_mean': 4.055837872914101, 'initial_corr_gt': 0.8697288345017183, 'residual_mean_abs': 26.691485758060576, 'residual_corr_final': 0.9999041694527462, 'final_std': 17.28213080211752, 'final_corr_gt': 0.8780405234839929}}, {'epoch': 96, 'mean_loss': 1.477563302963972, 'valid_pixels': 4890819, 'lr': 0.0005235532253548208, 'median_grad_norm': 22.377657890319824, 'median_matching_grad_norm': 7.213414222015111, 'matching_present_fraction_this_epoch': 1.0}, {'epoch': 97, 'mean_loss': 1.4885277703404427, 'valid_pixels': 4814306, 'lr': 0.0005157053795390637, 'median_grad_norm': 20.001323699951172, 'median_matching_grad_norm': 6.387944733032062, 'matching_present_fraction_this_epoch': 1.0}, {'epoch': 98, 'mean_loss': 1.3901840947568416, 'valid_pixels': 5076141, 'lr': 0.0005078536586559099, 'median_grad_norm': 19.785402297973633, 'median_matching_grad_norm': 6.8084269233731005, 'matching_present_fraction_this_epoch': 1.0}, {'epoch': 99, 'mean_loss': 1.306790505349636, 'valid_pixels': 4839763, 'lr': 0.0004999999999999996, 'median_grad_norm': 22.31540584564209, 'median_matching_grad_norm': 7.425954771031817, 'matching_present_fraction_this_epoch': 1.0}, {'epoch': 100, 'mean_loss': 1.4107771780341865, 'valid_pixels': 5144991, 'lr': 0.0004921463413440893, 'median_grad_norm': 20.775985717773438, 'median_matching_grad_norm': 6.8068813384344065, 'matching_present_fraction_this_epoch': 1.0, 'val_epe': 4.985229319634994, 'val_d1': 30.99679050841484, 'stage_stats': {'entropy': 1.7432801717354913, 'max_weight': 0.46531569367840103, 'median_top2_gap': 0.8461203455924988, 'initial_std': 2.0221495049152134, 'initial_mean': 3.937957585831122, 'initial_corr_gt': 0.8461733397485178, 'residual_mean_abs': 25.952155161526985, 'residual_corr_final': 0.9998845904762023, 'final_std': 16.701722963026278, 'final_corr_gt': 0.8529652973136377}}, {'epoch': 101, 'mean_loss': 1.407196009159088, 'valid_pixels': 5004673, 'lr': 0.0004842946204609354, 'median_grad_norm': 29.79793930053711, 'median_matching_grad_norm': 7.808677303264692, 'matching_present_fraction_this_epoch': 1.0}, {'epoch': 102, 'mean_loss': 1.365295122563839, 'valid_pixels': 4971218, 'lr': 0.00047644677464517824, 'median_grad_norm': 15.021116733551025, 'median_matching_grad_norm': 5.472515764237693, 'matching_present_fraction_this_epoch': 1.0}, {'epoch': 103, 'mean_loss': 1.2317670289427043, 'valid_pixels': 5144436, 'lr': 0.00046860474023534287, 'median_grad_norm': 20.275001525878906, 'median_matching_grad_norm': 6.161339672174712, 'matching_present_fraction_this_epoch': 1.0}, {'epoch': 104, 'mean_loss': 1.2409524835646153, 'valid_pixels': 4948553, 'lr': 0.00046077045213607716, 'median_grad_norm': 24.47642707824707, 'median_matching_grad_norm': 7.2203570048394905, 'matching_present_fraction_this_epoch': 1.0}, {'epoch': 105, 'mean_loss': 1.3427669383585452, 'valid_pixels': 4932428, 'lr': 0.0004529458433407424, 'median_grad_norm': 22.824326515197754, 'median_matching_grad_norm': 6.95883089183854, 'matching_present_fraction_this_epoch': 1.0, 'val_epe': 4.6010884956134825, 'val_d1': 29.600710020769828, 'stage_stats': {'entropy': 1.7566098742990666, 'max_weight': 0.46383475321299483, 'median_top2_gap': 0.9006345689296722, 'initial_std': 2.134409660684965, 'initial_mean': 4.0657873981975685, 'initial_corr_gt': 0.8680865326482351, 'residual_mean_abs': 27.059123902641847, 'residual_corr_final': 0.9998984606860443, 'final_std': 17.987329862008995, 'final_corr_gt': 0.8759221626044932}}, {'epoch': 106, 'mean_loss': 1.3243075728416442, 'valid_pixels': 4951709, 'lr': 0.000445132844454477, 'median_grad_norm': 22.73004913330078, 'median_matching_grad_norm': 6.70964343641028, 'matching_present_fraction_this_epoch': 1.0}, {'epoch': 107, 'mean_loss': 1.2520752597600222, 'valid_pixels': 5132647, 'lr': 0.0004373333832178475, 'median_grad_norm': 18.71819305419922, 'median_matching_grad_norm': 5.945761095364438, 'matching_present_fraction_this_epoch': 1.0}, {'epoch': 108, 'mean_loss': 1.3686794757843017, 'valid_pixels': 5069128, 'lr': 0.0004295493840312084, 'median_grad_norm': 19.872309684753418, 'median_matching_grad_norm': 6.199554254095702, 'matching_present_fraction_this_epoch': 1.0}, {'epoch': 109, 'mean_loss': 1.2866297919303178, 'valid_pixels': 5044278, 'lr': 0.0004217827674798842, 'median_grad_norm': 21.91047763824463, 'median_matching_grad_norm': 6.581443107122599, 'matching_present_fraction_this_epoch': 1.0}, {'epoch': 110, 'mean_loss': 1.217190434783697, 'valid_pixels': 5161406, 'lr': 0.00041403544986029484, 'median_grad_norm': 18.565643310546875, 'median_matching_grad_norm': 6.46037415035255, 'matching_present_fraction_this_epoch': 1.0, 'val_epe': 4.407927329399685, 'val_d1': 26.433338311788084, 'stage_stats': {'entropy': 1.7495866380516252, 'max_weight': 0.4639951743235562, 'median_top2_gap': 0.8418399453163147, 'initial_std': 2.1006214923489113, 'initial_mean': 4.058945034487375, 'initial_corr_gt': 0.8822861553915917, 'residual_mean_abs': 27.12433769875645, 'residual_corr_final': 0.9999042092628689, 'final_std': 17.581526676345494, 'final_corr_gt': 0.8904561571617939}}, {'epoch': 111, 'mean_loss': 1.2309839271008969, 'valid_pixels': 5108011, 'lr': 0.0004063093427071374, 'median_grad_norm': 18.401087760925293, 'median_matching_grad_norm': 5.501175465930054, 'matching_present_fraction_this_epoch': 1.0}, {'epoch': 112, 'mean_loss': 1.3365999177098273, 'valid_pixels': 4786939, 'lr': 0.00039860635232174353, 'median_grad_norm': 20.091447830200195, 'median_matching_grad_norm': 6.590424096602541, 'matching_present_fraction_this_epoch': 1.0}, {'epoch': 113, 'mean_loss': 1.2740693543106318, 'valid_pixels': 4930275, 'lr': 0.0003909283793017286, 'median_grad_norm': 18.889469146728516, 'median_matching_grad_norm': 6.377913839481337, 'matching_present_fraction_this_epoch': 1.0}, {'epoch': 114, 'mean_loss': 1.175011821836233, 'valid_pixels': 5148058, 'lr': 0.000383277318072047, 'median_grad_norm': 18.101457595825195, 'median_matching_grad_norm': 5.774412730206061, 'matching_present_fraction_this_epoch': 1.0}, {'epoch': 115, 'mean_loss': 1.2550464391708374, 'valid_pixels': 4852270, 'lr': 0.00037565505641757235, 'median_grad_norm': 16.921573638916016, 'median_matching_grad_norm': 5.397727750229603, 'matching_present_fraction_this_epoch': 1.0, 'val_epe': 4.568484700569685, 'val_d1': 27.02763687079406, 'stage_stats': {'entropy': 1.7670069229831804, 'max_weight': 0.454802268905802, 'median_top2_gap': 0.8270081102848053, 'initial_std': 2.0100438945611243, 'initial_mean': 3.9725920546940308, 'initial_corr_gt': 0.8607148963476376, 'residual_mean_abs': 26.938002125390305, 'residual_corr_final': 0.9998832901646374, 'final_std': 17.199839899356512, 'final_corr_gt': 0.8695000688524678}}, {'epoch': 116, 'mean_loss': 1.171276842802763, 'valid_pixels': 5045972, 'lr': 0.0003680634750173133, 'median_grad_norm': 16.94586944580078, 'median_matching_grad_norm': 5.414473570705335, 'matching_present_fraction_this_epoch': 1.0}, {'epoch': 117, 'mean_loss': 1.1535497210919856, 'valid_pixels': 5174262, 'lr': 0.00036050444698038515, 'median_grad_norm': 19.43313503265381, 'median_matching_grad_norm': 6.013039633093922, 'matching_present_fraction_this_epoch': 1.0}, {'epoch': 118, 'mean_loss': 1.2527557857334615, 'valid_pixels': 4887484, 'lr': 0.0003529798373838478, 'median_grad_norm': 21.16239356994629, 'median_matching_grad_norm': 6.697835917504397, 'matching_present_fraction_this_epoch': 1.0}, {'epoch': 119, 'mean_loss': 1.2212033875286579, 'valid_pixels': 5003031, 'lr': 0.0003454915028125262, 'median_grad_norm': 17.061742782592773, 'median_matching_grad_norm': 5.250106222362206, 'matching_present_fraction_this_epoch': 1.0}, {'epoch': 120, 'mean_loss': 1.1752330109477043, 'valid_pixels': 4960269, 'lr': 0.00033804129090092506, 'median_grad_norm': 16.811302185058594, 'median_matching_grad_norm': 5.6780926448385065, 'matching_present_fraction_this_epoch': 1.0, 'val_epe': 4.508246556901525, 'val_d1': 26.84851994838166, 'stage_stats': {'entropy': 1.750953877755164, 'max_weight': 0.4618036165536745, 'median_top2_gap': 0.8309801161289215, 'initial_std': 2.0843456294960596, 'initial_mean': 4.001705657508496, 'initial_corr_gt': 0.8739183041608307, 'residual_mean_abs': 26.707361683777272, 'residual_corr_final': 0.999897653694191, 'final_std': 17.71666713947209, 'final_corr_gt': 0.881953947771124}}, {'epoch': 121, 'mean_loss': 1.2223459899425506, 'valid_pixels': 4907704, 'lr': 0.0003306310398773541, 'median_grad_norm': 22.536877632141113, 'median_matching_grad_norm': 6.993746154713028, 'matching_present_fraction_this_epoch': 1.0}, {'epoch': 122, 'mean_loss': 1.127940260618925, 'valid_pixels': 5128005, 'lr': 0.00032326257811037126, 'median_grad_norm': 15.250224113464355, 'median_matching_grad_norm': 5.174065101278789, 'matching_present_fraction_this_epoch': 1.0}, {'epoch': 123, 'mean_loss': 1.2381085585802794, 'valid_pixels': 5130671, 'lr': 0.0003159377236576609, 'median_grad_norm': 17.222871780395508, 'median_matching_grad_norm': 5.372717310382498, 'matching_present_fraction_this_epoch': 1.0}, {'epoch': 124, 'mean_loss': 1.0422415215522052, 'valid_pixels': 5048428, 'lr': 0.000308658283817455, 'median_grad_norm': 21.16701030731201, 'median_matching_grad_norm': 6.520859719742949, 'matching_present_fraction_this_epoch': 1.0}, {'epoch': 125, 'mean_loss': 1.2332371413707732, 'valid_pixels': 4854616, 'lr': 0.0003014260546826094, 'median_grad_norm': 17.90156650543213, 'median_matching_grad_norm': 5.893995859996592, 'matching_present_fraction_this_epoch': 1.0, 'val_epe': 4.313258471371362, 'val_d1': 26.42936271123064, 'stage_stats': {'entropy': 1.7710063121720119, 'max_weight': 0.45480550994956753, 'median_top2_gap': 0.8331281661987304, 'initial_std': 2.083474295313137, 'initial_mean': 4.090665295538306, 'initial_corr_gt': 0.8839753166900746, 'residual_mean_abs': 27.937778413632564, 'residual_corr_final': 0.9998891321235222, 'final_std': 17.9560272729752, 'final_corr_gt': 0.8941762220385747}}, {'epoch': 126, 'mean_loss': 1.1889138098806142, 'valid_pixels': 4909423, 'lr': 0.0002942428206974454, 'median_grad_norm': 17.736321449279785, 'median_matching_grad_norm': 5.346023165981543, 'matching_present_fraction_this_epoch': 1.0}, {'epoch': 127, 'mean_loss': 1.1729657880961895, 'valid_pixels': 4910645, 'lr': 0.00028711035421746345, 'median_grad_norm': 17.655287742614746, 'median_matching_grad_norm': 5.299843235974105, 'matching_present_fraction_this_epoch': 1.0}, {'epoch': 128, 'mean_loss': 1.076122247427702, 'valid_pixels': 4965674, 'lr': 0.0002800304150720422, 'median_grad_norm': 16.554699897766113, 'median_matching_grad_norm': 5.073670269916626, 'matching_present_fraction_this_epoch': 1.0}, {'epoch': 129, 'mean_loss': 1.147535326331854, 'valid_pixels': 5172404, 'lr': 0.0002730047501302264, 'median_grad_norm': 16.529601097106934, 'median_matching_grad_norm': 5.107721930174543, 'matching_present_fraction_this_epoch': 1.0}, {'epoch': 130, 'mean_loss': 1.1280590940266848, 'valid_pixels': 4968784, 'lr': 0.0002660350928697132, 'median_grad_norm': 19.54973316192627, 'median_matching_grad_norm': 5.89576417210759, 'matching_present_fraction_this_epoch': 1.0, 'val_epe': 4.285563743391514, 'val_d1': 25.198753165706258, 'stage_stats': {'entropy': 1.7659494973506793, 'max_weight': 0.45663424958069926, 'median_top2_gap': 0.8323002278804779, 'initial_std': 2.049780562956369, 'initial_mean': 4.006537040999713, 'initial_corr_gt': 0.8765528396842702, 'residual_mean_abs': 27.065154437474973, 'residual_corr_final': 0.9998454854398707, 'final_std': 17.546642190190052, 'final_corr_gt': 0.8838493257777426}}, {'epoch': 131, 'mean_loss': 1.194685947149992, 'valid_pixels': 4892261, 'lr': 0.0002591231629491421, 'median_grad_norm': 15.302565574645996, 'median_matching_grad_norm': 5.224063013077608, 'matching_present_fraction_this_epoch': 1.0}, {'epoch': 132, 'mean_loss': 1.1490904986858368, 'valid_pixels': 4912547, 'lr': 0.00025227066578379596, 'median_grad_norm': 15.959399700164795, 'median_matching_grad_norm': 5.260110811279121, 'matching_present_fraction_this_epoch': 1.0}, {'epoch': 133, 'mean_loss': 1.0043586555868387, 'valid_pixels': 5159862, 'lr': 0.0002454792921248141, 'median_grad_norm': 20.278111457824707, 'median_matching_grad_norm': 6.391626477496223, 'matching_present_fraction_this_epoch': 1.0}, {'epoch': 134, 'mean_loss': 1.1478477526456117, 'valid_pixels': 4864921, 'lr': 0.00023875071764202534, 'median_grad_norm': 15.548853874206543, 'median_matching_grad_norm': 4.797310191180852, 'matching_present_fraction_this_epoch': 1.0}, {'epoch': 135, 'mean_loss': 1.0974916584789753, 'valid_pixels': 5103674, 'lr': 0.0002320866025105013, 'median_grad_norm': 23.3573637008667, 'median_matching_grad_norm': 6.3486653676788185, 'matching_present_fraction_this_epoch': 1.0, 'val_epe': 4.220097577919361, 'val_d1': 24.62444005815122, 'stage_stats': {'entropy': 1.775772956545, 'max_weight': 0.45329700073447154, 'median_top2_gap': 0.8393262624740601, 'initial_std': 2.0566957427853945, 'initial_mean': 4.078498291540423, 'initial_corr_gt': 0.8812954706043982, 'residual_mean_abs': 27.445554665117804, 'residual_corr_final': 0.9998548279836987, 'final_std': 17.39157487845109, 'final_corr_gt': 0.8913358011420776}}, {'epoch': 136, 'mean_loss': 1.0860542595386504, 'valid_pixels': 5292420, 'lr': 0.0002254885910009338, 'median_grad_norm': 25.002787590026855, 'median_matching_grad_norm': 7.080823963277504, 'matching_present_fraction_this_epoch': 1.0}, {'epoch': 137, 'mean_loss': 1.0582426086068153, 'valid_pixels': 5025672, 'lr': 0.0002189583110739344, 'median_grad_norm': 15.1497802734375, 'median_matching_grad_norm': 5.190659502348343, 'matching_present_fraction_this_epoch': 1.0}, {'epoch': 138, 'mean_loss': 1.034736243262887, 'valid_pixels': 4967500, 'lr': 0.00021249737397836048, 'median_grad_norm': 20.877135276794434, 'median_matching_grad_norm': 5.971551183579619, 'matching_present_fraction_this_epoch': 1.0}, {'epoch': 139, 'mean_loss': 1.1101770985871553, 'valid_pixels': 5024175, 'lr': 0.00020610737385376327, 'median_grad_norm': 18.0350980758667, 'median_matching_grad_norm': 5.250409580175301, 'matching_present_fraction_this_epoch': 1.0}, {'epoch': 140, 'mean_loss': 0.9776564009487629, 'valid_pixels': 5031609, 'lr': 0.00019978988733705783, 'median_grad_norm': 13.458837509155273, 'median_matching_grad_norm': 4.426277539986254, 'matching_present_fraction_this_epoch': 1.0, 'val_epe': 4.106474628046052, 'val_d1': 24.92379203526035, 'stage_stats': {'entropy': 1.7517376834352532, 'max_weight': 0.46207979943012967, 'median_top2_gap': 0.8316820144653321, 'initial_std': 2.0952007905423167, 'initial_mean': 4.0768749316224016, 'initial_corr_gt': 0.8971837577102786, 'residual_mean_abs': 27.34402146348687, 'residual_corr_final': 0.9998633678962954, 'final_std': 17.96039129607896, 'final_corr_gt': 0.905849822633693}}, {'epoch': 141, 'mean_loss': 1.0407833214849234, 'valid_pixels': 5020855, 'lr': 0.00019354647317351147, 'median_grad_norm': 15.471744537353516, 'median_matching_grad_norm': 5.294348308263467, 'matching_present_fraction_this_epoch': 1.0}, {'epoch': 142, 'mean_loss': 1.1253279965370893, 'valid_pixels': 5082220, 'lr': 0.00018737867183214719, 'median_grad_norm': 17.6485595703125, 'median_matching_grad_norm': 5.273686788063606, 'matching_present_fraction_this_epoch': 1.0}, {'epoch': 143, 'mean_loss': 1.0294340506196022, 'valid_pixels': 5091035, 'lr': 0.0001812880051256549, 'median_grad_norm': 17.222819328308105, 'median_matching_grad_norm': 5.402057500472978, 'matching_present_fraction_this_epoch': 1.0}, {'epoch': 144, 'mean_loss': 1.0181647520512342, 'valid_pixels': 5146589, 'lr': 0.00017527597583490801, 'median_grad_norm': 21.709009170532227, 'median_matching_grad_norm': 6.024443709957765, 'matching_present_fraction_this_epoch': 1.0}, {'epoch': 145, 'mean_loss': 1.0323258783668279, 'valid_pixels': 4948222, 'lr': 0.00016934406733817395, 'median_grad_norm': 16.07194995880127, 'median_matching_grad_norm': 5.685970613382697, 'matching_present_fraction_this_epoch': 1.0, 'val_epe': 4.394476477323915, 'val_d1': 25.867513648666506, 'stage_stats': {'entropy': 1.7737901227341744, 'max_weight': 0.4494251591935502, 'median_top2_gap': 0.780333685874939, 'initial_std': 2.0125742303786476, 'initial_mean': 3.997123487535228, 'initial_corr_gt': 0.8783584804768975, 'residual_mean_abs': 26.83635294556139, 'residual_corr_final': 0.9998588773203123, 'final_std': 17.1754304722629, 'final_corr_gt': 0.8894334774838825}}, {'epoch': 146, 'mean_loss': 1.0835223518311978, 'valid_pixels': 4722401, 'lr': 0.0001634937432451131, 'median_grad_norm': 14.277244567871094, 'median_matching_grad_norm': 4.810994166518247, 'matching_present_fraction_this_epoch': 1.0}, {'epoch': 147, 'mean_loss': 1.0044257394969462, 'valid_pixels': 5107071, 'lr': 0.00015772644703565544, 'median_grad_norm': 16.199481964111328, 'median_matching_grad_norm': 5.387133791885997, 'matching_present_fraction_this_epoch': 1.0}, {'epoch': 148, 'mean_loss': 0.9953576866537333, 'valid_pixels': 4967030, 'lr': 0.00015204360170384266, 'median_grad_norm': 14.776461601257324, 'median_matching_grad_norm': 4.537681478732096, 'matching_present_fraction_this_epoch': 1.0}, {'epoch': 149, 'mean_loss': 0.9528266794979572, 'valid_pixels': 5069463, 'lr': 0.0001464466094067261, 'median_grad_norm': 17.37083339691162, 'median_matching_grad_norm': 5.33978947864634, 'matching_present_fraction_this_epoch': 1.0}, {'epoch': 150, 'mean_loss': 1.0199081819504499, 'valid_pixels': 5154049, 'lr': 0.00014093685111840547, 'median_grad_norm': 21.41325855255127, 'median_matching_grad_norm': 6.0094831534382624, 'matching_present_fraction_this_epoch': 1.0, 'val_epe': 4.2975839938740155, 'val_d1': 25.601793103300068, 'stage_stats': {'entropy': 1.7686255520296297, 'max_weight': 0.4531285499826521, 'median_top2_gap': 0.8014375329017639, 'initial_std': 2.0411131574728776, 'initial_mean': 4.003219075610794, 'initial_corr_gt': 0.8886165744018323, 'residual_mean_abs': 26.864910860680272, 'residual_corr_final': 0.999821960881745, 'final_std': 17.50064514760411, 'final_corr_gt': 0.9001392176829484}}, {'epoch': 151, 'mean_loss': 0.9466924715787173, 'valid_pixels': 5023595, 'lr': 0.00013551568628929414, 'median_grad_norm': 13.76745891571045, 'median_matching_grad_norm': 5.103916252006515, 'matching_present_fraction_this_epoch': 1.0}, {'epoch': 152, 'mean_loss': 1.0205378416925668, 'valid_pixels': 4879341, 'lr': 0.00013018445251069497, 'median_grad_norm': 18.094130516052246, 'median_matching_grad_norm': 5.812201959331156, 'matching_present_fraction_this_epoch': 1.0}, {'epoch': 153, 'mean_loss': 1.0244073536247016, 'valid_pixels': 4914889, 'lr': 0.0001249444651847701, 'median_grad_norm': 15.3874192237854, 'median_matching_grad_norm': 4.7643159338709395, 'matching_present_fraction_this_epoch': 1.0}, {'epoch': 154, 'mean_loss': 1.0092022340744733, 'valid_pixels': 4932784, 'lr': 0.00011979701719998438, 'median_grad_norm': 17.95777988433838, 'median_matching_grad_norm': 5.212363086761199, 'matching_present_fraction_this_epoch': 1.0}, {'epoch': 155, 'mean_loss': 1.0124884817749262, 'valid_pixels': 5142096, 'lr': 0.00011474337861210527, 'median_grad_norm': 15.289234638214111, 'median_matching_grad_norm': 4.6276528718017005, 'matching_present_fraction_this_epoch': 1.0, 'val_epe': 4.391576272070608, 'val_d1': 27.156252921260542, 'stage_stats': {'entropy': 1.771346662629607, 'max_weight': 0.4516824015104636, 'median_top2_gap': 0.8011298894882202, 'initial_std': 2.0265046462368463, 'initial_mean': 3.9957752060213503, 'initial_corr_gt': 0.8832543821226337, 'residual_mean_abs': 26.542664769876232, 'residual_corr_final': 0.9998411504704711, 'final_std': 17.479082697847183, 'final_corr_gt': 0.8944872597888059}}, {'epoch': 156, 'mean_loss': 0.9292239405214786, 'valid_pixels': 4916469, 'lr': 0.00010978479633083506, 'median_grad_norm': 15.516677379608154, 'median_matching_grad_norm': 4.930159370177909, 'matching_present_fraction_this_epoch': 1.0}, {'epoch': 157, 'mean_loss': 0.9508070711046457, 'valid_pixels': 5053202, 'lr': 0.00010492249381215464, 'median_grad_norm': 14.07832384109497, 'median_matching_grad_norm': 4.612900339193869, 'matching_present_fraction_this_epoch': 1.0}, {'epoch': 158, 'mean_loss': 0.9609931986778975, 'valid_pixels': 4992131, 'lr': 0.00010015767075645462, 'median_grad_norm': 15.71213150024414, 'median_matching_grad_norm': 5.182374476157014, 'matching_present_fraction_this_epoch': 1.0}, {'epoch': 159, 'mean_loss': 0.9914808925241232, 'valid_pixels': 5027334, 'lr': 9.549150281252619e-05, 'median_grad_norm': 14.55353832244873, 'median_matching_grad_norm': 4.714839922696973, 'matching_present_fraction_this_epoch': 1.0}, {'epoch': 160, 'mean_loss': 0.8754833813756704, 'valid_pixels': 5032938, 'lr': 9.092514128748822e-05, 'median_grad_norm': 14.110799312591553, 'median_matching_grad_norm': 4.330436781700581, 'matching_present_fraction_this_epoch': 1.0, 'val_epe': 4.311843542214015, 'val_d1': 26.150211082899865, 'stage_stats': {'entropy': 1.7714019394104177, 'max_weight': 0.4500283656092231, 'median_top2_gap': 0.773699140548706, 'initial_std': 2.0205090991875814, 'initial_mean': 4.006094369131789, 'initial_corr_gt': 0.8879671199889827, 'residual_mean_abs': 26.686098556464817, 'residual_corr_final': 0.9998311932254463, 'final_std': 17.465580385596986, 'final_corr_gt': 0.8977892663954391}}, {'epoch': 161, 'mean_loss': 0.927031958848238, 'valid_pixels': 5074879, 'lr': 8.645971286271907e-05, 'median_grad_norm': 16.848745346069336, 'median_matching_grad_norm': 5.3034773094048, 'matching_present_fraction_this_epoch': 1.0}, {'epoch': 162, 'mean_loss': 0.881471972167492, 'valid_pixels': 4983546, 'lr': 8.209631931586485e-05, 'median_grad_norm': 17.054587364196777, 'median_matching_grad_norm': 4.5589822906653, 'matching_present_fraction_this_epoch': 1.0}, {'epoch': 163, 'mean_loss': 0.9238195102661848, 'valid_pixels': 5071679, 'lr': 7.783603724899246e-05, 'median_grad_norm': 12.311236381530762, 'median_matching_grad_norm': 4.03675638439903, 'matching_present_fraction_this_epoch': 1.0}, {'epoch': 164, 'mean_loss': 0.9751018606126308, 'valid_pixels': 4934294, 'lr': 7.367991782295392e-05, 'median_grad_norm': 16.89276123046875, 'median_matching_grad_norm': 5.027058833480761, 'matching_present_fraction_this_epoch': 1.0}, {'epoch': 165, 'mean_loss': 1.0071936774998904, 'valid_pixels': 4973272, 'lr': 6.962898649802802e-05, 'median_grad_norm': 15.62501335144043, 'median_matching_grad_norm': 4.6494153103624445, 'matching_present_fraction_this_epoch': 1.0, 'val_epe': 4.167640799348647, 'val_d1': 24.73876543634365, 'stage_stats': {'entropy': 1.7704070568499948, 'max_weight': 0.4521927900602843, 'median_top2_gap': 0.8025376796722412, 'initial_std': 2.0164739166669823, 'initial_mean': 3.9845147120984317, 'initial_corr_gt': 0.8879317115587737, 'residual_mean_abs': 26.9210946402189, 'residual_corr_final': 0.9998434824209023, 'final_std': 17.57192976274827, 'final_corr_gt': 0.8993016964629342}}, {'epoch': 166, 'mean_loss': 0.9298569895327091, 'valid_pixels': 4949958, 'lr': 6.568424278090424e-05, 'median_grad_norm': 13.142171382904053, 'median_matching_grad_norm': 4.453833047504135, 'matching_present_fraction_this_epoch': 1.0}, {'epoch': 167, 'mean_loss': 0.8866405751556158, 'valid_pixels': 4869396, 'lr': 6.184665997806812e-05, 'median_grad_norm': 14.772893905639648, 'median_matching_grad_norm': 4.331313356417206, 'matching_present_fraction_this_epoch': 1.0}, {'epoch': 168, 'mean_loss': 0.8988888263702393, 'valid_pixels': 4914102, 'lr': 5.811718495565318e-05, 'median_grad_norm': 15.491982460021973, 'median_matching_grad_norm': 4.886204840248876, 'matching_present_fraction_this_epoch': 1.0}, {'epoch': 169, 'mean_loss': 0.894610782340169, 'valid_pixels': 5163219, 'lr': 5.449673790581603e-05, 'median_grad_norm': 12.980964183807373, 'median_matching_grad_norm': 4.181979261155391, 'matching_present_fraction_this_epoch': 1.0}, {'epoch': 170, 'mean_loss': 0.9755706813186407, 'valid_pixels': 4983771, 'lr': 5.098621211969216e-05, 'median_grad_norm': 14.810829639434814, 'median_matching_grad_norm': 4.719389619555926, 'matching_present_fraction_this_epoch': 1.0, 'val_epe': 4.07668548440487, 'val_d1': 23.919254478191682, 'stage_stats': {'entropy': 1.7740730499483521, 'max_weight': 0.4493774418780646, 'median_top2_gap': 0.7855966448783874, 'initial_std': 2.0315456050475182, 'initial_mean': 3.996584175068402, 'initial_corr_gt': 0.8841588243152447, 'residual_mean_abs': 27.16384980078243, 'residual_corr_final': 0.9998296189334386, 'final_std': 17.811714515539936, 'final_corr_gt': 0.8948081952492493}}, {'epoch': 171, 'mean_loss': 0.9421035125851631, 'valid_pixels': 4809672, 'lr': 4.7586473766990253e-05, 'median_grad_norm': 13.97445821762085, 'median_matching_grad_norm': 4.442577276089246, 'matching_present_fraction_this_epoch': 1.0}, {'epoch': 172, 'mean_loss': 0.9015567854046822, 'valid_pixels': 5096425, 'lr': 4.4298361682277405e-05, 'median_grad_norm': 14.511716365814209, 'median_matching_grad_norm': 4.270347855652876, 'matching_present_fraction_this_epoch': 1.0}, {'epoch': 173, 'mean_loss': 0.8470411173999309, 'valid_pixels': 5099463, 'lr': 4.1122687158009486e-05, 'median_grad_norm': 15.868380546569824, 'median_matching_grad_norm': 5.048411470872651, 'matching_present_fraction_this_epoch': 1.0}, {'epoch': 174, 'mean_loss': 0.9321158606559038, 'valid_pixels': 4893598, 'lr': 3.8060233744356686e-05, 'median_grad_norm': 15.744499683380127, 'median_matching_grad_norm': 5.035044832075581, 'matching_present_fraction_this_epoch': 1.0}, {'epoch': 175, 'mean_loss': 0.8481722917407751, 'valid_pixels': 5103601, 'lr': 3.511175705587427e-05, 'median_grad_norm': 12.660663604736328, 'median_matching_grad_norm': 4.413745582063354, 'matching_present_fraction_this_epoch': 1.0, 'val_epe': 4.148845004076169, 'val_d1': 24.11287697020556, 'stage_stats': {'entropy': 1.7770046860805848, 'max_weight': 0.4485220064888539, 'median_top2_gap': 0.7848524808883667, 'initial_std': 2.0135545359330025, 'initial_mean': 3.9846032172266623, 'initial_corr_gt': 0.8853147877899067, 'residual_mean_abs': 26.967225422326447, 'residual_corr_final': 0.9998236400515064, 'final_std': 17.64137863381216, 'final_corr_gt': 0.8944954392618032}}, {'epoch': 176, 'mean_loss': 0.8905648373067379, 'valid_pixels': 4845755, 'lr': 3.2277984585066264e-05, 'median_grad_norm': 13.679497241973877, 'median_matching_grad_norm': 4.246399753616215, 'matching_present_fraction_this_epoch': 1.0}, {'epoch': 177, 'mean_loss': 0.9028840567916632, 'valid_pixels': 4849343, 'lr': 2.955961552288723e-05, 'median_grad_norm': 13.054636478424072, 'median_matching_grad_norm': 3.9708817658424667, 'matching_present_fraction_this_epoch': 1.0}, {'epoch': 178, 'mean_loss': 0.96267258413136, 'valid_pixels': 4809661, 'lr': 2.6957320586227313e-05, 'median_grad_norm': 15.042369365692139, 'median_matching_grad_norm': 4.9506974550314595, 'matching_present_fraction_this_epoch': 1.0}, {'epoch': 179, 'mean_loss': 0.896045770868659, 'valid_pixels': 5098424, 'lr': 2.44717418524232e-05, 'median_grad_norm': 14.543924808502197, 'median_matching_grad_norm': 4.62238605386856, 'matching_present_fraction_this_epoch': 1.0}, {'epoch': 180, 'mean_loss': 0.9745960120111704, 'valid_pixels': 4906824, 'lr': 2.210349260083491e-05, 'median_grad_norm': 15.359208583831787, 'median_matching_grad_norm': 4.572578300597506, 'matching_present_fraction_this_epoch': 1.0, 'val_epe': 4.209426514592032, 'val_d1': 24.704059517963806, 'stage_stats': {'entropy': 1.7735007122263433, 'max_weight': 0.4498782471701658, 'median_top2_gap': 0.7851756453514099, 'initial_std': 2.0070170999378147, 'initial_mean': 3.982577575517414, 'initial_corr_gt': 0.888769701086427, 'residual_mean_abs': 26.803385429454686, 'residual_corr_final': 0.9998220150268466, 'final_std': 17.581302756310475, 'final_corr_gt': 0.900917678897964}}, {'epoch': 181, 'mean_loss': 0.8460133753716945, 'valid_pixels': 4821388, 'lr': 1.9853157161528496e-05, 'median_grad_norm': 11.854109764099121, 'median_matching_grad_norm': 3.9827147263764564, 'matching_present_fraction_this_epoch': 1.0}, {'epoch': 182, 'mean_loss': 0.9480684977024794, 'valid_pixels': 4933831, 'lr': 1.7721290771100992e-05, 'median_grad_norm': 14.065385341644287, 'median_matching_grad_norm': 4.221438615246063, 'matching_present_fraction_this_epoch': 1.0}, {'epoch': 183, 'mean_loss': 0.7949703674763441, 'valid_pixels': 5070330, 'lr': 1.5708419435684497e-05, 'median_grad_norm': 12.395326137542725, 'median_matching_grad_norm': 4.271144944945023, 'matching_present_fraction_this_epoch': 1.0}, {'epoch': 184, 'mean_loss': 0.8999901916831732, 'valid_pixels': 5022070, 'lr': 1.3815039801161704e-05, 'median_grad_norm': 14.376414775848389, 'median_matching_grad_norm': 4.3667376798993605, 'matching_present_fraction_this_epoch': 1.0}, {'epoch': 185, 'mean_loss': 0.8824722323566675, 'valid_pixels': 5097096, 'lr': 1.2041619030626323e-05, 'median_grad_norm': 12.400997638702393, 'median_matching_grad_norm': 3.9908608667872896, 'matching_present_fraction_this_epoch': 1.0, 'val_epe': 4.1754228725265525, 'val_d1': 24.227847040380283, 'stage_stats': {'entropy': 1.7771268474260054, 'max_weight': 0.4481656768174379, 'median_top2_gap': 0.7816079497337342, 'initial_std': 2.0032080987592, 'initial_mean': 3.972536886824723, 'initial_corr_gt': 0.8820253932116818, 'residual_mean_abs': 26.91105338096897, 'residual_corr_final': 0.9998285549428909, 'final_std': 17.60173800851255, 'final_corr_gt': 0.8929625877947762}}, {'epoch': 186, 'mean_loss': 0.880461847409606, 'valid_pixels': 5039208, 'lr': 1.0388594689117057e-05, 'median_grad_norm': 12.521596908569336, 'median_matching_grad_norm': 3.688505136537527, 'matching_present_fraction_this_epoch': 1.0}, {'epoch': 187, 'mean_loss': 0.876930259168148, 'valid_pixels': 5020149, 'lr': 8.856374635655629e-06, 'median_grad_norm': 12.94260835647583, 'median_matching_grad_norm': 3.913114478070362, 'matching_present_fraction_this_epoch': 1.0}, {'epoch': 188, 'mean_loss': 0.902078003808856, 'valid_pixels': 4908842, 'lr': 7.445336922613057e-06, 'median_grad_norm': 12.904545783996582, 'median_matching_grad_norm': 3.813118044242107, 'matching_present_fraction_this_epoch': 1.0}, {'epoch': 189, 'mean_loss': 0.8515671201050281, 'valid_pixels': 5157426, 'lr': 6.155829702431163e-06, 'median_grad_norm': 11.941973686218262, 'median_matching_grad_norm': 4.145450201744897, 'matching_present_fraction_this_epoch': 1.0}, {'epoch': 190, 'mean_loss': 0.9357027001678944, 'valid_pixels': 5046021, 'lr': 4.988171141721226e-06, 'median_grad_norm': 13.971186637878418, 'median_matching_grad_norm': 4.326463066217915, 'matching_present_fraction_this_epoch': 1.0, 'val_epe': 4.133075398533087, 'val_d1': 24.028959563844385, 'stage_stats': {'entropy': 1.7744533735384027, 'max_weight': 0.4492517761073245, 'median_top2_gap': 0.7815469741821289, 'initial_std': 2.010499570754417, 'initial_mean': 3.9794600724480844, 'initial_corr_gt': 0.8862594010629031, 'residual_mean_abs': 26.97160431269027, 'residual_corr_final': 0.9998236452591127, 'final_std': 17.68990605428329, 'final_corr_gt': 0.8972178781988276}}, {'epoch': 191, 'mean_loss': 0.8741392161697149, 'valid_pixels': 5131438, 'lr': 3.942649342761113e-06, 'median_grad_norm': 12.579521179199219, 'median_matching_grad_norm': 4.279358002579247, 'matching_present_fraction_this_epoch': 1.0}, {'epoch': 192, 'mean_loss': 0.8890455696731806, 'valid_pixels': 5109846, 'lr': 3.0195222724101985e-06, 'median_grad_norm': 13.800434589385986, 'median_matching_grad_norm': 4.47933743963852, 'matching_present_fraction_this_epoch': 1.0}, {'epoch': 193, 'mean_loss': 0.9180756941437721, 'valid_pixels': 4926718, 'lr': 2.219017698459999e-06, 'median_grad_norm': 14.31216049194336, 'median_matching_grad_norm': 4.43404802699987, 'matching_present_fraction_this_epoch': 1.0}, {'epoch': 194, 'mean_loss': 0.8954387787729502, 'valid_pixels': 4933967, 'lr': 1.5413331334360161e-06, 'median_grad_norm': 14.407575130462646, 'median_matching_grad_norm': 4.211036635617332, 'matching_present_fraction_this_epoch': 1.0}, {'epoch': 195, 'mean_loss': 0.9349341664463282, 'valid_pixels': 4997806, 'lr': 9.866357858642194e-07, 'median_grad_norm': 13.723009586334229, 'median_matching_grad_norm': 4.3113434197062235, 'matching_present_fraction_this_epoch': 1.0, 'val_epe': 4.139565882768113, 'val_d1': 23.962126495013845, 'stage_stats': {'entropy': 1.774501868861615, 'max_weight': 0.44904320326009317, 'median_top2_gap': 0.7792052984237671, 'initial_std': 2.0067063748539256, 'initial_mean': 3.9773933757835906, 'initial_corr_gt': 0.88538033372855, 'residual_mean_abs': 26.966867230915977, 'residual_corr_final': 0.9998235642205137, 'final_std': 17.637497664918186, 'final_corr_gt': 0.8961343148481349}}, {'epoch': 196, 'mean_loss': 0.8469596475362777, 'valid_pixels': 4920227, 'lr': 5.550625190150475e-07, 'median_grad_norm': 13.67282485961914, 'median_matching_grad_norm': 4.422327796018793, 'matching_present_fraction_this_epoch': 1.0}, {'epoch': 197, 'mean_loss': 0.9254983592778444, 'valid_pixels': 4777847, 'lr': 2.4671981713419966e-07, 'median_grad_norm': 11.386220455169678, 'median_matching_grad_norm': 3.8303042876495303, 'matching_present_fraction_this_epoch': 1.0}, {'epoch': 198, 'mean_loss': 0.809995049238205, 'valid_pixels': 5037848, 'lr': 6.168375916970607e-08, 'median_grad_norm': 12.713772296905518, 'median_matching_grad_norm': 4.005072067308381, 'matching_present_fraction_this_epoch': 1.0}, {'epoch': 199, 'mean_loss': 0.8708661269396544, 'valid_pixels': 5089371, 'lr': 0.0, 'median_grad_norm': 12.949955940246582, 'median_matching_grad_norm': 4.378102602250491, 'matching_present_fraction_this_epoch': 1.0, 'val_epe': 4.14117068002523, 'val_d1': 24.0063953444643, 'stage_stats': {'entropy': 1.7746096686177677, 'max_weight': 0.4490270222549871, 'median_top2_gap': 0.7796442151069641, 'initial_std': 2.006291978980408, 'initial_mean': 3.976892669721628, 'initial_corr_gt': 0.8853033067538595, 'residual_mean_abs': 26.965077829493566, 'residual_corr_final': 0.9998239368979099, 'final_std': 17.638370922917964, 'final_corr_gt': 0.8960420047760472}}]
EXP-H2-SOFTARGMIN-SCALE [13:53:30] metric wall_clock_s = 12516.778108596802
EXP-H2-SOFTARGMIN-SCALE [13:53:30] metric first_epoch_loss = 10.635167688131332
EXP-H2-SOFTARGMIN-SCALE [13:53:30] metric final_epoch_loss = 0.8708661269396544
EXP-H2-SOFTARGMIN-SCALE [13:53:30] metric loss_reduction_factor = 12.21217286921562
EXP-H2-SOFTARGMIN-SCALE [13:53:30] metric min_loss = 0.7949703674763441
EXP-H2-SOFTARGMIN-SCALE [13:53:30] metric primary_endpoint_matching_gradient = {'definition': 'fraction of training batches on which ||grad(feature_extractor)|| + ||grad(aggregation)|| (2-norm combined) exceeds 1e-12', 'batches': 16000, 'present_fraction': 1.0, 'exactly_zero_fraction': 0.0, 'norm': {'median': 6.852015247524475, 'mean': 9.701932614876439, 'p90': 18.22794204278714, 'p95': 25.45209997131446, 'p99': 55.594253966384166, 'max': 306.65986031544145}, 'batches_above': {'1e4': 0, '1e6': 0, '1e8': 0, '1e10': 0}}
EXP-H2-SOFTARGMIN-SCALE [13:53:30] metric gradient_norms = {'median': 20.0821533203125, 'mean': 25.929519627273084, 'p90': 51.31535110473633, 'p95': 65.03351974487305, 'p99': 93.29955291748053, 'max': 308.03558349609375, 'any_nan': False, 'batches_above': {'1e4': 0, '1e6': 0, '1e8': 0, '1e10': 0}}
EXP-H2-SOFTARGMIN-SCALE [13:53:30] metric saturation_diagnostics = [{'softmax_input_median_top2_gap': 1.4795514345169067, 'softmax_input_min_top2_gap': 0.05787944793701172, 'fraction_pixels_gap_below_88': 1.0, 'exact_ties': 0, 'mean_softmax_entropy_nats': 1.5223313848927003, 'mean_max_softmax_weight': 0.5989206855390843, 'raw_cost_max_abs': 0.03309400752186775, 'raw_cost_std': 0.002156763509601588, 'softmax_input_grad_norm': 0.008525006473064423, 'softmax_input_pixels_with_gradient': 196322, 'softmax_input_pixels_total': 262144, 'raw_cost_grad_norm': 3.8097734451293945, 'epoch': 0, 'batch': 0, 'total_norm': 308.03558349609375, 'matching_path_norm': 306.65986031544145}, {'softmax_input_median_top2_gap': 1.7178993225097656, 'softmax_input_min_top2_gap': 0.6290942430496216, 'fraction_pixels_gap_below_88': 1.0, 'exact_ties': 0, 'mean_softmax_entropy_nats': 1.5676942905097961, 'mean_max_softmax_weight': 0.5887637765616613, 'raw_cost_max_abs': 30.47287940979004, 'raw_cost_std': 4.415519912418664, 'softmax_input_grad_norm': 0.009334069676697254, 'softmax_input_pixels_with_gradient': 205391, 'softmax_input_pixels_total': 262144, 'raw_cost_grad_norm': 0.010333669371902943, 'epoch': 0, 'batch': 20, 'total_norm': 69.48577880859375, 'matching_path_norm': 40.56824866851016}, {'softmax_input_median_top2_gap': 1.9685580730438232, 'softmax_input_min_top2_gap': 0.5579222440719604, 'fraction_pixels_gap_below_88': 1.0, 'exact_ties': 0, 'mean_softmax_entropy_nats': 1.5195790146819315, 'mean_max_softmax_weight': 0.6108622363471861, 'raw_cost_max_abs': 171.30258178710938, 'raw_cost_std': 32.846848218765864, 'softmax_input_grad_norm': 0.012242075987160206, 'softmax_input_pixels_with_gradient': 233826, 'softmax_input_pixels_total': 262144, 'raw_cost_grad_norm': 0.0007954048342071474, 'epoch': 0, 'batch': 40, 'total_norm': 52.726051330566406, 'matching_path_norm': 37.709657577415285}, {'softmax_input_median_top2_gap': 1.3271113634109497, 'softmax_input_min_top2_gap': 1.0728836059570312e-06, 'fraction_pixels_gap_below_88': 1.0, 'exact_ties': 0, 'mean_softmax_entropy_nats': 1.8027595543433628, 'mean_max_softmax_weight': 0.4472244129623022, 'raw_cost_max_abs': 30869.1796875, 'raw_cost_std': 3395.379270948162, 'softmax_input_grad_norm': 0.014352197758853436, 'softmax_input_pixels_with_gradient': 212979, 'softmax_input_pixels_total': 262144, 'raw_cost_grad_norm': 0.00030650297412648797, 'epoch': 0, 'batch': 60, 'total_norm': 20.485939025878906, 'matching_path_norm': 20.077619848152757}, {'softmax_input_median_top2_gap': 2.185117185115814, 'softmax_input_min_top2_gap': 2.181529998779297e-05, 'fraction_pixels_gap_below_88': 1.0, 'exact_ties': 0, 'mean_softmax_entropy_nats': 1.5003553605037827, 'mean_max_softmax_weight': 0.6101927057807798, 'raw_cost_max_abs': 122213.8125, 'raw_cost_std': 17135.28081238789, 'softmax_input_grad_norm': 0.013915910385549068, 'softmax_input_pixels_with_gradient': 209791, 'softmax_input_pixels_total': 262144, 'raw_cost_grad_norm': 9.653405868448317e-06, 'epoch': 1, 'batch': 80, 'total_norm': 109.45335388183594, 'matching_path_norm': 68.05745480008136}, {'softmax_input_median_top2_gap': 0.8658187389373779, 'softmax_input_min_top2_gap': 3.5762786865234375e-06, 'fraction_pixels_gap_below_88': 1.0, 'exact_ties': 0, 'mean_softmax_entropy_nats': 1.7829557047018625, 'mean_max_softmax_weight': 0.43081902299977193, 'raw_cost_max_abs': 1103190.875, 'raw_cost_std': 130927.88622997982, 'softmax_input_grad_norm': 0.02002529427409172, 'softmax_input_pixels_with_gradient': 207791, 'softmax_input_pixels_total': 262144, 'raw_cost_grad_norm': 5.1098991207254585e-06, 'epoch': 1, 'batch': 100, 'total_norm': 107.42791748046875, 'matching_path_norm': 70.56071459410383}, {'softmax_input_median_top2_gap': 1.2042319774627686, 'softmax_input_min_top2_gap': 1.2636184692382812e-05, 'fraction_pixels_gap_below_88': 1.0, 'exact_ties': 0, 'mean_softmax_entropy_nats': 1.7834840971873, 'mean_max_softmax_weight': 0.4603522702960121, 'raw_cost_max_abs': 2578457.5, 'raw_cost_std': 338640.51580717356, 'softmax_input_grad_norm': 0.015498222783207893, 'softmax_input_pixels_with_gradient': 179254, 'softmax_input_pixels_total': 262144, 'raw_cost_grad_norm': 6.134977752481063e-07, 'epoch': 1, 'batch': 120, 'total_norm': 17.260887145996094, 'matching_path_norm': 7.955485984810367}, {'softmax_input_median_top2_gap': 1.8048394918441772, 'softmax_input_min_top2_gap': 4.172325134277344e-06, 'fraction_pixels_gap_below_88': 1.0, 'exact_ties': 0, 'mean_softmax_entropy_nats': 1.6108547455247513, 'mean_max_softmax_weight': 0.5439107623022674, 'raw_cost_max_abs': 11180727.0, 'raw_cost_std': 718906.6756265343, 'softmax_input_grad_norm': 0.018010763451457024, 'softmax_input_pixels_with_gradient': 194676, 'softmax_input_pixels_total': 262144, 'raw_cost_grad_norm': 5.076022944194847e-07, 'epoch': 1, 'batch': 140, 'total_norm': 79.0937271118164, 'matching_path_norm': 58.91477190937732}, {'softmax_input_median_top2_gap': 2.0819963216781616, 'softmax_input_min_top2_gap': 4.696846008300781e-05, 'fraction_pixels_gap_below_88': 1.0, 'exact_ties': 0, 'mean_softmax_entropy_nats': 1.6158377818594056, 'mean_max_softmax_weight': 0.5467307905662813, 'raw_cost_max_abs': 16269403.0, 'raw_cost_std': 1668996.8713898815, 'softmax_input_grad_norm': 0.020015476271510124, 'softmax_input_pixels_with_gradient': 193896, 'softmax_input_pixels_total': 262144, 'raw_cost_grad_norm': 2.69927454610297e-07, 'epoch': 2, 'batch': 160, 'total_norm': 110.14727783203125, 'matching_path_norm': 61.630902585942174}, {'softmax_input_median_top2_gap': 0.5884017944335938, 'softmax_input_min_top2_gap': 2.7418136596679688e-06, 'fraction_pixels_gap_below_88': 1.0, 'exact_ties': 0, 'mean_softmax_entropy_nats': 1.8668911772066166, 'mean_max_softmax_weight': 0.3912333536571956, 'raw_cost_max_abs': 36462252.0, 'raw_cost_std': 3256859.9222041857, 'softmax_input_grad_norm': 0.017246898263692856, 'softmax_input_pixels_with_gradient': 177743, 'softmax_input_pixels_total': 262144, 'raw_cost_grad_norm': 5.634705075863167e-07, 'epoch': 2, 'batch': 180, 'total_norm': 47.91880798339844, 'matching_path_norm': 30.46261428957519}, {'softmax_input_median_top2_gap': 1.2120379209518433, 'softmax_input_min_top2_gap': 7.152557373046875e-06, 'fraction_pixels_gap_below_88': 1.0, 'exact_ties': 0, 'mean_softmax_entropy_nats': 1.7467798731277386, 'mean_max_softmax_weight': 0.4664170106555034, 'raw_cost_max_abs': 38328984.0, 'raw_cost_std': 3388949.469847569, 'softmax_input_grad_norm': 0.013129761442542076, 'softmax_input_pixels_with_gradient': 223220, 'softmax_input_pixels_total': 262144, 'raw_cost_grad_norm': 6.279373110373854e-08, 'epoch': 2, 'batch': 200, 'total_norm': 80.23371887207031, 'matching_path_norm': 46.0100817634034}, {'softmax_input_median_top2_gap': 0.2570154666900635, 'softmax_input_min_top2_gap': 5.4836273193359375e-06, 'fraction_pixels_gap_below_88': 1.0, 'exact_ties': 0, 'mean_softmax_entropy_nats': 1.8453232178541694, 'mean_max_softmax_weight': 0.3873193232050711, 'raw_cost_max_abs': 169566240.0, 'raw_cost_std': 20406235.753184028, 'softmax_input_grad_norm': 0.017511295154690742, 'softmax_input_pixels_with_gradient': 229194, 'softmax_input_pixels_total': 262144, 'raw_cost_grad_norm': 3.487542471702909e-06, 'epoch': 2, 'batch': 220, 'total_norm': 14.60905933380127, 'matching_path_norm': 11.609276357833927}, {'softmax_input_median_top2_gap': 1.0249935388565063, 'softmax_input_min_top2_gap': 1.621246337890625e-05, 'fraction_pixels_gap_below_88': 1.0, 'exact_ties': 0, 'mean_softmax_entropy_nats': 1.7466076455949917, 'mean_max_softmax_weight': 0.4665671614634776, 'raw_cost_max_abs': 88948216.0, 'raw_cost_std': 12915290.359436354, 'softmax_input_grad_norm': 0.01843871735036373, 'softmax_input_pixels_with_gradient': 220224, 'softmax_input_pixels_total': 262144, 'raw_cost_grad_norm': 1.0317900311918038e-08, 'epoch': 3, 'batch': 240, 'total_norm': 53.18959426879883, 'matching_path_norm': 42.46291762115042}, {'softmax_input_median_top2_gap': 0.997543454170227, 'softmax_input_min_top2_gap': 1.0251998901367188e-05, 'fraction_pixels_gap_below_88': 1.0, 'exact_ties': 0, 'mean_softmax_entropy_nats': 1.7991503930367256, 'mean_max_softmax_weight': 0.4393716127687559, 'raw_cost_max_abs': 226251376.0, 'raw_cost_std': 16824372.195657723, 'softmax_input_grad_norm': 0.02242160402238369, 'softmax_input_pixels_with_gradient': 199164, 'softmax_input_pixels_total': 262144, 'raw_cost_grad_norm': 5.3043123671159265e-08, 'epoch': 3, 'batch': 260, 'total_norm': 129.82485961914062, 'matching_path_norm': 78.89871657986359}, {'softmax_input_median_top2_gap': 0.6514936685562134, 'softmax_input_min_top2_gap': 3.5762786865234375e-06, 'fraction_pixels_gap_below_88': 1.0, 'exact_ties': 0, 'mean_softmax_entropy_nats': 1.9035576648412165, 'mean_max_softmax_weight': 0.3783100704618325, 'raw_cost_max_abs': 3274525952.0, 'raw_cost_std': 300241130.8702947, 'softmax_input_grad_norm': 0.017748359590768814, 'softmax_input_pixels_with_gradient': 174126, 'softmax_input_pixels_total': 262144, 'raw_cost_grad_norm': 7.013963188029493e-09, 'epoch': 3, 'batch': 280, 'total_norm': 28.602872848510742, 'matching_path_norm': 17.302512661980437}, {'softmax_input_median_top2_gap': 0.5450595617294312, 'softmax_input_min_top2_gap': 3.0994415283203125e-06, 'fraction_pixels_gap_below_88': 1.0, 'exact_ties': 0, 'mean_softmax_entropy_nats': 1.9114072424475426, 'mean_max_softmax_weight': 0.3722876269660811, 'raw_cost_max_abs': 2391508736.0, 'raw_cost_std': 285361501.15616477, 'softmax_input_grad_norm': 0.015516581013798714, 'softmax_input_pixels_with_gradient': 210404, 'softmax_input_pixels_total': 262144, 'raw_cost_grad_norm': 1.437572283435884e-09, 'epoch': 3, 'batch': 300, 'total_norm': 69.23683166503906, 'matching_path_norm': 44.84974017862847}, {'softmax_input_median_top2_gap': 0.27713871002197266, 'softmax_input_min_top2_gap': 3.0994415283203125e-06, 'fraction_pixels_gap_below_88': 1.0, 'exact_ties': 0, 'mean_softmax_entropy_nats': 1.9848810575466649, 'mean_max_softmax_weight': 0.32792801134887845, 'raw_cost_max_abs': 665390720.0, 'raw_cost_std': 115395904.88033427, 'softmax_input_grad_norm': 0.022865112870931625, 'softmax_input_pixels_with_gradient': 171805, 'softmax_input_pixels_total': 262144, 'raw_cost_grad_norm': 9.47335720979936e-09, 'epoch': 4, 'batch': 320, 'total_norm': 29.6168212890625, 'matching_path_norm': 18.81887978859627}, {'softmax_input_median_top2_gap': 0.7014768123626709, 'softmax_input_min_top2_gap': 2.384185791015625e-07, 'fraction_pixels_gap_below_88': 1.0, 'exact_ties': 0, 'mean_softmax_entropy_nats': 1.9387538501993116, 'mean_max_softmax_weight': 0.36997947706520284, 'raw_cost_max_abs': 3854517760.0, 'raw_cost_std': 619659500.4396485, 'softmax_input_grad_norm': 0.01847206801176071, 'softmax_input_pixels_with_gradient': 193531, 'softmax_input_pixels_total': 262144, 'raw_cost_grad_norm': 2.4864732495188946e-10, 'epoch': 4, 'batch': 340, 'total_norm': 57.533077239990234, 'matching_path_norm': 16.723423019795252}, {'softmax_input_median_top2_gap': 0.47152042388916016, 'softmax_input_min_top2_gap': 1.811981201171875e-05, 'fraction_pixels_gap_below_88': 1.0, 'exact_ties': 0, 'mean_softmax_entropy_nats': 1.995305131480774, 'mean_max_softmax_weight': 0.33169764308414185, 'raw_cost_max_abs': 4726336000.0, 'raw_cost_std': 666581370.2356862, 'softmax_input_grad_norm': 0.015785399824380875, 'softmax_input_pixels_with_gradient': 214865, 'softmax_input_pixels_total': 262144, 'raw_cost_grad_norm': 2.199443960293479e-09, 'epoch': 4, 'batch': 360, 'total_norm': 60.354095458984375, 'matching_path_norm': 41.74930916458809}, {'softmax_input_median_top2_gap': 0.2551151514053345, 'softmax_input_min_top2_gap': 2.5033950805664062e-06, 'fraction_pixels_gap_below_88': 1.0, 'exact_ties': 0, 'mean_softmax_entropy_nats': 1.9847578397215317, 'mean_max_softmax_weight': 0.3210073979399924, 'raw_cost_max_abs': 1657669632.0, 'raw_cost_std': 316194071.2978729, 'softmax_input_grad_norm': 0.016235198825597763, 'softmax_input_pixels_with_gradient': 203373, 'softmax_input_pixels_total': 262144, 'raw_cost_grad_norm': 6.533915630768661e-10, 'epoch': 4, 'batch': 380, 'total_norm': 71.9432144165039, 'matching_path_norm': 51.34852437800073}, {'softmax_input_median_top2_gap': 0.6677517890930176, 'softmax_input_min_top2_gap': 8.106231689453125e-06, 'fraction_pixels_gap_below_88': 1.0, 'exact_ties': 0, 'mean_softmax_entropy_nats': 1.863965614631524, 'mean_max_softmax_weight': 0.4005076572071554, 'raw_cost_max_abs': 1924565376.0, 'raw_cost_std': 308982722.550715, 'softmax_input_grad_norm': 0.015211138874292374, 'softmax_input_pixels_with_gradient': 230658, 'softmax_input_pixels_total': 262144, 'raw_cost_grad_norm': 4.252733720733204e-09, 'epoch': 5, 'batch': 400, 'total_norm': 81.13937377929688, 'matching_path_norm': 49.6332928141049}, {'softmax_input_median_top2_gap': 0.7647387981414795, 'softmax_input_min_top2_gap': 1.1920928955078125e-07, 'fraction_pixels_gap_below_88': 1.0, 'exact_ties': 0, 'mean_softmax_entropy_nats': 1.8496099719717287, 'mean_max_softmax_weight': 0.4081323474941879, 'raw_cost_max_abs': 2134476928.0, 'raw_cost_std': 288481682.02657527, 'softmax_input_grad_norm': 0.01761377975344658, 'softmax_input_pixels_with_gradient': 241433, 'softmax_input_pixels_total': 262144, 'raw_cost_grad_norm': 6.200251423393865e-10, 'epoch': 5, 'batch': 420, 'total_norm': 101.57832336425781, 'matching_path_norm': 56.88621966779296}, {'softmax_input_median_top2_gap': 0.5725765228271484, 'softmax_input_min_top2_gap': 1.3113021850585938e-06, 'fraction_pixels_gap_below_88': 1.0, 'exact_ties': 0, 'mean_softmax_entropy_nats': 1.8794166796943064, 'mean_max_softmax_weight': 0.386923481042351, 'raw_cost_max_abs': 533746272.0, 'raw_cost_std': 105570206.55527203, 'softmax_input_grad_norm': 0.02202066034078598, 'softmax_input_pixels_with_gradient': 213608, 'softmax_input_pixels_total': 262144, 'raw_cost_grad_norm': 4.0797965006333925e-09, 'epoch': 5, 'batch': 440, 'total_norm': 82.4773941040039, 'matching_path_norm': 61.399079212221935}, {'softmax_input_median_top2_gap': 0.1302492618560791, 'softmax_input_min_top2_gap': 1.1920928955078125e-07, 'fraction_pixels_gap_below_88': 1.0, 'exact_ties': 0, 'mean_softmax_entropy_nats': 1.9907035829104966, 'mean_max_softmax_weight': 0.3088248754508047, 'raw_cost_max_abs': 359620064.0, 'raw_cost_std': 61576223.479015045, 'softmax_input_grad_norm': 0.022230762988328934, 'softmax_input_pixels_with_gradient': 178917, 'softmax_input_pixels_total': 262144, 'raw_cost_grad_norm': 5.540754521859981e-09, 'epoch': 5, 'batch': 460, 'total_norm': 39.44657516479492, 'matching_path_norm': 21.077604191686063}, {'softmax_input_median_top2_gap': 0.2594637870788574, 'softmax_input_min_top2_gap': 7.152557373046875e-07, 'fraction_pixels_gap_below_88': 1.0, 'exact_ties': 0, 'mean_softmax_entropy_nats': 2.0013066593375317, 'mean_max_softmax_weight': 0.3118607850703279, 'raw_cost_max_abs': 2153547776.0, 'raw_cost_std': 365637111.81590617, 'softmax_input_grad_norm': 0.020493991672992706, 'softmax_input_pixels_with_gradient': 223517, 'softmax_input_pixels_total': 262144, 'raw_cost_grad_norm': 4.4042541835764837e-10, 'epoch': 6, 'batch': 480, 'total_norm': 70.12255859375, 'matching_path_norm': 49.47929409372592}, {'softmax_input_median_top2_gap': 0.2031639814376831, 'softmax_input_min_top2_gap': 2.6226043701171875e-06, 'fraction_pixels_gap_below_88': 1.0, 'exact_ties': 0, 'mean_softmax_entropy_nats': 1.9740946852776708, 'mean_max_softmax_weight': 0.3268263340123257, 'raw_cost_max_abs': 8625145856.0, 'raw_cost_std': 1513334196.8370554, 'softmax_input_grad_norm': 0.02255234308540821, 'softmax_input_pixels_with_gradient': 205271, 'softmax_input_pixels_total': 262144, 'raw_cost_grad_norm': 2.0200371930734207e-10, 'epoch': 6, 'batch': 500, 'total_norm': 24.968961715698242, 'matching_path_norm': 23.640123505908406}, {'softmax_input_median_top2_gap': 0.21142995357513428, 'softmax_input_min_top2_gap': 2.384185791015625e-07, 'fraction_pixels_gap_below_88': 1.0, 'exact_ties': 0, 'mean_softmax_entropy_nats': 1.9582932601767786, 'mean_max_softmax_weight': 0.33747395693471927, 'raw_cost_max_abs': 8272993280.0, 'raw_cost_std': 1089434544.0806735, 'softmax_input_grad_norm': 0.02439066953957081, 'softmax_input_pixels_with_gradient': 215695, 'softmax_input_pixels_total': 262144, 'raw_cost_grad_norm': 1.1804673905047025e-10, 'epoch': 6, 'batch': 520, 'total_norm': 32.827110290527344, 'matching_path_norm': 14.878064778730065}, {'softmax_input_median_top2_gap': 0.33192527294158936, 'softmax_input_min_top2_gap': 1.1920928955078125e-07, 'fraction_pixels_gap_below_88': 1.0, 'exact_ties': 0, 'mean_softmax_entropy_nats': 1.9591050544473658, 'mean_max_softmax_weight': 0.3356451409603337, 'raw_cost_max_abs': 8723810304.0, 'raw_cost_std': 1347685970.08328, 'softmax_input_grad_norm': 0.02715734951198101, 'softmax_input_pixels_with_gradient': 179006, 'softmax_input_pixels_total': 262144, 'raw_cost_grad_norm': 1.6609132125200432e-10, 'epoch': 6, 'batch': 540, 'total_norm': 55.111576080322266, 'matching_path_norm': 19.842253414069585}, {'softmax_input_median_top2_gap': 0.28508448600769043, 'softmax_input_min_top2_gap': 3.0994415283203125e-06, 'fraction_pixels_gap_below_88': 1.0, 'exact_ties': 0, 'mean_softmax_entropy_nats': 1.9132286067118192, 'mean_max_softmax_weight': 0.3609693627815207, 'raw_cost_max_abs': 12154697728.0, 'raw_cost_std': 1899026979.621715, 'softmax_input_grad_norm': 0.0214072335511446, 'softmax_input_pixels_with_gradient': 172958, 'softmax_input_pixels_total': 262144, 'raw_cost_grad_norm': 7.105616789404579e-11, 'epoch': 7, 'batch': 560, 'total_norm': 55.71993637084961, 'matching_path_norm': 40.35898646054756}, {'softmax_input_median_top2_gap': 0.12918519973754883, 'softmax_input_min_top2_gap': 8.344650268554688e-07, 'fraction_pixels_gap_below_88': 1.0, 'exact_ties': 0, 'mean_softmax_entropy_nats': 2.019846233161724, 'mean_max_softmax_weight': 0.29168955846609923, 'raw_cost_max_abs': 5615559680.0, 'raw_cost_std': 1004492066.3675263, 'softmax_input_grad_norm': 0.019010795280337334, 'softmax_input_pixels_with_gradient': 183676, 'softmax_input_pixels_total': 262144, 'raw_cost_grad_norm': 1.307962627095094e-10, 'epoch': 7, 'batch': 580, 'total_norm': 53.30103302001953, 'matching_path_norm': 39.64662851157216}, {'softmax_input_median_top2_gap': 0.31612372398376465, 'softmax_input_min_top2_gap': 1.1920928955078125e-07, 'fraction_pixels_gap_below_88': 1.0, 'exact_ties': 0, 'mean_softmax_entropy_nats': 1.931377206116726, 'mean_max_softmax_weight': 0.34583118684187814, 'raw_cost_max_abs': 6000512000.0, 'raw_cost_std': 1245147864.3378186, 'softmax_input_grad_norm': 0.03692766651511192, 'softmax_input_pixels_with_gradient': 159047, 'softmax_input_pixels_total': 262144, 'raw_cost_grad_norm': 2.603197657435885e-10, 'epoch': 7, 'batch': 600, 'total_norm': 148.8037109375, 'matching_path_norm': 105.35758327905859}, {'softmax_input_median_top2_gap': 0.4026644229888916, 'softmax_input_min_top2_gap': 7.152557373046875e-07, 'fraction_pixels_gap_below_88': 1.0, 'exact_ties': 0, 'mean_softmax_entropy_nats': 1.9397772333206418, 'mean_max_softmax_weight': 0.3590548233948522, 'raw_cost_max_abs': 6212640768.0, 'raw_cost_std': 973857307.5945116, 'softmax_input_grad_norm': 0.019879329949617386, 'softmax_input_pixels_with_gradient': 189932, 'softmax_input_pixels_total': 262144, 'raw_cost_grad_norm': 2.371648433197038e-10, 'epoch': 7, 'batch': 620, 'total_norm': 28.069578170776367, 'matching_path_norm': 12.081714423773812}, {'softmax_input_median_top2_gap': 0.26556527614593506, 'softmax_input_min_top2_gap': 1.6689300537109375e-06, 'fraction_pixels_gap_below_88': 1.0, 'exact_ties': 0, 'mean_softmax_entropy_nats': 1.937021478005084, 'mean_max_softmax_weight': 0.3480369173344455, 'raw_cost_max_abs': 5871286784.0, 'raw_cost_std': 1114048809.4872103, 'softmax_input_grad_norm': 0.018816491588950157, 'softmax_input_pixels_with_gradient': 221328, 'softmax_input_pixels_total': 262144, 'raw_cost_grad_norm': 1.0145942419548248e-10, 'epoch': 8, 'batch': 640, 'total_norm': 10.519262313842773, 'matching_path_norm': 9.996572863289781}, {'softmax_input_median_top2_gap': 0.5946279764175415, 'softmax_input_min_top2_gap': 2.0265579223632812e-06, 'fraction_pixels_gap_below_88': 1.0, 'exact_ties': 0, 'mean_softmax_entropy_nats': 1.943554704088051, 'mean_max_softmax_weight': 0.3639678920182461, 'raw_cost_max_abs': 8703337472.0, 'raw_cost_std': 1505535191.777573, 'softmax_input_grad_norm': 0.026074819266796112, 'softmax_input_pixels_with_gradient': 203020, 'softmax_input_pixels_total': 262144, 'raw_cost_grad_norm': 2.998611081661551e-10, 'epoch': 8, 'batch': 660, 'total_norm': 17.778289794921875, 'matching_path_norm': 10.604882102251446}, {'softmax_input_median_top2_gap': 0.4332313537597656, 'softmax_input_min_top2_gap': 4.76837158203125e-07, 'fraction_pixels_gap_below_88': 1.0, 'exact_ties': 0, 'mean_softmax_entropy_nats': 1.884815901439386, 'mean_max_softmax_weight': 0.38461579040211846, 'raw_cost_max_abs': 8994572288.0, 'raw_cost_std': 1790080573.277812, 'softmax_input_grad_norm': 0.01968933828175068, 'softmax_input_pixels_with_gradient': 233957, 'softmax_input_pixels_total': 262144, 'raw_cost_grad_norm': 4.121724836436691e-11, 'epoch': 8, 'batch': 680, 'total_norm': 75.00315856933594, 'matching_path_norm': 40.4519309378609}, {'softmax_input_median_top2_gap': 0.8083677887916565, 'softmax_input_min_top2_gap': 5.4836273193359375e-06, 'fraction_pixels_gap_below_88': 1.0, 'exact_ties': 0, 'mean_softmax_entropy_nats': 1.9063502969987431, 'mean_max_softmax_weight': 0.39583599668427183, 'raw_cost_max_abs': 8463705088.0, 'raw_cost_std': 1056270543.5606794, 'softmax_input_grad_norm': 0.01590840518474579, 'softmax_input_pixels_with_gradient': 250673, 'softmax_input_pixels_total': 262144, 'raw_cost_grad_norm': 1.223587481335997e-10, 'epoch': 8, 'batch': 700, 'total_norm': 86.73970031738281, 'matching_path_norm': 34.64800724828044}, {'softmax_input_median_top2_gap': 0.8451387882232666, 'softmax_input_min_top2_gap': 9.5367431640625e-07, 'fraction_pixels_gap_below_88': 1.0, 'exact_ties': 0, 'mean_softmax_entropy_nats': 1.791414137167163, 'mean_max_softmax_weight': 0.44578613843745074, 'raw_cost_max_abs': 6781988352.0, 'raw_cost_std': 1190146609.656502, 'softmax_input_grad_norm': 0.024687279015779495, 'softmax_input_pixels_with_gradient': 181954, 'softmax_input_pixels_total': 262144, 'raw_cost_grad_norm': 1.0601707012281025e-10, 'epoch': 9, 'batch': 720, 'total_norm': 61.274173736572266, 'matching_path_norm': 38.87972095962953}, {'softmax_input_median_top2_gap': 0.962767481803894, 'softmax_input_min_top2_gap': 6.67572021484375e-06, 'fraction_pixels_gap_below_88': 1.0, 'exact_ties': 0, 'mean_softmax_entropy_nats': 1.737833792031663, 'mean_max_softmax_weight': 0.46853593471641064, 'raw_cost_max_abs': 12486379520.0, 'raw_cost_std': 1531978359.599277, 'softmax_input_grad_norm': 0.03368544206023216, 'softmax_input_pixels_with_gradient': 154107, 'softmax_input_pixels_total': 262144, 'raw_cost_grad_norm': 1.4319595509348915e-10, 'epoch': 9, 'batch': 740, 'total_norm': 26.992685317993164, 'matching_path_norm': 15.861302125665476}, {'softmax_input_median_top2_gap': 0.828120231628418, 'softmax_input_min_top2_gap': 5.4836273193359375e-06, 'fraction_pixels_gap_below_88': 1.0, 'exact_ties': 0, 'mean_softmax_entropy_nats': 1.737965945814636, 'mean_max_softmax_weight': 0.4608800591474599, 'raw_cost_max_abs': 14873172992.0, 'raw_cost_std': 2078223707.5859385, 'softmax_input_grad_norm': 0.03191516175866127, 'softmax_input_pixels_with_gradient': 172437, 'softmax_input_pixels_total': 262144, 'raw_cost_grad_norm': 9.841961273737709e-11, 'epoch': 9, 'batch': 760, 'total_norm': 46.93342971801758, 'matching_path_norm': 23.898249065706135}, {'softmax_input_median_top2_gap': 0.7373287677764893, 'softmax_input_min_top2_gap': 6.198883056640625e-06, 'fraction_pixels_gap_below_88': 1.0, 'exact_ties': 0, 'mean_softmax_entropy_nats': 1.8347217367254192, 'mean_max_softmax_weight': 0.4238581566745662, 'raw_cost_max_abs': 7664736256.0, 'raw_cost_std': 998363605.7626208, 'softmax_input_grad_norm': 0.02144945040345192, 'softmax_input_pixels_with_gradient': 229093, 'softmax_input_pixels_total': 262144, 'raw_cost_grad_norm': 1.5893734939265158e-10, 'epoch': 9, 'batch': 780, 'total_norm': 73.25395965576172, 'matching_path_norm': 41.0168661529281}, {'softmax_input_median_top2_gap': 1.023777961730957, 'softmax_input_min_top2_gap': 1.0848045349121094e-05, 'fraction_pixels_gap_below_88': 1.0, 'exact_ties': 0, 'mean_softmax_entropy_nats': 1.7414354080600258, 'mean_max_softmax_weight': 0.4776202830810893, 'raw_cost_max_abs': 12270484480.0, 'raw_cost_std': 988057398.2168016, 'softmax_input_grad_norm': 0.025798514485359192, 'softmax_input_pixels_with_gradient': 206297, 'softmax_input_pixels_total': 262144, 'raw_cost_grad_norm': 1.6133622215974697e-10, 'epoch': 10, 'batch': 800, 'total_norm': 19.611011505126953, 'matching_path_norm': 12.261170344558916}, {'softmax_input_median_top2_gap': 0.9830532073974609, 'softmax_input_min_top2_gap': 8.225440979003906e-06, 'fraction_pixels_gap_below_88': 1.0, 'exact_ties': 0, 'mean_softmax_entropy_nats': 1.7380281856028628, 'mean_max_softmax_weight': 0.4705878346543899, 'raw_cost_max_abs': 13117106176.0, 'raw_cost_std': 1287737588.8801684, 'softmax_input_grad_norm': 0.03465104475617409, 'softmax_input_pixels_with_gradient': 201134, 'softmax_input_pixels_total': 262144, 'raw_cost_grad_norm': 1.1773973462858578e-10, 'epoch': 10, 'batch': 820, 'total_norm': 22.473316192626953, 'matching_path_norm': 12.895486567475357}, {'softmax_input_median_top2_gap': 0.8913456201553345, 'softmax_input_min_top2_gap': 2.1457672119140625e-06, 'fraction_pixels_gap_below_88': 1.0, 'exact_ties': 0, 'mean_softmax_entropy_nats': 1.7591585083921681, 'mean_max_softmax_weight': 0.46095103957604616, 'raw_cost_max_abs': 11150363648.0, 'raw_cost_std': 1598120720.3080378, 'softmax_input_grad_norm': 0.023648031055927277, 'softmax_input_pixels_with_gradient': 231290, 'softmax_input_pixels_total': 262144, 'raw_cost_grad_norm': 6.570295002505944e-11, 'epoch': 10, 'batch': 840, 'total_norm': 64.66507720947266, 'matching_path_norm': 31.2088305929014}, {'softmax_input_median_top2_gap': 1.072843313217163, 'softmax_input_min_top2_gap': 2.7418136596679688e-06, 'fraction_pixels_gap_below_88': 1.0, 'exact_ties': 0, 'mean_softmax_entropy_nats': 1.6488962867648342, 'mean_max_softmax_weight': 0.5134236282756327, 'raw_cost_max_abs': 6143948288.0, 'raw_cost_std': 747775249.3091707, 'softmax_input_grad_norm': 0.030276643112301826, 'softmax_input_pixels_with_gradient': 181967, 'softmax_input_pixels_total': 262144, 'raw_cost_grad_norm': 1.3549467103857182e-10, 'epoch': 10, 'batch': 860, 'total_norm': 39.100582122802734, 'matching_path_norm': 21.703906787711464}, {'softmax_input_median_top2_gap': 1.478742003440857, 'softmax_input_min_top2_gap': 1.0728836059570312e-06, 'fraction_pixels_gap_below_88': 1.0, 'exact_ties': 0, 'mean_softmax_entropy_nats': 1.6432489771198933, 'mean_max_softmax_weight': 0.5214408240901127, 'raw_cost_max_abs': 13592290304.0, 'raw_cost_std': 1317377601.7623165, 'softmax_input_grad_norm': 0.029672522097826004, 'softmax_input_pixels_with_gradient': 177736, 'softmax_input_pixels_total': 262144, 'raw_cost_grad_norm': 1.8847626237494808e-10, 'epoch': 11, 'batch': 880, 'total_norm': 33.96217727661133, 'matching_path_norm': 15.204000600664564}, {'softmax_input_median_top2_gap': 1.796205759048462, 'softmax_input_min_top2_gap': 3.5762786865234375e-07, 'fraction_pixels_gap_below_88': 1.0, 'exact_ties': 0, 'mean_softmax_entropy_nats': 1.5104092171838643, 'mean_max_softmax_weight': 0.5834532316189216, 'raw_cost_max_abs': 16630605824.0, 'raw_cost_std': 1733273079.2347572, 'softmax_input_grad_norm': 0.029090402647852898, 'softmax_input_pixels_with_gradient': 168951, 'softmax_input_pixels_total': 262144, 'raw_cost_grad_norm': 2.290748979394408e-10, 'epoch': 11, 'batch': 900, 'total_norm': 30.982431411743164, 'matching_path_norm': 14.058081735464281}, {'softmax_input_median_top2_gap': 1.46174156665802, 'softmax_input_min_top2_gap': 1.8835067749023438e-05, 'fraction_pixels_gap_below_88': 1.0, 'exact_ties': 0, 'mean_softmax_entropy_nats': 1.6204722070129347, 'mean_max_softmax_weight': 0.5318811661605223, 'raw_cost_max_abs': 10519004160.0, 'raw_cost_std': 1148320145.858127, 'softmax_input_grad_norm': 0.0319136418402195, 'softmax_input_pixels_with_gradient': 160716, 'softmax_input_pixels_total': 262144, 'raw_cost_grad_norm': 1.1382963321926454e-10, 'epoch': 11, 'batch': 920, 'total_norm': 15.296152114868164, 'matching_path_norm': 14.186058974112239}, {'softmax_input_median_top2_gap': 1.0779004096984863, 'softmax_input_min_top2_gap': 5.245208740234375e-06, 'fraction_pixels_gap_below_88': 1.0, 'exact_ties': 0, 'mean_softmax_entropy_nats': 1.6512289717222175, 'mean_max_softmax_weight': 0.5077786574691288, 'raw_cost_max_abs': 10987836416.0, 'raw_cost_std': 1087100490.829617, 'softmax_input_grad_norm': 0.02906930260360241, 'softmax_input_pixels_with_gradient': 190652, 'softmax_input_pixels_total': 262144, 'raw_cost_grad_norm': 2.654597930362712e-10, 'epoch': 11, 'batch': 940, 'total_norm': 19.254962921142578, 'matching_path_norm': 12.394504306827578}, {'softmax_input_median_top2_gap': 0.7822545766830444, 'softmax_input_min_top2_gap': 1.5497207641601562e-05, 'fraction_pixels_gap_below_88': 1.0, 'exact_ties': 0, 'mean_softmax_entropy_nats': 1.7408042706795368, 'mean_max_softmax_weight': 0.4629523235180602, 'raw_cost_max_abs': 10232558592.0, 'raw_cost_std': 838947346.7438943, 'softmax_input_grad_norm': 0.026161208748817444, 'softmax_input_pixels_with_gradient': 216435, 'softmax_input_pixels_total': 262144, 'raw_cost_grad_norm': 2.1798726712596306e-10, 'epoch': 12, 'batch': 960, 'total_norm': 82.02928161621094, 'matching_path_norm': 38.371570111407316}, {'softmax_input_median_top2_gap': 0.7750576734542847, 'softmax_input_min_top2_gap': 4.887580871582031e-06, 'fraction_pixels_gap_below_88': 1.0, 'exact_ties': 0, 'mean_softmax_entropy_nats': 1.723779226516737, 'mean_max_softmax_weight': 0.4727115342032261, 'raw_cost_max_abs': 13581422592.0, 'raw_cost_std': 1411393185.287766, 'softmax_input_grad_norm': 0.02708197385072708, 'softmax_input_pixels_with_gradient': 204346, 'softmax_input_pixels_total': 262144, 'raw_cost_grad_norm': 1.005700800416065e-10, 'epoch': 12, 'batch': 980, 'total_norm': 71.16477966308594, 'matching_path_norm': 32.018382725111394}, {'softmax_input_median_top2_gap': 0.9131362438201904, 'softmax_input_min_top2_gap': 1.2636184692382812e-05, 'fraction_pixels_gap_below_88': 1.0, 'exact_ties': 0, 'mean_softmax_entropy_nats': 1.7124430998408642, 'mean_max_softmax_weight': 0.4825992904315798, 'raw_cost_max_abs': 15955724288.0, 'raw_cost_std': 1806676957.3057404, 'softmax_input_grad_norm': 0.025463826954364777, 'softmax_input_pixels_with_gradient': 214023, 'softmax_input_pixels_total': 262144, 'raw_cost_grad_norm': 5.627653898443441e-11, 'epoch': 12, 'batch': 1000, 'total_norm': 31.56755828857422, 'matching_path_norm': 15.67068511314259}, {'softmax_input_median_top2_gap': 1.4850883483886719, 'softmax_input_min_top2_gap': 8.106231689453125e-06, 'fraction_pixels_gap_below_88': 1.0, 'exact_ties': 0, 'mean_softmax_entropy_nats': 1.6151723714816126, 'mean_max_softmax_weight': 0.5334039376759252, 'raw_cost_max_abs': 12860510208.0, 'raw_cost_std': 1352382019.5653732, 'softmax_input_grad_norm': 0.02201579511165619, 'softmax_input_pixels_with_gradient': 228996, 'softmax_input_pixels_total': 262144, 'raw_cost_grad_norm': 6.307130512306358e-11, 'epoch': 12, 'batch': 1020, 'total_norm': 34.40816879272461, 'matching_path_norm': 14.650108822220295}, {'softmax_input_median_top2_gap': 1.1841259002685547, 'softmax_input_min_top2_gap': 3.5762786865234375e-06, 'fraction_pixels_gap_below_88': 1.0, 'exact_ties': 0, 'mean_softmax_entropy_nats': 1.6840395455379475, 'mean_max_softmax_weight': 0.4959931859738042, 'raw_cost_max_abs': 11145841664.0, 'raw_cost_std': 1579764650.9796436, 'softmax_input_grad_norm': 0.03314864635467529, 'softmax_input_pixels_with_gradient': 214795, 'softmax_input_pixels_total': 262144, 'raw_cost_grad_norm': 9.311468956996194e-11, 'epoch': 13, 'batch': 1040, 'total_norm': 86.16899108886719, 'matching_path_norm': 39.623864334041556}, {'softmax_input_median_top2_gap': 2.1813964247703552, 'softmax_input_min_top2_gap': 1.1920928955078125e-06, 'fraction_pixels_gap_below_88': 1.0, 'exact_ties': 0, 'mean_softmax_entropy_nats': 1.5186840016962988, 'mean_max_softmax_weight': 0.5738609881944302, 'raw_cost_max_abs': 19337568256.0, 'raw_cost_std': 1893514642.77389, 'softmax_input_grad_norm': 0.028686463832855225, 'softmax_input_pixels_with_gradient': 167178, 'softmax_input_pixels_total': 262144, 'raw_cost_grad_norm': 6.612651398674174e-11, 'epoch': 13, 'batch': 1060, 'total_norm': 56.664634704589844, 'matching_path_norm': 21.26047029096307}, {'softmax_input_median_top2_gap': 1.030737280845642, 'softmax_input_min_top2_gap': 1.6689300537109375e-06, 'fraction_pixels_gap_below_88': 1.0, 'exact_ties': 0, 'mean_softmax_entropy_nats': 1.6317647753873987, 'mean_max_softmax_weight': 0.517820231441382, 'raw_cost_max_abs': 21848430592.0, 'raw_cost_std': 2231212218.049079, 'softmax_input_grad_norm': 0.026351599022746086, 'softmax_input_pixels_with_gradient': 207481, 'softmax_input_pixels_total': 262144, 'raw_cost_grad_norm': 4.493603059096962e-11, 'epoch': 13, 'batch': 1080, 'total_norm': 19.890363693237305, 'matching_path_norm': 8.62024742457665}, {'softmax_input_median_top2_gap': 1.2073374390602112, 'softmax_input_min_top2_gap': 9.059906005859375e-06, 'fraction_pixels_gap_below_88': 1.0, 'exact_ties': 0, 'mean_softmax_entropy_nats': 1.6224453828955347, 'mean_max_softmax_weight': 0.5276558397567166, 'raw_cost_max_abs': 12139750400.0, 'raw_cost_std': 1052865718.8261498, 'softmax_input_grad_norm': 0.022244486957788467, 'softmax_input_pixels_with_gradient': 215439, 'softmax_input_pixels_total': 262144, 'raw_cost_grad_norm': 1.561197005006676e-10, 'epoch': 13, 'batch': 1100, 'total_norm': 49.59443283081055, 'matching_path_norm': 18.521606933933416}, {'softmax_input_median_top2_gap': 1.2141977548599243, 'softmax_input_min_top2_gap': 6.318092346191406e-06, 'fraction_pixels_gap_below_88': 1.0, 'exact_ties': 0, 'mean_softmax_entropy_nats': 1.5922828710681376, 'mean_max_softmax_weight': 0.53890162096189, 'raw_cost_max_abs': 19391285248.0, 'raw_cost_std': 1400103127.1934588, 'softmax_input_grad_norm': 0.02813067100942135, 'softmax_input_pixels_with_gradient': 195865, 'softmax_input_pixels_total': 262144, 'raw_cost_grad_norm': 1.2696700635306257e-10, 'epoch': 14, 'batch': 1120, 'total_norm': 97.49578094482422, 'matching_path_norm': 36.389666152413476}, {'softmax_input_median_top2_gap': 1.5903826355934143, 'softmax_input_min_top2_gap': 2.6226043701171875e-06, 'fraction_pixels_gap_below_88': 1.0, 'exact_ties': 0, 'mean_softmax_entropy_nats': 1.5490851534321548, 'mean_max_softmax_weight': 0.5542088946230971, 'raw_cost_max_abs': 24015429632.0, 'raw_cost_std': 2264437987.3262033, 'softmax_input_grad_norm': 0.0323849692940712, 'softmax_input_pixels_with_gradient': 157005, 'softmax_input_pixels_total': 262144, 'raw_cost_grad_norm': 8.159056069656501e-11, 'epoch': 14, 'batch': 1140, 'total_norm': 40.53888702392578, 'matching_path_norm': 21.404897422045458}, {'softmax_input_median_top2_gap': 1.5821614265441895, 'softmax_input_min_top2_gap': 6.67572021484375e-06, 'fraction_pixels_gap_below_88': 1.0, 'exact_ties': 0, 'mean_softmax_entropy_nats': 1.5511135822495863, 'mean_max_softmax_weight': 0.5579674613500545, 'raw_cost_max_abs': 18793318400.0, 'raw_cost_std': 2481153174.9661283, 'softmax_input_grad_norm': 0.023904258385300636, 'softmax_input_pixels_with_gradient': 224458, 'softmax_input_pixels_total': 262144, 'raw_cost_grad_norm': 4.1621508323208545e-11, 'epoch': 14, 'batch': 1160, 'total_norm': 13.438861846923828, 'matching_path_norm': 12.372043931465408}, {'softmax_input_median_top2_gap': 1.360248327255249, 'softmax_input_min_top2_gap': 4.0531158447265625e-06, 'fraction_pixels_gap_below_88': 1.0, 'exact_ties': 0, 'mean_softmax_entropy_nats': 1.6352232356181826, 'mean_max_softmax_weight': 0.5262592407053672, 'raw_cost_max_abs': 18348482560.0, 'raw_cost_std': 1974933730.051306, 'softmax_input_grad_norm': 0.023141371086239815, 'softmax_input_pixels_with_gradient': 229353, 'softmax_input_pixels_total': 262144, 'raw_cost_grad_norm': 5.298651795104803e-11, 'epoch': 14, 'batch': 1180, 'total_norm': 18.57164192199707, 'matching_path_norm': 10.24811784996149}, {'softmax_input_median_top2_gap': 1.4731570482254028, 'softmax_input_min_top2_gap': 7.62939453125e-06, 'fraction_pixels_gap_below_88': 1.0, 'exact_ties': 0, 'mean_softmax_entropy_nats': 1.538334934348428, 'mean_max_softmax_weight': 0.5605886871728827, 'raw_cost_max_abs': 19326875648.0, 'raw_cost_std': 1988773556.2865634, 'softmax_input_grad_norm': 0.02422553487122059, 'softmax_input_pixels_with_gradient': 226309, 'softmax_input_pixels_total': 262144, 'raw_cost_grad_norm': 8.124809852683157e-11, 'epoch': 15, 'batch': 1200, 'total_norm': 11.926405906677246, 'matching_path_norm': 6.728776272946913}, {'softmax_input_median_top2_gap': 1.4223285913467407, 'softmax_input_min_top2_gap': 1.6689300537109375e-06, 'fraction_pixels_gap_below_88': 1.0, 'exact_ties': 0, 'mean_softmax_entropy_nats': 1.5208319741943401, 'mean_max_softmax_weight': 0.5663171913289166, 'raw_cost_max_abs': 19699664896.0, 'raw_cost_std': 2378959843.733596, 'softmax_input_grad_norm': 0.02348746918141842, 'softmax_input_pixels_with_gradient': 223595, 'softmax_input_pixels_total': 262144, 'raw_cost_grad_norm': 4.548387361191786e-11, 'epoch': 15, 'batch': 1220, 'total_norm': 61.83191680908203, 'matching_path_norm': 26.131581758456356}, {'softmax_input_median_top2_gap': 1.0770556926727295, 'softmax_input_min_top2_gap': 4.291534423828125e-06, 'fraction_pixels_gap_below_88': 1.0, 'exact_ties': 0, 'mean_softmax_entropy_nats': 1.6188559044743716, 'mean_max_softmax_weight': 0.523252985254958, 'raw_cost_max_abs': 19494961152.0, 'raw_cost_std': 1654007082.500448, 'softmax_input_grad_norm': 0.02824702113866806, 'softmax_input_pixels_with_gradient': 175738, 'softmax_input_pixels_total': 262144, 'raw_cost_grad_norm': 1.1284737727601524e-10, 'epoch': 15, 'batch': 1240, 'total_norm': 30.46580696105957, 'matching_path_norm': 13.296745486649272}, {'softmax_input_median_top2_gap': 1.1113868951797485, 'softmax_input_min_top2_gap': 4.0531158447265625e-06, 'fraction_pixels_gap_below_88': 1.0, 'exact_ties': 0, 'mean_softmax_entropy_nats': 1.630745820368706, 'mean_max_softmax_weight': 0.524022785255774, 'raw_cost_max_abs': 23764215808.0, 'raw_cost_std': 2285530136.184442, 'softmax_input_grad_norm': 0.027140343561768532, 'softmax_input_pixels_with_gradient': 229888, 'softmax_input_pixels_total': 262144, 'raw_cost_grad_norm': 2.7925892501223792e-11, 'epoch': 15, 'batch': 1260, 'total_norm': 70.42768859863281, 'matching_path_norm': 24.71116010187374}, {'softmax_input_median_top2_gap': 1.7033731937408447, 'softmax_input_min_top2_gap': 2.8848648071289062e-05, 'fraction_pixels_gap_below_88': 1.0, 'exact_ties': 0, 'mean_softmax_entropy_nats': 1.5403710506232566, 'mean_max_softmax_weight': 0.5584828443004818, 'raw_cost_max_abs': 26642868224.0, 'raw_cost_std': 2847747747.267032, 'softmax_input_grad_norm': 0.03037441149353981, 'softmax_input_pixels_with_gradient': 184235, 'softmax_input_pixels_total': 262144, 'raw_cost_grad_norm': 9.753217677932469e-11, 'epoch': 16, 'batch': 1280, 'total_norm': 64.92839050292969, 'matching_path_norm': 32.65191770715065}, {'softmax_input_median_top2_gap': 1.382175087928772, 'softmax_input_min_top2_gap': 1.0728836059570312e-05, 'fraction_pixels_gap_below_88': 1.0, 'exact_ties': 0, 'mean_softmax_entropy_nats': 1.5968031539023166, 'mean_max_softmax_weight': 0.5356064815837622, 'raw_cost_max_abs': 20669102080.0, 'raw_cost_std': 2435310719.3686404, 'softmax_input_grad_norm': 0.025832654908299446, 'softmax_input_pixels_with_gradient': 213584, 'softmax_input_pixels_total': 262144, 'raw_cost_grad_norm': 6.071441266408684e-11, 'epoch': 16, 'batch': 1300, 'total_norm': 17.235475540161133, 'matching_path_norm': 15.582133928612631}, {'softmax_input_median_top2_gap': 0.945449709892273, 'softmax_input_min_top2_gap': 2.384185791015625e-07, 'fraction_pixels_gap_below_88': 1.0, 'exact_ties': 0, 'mean_softmax_entropy_nats': 1.6313799942919878, 'mean_max_softmax_weight': 0.5160958563211249, 'raw_cost_max_abs': 15839566848.0, 'raw_cost_std': 1461766915.179636, 'softmax_input_grad_norm': 0.030268309637904167, 'softmax_input_pixels_with_gradient': 208209, 'softmax_input_pixels_total': 262144, 'raw_cost_grad_norm': 9.852949012234546e-11, 'epoch': 16, 'batch': 1320, 'total_norm': 10.535012245178223, 'matching_path_norm': 8.9520160447861}, {'softmax_input_median_top2_gap': 2.3263874650001526, 'softmax_input_min_top2_gap': 8.702278137207031e-06, 'fraction_pixels_gap_below_88': 1.0, 'exact_ties': 0, 'mean_softmax_entropy_nats': 1.4486958556027107, 'mean_max_softmax_weight': 0.5976929380199794, 'raw_cost_max_abs': 16078949376.0, 'raw_cost_std': 1806470209.3329265, 'softmax_input_grad_norm': 0.02875586599111557, 'softmax_input_pixels_with_gradient': 183683, 'softmax_input_pixels_total': 262144, 'raw_cost_grad_norm': 9.299570835619164e-11, 'epoch': 16, 'batch': 1340, 'total_norm': 20.191940307617188, 'matching_path_norm': 11.952008597204689}, {'softmax_input_median_top2_gap': 1.592211127281189, 'softmax_input_min_top2_gap': 1.5735626220703125e-05, 'fraction_pixels_gap_below_88': 1.0, 'exact_ties': 0, 'mean_softmax_entropy_nats': 1.5122703557787878, 'mean_max_softmax_weight': 0.5778910734371431, 'raw_cost_max_abs': 20271384576.0, 'raw_cost_std': 2200943399.3085203, 'softmax_input_grad_norm': 0.025951286777853966, 'softmax_input_pixels_with_gradient': 196259, 'softmax_input_pixels_total': 262144, 'raw_cost_grad_norm': 9.092691877210513e-11, 'epoch': 17, 'batch': 1360, 'total_norm': 48.141021728515625, 'matching_path_norm': 15.828688746017148}, {'softmax_input_median_top2_gap': 1.4593958854675293, 'softmax_input_min_top2_gap': 5.7220458984375e-06, 'fraction_pixels_gap_below_88': 1.0, 'exact_ties': 0, 'mean_softmax_entropy_nats': 1.5368666760574865, 'mean_max_softmax_weight': 0.5574271004559561, 'raw_cost_max_abs': 7908125184.0, 'raw_cost_std': 938386646.5396316, 'softmax_input_grad_norm': 0.024101026356220245, 'softmax_input_pixels_with_gradient': 210527, 'softmax_input_pixels_total': 262144, 'raw_cost_grad_norm': 9.335041073477157e-11, 'epoch': 17, 'batch': 1380, 'total_norm': 58.57030487060547, 'matching_path_norm': 29.23544023709189}, {'softmax_input_median_top2_gap': 0.9477671384811401, 'softmax_input_min_top2_gap': 5.9604644775390625e-06, 'fraction_pixels_gap_below_88': 1.0, 'exact_ties': 0, 'mean_softmax_entropy_nats': 1.7605749152931862, 'mean_max_softmax_weight': 0.46261830158279826, 'raw_cost_max_abs': 15304602624.0, 'raw_cost_std': 1172875950.107679, 'softmax_input_grad_norm': 0.02883727289736271, 'softmax_input_pixels_with_gradient': 177671, 'softmax_input_pixels_total': 262144, 'raw_cost_grad_norm': 1.4537833437078262e-10, 'epoch': 17, 'batch': 1400, 'total_norm': 34.60900115966797, 'matching_path_norm': 10.240542127665499}, {'softmax_input_median_top2_gap': 0.9881860017776489, 'softmax_input_min_top2_gap': 4.172325134277344e-06, 'fraction_pixels_gap_below_88': 1.0, 'exact_ties': 0, 'mean_softmax_entropy_nats': 1.6331256202356972, 'mean_max_softmax_weight': 0.5191707914959942, 'raw_cost_max_abs': 18338738176.0, 'raw_cost_std': 2115464744.3127224, 'softmax_input_grad_norm': 0.03133179992437363, 'softmax_input_pixels_with_gradient': 205573, 'softmax_input_pixels_total': 262144, 'raw_cost_grad_norm': 4.8162650950756e-11, 'epoch': 17, 'batch': 1420, 'total_norm': 16.578981399536133, 'matching_path_norm': 6.883105395564192}, {'softmax_input_median_top2_gap': 1.6621005535125732, 'softmax_input_min_top2_gap': 1.0013580322265625e-05, 'fraction_pixels_gap_below_88': 1.0, 'exact_ties': 0, 'mean_softmax_entropy_nats': 1.4699962207705348, 'mean_max_softmax_weight': 0.5893069444971041, 'raw_cost_max_abs': 26538868736.0, 'raw_cost_std': 2287862938.416332, 'softmax_input_grad_norm': 0.02710294909775257, 'softmax_input_pixels_with_gradient': 199976, 'softmax_input_pixels_total': 262144, 'raw_cost_grad_norm': 1.3736868587077566e-10, 'epoch': 18, 'batch': 1440, 'total_norm': 58.032997131347656, 'matching_path_norm': 27.858030407181065}, {'softmax_input_median_top2_gap': 1.417637586593628, 'softmax_input_min_top2_gap': 4.887580871582031e-06, 'fraction_pixels_gap_below_88': 1.0, 'exact_ties': 0, 'mean_softmax_entropy_nats': 1.5482748189019335, 'mean_max_softmax_weight': 0.5611725936747516, 'raw_cost_max_abs': 16513397760.0, 'raw_cost_std': 1947765912.464359, 'softmax_input_grad_norm': 0.031080225482583046, 'softmax_input_pixels_with_gradient': 163165, 'softmax_input_pixels_total': 262144, 'raw_cost_grad_norm': 6.06195232899509e-11, 'epoch': 18, 'batch': 1460, 'total_norm': 16.463449478149414, 'matching_path_norm': 8.75729297331009}, {'softmax_input_median_top2_gap': 2.8440551161766052, 'softmax_input_min_top2_gap': 1.0251998901367188e-05, 'fraction_pixels_gap_below_88': 1.0, 'exact_ties': 0, 'mean_softmax_entropy_nats': 1.4114140378223214, 'mean_max_softmax_weight': 0.6199066672127909, 'raw_cost_max_abs': 18470486016.0, 'raw_cost_std': 2140179217.1246235, 'softmax_input_grad_norm': 0.027420498430728912, 'softmax_input_pixels_with_gradient': 168624, 'softmax_input_pixels_total': 262144, 'raw_cost_grad_norm': 9.113283044870357e-11, 'epoch': 18, 'batch': 1480, 'total_norm': 18.23434066772461, 'matching_path_norm': 10.142796835038249}, {'softmax_input_median_top2_gap': 2.4103077054023743, 'softmax_input_min_top2_gap': 2.5510787963867188e-05, 'fraction_pixels_gap_below_88': 1.0, 'exact_ties': 0, 'mean_softmax_entropy_nats': 1.422376803945969, 'mean_max_softmax_weight': 0.6203706460348176, 'raw_cost_max_abs': 14300232704.0, 'raw_cost_std': 1559853928.6868212, 'softmax_input_grad_norm': 0.03751986846327782, 'softmax_input_pixels_with_gradient': 177471, 'softmax_input_pixels_total': 262144, 'raw_cost_grad_norm': 1.5013611187608689e-10, 'epoch': 18, 'batch': 1500, 'total_norm': 53.90222930908203, 'matching_path_norm': 22.29486305528253}, {'softmax_input_median_top2_gap': 1.824177622795105, 'softmax_input_min_top2_gap': 1.5020370483398438e-05, 'fraction_pixels_gap_below_88': 1.0, 'exact_ties': 0, 'mean_softmax_entropy_nats': 1.526100439208623, 'mean_max_softmax_weight': 0.565537978097581, 'raw_cost_max_abs': 13954404352.0, 'raw_cost_std': 1608870360.6692095, 'softmax_input_grad_norm': 0.02550843171775341, 'softmax_input_pixels_with_gradient': 213873, 'softmax_input_pixels_total': 262144, 'raw_cost_grad_norm': 1.4962721339717433e-10, 'epoch': 19, 'batch': 1520, 'total_norm': 42.92487716674805, 'matching_path_norm': 21.41903060079833}, {'softmax_input_median_top2_gap': 3.028960421681404, 'softmax_input_min_top2_gap': 2.1457672119140625e-06, 'fraction_pixels_gap_below_88': 1.0, 'exact_ties': 0, 'mean_softmax_entropy_nats': 1.376429507992924, 'mean_max_softmax_weight': 0.632288816202091, 'raw_cost_max_abs': 14182047744.0, 'raw_cost_std': 1382108357.664283, 'softmax_input_grad_norm': 0.03178231790661812, 'softmax_input_pixels_with_gradient': 174745, 'softmax_input_pixels_total': 262144, 'raw_cost_grad_norm': 1.3735457216057512e-10, 'epoch': 19, 'batch': 1540, 'total_norm': 54.78745651245117, 'matching_path_norm': 23.7952900563406}, {'softmax_input_median_top2_gap': 1.0297132730484009, 'softmax_input_min_top2_gap': 5.0067901611328125e-06, 'fraction_pixels_gap_below_88': 1.0, 'exact_ties': 0, 'mean_softmax_entropy_nats': 1.6277220101677323, 'mean_max_softmax_weight': 0.5205820061446073, 'raw_cost_max_abs': 19304292352.0, 'raw_cost_std': 1877596579.4214983, 'softmax_input_grad_norm': 0.023778416216373444, 'softmax_input_pixels_with_gradient': 208559, 'softmax_input_pixels_total': 262144, 'raw_cost_grad_norm': 4.659284069674641e-11, 'epoch': 19, 'batch': 1560, 'total_norm': 8.648575782775879, 'matching_path_norm': 5.868538936282005}, {'softmax_input_median_top2_gap': 1.6831345558166504, 'softmax_input_min_top2_gap': 3.5762786865234375e-06, 'fraction_pixels_gap_below_88': 1.0, 'exact_ties': 0, 'mean_softmax_entropy_nats': 1.5508510278952865, 'mean_max_softmax_weight': 0.5572224923659632, 'raw_cost_max_abs': 14598084608.0, 'raw_cost_std': 1680273330.027789, 'softmax_input_grad_norm': 0.0278231929987669, 'softmax_input_pixels_with_gradient': 210567, 'softmax_input_pixels_total': 262144, 'raw_cost_grad_norm': 8.68975100210001e-11, 'epoch': 19, 'batch': 1580, 'total_norm': 49.036563873291016, 'matching_path_norm': 16.439235968173037}, {'softmax_input_median_top2_gap': 1.1604201793670654, 'softmax_input_min_top2_gap': 2.384185791015625e-06, 'fraction_pixels_gap_below_88': 1.0, 'exact_ties': 0, 'mean_softmax_entropy_nats': 1.6146249589194004, 'mean_max_softmax_weight': 0.5289031713043975, 'raw_cost_max_abs': 27412385792.0, 'raw_cost_std': 2069491269.532088, 'softmax_input_grad_norm': 0.029510753229260445, 'softmax_input_pixels_with_gradient': 219026, 'softmax_input_pixels_total': 262144, 'raw_cost_grad_norm': 5.8140565278863576e-11, 'epoch': 20, 'batch': 1600, 'total_norm': 65.71907806396484, 'matching_path_norm': 23.962370963192768}, {'softmax_input_median_top2_gap': 2.3772459030151367, 'softmax_input_min_top2_gap': 3.0994415283203125e-06, 'fraction_pixels_gap_below_88': 1.0, 'exact_ties': 0, 'mean_softmax_entropy_nats': 1.4742646910690147, 'mean_max_softmax_weight': 0.5875718328020332, 'raw_cost_max_abs': 31572932608.0, 'raw_cost_std': 2854432988.3400373, 'softmax_input_grad_norm': 0.03330459073185921, 'softmax_input_pixels_with_gradient': 158322, 'softmax_input_pixels_total': 262144, 'raw_cost_grad_norm': 6.330174578961234e-11, 'epoch': 20, 'batch': 1620, 'total_norm': 6.354804039001465, 'matching_path_norm': 5.520222469394115}, {'softmax_input_median_top2_gap': 1.0392402410507202, 'softmax_input_min_top2_gap': 1.6689300537109375e-06, 'fraction_pixels_gap_below_88': 1.0, 'exact_ties': 0, 'mean_softmax_entropy_nats': 1.5956305311199168, 'mean_max_softmax_weight': 0.5312571583993574, 'raw_cost_max_abs': 25204279296.0, 'raw_cost_std': 2490725916.9205074, 'softmax_input_grad_norm': 0.027884142473340034, 'softmax_input_pixels_with_gradient': 228348, 'softmax_input_pixels_total': 262144, 'raw_cost_grad_norm': 6.112182288076085e-11, 'epoch': 20, 'batch': 1640, 'total_norm': 87.52610778808594, 'matching_path_norm': 37.97320985089065}, {'softmax_input_median_top2_gap': 1.5681198835372925, 'softmax_input_min_top2_gap': 7.3909759521484375e-06, 'fraction_pixels_gap_below_88': 1.0, 'exact_ties': 0, 'mean_softmax_entropy_nats': 1.5335700564734518, 'mean_max_softmax_weight': 0.56259837827521, 'raw_cost_max_abs': 22386997248.0, 'raw_cost_std': 2505801324.220663, 'softmax_input_grad_norm': 0.029694920405745506, 'softmax_input_pixels_with_gradient': 191711, 'softmax_input_pixels_total': 262144, 'raw_cost_grad_norm': 6.055672630012054e-11, 'epoch': 20, 'batch': 1660, 'total_norm': 38.84260940551758, 'matching_path_norm': 18.24152274297189}, {'softmax_input_median_top2_gap': 0.8938406705856323, 'softmax_input_min_top2_gap': 5.245208740234375e-06, 'fraction_pixels_gap_below_88': 1.0, 'exact_ties': 0, 'mean_softmax_entropy_nats': 1.795889336115017, 'mean_max_softmax_weight': 0.4496412679357451, 'raw_cost_max_abs': 14675167232.0, 'raw_cost_std': 1576842116.2298694, 'softmax_input_grad_norm': 0.024105200543999672, 'softmax_input_pixels_with_gradient': 231639, 'softmax_input_pixels_total': 262144, 'raw_cost_grad_norm': 6.334136687380365e-11, 'epoch': 21, 'batch': 1680, 'total_norm': 62.213356018066406, 'matching_path_norm': 18.45480713665409}, {'softmax_input_median_top2_gap': 1.8907090425491333, 'softmax_input_min_top2_gap': 7.152557373046875e-07, 'fraction_pixels_gap_below_88': 1.0, 'exact_ties': 0, 'mean_softmax_entropy_nats': 1.493423099903394, 'mean_max_softmax_weight': 0.5775978744689907, 'raw_cost_max_abs': 19459710976.0, 'raw_cost_std': 2548463405.6200957, 'softmax_input_grad_norm': 0.021406937390565872, 'softmax_input_pixels_with_gradient': 205962, 'softmax_input_pixels_total': 262144, 'raw_cost_grad_norm': 4.8788788981068976e-11, 'epoch': 21, 'batch': 1700, 'total_norm': 20.60442543029785, 'matching_path_norm': 8.493527014728226}, {'softmax_input_median_top2_gap': 1.3616220951080322, 'softmax_input_min_top2_gap': 1.1444091796875e-05, 'fraction_pixels_gap_below_88': 1.0, 'exact_ties': 0, 'mean_softmax_entropy_nats': 1.546415231098782, 'mean_max_softmax_weight': 0.5578230748044493, 'raw_cost_max_abs': 21071859712.0, 'raw_cost_std': 2110359392.7112243, 'softmax_input_grad_norm': 0.02136322483420372, 'softmax_input_pixels_with_gradient': 254092, 'softmax_input_pixels_total': 262144, 'raw_cost_grad_norm': 5.724258220207723e-11, 'epoch': 21, 'batch': 1720, 'total_norm': 41.11222457885742, 'matching_path_norm': 18.5444387400835}, {'softmax_input_median_top2_gap': 2.502103269100189, 'softmax_input_min_top2_gap': 1.7881393432617188e-06, 'fraction_pixels_gap_below_88': 1.0, 'exact_ties': 0, 'mean_softmax_entropy_nats': 1.4299844603846523, 'mean_max_softmax_weight': 0.610288769429848, 'raw_cost_max_abs': 36549640192.0, 'raw_cost_std': 3543370039.3582153, 'softmax_input_grad_norm': 0.031209930777549744, 'softmax_input_pixels_with_gradient': 167530, 'softmax_input_pixels_total': 262144, 'raw_cost_grad_norm': 5.519327009317898e-11, 'epoch': 21, 'batch': 1740, 'total_norm': 20.776634216308594, 'matching_path_norm': 10.311943627439812}, {'softmax_input_median_top2_gap': 1.7785394191741943, 'softmax_input_min_top2_gap': 1.1920928955078125e-06, 'fraction_pixels_gap_below_88': 1.0, 'exact_ties': 0, 'mean_softmax_entropy_nats': 1.4987624411265519, 'mean_max_softmax_weight': 0.5763776580830813, 'raw_cost_max_abs': 44756549632.0, 'raw_cost_std': 4290359155.667515, 'softmax_input_grad_norm': 0.026876121759414673, 'softmax_input_pixels_with_gradient': 201316, 'softmax_input_pixels_total': 262144, 'raw_cost_grad_norm': 5.103560976604804e-11, 'epoch': 22, 'batch': 1760, 'total_norm': 11.223259925842285, 'matching_path_norm': 7.541054412262273}, {'softmax_input_median_top2_gap': 1.4312551021575928, 'softmax_input_min_top2_gap': 2.384185791015625e-06, 'fraction_pixels_gap_below_88': 1.0, 'exact_ties': 0, 'mean_softmax_entropy_nats': 1.538008169697989, 'mean_max_softmax_weight': 0.5528356291842498, 'raw_cost_max_abs': 25251471360.0, 'raw_cost_std': 2548731790.28695, 'softmax_input_grad_norm': 0.031348392367362976, 'softmax_input_pixels_with_gradient': 182893, 'softmax_input_pixels_total': 262144, 'raw_cost_grad_norm': 5.516697168528317e-11, 'epoch': 22, 'batch': 1780, 'total_norm': 48.484989166259766, 'matching_path_norm': 27.579172081186314}, {'softmax_input_median_top2_gap': 1.2352402210235596, 'softmax_input_min_top2_gap': 4.76837158203125e-07, 'fraction_pixels_gap_below_88': 1.0, 'exact_ties': 0, 'mean_softmax_entropy_nats': 1.5756367864511451, 'mean_max_softmax_weight': 0.5431002550262924, 'raw_cost_max_abs': 31786704896.0, 'raw_cost_std': 2256253968.2223773, 'softmax_input_grad_norm': 0.025440819561481476, 'softmax_input_pixels_with_gradient': 220483, 'softmax_input_pixels_total': 262144, 'raw_cost_grad_norm': 6.433972105091001e-11, 'epoch': 22, 'batch': 1800, 'total_norm': 16.66564178466797, 'matching_path_norm': 7.182847962654643}, {'softmax_input_median_top2_gap': 0.7589390277862549, 'softmax_input_min_top2_gap': 1.0609626770019531e-05, 'fraction_pixels_gap_below_88': 1.0, 'exact_ties': 0, 'mean_softmax_entropy_nats': 1.6645460479989245, 'mean_max_softmax_weight': 0.49311556183677413, 'raw_cost_max_abs': 28714921984.0, 'raw_cost_std': 2388023763.632188, 'softmax_input_grad_norm': 0.0315256342291832, 'softmax_input_pixels_with_gradient': 182571, 'softmax_input_pixels_total': 262144, 'raw_cost_grad_norm': 9.019758551165324e-11, 'epoch': 22, 'batch': 1820, 'total_norm': 23.839420318603516, 'matching_path_norm': 10.599276102966527}, {'softmax_input_median_top2_gap': 1.2486454248428345, 'softmax_input_min_top2_gap': 1.1920928955078125e-06, 'fraction_pixels_gap_below_88': 1.0, 'exact_ties': 0, 'mean_softmax_entropy_nats': 1.5329595249790768, 'mean_max_softmax_weight': 0.5579479268358896, 'raw_cost_max_abs': 37822107648.0, 'raw_cost_std': 3505774304.454706, 'softmax_input_grad_norm': 0.0253005214035511, 'softmax_input_pixels_with_gradient': 193215, 'softmax_input_pixels_total': 262144, 'raw_cost_grad_norm': 3.956566671514672e-11, 'epoch': 23, 'batch': 1840, 'total_norm': 12.518445014953613, 'matching_path_norm': 6.708745099830834}, {'softmax_input_median_top2_gap': 0.8273487091064453, 'softmax_input_min_top2_gap': 1.1920928955078125e-06, 'fraction_pixels_gap_below_88': 1.0, 'exact_ties': 0, 'mean_softmax_entropy_nats': 1.605706972584146, 'mean_max_softmax_weight': 0.5199064621629562, 'raw_cost_max_abs': 36144492544.0, 'raw_cost_std': 3651936914.103197, 'softmax_input_grad_norm': 0.029958674684166908, 'softmax_input_pixels_with_gradient': 208438, 'softmax_input_pixels_total': 262144, 'raw_cost_grad_norm': 2.7780684003220202e-11, 'epoch': 23, 'batch': 1860, 'total_norm': 31.53076934814453, 'matching_path_norm': 14.249831397536164}, {'softmax_input_median_top2_gap': 0.932565450668335, 'softmax_input_min_top2_gap': 2.1457672119140625e-06, 'fraction_pixels_gap_below_88': 1.0, 'exact_ties': 0, 'mean_softmax_entropy_nats': 1.5526922148628017, 'mean_max_softmax_weight': 0.5386526141633046, 'raw_cost_max_abs': 25428490240.0, 'raw_cost_std': 2907316470.8722925, 'softmax_input_grad_norm': 0.024326153099536896, 'softmax_input_pixels_with_gradient': 217869, 'softmax_input_pixels_total': 262144, 'raw_cost_grad_norm': 5.5066725485053425e-11, 'epoch': 23, 'batch': 1880, 'total_norm': 10.790452003479004, 'matching_path_norm': 8.437441689998433}, {'softmax_input_median_top2_gap': 0.8651797771453857, 'softmax_input_min_top2_gap': 9.298324584960938e-06, 'fraction_pixels_gap_below_88': 1.0, 'exact_ties': 0, 'mean_softmax_entropy_nats': 1.7265066382428773, 'mean_max_softmax_weight': 0.47304581409355717, 'raw_cost_max_abs': 26228144128.0, 'raw_cost_std': 2000531767.957522, 'softmax_input_grad_norm': 0.023704731836915016, 'softmax_input_pixels_with_gradient': 218849, 'softmax_input_pixels_total': 262144, 'raw_cost_grad_norm': 4.183773466559515e-11, 'epoch': 23, 'batch': 1900, 'total_norm': 25.796409606933594, 'matching_path_norm': 10.594818040412662}, {'softmax_input_median_top2_gap': 1.500161051750183, 'softmax_input_min_top2_gap': 6.079673767089844e-06, 'fraction_pixels_gap_below_88': 1.0, 'exact_ties': 0, 'mean_softmax_entropy_nats': 1.5851442040161126, 'mean_max_softmax_weight': 0.5472105518039051, 'raw_cost_max_abs': 20604454912.0, 'raw_cost_std': 2196078474.3732104, 'softmax_input_grad_norm': 0.02780938148498535, 'softmax_input_pixels_with_gradient': 229502, 'softmax_input_pixels_total': 262144, 'raw_cost_grad_norm': 3.863919253999093e-11, 'epoch': 24, 'batch': 1920, 'total_norm': 38.850746154785156, 'matching_path_norm': 16.836779643152322}, {'softmax_input_median_top2_gap': 2.553633987903595, 'softmax_input_min_top2_gap': 9.5367431640625e-07, 'fraction_pixels_gap_below_88': 1.0, 'exact_ties': 0, 'mean_softmax_entropy_nats': 1.4715385855115675, 'mean_max_softmax_weight': 0.5866740215978077, 'raw_cost_max_abs': 24990435328.0, 'raw_cost_std': 2964037422.9454417, 'softmax_input_grad_norm': 0.026823606342077255, 'softmax_input_pixels_with_gradient': 192252, 'softmax_input_pixels_total': 262144, 'raw_cost_grad_norm': 4.932818042924225e-11, 'epoch': 24, 'batch': 1940, 'total_norm': 10.670138359069824, 'matching_path_norm': 8.45324443519162}, {'softmax_input_median_top2_gap': 1.8321030139923096, 'softmax_input_min_top2_gap': 2.7418136596679688e-06, 'fraction_pixels_gap_below_88': 1.0, 'exact_ties': 0, 'mean_softmax_entropy_nats': 1.5199416031709447, 'mean_max_softmax_weight': 0.562173579704927, 'raw_cost_max_abs': 31611975680.0, 'raw_cost_std': 3587433471.130777, 'softmax_input_grad_norm': 0.03422669693827629, 'softmax_input_pixels_with_gradient': 185191, 'softmax_input_pixels_total': 262144, 'raw_cost_grad_norm': 3.9956662978291035e-11, 'epoch': 24, 'batch': 1960, 'total_norm': 27.396989822387695, 'matching_path_norm': 9.177034820137003}, {'softmax_input_median_top2_gap': 1.7354261875152588, 'softmax_input_min_top2_gap': 1.430511474609375e-06, 'fraction_pixels_gap_below_88': 1.0, 'exact_ties': 0, 'mean_softmax_entropy_nats': 1.5101568324270054, 'mean_max_softmax_weight': 0.5682698680475151, 'raw_cost_max_abs': 35917443072.0, 'raw_cost_std': 4597727159.231693, 'softmax_input_grad_norm': 0.02616966888308525, 'softmax_input_pixels_with_gradient': 235719, 'softmax_input_pixels_total': 262144, 'raw_cost_grad_norm': 6.537129865202829e-11, 'epoch': 24, 'batch': 1980, 'total_norm': 64.06623840332031, 'matching_path_norm': 27.20537555904796}, {'softmax_input_median_top2_gap': 1.822234570980072, 'softmax_input_min_top2_gap': 1.0251998901367188e-05, 'fraction_pixels_gap_below_88': 1.0, 'exact_ties': 0, 'mean_softmax_entropy_nats': 1.5005704725210625, 'mean_max_softmax_weight': 0.5763094894768639, 'raw_cost_max_abs': 55853146112.0, 'raw_cost_std': 5377048040.900638, 'softmax_input_grad_norm': 0.024785000830888748, 'softmax_input_pixels_with_gradient': 214778, 'softmax_input_pixels_total': 262144, 'raw_cost_grad_norm': 4.205335385476516e-11, 'epoch': 25, 'batch': 2000, 'total_norm': 33.77289581298828, 'matching_path_norm': 15.815965815635694}, {'softmax_input_median_top2_gap': 2.11628395318985, 'softmax_input_min_top2_gap': 3.337860107421875e-06, 'fraction_pixels_gap_below_88': 1.0, 'exact_ties': 0, 'mean_softmax_entropy_nats': 1.4929855919341777, 'mean_max_softmax_weight': 0.575475241401444, 'raw_cost_max_abs': 36517695488.0, 'raw_cost_std': 3722793734.1158814, 'softmax_input_grad_norm': 0.03448600694537163, 'softmax_input_pixels_with_gradient': 180337, 'softmax_input_pixels_total': 262144, 'raw_cost_grad_norm': 2.7044696343514474e-11, 'epoch': 25, 'batch': 2020, 'total_norm': 38.19303894042969, 'matching_path_norm': 19.23130877102121}, {'softmax_input_median_top2_gap': 2.2843881249427795, 'softmax_input_min_top2_gap': 9.894371032714844e-06, 'fraction_pixels_gap_below_88': 1.0, 'exact_ties': 0, 'mean_softmax_entropy_nats': 1.4723096021689053, 'mean_max_softmax_weight': 0.5873057562272088, 'raw_cost_max_abs': 27575001088.0, 'raw_cost_std': 3521084023.24526, 'softmax_input_grad_norm': 0.031936485320329666, 'softmax_input_pixels_with_gradient': 180410, 'softmax_input_pixels_total': 262144, 'raw_cost_grad_norm': 4.612488863076081e-11, 'epoch': 25, 'batch': 2040, 'total_norm': 11.750849723815918, 'matching_path_norm': 5.175905339770941}, {'softmax_input_median_top2_gap': 0.7583688497543335, 'softmax_input_min_top2_gap': 4.76837158203125e-07, 'fraction_pixels_gap_below_88': 1.0, 'exact_ties': 0, 'mean_softmax_entropy_nats': 1.6329920546200074, 'mean_max_softmax_weight': 0.5072111438029099, 'raw_cost_max_abs': 44768354304.0, 'raw_cost_std': 3852120000.1285033, 'softmax_input_grad_norm': 0.023919707164168358, 'softmax_input_pixels_with_gradient': 236758, 'softmax_input_pixels_total': 262144, 'raw_cost_grad_norm': 2.981864408169166e-11, 'epoch': 25, 'batch': 2060, 'total_norm': 16.945852279663086, 'matching_path_norm': 8.676524918932873}, {'softmax_input_median_top2_gap': 2.6634599566459656, 'softmax_input_min_top2_gap': 2.6464462280273438e-05, 'fraction_pixels_gap_below_88': 1.0, 'exact_ties': 0, 'mean_softmax_entropy_nats': 1.3713756441943865, 'mean_max_softmax_weight': 0.6412058825626015, 'raw_cost_max_abs': 61817815040.0, 'raw_cost_std': 7070441778.625628, 'softmax_input_grad_norm': 0.029317330569028854, 'softmax_input_pixels_with_gradient': 172288, 'softmax_input_pixels_total': 262144, 'raw_cost_grad_norm': 2.104229117338985e-11, 'epoch': 26, 'batch': 2080, 'total_norm': 8.364126205444336, 'matching_path_norm': 6.1927610436060245}, {'softmax_input_median_top2_gap': 2.717772603034973, 'softmax_input_min_top2_gap': 5.9604644775390625e-06, 'fraction_pixels_gap_below_88': 1.0, 'exact_ties': 0, 'mean_softmax_entropy_nats': 1.384326979834369, 'mean_max_softmax_weight': 0.6311180474979394, 'raw_cost_max_abs': 53212864512.0, 'raw_cost_std': 6642146401.088851, 'softmax_input_grad_norm': 0.03564043343067169, 'softmax_input_pixels_with_gradient': 173104, 'softmax_input_pixels_total': 262144, 'raw_cost_grad_norm': 3.284235036704608e-11, 'epoch': 26, 'batch': 2100, 'total_norm': 12.240633964538574, 'matching_path_norm': 6.482691087592186}, {'softmax_input_median_top2_gap': 1.2754331827163696, 'softmax_input_min_top2_gap': 1.4901161193847656e-05, 'fraction_pixels_gap_below_88': 1.0, 'exact_ties': 0, 'mean_softmax_entropy_nats': 1.5703424929231642, 'mean_max_softmax_weight': 0.5471559499758275, 'raw_cost_max_abs': 54051045376.0, 'raw_cost_std': 5701461093.247444, 'softmax_input_grad_norm': 0.025703266263008118, 'softmax_input_pixels_with_gradient': 211367, 'softmax_input_pixels_total': 262144, 'raw_cost_grad_norm': 2.0523286195506252e-11, 'epoch': 26, 'batch': 2120, 'total_norm': 25.175310134887695, 'matching_path_norm': 12.245485548330217}, {'softmax_input_median_top2_gap': 1.8059806823730469, 'softmax_input_min_top2_gap': 2.9802322387695312e-06, 'fraction_pixels_gap_below_88': 1.0, 'exact_ties': 0, 'mean_softmax_entropy_nats': 1.498578161571359, 'mean_max_softmax_weight': 0.5753065055386495, 'raw_cost_max_abs': 48246575104.0, 'raw_cost_std': 5602087988.959911, 'softmax_input_grad_norm': 0.029589861631393433, 'softmax_input_pixels_with_gradient': 201774, 'softmax_input_pixels_total': 262144, 'raw_cost_grad_norm': 3.5188425090426634e-11, 'epoch': 26, 'batch': 2140, 'total_norm': 23.922607421875, 'matching_path_norm': 10.272598534875275}, {'softmax_input_median_top2_gap': 1.5893054008483887, 'softmax_input_min_top2_gap': 2.86102294921875e-06, 'fraction_pixels_gap_below_88': 1.0, 'exact_ties': 0, 'mean_softmax_entropy_nats': 1.5217104765572516, 'mean_max_softmax_weight': 0.565744237773046, 'raw_cost_max_abs': 87297613824.0, 'raw_cost_std': 8273879334.230202, 'softmax_input_grad_norm': 0.03026827797293663, 'softmax_input_pixels_with_gradient': 206566, 'softmax_input_pixels_total': 262144, 'raw_cost_grad_norm': 4.4470725713008363e-11, 'epoch': 27, 'batch': 2160, 'total_norm': 37.01262283325195, 'matching_path_norm': 15.324624886825983}, {'softmax_input_median_top2_gap': 1.1344784498214722, 'softmax_input_min_top2_gap': 4.291534423828125e-06, 'fraction_pixels_gap_below_88': 1.0, 'exact_ties': 0, 'mean_softmax_entropy_nats': 1.5662766073761878, 'mean_max_softmax_weight': 0.5444024432047112, 'raw_cost_max_abs': 67772407808.0, 'raw_cost_std': 6899119896.194135, 'softmax_input_grad_norm': 0.025080481544137, 'softmax_input_pixels_with_gradient': 225839, 'softmax_input_pixels_total': 262144, 'raw_cost_grad_norm': 2.370975638044115e-11, 'epoch': 27, 'batch': 2180, 'total_norm': 68.5217056274414, 'matching_path_norm': 23.56483148760022}, {'softmax_input_median_top2_gap': 1.2003231048583984, 'softmax_input_min_top2_gap': 2.1457672119140625e-06, 'fraction_pixels_gap_below_88': 1.0, 'exact_ties': 0, 'mean_softmax_entropy_nats': 1.5791638676136286, 'mean_max_softmax_weight': 0.5368974658608132, 'raw_cost_max_abs': 70244450304.0, 'raw_cost_std': 6457783674.703692, 'softmax_input_grad_norm': 0.03226931765675545, 'softmax_input_pixels_with_gradient': 219800, 'softmax_input_pixels_total': 262144, 'raw_cost_grad_norm': 2.141257136878405e-11, 'epoch': 27, 'batch': 2200, 'total_norm': 84.62451171875, 'matching_path_norm': 35.95767319605653}, {'softmax_input_median_top2_gap': 2.466678261756897, 'softmax_input_min_top2_gap': 1.0013580322265625e-05, 'fraction_pixels_gap_below_88': 1.0, 'exact_ties': 0, 'mean_softmax_entropy_nats': 1.4731342484148502, 'mean_max_softmax_weight': 0.5891830376806936, 'raw_cost_max_abs': 66503303168.0, 'raw_cost_std': 8784948158.23693, 'softmax_input_grad_norm': 0.027587341144680977, 'softmax_input_pixels_with_gradient': 203547, 'softmax_input_pixels_total': 262144, 'raw_cost_grad_norm': 1.4938132328334852e-11, 'epoch': 27, 'batch': 2220, 'total_norm': 65.26376342773438, 'matching_path_norm': 22.73258252431608}, {'softmax_input_median_top2_gap': 1.0941848754882812, 'softmax_input_min_top2_gap': 2.0265579223632812e-06, 'fraction_pixels_gap_below_88': 1.0, 'exact_ties': 0, 'mean_softmax_entropy_nats': 1.5942669915444165, 'mean_max_softmax_weight': 0.5358452480593466, 'raw_cost_max_abs': 43645554688.0, 'raw_cost_std': 3735396162.5947833, 'softmax_input_grad_norm': 0.027526522055268288, 'softmax_input_pixels_with_gradient': 232609, 'softmax_input_pixels_total': 262144, 'raw_cost_grad_norm': 3.734259776400073e-11, 'epoch': 28, 'batch': 2240, 'total_norm': 9.949980735778809, 'matching_path_norm': 6.0438381870281646}, {'softmax_input_median_top2_gap': 0.6286956071853638, 'softmax_input_min_top2_gap': 2.6226043701171875e-06, 'fraction_pixels_gap_below_88': 1.0, 'exact_ties': 0, 'mean_softmax_entropy_nats': 1.643010688785468, 'mean_max_softmax_weight': 0.49728544350426035, 'raw_cost_max_abs': 46487732224.0, 'raw_cost_std': 4671606862.632538, 'softmax_input_grad_norm': 0.029029563069343567, 'softmax_input_pixels_with_gradient': 223693, 'softmax_input_pixels_total': 262144, 'raw_cost_grad_norm': 3.146374133455865e-11, 'epoch': 28, 'batch': 2260, 'total_norm': 14.214967727661133, 'matching_path_norm': 7.048935920834431}, {'softmax_input_median_top2_gap': 2.722079485654831, 'softmax_input_min_top2_gap': 1.8358230590820312e-05, 'fraction_pixels_gap_below_88': 1.0, 'exact_ties': 0, 'mean_softmax_entropy_nats': 1.3728867296207707, 'mean_max_softmax_weight': 0.6378973143108356, 'raw_cost_max_abs': 65871446016.0, 'raw_cost_std': 7327218368.279528, 'softmax_input_grad_norm': 0.030102642253041267, 'softmax_input_pixels_with_gradient': 153489, 'softmax_input_pixels_total': 262144, 'raw_cost_grad_norm': 2.0861680438688524e-11, 'epoch': 28, 'batch': 2280, 'total_norm': 5.878748893737793, 'matching_path_norm': 5.486660788551121}, {'softmax_input_median_top2_gap': 1.7742339372634888, 'softmax_input_min_top2_gap': 1.5497207641601562e-06, 'fraction_pixels_gap_below_88': 1.0, 'exact_ties': 0, 'mean_softmax_entropy_nats': 1.5085175337882122, 'mean_max_softmax_weight': 0.5721614417764833, 'raw_cost_max_abs': 49660231680.0, 'raw_cost_std': 5961660310.251708, 'softmax_input_grad_norm': 0.03118269145488739, 'softmax_input_pixels_with_gradient': 192992, 'softmax_input_pixels_total': 262144, 'raw_cost_grad_norm': 2.655886101321503e-11, 'epoch': 28, 'batch': 2300, 'total_norm': 44.419090270996094, 'matching_path_norm': 16.106274722469625}, {'softmax_input_median_top2_gap': 1.0817209482192993, 'softmax_input_min_top2_gap': 5.0067901611328125e-06, 'fraction_pixels_gap_below_88': 1.0, 'exact_ties': 0, 'mean_softmax_entropy_nats': 1.6059190248620414, 'mean_max_softmax_weight': 0.5259011918713374, 'raw_cost_max_abs': 61078937600.0, 'raw_cost_std': 6283851166.904823, 'softmax_input_grad_norm': 0.030786097049713135, 'softmax_input_pixels_with_gradient': 167571, 'softmax_input_pixels_total': 262144, 'raw_cost_grad_norm': 2.4291605185688958e-11, 'epoch': 29, 'batch': 2320, 'total_norm': 68.15906524658203, 'matching_path_norm': 19.74125635729812}, {'softmax_input_median_top2_gap': 3.0325153470039368, 'softmax_input_min_top2_gap': 1.728534698486328e-05, 'fraction_pixels_gap_below_88': 1.0, 'exact_ties': 0, 'mean_softmax_entropy_nats': 1.3286996258294521, 'mean_max_softmax_weight': 0.6611271738844485, 'raw_cost_max_abs': 40049762304.0, 'raw_cost_std': 4889133573.177341, 'softmax_input_grad_norm': 0.0352332629263401, 'softmax_input_pixels_with_gradient': 156984, 'softmax_input_pixels_total': 262144, 'raw_cost_grad_norm': 4.246363330406844e-11, 'epoch': 29, 'batch': 2340, 'total_norm': 30.385150909423828, 'matching_path_norm': 13.91920525672074}, {'softmax_input_median_top2_gap': 2.1402787566184998, 'softmax_input_min_top2_gap': 1.7881393432617188e-06, 'fraction_pixels_gap_below_88': 1.0, 'exact_ties': 0, 'mean_softmax_entropy_nats': 1.4540806103496036, 'mean_max_softmax_weight': 0.5888069579080059, 'raw_cost_max_abs': 60906516480.0, 'raw_cost_std': 7744215371.924724, 'softmax_input_grad_norm': 0.02970602735877037, 'softmax_input_pixels_with_gradient': 196186, 'softmax_input_pixels_total': 262144, 'raw_cost_grad_norm': 3.03639231813424e-11, 'epoch': 29, 'batch': 2360, 'total_norm': 16.544166564941406, 'matching_path_norm': 9.559307633760316}, {'softmax_input_median_top2_gap': 2.586573600769043, 'softmax_input_min_top2_gap': 1.33514404296875e-05, 'fraction_pixels_gap_below_88': 1.0, 'exact_ties': 0, 'mean_softmax_entropy_nats': 1.3865440399425633, 'mean_max_softmax_weight': 0.6334905761369496, 'raw_cost_max_abs': 47633293312.0, 'raw_cost_std': 4249085723.1313605, 'softmax_input_grad_norm': 0.02923804335296154, 'softmax_input_pixels_with_gradient': 165063, 'softmax_input_pixels_total': 262144, 'raw_cost_grad_norm': 2.1253589166381204e-11, 'epoch': 29, 'batch': 2380, 'total_norm': 27.63051986694336, 'matching_path_norm': 12.20418049155843}, {'softmax_input_median_top2_gap': 1.3285971879959106, 'softmax_input_min_top2_gap': 1.811981201171875e-05, 'fraction_pixels_gap_below_88': 1.0, 'exact_ties': 0, 'mean_softmax_entropy_nats': 1.5094517881842804, 'mean_max_softmax_weight': 0.5708625098349773, 'raw_cost_max_abs': 75853930496.0, 'raw_cost_std': 7307736203.066676, 'softmax_input_grad_norm': 0.026276810094714165, 'softmax_input_pixels_with_gradient': 219680, 'softmax_input_pixels_total': 262144, 'raw_cost_grad_norm': 3.0071986567570264e-11, 'epoch': 30, 'batch': 2400, 'total_norm': 19.562467575073242, 'matching_path_norm': 8.190908452643695}, {'softmax_input_median_top2_gap': 1.9484357833862305, 'softmax_input_min_top2_gap': 9.298324584960938e-06, 'fraction_pixels_gap_below_88': 1.0, 'exact_ties': 0, 'mean_softmax_entropy_nats': 1.4912943873802877, 'mean_max_softmax_weight': 0.5744421439165035, 'raw_cost_max_abs': 73441484800.0, 'raw_cost_std': 9081671504.520103, 'softmax_input_grad_norm': 0.0347384437918663, 'softmax_input_pixels_with_gradient': 190006, 'softmax_input_pixels_total': 262144, 'raw_cost_grad_norm': 1.8729127623795527e-11, 'epoch': 30, 'batch': 2420, 'total_norm': 62.85000991821289, 'matching_path_norm': 23.312428844673192}, {'softmax_input_median_top2_gap': 1.447904109954834, 'softmax_input_min_top2_gap': 3.8623809814453125e-05, 'fraction_pixels_gap_below_88': 1.0, 'exact_ties': 0, 'mean_softmax_entropy_nats': 1.5221610079008352, 'mean_max_softmax_weight': 0.5744364869571267, 'raw_cost_max_abs': 37373149184.0, 'raw_cost_std': 4469507286.934131, 'softmax_input_grad_norm': 0.032535817474126816, 'softmax_input_pixels_with_gradient': 175442, 'softmax_input_pixels_total': 262144, 'raw_cost_grad_norm': 1.8206615035043505e-11, 'epoch': 30, 'batch': 2440, 'total_norm': 17.602684020996094, 'matching_path_norm': 7.700017720472444}, {'softmax_input_median_top2_gap': 0.8399667739868164, 'softmax_input_min_top2_gap': 2.3484230041503906e-05, 'fraction_pixels_gap_below_88': 1.0, 'exact_ties': 0, 'mean_softmax_entropy_nats': 1.7066654523435314, 'mean_max_softmax_weight': 0.4851715786819849, 'raw_cost_max_abs': 50474016768.0, 'raw_cost_std': 4136371259.3366284, 'softmax_input_grad_norm': 0.026218747720122337, 'softmax_input_pixels_with_gradient': 238367, 'softmax_input_pixels_total': 262144, 'raw_cost_grad_norm': 2.5276836179699558e-11, 'epoch': 30, 'batch': 2460, 'total_norm': 15.393653869628906, 'matching_path_norm': 11.10577729946951}, {'softmax_input_median_top2_gap': 1.8250595331192017, 'softmax_input_min_top2_gap': 1.0967254638671875e-05, 'fraction_pixels_gap_below_88': 1.0, 'exact_ties': 0, 'mean_softmax_entropy_nats': 1.50143701290229, 'mean_max_softmax_weight': 0.5780746197017457, 'raw_cost_max_abs': 55214587904.0, 'raw_cost_std': 6382199172.396933, 'softmax_input_grad_norm': 0.030142148956656456, 'softmax_input_pixels_with_gradient': 203367, 'softmax_input_pixels_total': 262144, 'raw_cost_grad_norm': 2.862103436196417e-11, 'epoch': 31, 'batch': 2480, 'total_norm': 41.27391815185547, 'matching_path_norm': 14.431307591711805}, {'softmax_input_median_top2_gap': 1.760148286819458, 'softmax_input_min_top2_gap': 1.800060272216797e-05, 'fraction_pixels_gap_below_88': 1.0, 'exact_ties': 0, 'mean_softmax_entropy_nats': 1.4901999629078726, 'mean_max_softmax_weight': 0.5866069066534443, 'raw_cost_max_abs': 57118670848.0, 'raw_cost_std': 6128286319.660524, 'softmax_input_grad_norm': 0.029830751940608025, 'softmax_input_pixels_with_gradient': 200624, 'softmax_input_pixels_total': 262144, 'raw_cost_grad_norm': 2.658319224468908e-11, 'epoch': 31, 'batch': 2500, 'total_norm': 11.742539405822754, 'matching_path_norm': 5.794613054126847}, {'softmax_input_median_top2_gap': 2.6716824769973755, 'softmax_input_min_top2_gap': 4.76837158203125e-06, 'fraction_pixels_gap_below_88': 1.0, 'exact_ties': 0, 'mean_softmax_entropy_nats': 1.350427561981372, 'mean_max_softmax_weight': 0.6502954779023453, 'raw_cost_max_abs': 61593133056.0, 'raw_cost_std': 7788761293.232111, 'softmax_input_grad_norm': 0.03679665923118591, 'softmax_input_pixels_with_gradient': 159694, 'softmax_input_pixels_total': 262144, 'raw_cost_grad_norm': 3.7969467847620564e-11, 'epoch': 31, 'batch': 2520, 'total_norm': 14.850724220275879, 'matching_path_norm': 7.233019784744844}, {'softmax_input_median_top2_gap': 1.4491162300109863, 'softmax_input_min_top2_gap': 2.9802322387695312e-06, 'fraction_pixels_gap_below_88': 1.0, 'exact_ties': 0, 'mean_softmax_entropy_nats': 1.505882234822451, 'mean_max_softmax_weight': 0.5686744212062351, 'raw_cost_max_abs': 73431515136.0, 'raw_cost_std': 9318956616.725533, 'softmax_input_grad_norm': 0.02671804092824459, 'softmax_input_pixels_with_gradient': 219933, 'softmax_input_pixels_total': 262144, 'raw_cost_grad_norm': 2.5047183077608892e-11, 'epoch': 31, 'batch': 2540, 'total_norm': 20.010818481445312, 'matching_path_norm': 10.94596623478339}, {'softmax_input_median_top2_gap': 1.402945637702942, 'softmax_input_min_top2_gap': 5.7220458984375e-06, 'fraction_pixels_gap_below_88': 1.0, 'exact_ties': 0, 'mean_softmax_entropy_nats': 1.5065042457233486, 'mean_max_softmax_weight': 0.5663293615783173, 'raw_cost_max_abs': 65437143040.0, 'raw_cost_std': 6068044467.862261, 'softmax_input_grad_norm': 0.038123637437820435, 'softmax_input_pixels_with_gradient': 205623, 'softmax_input_pixels_total': 262144, 'raw_cost_grad_norm': 2.765331887089051e-11, 'epoch': 32, 'batch': 2560, 'total_norm': 56.773406982421875, 'matching_path_norm': 21.091465447985428}, {'softmax_input_median_top2_gap': 2.609532117843628, 'softmax_input_min_top2_gap': 3.8623809814453125e-05, 'fraction_pixels_gap_below_88': 1.0, 'exact_ties': 0, 'mean_softmax_entropy_nats': 1.398199793668655, 'mean_max_softmax_weight': 0.6294097775852501, 'raw_cost_max_abs': 67253886976.0, 'raw_cost_std': 7116691717.273755, 'softmax_input_grad_norm': 0.027804989367723465, 'softmax_input_pixels_with_gradient': 179363, 'softmax_input_pixels_total': 262144, 'raw_cost_grad_norm': 3.249757754564264e-11, 'epoch': 32, 'batch': 2580, 'total_norm': 33.8396110534668, 'matching_path_norm': 13.762132260324416}, {'softmax_input_median_top2_gap': 0.7989156246185303, 'softmax_input_min_top2_gap': 0.0, 'fraction_pixels_gap_below_88': 1.0, 'exact_ties': 1, 'mean_softmax_entropy_nats': 1.5727878232139068, 'mean_max_softmax_weight': 0.5327130692709647, 'raw_cost_max_abs': 62234247168.0, 'raw_cost_std': 6670836143.124773, 'softmax_input_grad_norm': 0.02757486328482628, 'softmax_input_pixels_with_gradient': 201759, 'softmax_input_pixels_total': 262144, 'raw_cost_grad_norm': 1.8053874367707223e-11, 'epoch': 32, 'batch': 2600, 'total_norm': 17.3769588470459, 'matching_path_norm': 7.110570564625466}, {'softmax_input_median_top2_gap': 2.3097594380378723, 'softmax_input_min_top2_gap': 1.4066696166992188e-05, 'fraction_pixels_gap_below_88': 1.0, 'exact_ties': 0, 'mean_softmax_entropy_nats': 1.4209105137912912, 'mean_max_softmax_weight': 0.6144374768952122, 'raw_cost_max_abs': 70445072384.0, 'raw_cost_std': 8516501066.403179, 'softmax_input_grad_norm': 0.027687231078743935, 'softmax_input_pixels_with_gradient': 155282, 'softmax_input_pixels_total': 262144, 'raw_cost_grad_norm': 1.839807819981054e-11, 'epoch': 32, 'batch': 2620, 'total_norm': 26.796855926513672, 'matching_path_norm': 11.687805541750706}, {'softmax_input_median_top2_gap': 1.2129932641983032, 'softmax_input_min_top2_gap': 1.1444091796875e-05, 'fraction_pixels_gap_below_88': 1.0, 'exact_ties': 0, 'mean_softmax_entropy_nats': 1.5394581240910135, 'mean_max_softmax_weight': 0.5595507475439349, 'raw_cost_max_abs': 79929991168.0, 'raw_cost_std': 8044918224.823989, 'softmax_input_grad_norm': 0.025649627670645714, 'softmax_input_pixels_with_gradient': 192447, 'softmax_input_pixels_total': 262144, 'raw_cost_grad_norm': 2.4461276754150774e-11, 'epoch': 33, 'batch': 2640, 'total_norm': 34.83903121948242, 'matching_path_norm': 14.707533524526799}, {'softmax_input_median_top2_gap': 2.62844055891037, 'softmax_input_min_top2_gap': 2.2649765014648438e-06, 'fraction_pixels_gap_below_88': 1.0, 'exact_ties': 0, 'mean_softmax_entropy_nats': 1.3981712126434913, 'mean_max_softmax_weight': 0.6255834411533518, 'raw_cost_max_abs': 56724606976.0, 'raw_cost_std': 6829394203.943223, 'softmax_input_grad_norm': 0.033030346035957336, 'softmax_input_pixels_with_gradient': 154741, 'softmax_input_pixels_total': 262144, 'raw_cost_grad_norm': 1.953062191140109e-11, 'epoch': 33, 'batch': 2660, 'total_norm': 26.418481826782227, 'matching_path_norm': 12.573582514957355}, {'softmax_input_median_top2_gap': 0.9082823991775513, 'softmax_input_min_top2_gap': 1.1920928955078125e-07, 'fraction_pixels_gap_below_88': 1.0, 'exact_ties': 0, 'mean_softmax_entropy_nats': 1.6558845356739371, 'mean_max_softmax_weight': 0.504374304408779, 'raw_cost_max_abs': 28014442496.0, 'raw_cost_std': 2502023157.222904, 'softmax_input_grad_norm': 0.03139325603842735, 'softmax_input_pixels_with_gradient': 224760, 'softmax_input_pixels_total': 262144, 'raw_cost_grad_norm': 4.158837510481739e-11, 'epoch': 33, 'batch': 2680, 'total_norm': 27.787643432617188, 'matching_path_norm': 11.757747400658795}, {'softmax_input_median_top2_gap': 1.8695565462112427, 'softmax_input_min_top2_gap': 2.6226043701171875e-05, 'fraction_pixels_gap_below_88': 1.0, 'exact_ties': 0, 'mean_softmax_entropy_nats': 1.4788953893143544, 'mean_max_softmax_weight': 0.5846776992920876, 'raw_cost_max_abs': 40992669696.0, 'raw_cost_std': 5021460210.692116, 'softmax_input_grad_norm': 0.0269827488809824, 'softmax_input_pixels_with_gradient': 183781, 'softmax_input_pixels_total': 262144, 'raw_cost_grad_norm': 2.7681346798091866e-11, 'epoch': 33, 'batch': 2700, 'total_norm': 20.05228614807129, 'matching_path_norm': 8.343244613102367}, {'softmax_input_median_top2_gap': 1.4989947080612183, 'softmax_input_min_top2_gap': 1.239776611328125e-05, 'fraction_pixels_gap_below_88': 1.0, 'exact_ties': 0, 'mean_softmax_entropy_nats': 1.4997773721004375, 'mean_max_softmax_weight': 0.5692584058037915, 'raw_cost_max_abs': 61212831744.0, 'raw_cost_std': 8537915104.29041, 'softmax_input_grad_norm': 0.026662277057766914, 'softmax_input_pixels_with_gradient': 200068, 'softmax_input_pixels_total': 262144, 'raw_cost_grad_norm': 1.602605374795285e-11, 'epoch': 34, 'batch': 2720, 'total_norm': 17.264192581176758, 'matching_path_norm': 7.316267650583431}, {'softmax_input_median_top2_gap': 2.4085188508033752, 'softmax_input_min_top2_gap': 2.384185791015625e-06, 'fraction_pixels_gap_below_88': 1.0, 'exact_ties': 0, 'mean_softmax_entropy_nats': 1.453245642992573, 'mean_max_softmax_weight': 0.5952734909889897, 'raw_cost_max_abs': 93138436096.0, 'raw_cost_std': 10939643182.879368, 'softmax_input_grad_norm': 0.03567904978990555, 'softmax_input_pixels_with_gradient': 198343, 'softmax_input_pixels_total': 262144, 'raw_cost_grad_norm': 2.2090669571372956e-11, 'epoch': 34, 'batch': 2740, 'total_norm': 12.351051330566406, 'matching_path_norm': 9.057552607742657}, {'softmax_input_median_top2_gap': 2.7566157281398773, 'softmax_input_min_top2_gap': 5.364418029785156e-06, 'fraction_pixels_gap_below_88': 1.0, 'exact_ties': 0, 'mean_softmax_entropy_nats': 1.3904541960660297, 'mean_max_softmax_weight': 0.6320627167217415, 'raw_cost_max_abs': 87022583808.0, 'raw_cost_std': 10641472863.038074, 'softmax_input_grad_norm': 0.028723547235131264, 'softmax_input_pixels_with_gradient': 160322, 'softmax_input_pixels_total': 262144, 'raw_cost_grad_norm': 2.389160223825737e-11, 'epoch': 34, 'batch': 2760, 'total_norm': 43.04783248901367, 'matching_path_norm': 16.794381218775616}, {'softmax_input_median_top2_gap': 0.8328778743743896, 'softmax_input_min_top2_gap': 5.960464477539062e-07, 'fraction_pixels_gap_below_88': 1.0, 'exact_ties': 0, 'mean_softmax_entropy_nats': 1.593318917368961, 'mean_max_softmax_weight': 0.5254703254787741, 'raw_cost_max_abs': 86359040000.0, 'raw_cost_std': 6205085293.555598, 'softmax_input_grad_norm': 0.0360199399292469, 'softmax_input_pixels_with_gradient': 187494, 'softmax_input_pixels_total': 262144, 'raw_cost_grad_norm': 2.327908005250734e-11, 'epoch': 34, 'batch': 2780, 'total_norm': 38.6627311706543, 'matching_path_norm': 18.320135657900007}, {'softmax_input_median_top2_gap': 1.4624462127685547, 'softmax_input_min_top2_gap': 7.319450378417969e-05, 'fraction_pixels_gap_below_88': 1.0, 'exact_ties': 0, 'mean_softmax_entropy_nats': 1.5197955120359663, 'mean_max_softmax_weight': 0.5690365919269735, 'raw_cost_max_abs': 92438929408.0, 'raw_cost_std': 7702361543.298459, 'softmax_input_grad_norm': 0.03866598382592201, 'softmax_input_pixels_with_gradient': 171295, 'softmax_input_pixels_total': 262144, 'raw_cost_grad_norm': 2.043453253830485e-11, 'epoch': 35, 'batch': 2800, 'total_norm': 16.1560115814209, 'matching_path_norm': 8.674428569810253}, {'softmax_input_median_top2_gap': 1.6089109182357788, 'softmax_input_min_top2_gap': 5.364418029785156e-06, 'fraction_pixels_gap_below_88': 1.0, 'exact_ties': 0, 'mean_softmax_entropy_nats': 1.4989141703587412, 'mean_max_softmax_weight': 0.5778195958842401, 'raw_cost_max_abs': 85666545664.0, 'raw_cost_std': 9874681522.22921, 'softmax_input_grad_norm': 0.02796553075313568, 'softmax_input_pixels_with_gradient': 198009, 'softmax_input_pixels_total': 262144, 'raw_cost_grad_norm': 1.5787631618691123e-11, 'epoch': 35, 'batch': 2820, 'total_norm': 19.514392852783203, 'matching_path_norm': 8.828793277133599}, {'softmax_input_median_top2_gap': 0.704994797706604, 'softmax_input_min_top2_gap': 6.4373016357421875e-06, 'fraction_pixels_gap_below_88': 1.0, 'exact_ties': 0, 'mean_softmax_entropy_nats': 1.674698986150365, 'mean_max_softmax_weight': 0.4871849027027212, 'raw_cost_max_abs': 100406870016.0, 'raw_cost_std': 7699654165.644618, 'softmax_input_grad_norm': 0.02589867077767849, 'softmax_input_pixels_with_gradient': 253873, 'softmax_input_pixels_total': 262144, 'raw_cost_grad_norm': 1.7148657494026054e-11, 'epoch': 35, 'batch': 2840, 'total_norm': 63.713478088378906, 'matching_path_norm': 22.7556959240276}, {'softmax_input_median_top2_gap': 1.0692452192306519, 'softmax_input_min_top2_gap': 1.2874603271484375e-05, 'fraction_pixels_gap_below_88': 1.0, 'exact_ties': 0, 'mean_softmax_entropy_nats': 1.545070465571012, 'mean_max_softmax_weight': 0.5520829309101986, 'raw_cost_max_abs': 110767923200.0, 'raw_cost_std': 10142774564.433916, 'softmax_input_grad_norm': 0.025278545916080475, 'softmax_input_pixels_with_gradient': 218779, 'softmax_input_pixels_total': 262144, 'raw_cost_grad_norm': 1.724059089935892e-11, 'epoch': 35, 'batch': 2860, 'total_norm': 7.903501033782959, 'matching_path_norm': 5.8579576139716085}, {'softmax_input_median_top2_gap': 1.1779279708862305, 'softmax_input_min_top2_gap': 1.1920928955078125e-07, 'fraction_pixels_gap_below_88': 1.0, 'exact_ties': 0, 'mean_softmax_entropy_nats': 1.581512699882227, 'mean_max_softmax_weight': 0.5392760222745898, 'raw_cost_max_abs': 109037535232.0, 'raw_cost_std': 10411132412.66302, 'softmax_input_grad_norm': 0.03540963679552078, 'softmax_input_pixels_with_gradient': 195433, 'softmax_input_pixels_total': 262144, 'raw_cost_grad_norm': 2.501889841133309e-11, 'epoch': 36, 'batch': 2880, 'total_norm': 58.921875, 'matching_path_norm': 44.76854669671415}, {'softmax_input_median_top2_gap': 1.4549649953842163, 'softmax_input_min_top2_gap': 4.887580871582031e-06, 'fraction_pixels_gap_below_88': 1.0, 'exact_ties': 0, 'mean_softmax_entropy_nats': 1.572549825990297, 'mean_max_softmax_weight': 0.5510644213842733, 'raw_cost_max_abs': 199066288128.0, 'raw_cost_std': 19402694361.45452, 'softmax_input_grad_norm': 0.03276960179209709, 'softmax_input_pixels_with_gradient': 203778, 'softmax_input_pixels_total': 262144, 'raw_cost_grad_norm': 6.079943406372967e-12, 'epoch': 36, 'batch': 2900, 'total_norm': 52.36244201660156, 'matching_path_norm': 22.20713849168951}, {'softmax_input_median_top2_gap': 1.6461788415908813, 'softmax_input_min_top2_gap': 4.172325134277344e-06, 'fraction_pixels_gap_below_88': 1.0, 'exact_ties': 0, 'mean_softmax_entropy_nats': 1.4783090393369593, 'mean_max_softmax_weight': 0.5811506444292559, 'raw_cost_max_abs': 156633825280.0, 'raw_cost_std': 15495277516.013798, 'softmax_input_grad_norm': 0.027080487459897995, 'softmax_input_pixels_with_gradient': 211763, 'softmax_input_pixels_total': 262144, 'raw_cost_grad_norm': 1.4263263313496477e-11, 'epoch': 36, 'batch': 2920, 'total_norm': 8.152425765991211, 'matching_path_norm': 6.739358353831976}, {'softmax_input_median_top2_gap': 3.0559986233711243, 'softmax_input_min_top2_gap': 2.0384788513183594e-05, 'fraction_pixels_gap_below_88': 1.0, 'exact_ties': 0, 'mean_softmax_entropy_nats': 1.290342772988709, 'mean_max_softmax_weight': 0.6810503710632055, 'raw_cost_max_abs': 140345049088.0, 'raw_cost_std': 17066466228.02878, 'softmax_input_grad_norm': 0.03188757225871086, 'softmax_input_pixels_with_gradient': 136018, 'softmax_input_pixels_total': 262144, 'raw_cost_grad_norm': 6.4510675447382315e-12, 'epoch': 36, 'batch': 2940, 'total_norm': 8.085294723510742, 'matching_path_norm': 3.6574943542382523}, {'softmax_input_median_top2_gap': 0.7135931253433228, 'softmax_input_min_top2_gap': 4.291534423828125e-06, 'fraction_pixels_gap_below_88': 1.0, 'exact_ties': 0, 'mean_softmax_entropy_nats': 1.644208866068431, 'mean_max_softmax_weight': 0.49593004874439695, 'raw_cost_max_abs': 176683253760.0, 'raw_cost_std': 17055029655.81522, 'softmax_input_grad_norm': 0.031084883958101273, 'softmax_input_pixels_with_gradient': 214785, 'softmax_input_pixels_total': 262144, 'raw_cost_grad_norm': 7.238616824001287e-12, 'epoch': 37, 'batch': 2960, 'total_norm': 7.294018745422363, 'matching_path_norm': 4.127798103515876}, {'softmax_input_median_top2_gap': 1.3077090978622437, 'softmax_input_min_top2_gap': 1.0013580322265625e-05, 'fraction_pixels_gap_below_88': 1.0, 'exact_ties': 0, 'mean_softmax_entropy_nats': 1.5023472483868319, 'mean_max_softmax_weight': 0.5770687493637674, 'raw_cost_max_abs': 184992727040.0, 'raw_cost_std': 19485178071.37617, 'softmax_input_grad_norm': 0.028220951557159424, 'softmax_input_pixels_with_gradient': 173424, 'softmax_input_pixels_total': 262144, 'raw_cost_grad_norm': 6.397775972194486e-12, 'epoch': 37, 'batch': 2980, 'total_norm': 27.98904037475586, 'matching_path_norm': 10.894369470735363}, {'softmax_input_median_top2_gap': 0.9538024663925171, 'softmax_input_min_top2_gap': 5.960464477539062e-07, 'fraction_pixels_gap_below_88': 1.0, 'exact_ties': 0, 'mean_softmax_entropy_nats': 1.6165835295843611, 'mean_max_softmax_weight': 0.5221389002044856, 'raw_cost_max_abs': 171627642880.0, 'raw_cost_std': 14230843394.659016, 'softmax_input_grad_norm': 0.0329548604786396, 'softmax_input_pixels_with_gradient': 201795, 'softmax_input_pixels_total': 262144, 'raw_cost_grad_norm': 1.1553379780648854e-11, 'epoch': 37, 'batch': 3000, 'total_norm': 25.153928756713867, 'matching_path_norm': 11.040698806871074}, {'softmax_input_median_top2_gap': 0.8587884902954102, 'softmax_input_min_top2_gap': 1.3232231140136719e-05, 'fraction_pixels_gap_below_88': 1.0, 'exact_ties': 0, 'mean_softmax_entropy_nats': 1.5846278228106927, 'mean_max_softmax_weight': 0.5330233463279941, 'raw_cost_max_abs': 147890470912.0, 'raw_cost_std': 12647471894.051092, 'softmax_input_grad_norm': 0.024514690041542053, 'softmax_input_pixels_with_gradient': 237542, 'softmax_input_pixels_total': 262144, 'raw_cost_grad_norm': 7.676943282464155e-12, 'epoch': 37, 'batch': 3020, 'total_norm': 29.162155151367188, 'matching_path_norm': 11.349569248439186}, {'softmax_input_median_top2_gap': 1.00941801071167, 'softmax_input_min_top2_gap': 4.410743713378906e-06, 'fraction_pixels_gap_below_88': 1.0, 'exact_ties': 0, 'mean_softmax_entropy_nats': 1.6194709568062247, 'mean_max_softmax_weight': 0.5221141932032826, 'raw_cost_max_abs': 183129718784.0, 'raw_cost_std': 16132272061.0305, 'softmax_input_grad_norm': 0.04083329066634178, 'softmax_input_pixels_with_gradient': 183807, 'softmax_input_pixels_total': 262144, 'raw_cost_grad_norm': 1.2127233245395885e-11, 'epoch': 38, 'batch': 3040, 'total_norm': 22.472698211669922, 'matching_path_norm': 10.84650846205915}, {'softmax_input_median_top2_gap': 1.1129096150398254, 'softmax_input_min_top2_gap': 2.8371810913085938e-05, 'fraction_pixels_gap_below_88': 1.0, 'exact_ties': 0, 'mean_softmax_entropy_nats': 1.676255724695023, 'mean_max_softmax_weight': 0.5016346110428522, 'raw_cost_max_abs': 166436061184.0, 'raw_cost_std': 12842812074.39282, 'softmax_input_grad_norm': 0.02534335106611252, 'softmax_input_pixels_with_gradient': 209238, 'softmax_input_pixels_total': 262144, 'raw_cost_grad_norm': 7.79759850438877e-12, 'epoch': 38, 'batch': 3060, 'total_norm': 15.17979621887207, 'matching_path_norm': 8.3118969224615}, {'softmax_input_median_top2_gap': 1.2067773342132568, 'softmax_input_min_top2_gap': 1.5854835510253906e-05, 'fraction_pixels_gap_below_88': 1.0, 'exact_ties': 0, 'mean_softmax_entropy_nats': 1.5672260015149937, 'mean_max_softmax_weight': 0.5469273289198007, 'raw_cost_max_abs': 135168606208.0, 'raw_cost_std': 12547933283.892067, 'softmax_input_grad_norm': 0.028035802766680717, 'softmax_input_pixels_with_gradient': 204086, 'softmax_input_pixels_total': 262144, 'raw_cost_grad_norm': 1.070278674714098e-11, 'epoch': 38, 'batch': 3080, 'total_norm': 23.685115814208984, 'matching_path_norm': 4.419813857625586}, {'softmax_input_median_top2_gap': 1.9635258316993713, 'softmax_input_min_top2_gap': 6.73532485961914e-05, 'fraction_pixels_gap_below_88': 1.0, 'exact_ties': 0, 'mean_softmax_entropy_nats': 1.4454366713813955, 'mean_max_softmax_weight': 0.6086176451531309, 'raw_cost_max_abs': 255396741120.0, 'raw_cost_std': 21484064156.14936, 'softmax_input_grad_norm': 0.0283237025141716, 'softmax_input_pixels_with_gradient': 173701, 'softmax_input_pixels_total': 262144, 'raw_cost_grad_norm': 7.977971581973886e-12, 'epoch': 38, 'batch': 3100, 'total_norm': 11.27042293548584, 'matching_path_norm': 5.819953042727113}, {'softmax_input_median_top2_gap': 0.7315675020217896, 'softmax_input_min_top2_gap': 7.867813110351562e-06, 'fraction_pixels_gap_below_88': 1.0, 'exact_ties': 0, 'mean_softmax_entropy_nats': 1.7193526461008408, 'mean_max_softmax_weight': 0.4687402482554559, 'raw_cost_max_abs': 177935908864.0, 'raw_cost_std': 13354945687.503315, 'softmax_input_grad_norm': 0.026868153363466263, 'softmax_input_pixels_with_gradient': 241016, 'softmax_input_pixels_total': 262144, 'raw_cost_grad_norm': 6.152370279899344e-12, 'epoch': 39, 'batch': 3120, 'total_norm': 6.693400859832764, 'matching_path_norm': 4.4951049167434425}, {'softmax_input_median_top2_gap': 1.6831313371658325, 'softmax_input_min_top2_gap': 9.5367431640625e-06, 'fraction_pixels_gap_below_88': 1.0, 'exact_ties': 0, 'mean_softmax_entropy_nats': 1.5100124440066063, 'mean_max_softmax_weight': 0.570777841842781, 'raw_cost_max_abs': 130884788224.0, 'raw_cost_std': 14284050484.57836, 'softmax_input_grad_norm': 0.03209705650806427, 'softmax_input_pixels_with_gradient': 198986, 'softmax_input_pixels_total': 262144, 'raw_cost_grad_norm': 1.0765667871059925e-11, 'epoch': 39, 'batch': 3140, 'total_norm': 63.67024612426758, 'matching_path_norm': 22.404526866469496}, {'softmax_input_median_top2_gap': 1.354945421218872, 'softmax_input_min_top2_gap': 1.5974044799804688e-05, 'fraction_pixels_gap_below_88': 1.0, 'exact_ties': 0, 'mean_softmax_entropy_nats': 1.5118726031569778, 'mean_max_softmax_weight': 0.5635495585304755, 'raw_cost_max_abs': 165219565568.0, 'raw_cost_std': 17922263145.695297, 'softmax_input_grad_norm': 0.023494403809309006, 'softmax_input_pixels_with_gradient': 213678, 'softmax_input_pixels_total': 262144, 'raw_cost_grad_norm': 8.568113232798602e-12, 'epoch': 39, 'batch': 3160, 'total_norm': 14.380694389343262, 'matching_path_norm': 8.16991017709502}, {'softmax_input_median_top2_gap': 1.2027968168258667, 'softmax_input_min_top2_gap': 3.5762786865234375e-07, 'fraction_pixels_gap_below_88': 1.0, 'exact_ties': 0, 'mean_softmax_entropy_nats': 1.5448737797193806, 'mean_max_softmax_weight': 0.5595731958036829, 'raw_cost_max_abs': 239067086848.0, 'raw_cost_std': 23826706619.851532, 'softmax_input_grad_norm': 0.027032550424337387, 'softmax_input_pixels_with_gradient': 191786, 'softmax_input_pixels_total': 262144, 'raw_cost_grad_norm': 1.7205733365832643e-11, 'epoch': 39, 'batch': 3180, 'total_norm': 12.855650901794434, 'matching_path_norm': 4.3753390570225}, {'softmax_input_median_top2_gap': 1.1286699771881104, 'softmax_input_min_top2_gap': 3.457069396972656e-05, 'fraction_pixels_gap_below_88': 1.0, 'exact_ties': 0, 'mean_softmax_entropy_nats': 1.5280012428698715, 'mean_max_softmax_weight': 0.5589111809601349, 'raw_cost_max_abs': 167274135552.0, 'raw_cost_std': 18392202123.51487, 'softmax_input_grad_norm': 0.02523166872560978, 'softmax_input_pixels_with_gradient': 192295, 'softmax_input_pixels_total': 262144, 'raw_cost_grad_norm': 6.250157943282764e-12, 'epoch': 40, 'batch': 3200, 'total_norm': 17.425872802734375, 'matching_path_norm': 7.2987150479051826}, {'softmax_input_median_top2_gap': 2.026777505874634, 'softmax_input_min_top2_gap': 1.3709068298339844e-05, 'fraction_pixels_gap_below_88': 1.0, 'exact_ties': 0, 'mean_softmax_entropy_nats': 1.4837947399929645, 'mean_max_softmax_weight': 0.5878867042391962, 'raw_cost_max_abs': 235472240640.0, 'raw_cost_std': 22496652626.625755, 'softmax_input_grad_norm': 0.02459387294948101, 'softmax_input_pixels_with_gradient': 199282, 'softmax_input_pixels_total': 262144, 'raw_cost_grad_norm': 9.39254056475658e-12, 'epoch': 40, 'batch': 3220, 'total_norm': 21.64146614074707, 'matching_path_norm': 8.253477893911958}, {'softmax_input_median_top2_gap': 1.5461362600326538, 'softmax_input_min_top2_gap': 1.1920928955078125e-07, 'fraction_pixels_gap_below_88': 1.0, 'exact_ties': 0, 'mean_softmax_entropy_nats': 1.5093472204976601, 'mean_max_softmax_weight': 0.568650652758345, 'raw_cost_max_abs': 180137279488.0, 'raw_cost_std': 18717236788.760693, 'softmax_input_grad_norm': 0.023362362757325172, 'softmax_input_pixels_with_gradient': 202093, 'softmax_input_pixels_total': 262144, 'raw_cost_grad_norm': 7.801903220694406e-12, 'epoch': 40, 'batch': 3240, 'total_norm': 5.481606960296631, 'matching_path_norm': 2.759165546891472}, {'softmax_input_median_top2_gap': 2.5525872707366943, 'softmax_input_min_top2_gap': 2.288818359375e-05, 'fraction_pixels_gap_below_88': 1.0, 'exact_ties': 0, 'mean_softmax_entropy_nats': 1.4762729947507232, 'mean_max_softmax_weight': 0.5837972151899988, 'raw_cost_max_abs': 216826986496.0, 'raw_cost_std': 24990649243.391174, 'softmax_input_grad_norm': 0.03548682481050491, 'softmax_input_pixels_with_gradient': 192395, 'softmax_input_pixels_total': 262144, 'raw_cost_grad_norm': 8.296614263658686e-12, 'epoch': 40, 'batch': 3260, 'total_norm': 9.382259368896484, 'matching_path_norm': 7.462108452184096}, {'softmax_input_median_top2_gap': 1.9516499638557434, 'softmax_input_min_top2_gap': 2.5272369384765625e-05, 'fraction_pixels_gap_below_88': 1.0, 'exact_ties': 0, 'mean_softmax_entropy_nats': 1.493968394723643, 'mean_max_softmax_weight': 0.582612981495967, 'raw_cost_max_abs': 109396082688.0, 'raw_cost_std': 13036964033.702364, 'softmax_input_grad_norm': 0.030124764889478683, 'softmax_input_pixels_with_gradient': 195216, 'softmax_input_pixels_total': 262144, 'raw_cost_grad_norm': 1.390042334709074e-11, 'epoch': 41, 'batch': 3280, 'total_norm': 54.16234588623047, 'matching_path_norm': 18.64586554068686}, {'softmax_input_median_top2_gap': 1.1084061861038208, 'softmax_input_min_top2_gap': 2.86102294921875e-06, 'fraction_pixels_gap_below_88': 1.0, 'exact_ties': 0, 'mean_softmax_entropy_nats': 1.6114517507152712, 'mean_max_softmax_weight': 0.5346734943269553, 'raw_cost_max_abs': 114486730752.0, 'raw_cost_std': 11496148356.634172, 'softmax_input_grad_norm': 0.02570587955415249, 'softmax_input_pixels_with_gradient': 210956, 'softmax_input_pixels_total': 262144, 'raw_cost_grad_norm': 9.817715217186329e-12, 'epoch': 41, 'batch': 3300, 'total_norm': 25.89134407043457, 'matching_path_norm': 7.671523556704438}, {'softmax_input_median_top2_gap': 1.1523363590240479, 'softmax_input_min_top2_gap': 9.298324584960938e-06, 'fraction_pixels_gap_below_88': 1.0, 'exact_ties': 0, 'mean_softmax_entropy_nats': 1.5699591151646393, 'mean_max_softmax_weight': 0.5477961325808378, 'raw_cost_max_abs': 213037875200.0, 'raw_cost_std': 20950074188.859783, 'softmax_input_grad_norm': 0.02508249692618847, 'softmax_input_pixels_with_gradient': 183552, 'softmax_input_pixels_total': 262144, 'raw_cost_grad_norm': 1.201494286007243e-11, 'epoch': 41, 'batch': 3320, 'total_norm': 21.18587875366211, 'matching_path_norm': 8.831974973499182}, {'softmax_input_median_top2_gap': 1.9517905116081238, 'softmax_input_min_top2_gap': 7.62939453125e-06, 'fraction_pixels_gap_below_88': 1.0, 'exact_ties': 0, 'mean_softmax_entropy_nats': 1.4457973107374587, 'mean_max_softmax_weight': 0.6036587117066383, 'raw_cost_max_abs': 249616596992.0, 'raw_cost_std': 25236391217.547607, 'softmax_input_grad_norm': 0.031764257699251175, 'softmax_input_pixels_with_gradient': 177358, 'softmax_input_pixels_total': 262144, 'raw_cost_grad_norm': 1.2815036358471144e-11, 'epoch': 41, 'batch': 3340, 'total_norm': 36.48588180541992, 'matching_path_norm': 12.42354246626475}, {'softmax_input_median_top2_gap': 1.103326439857483, 'softmax_input_min_top2_gap': 7.152557373046875e-07, 'fraction_pixels_gap_below_88': 1.0, 'exact_ties': 0, 'mean_softmax_entropy_nats': 1.6227721983348966, 'mean_max_softmax_weight': 0.5239568266098021, 'raw_cost_max_abs': 197814173696.0, 'raw_cost_std': 16968978710.139019, 'softmax_input_grad_norm': 0.027177534997463226, 'softmax_input_pixels_with_gradient': 256155, 'softmax_input_pixels_total': 262144, 'raw_cost_grad_norm': 1.5460899921437843e-11, 'epoch': 42, 'batch': 3360, 'total_norm': 37.89927291870117, 'matching_path_norm': 12.723354145060329}, {'softmax_input_median_top2_gap': 1.3324658870697021, 'softmax_input_min_top2_gap': 1.4185905456542969e-05, 'fraction_pixels_gap_below_88': 1.0, 'exact_ties': 0, 'mean_softmax_entropy_nats': 1.4953867043207174, 'mean_max_softmax_weight': 0.5769102872858609, 'raw_cost_max_abs': 143498870784.0, 'raw_cost_std': 17806268258.8547, 'softmax_input_grad_norm': 0.02853100746870041, 'softmax_input_pixels_with_gradient': 202803, 'softmax_input_pixels_total': 262144, 'raw_cost_grad_norm': 1.9079817586975523e-11, 'epoch': 42, 'batch': 3380, 'total_norm': 65.74942779541016, 'matching_path_norm': 21.602812359496706}, {'softmax_input_median_top2_gap': 2.0246691703796387, 'softmax_input_min_top2_gap': 1.2278556823730469e-05, 'fraction_pixels_gap_below_88': 1.0, 'exact_ties': 0, 'mean_softmax_entropy_nats': 1.4935965132867364, 'mean_max_softmax_weight': 0.5880226591824402, 'raw_cost_max_abs': 203397332992.0, 'raw_cost_std': 23511699653.437096, 'softmax_input_grad_norm': 0.023449651896953583, 'softmax_input_pixels_with_gradient': 211166, 'softmax_input_pixels_total': 262144, 'raw_cost_grad_norm': 8.255841323079327e-12, 'epoch': 42, 'batch': 3400, 'total_norm': 56.91704177856445, 'matching_path_norm': 17.351579718635325}, {'softmax_input_median_top2_gap': 0.9271765947341919, 'softmax_input_min_top2_gap': 4.0531158447265625e-06, 'fraction_pixels_gap_below_88': 1.0, 'exact_ties': 0, 'mean_softmax_entropy_nats': 1.6193195056806762, 'mean_max_softmax_weight': 0.5173579673507416, 'raw_cost_max_abs': 213744107520.0, 'raw_cost_std': 19470684163.195618, 'softmax_input_grad_norm': 0.021722909063100815, 'softmax_input_pixels_with_gradient': 228966, 'softmax_input_pixels_total': 262144, 'raw_cost_grad_norm': 6.992179838599677e-12, 'epoch': 42, 'batch': 3420, 'total_norm': 21.8461971282959, 'matching_path_norm': 7.436012757654758}, {'softmax_input_median_top2_gap': 1.480351448059082, 'softmax_input_min_top2_gap': 6.4373016357421875e-06, 'fraction_pixels_gap_below_88': 1.0, 'exact_ties': 0, 'mean_softmax_entropy_nats': 1.5474899750908413, 'mean_max_softmax_weight': 0.5588657873254219, 'raw_cost_max_abs': 140787023872.0, 'raw_cost_std': 13859720075.495003, 'softmax_input_grad_norm': 0.025745201855897903, 'softmax_input_pixels_with_gradient': 240001, 'softmax_input_pixels_total': 262144, 'raw_cost_grad_norm': 1.6614808487358523e-11, 'epoch': 43, 'batch': 3440, 'total_norm': 31.545042037963867, 'matching_path_norm': 11.3145043810302}, {'softmax_input_median_top2_gap': 1.1388707160949707, 'softmax_input_min_top2_gap': 3.0994415283203125e-06, 'fraction_pixels_gap_below_88': 1.0, 'exact_ties': 0, 'mean_softmax_entropy_nats': 1.5666768892499219, 'mean_max_softmax_weight': 0.5444663845302036, 'raw_cost_max_abs': 248465375232.0, 'raw_cost_std': 22087903188.35315, 'softmax_input_grad_norm': 0.037388626486063004, 'softmax_input_pixels_with_gradient': 165968, 'softmax_input_pixels_total': 262144, 'raw_cost_grad_norm': 7.502142136683876e-12, 'epoch': 43, 'batch': 3460, 'total_norm': 53.94194412231445, 'matching_path_norm': 19.901411617345993}, {'softmax_input_median_top2_gap': 0.8666472434997559, 'softmax_input_min_top2_gap': 3.0994415283203125e-06, 'fraction_pixels_gap_below_88': 1.0, 'exact_ties': 0, 'mean_softmax_entropy_nats': 1.6076882982549516, 'mean_max_softmax_weight': 0.5228216280306723, 'raw_cost_max_abs': 213307064320.0, 'raw_cost_std': 21080356371.43478, 'softmax_input_grad_norm': 0.027607344090938568, 'softmax_input_pixels_with_gradient': 231510, 'softmax_input_pixels_total': 262144, 'raw_cost_grad_norm': 6.9000660220253085e-12, 'epoch': 43, 'batch': 3480, 'total_norm': 49.65353012084961, 'matching_path_norm': 16.84878607525293}, {'softmax_input_median_top2_gap': 1.0157356262207031, 'softmax_input_min_top2_gap': 9.5367431640625e-07, 'fraction_pixels_gap_below_88': 1.0, 'exact_ties': 0, 'mean_softmax_entropy_nats': 1.5817811363279037, 'mean_max_softmax_weight': 0.5396780089222786, 'raw_cost_max_abs': 125896720384.0, 'raw_cost_std': 13726502779.022678, 'softmax_input_grad_norm': 0.025510696694254875, 'softmax_input_pixels_with_gradient': 203799, 'softmax_input_pixels_total': 262144, 'raw_cost_grad_norm': 1.0559589661007784e-11, 'epoch': 43, 'batch': 3500, 'total_norm': 8.443303108215332, 'matching_path_norm': 6.096363474693972}, {'softmax_input_median_top2_gap': 2.408574342727661, 'softmax_input_min_top2_gap': 4.5299530029296875e-06, 'fraction_pixels_gap_below_88': 1.0, 'exact_ties': 0, 'mean_softmax_entropy_nats': 1.4511754906881729, 'mean_max_softmax_weight': 0.6019679269595228, 'raw_cost_max_abs': 138119233536.0, 'raw_cost_std': 16729257640.246931, 'softmax_input_grad_norm': 0.02659628354012966, 'softmax_input_pixels_with_gradient': 192752, 'softmax_input_pixels_total': 262144, 'raw_cost_grad_norm': 1.4665159711602094e-11, 'epoch': 44, 'batch': 3520, 'total_norm': 24.483657836914062, 'matching_path_norm': 7.291358959122594}, {'softmax_input_median_top2_gap': 1.279392957687378, 'softmax_input_min_top2_gap': 1.4543533325195312e-05, 'fraction_pixels_gap_below_88': 1.0, 'exact_ties': 0, 'mean_softmax_entropy_nats': 1.5335605981479428, 'mean_max_softmax_weight': 0.5591405590821268, 'raw_cost_max_abs': 226617540608.0, 'raw_cost_std': 21288282873.40785, 'softmax_input_grad_norm': 0.030488429591059685, 'softmax_input_pixels_with_gradient': 186608, 'softmax_input_pixels_total': 262144, 'raw_cost_grad_norm': 7.676812310841719e-12, 'epoch': 44, 'batch': 3540, 'total_norm': 11.177099227905273, 'matching_path_norm': 5.258978560557182}, {'softmax_input_median_top2_gap': 1.635715126991272, 'softmax_input_min_top2_gap': 7.152557373046875e-07, 'fraction_pixels_gap_below_88': 1.0, 'exact_ties': 0, 'mean_softmax_entropy_nats': 1.4974572254494736, 'mean_max_softmax_weight': 0.5857392288537118, 'raw_cost_max_abs': 337708974080.0, 'raw_cost_std': 35175835155.933044, 'softmax_input_grad_norm': 0.030163254588842392, 'softmax_input_pixels_with_gradient': 188171, 'softmax_input_pixels_total': 262144, 'raw_cost_grad_norm': 6.0810627366958414e-12, 'epoch': 44, 'batch': 3560, 'total_norm': 50.678672790527344, 'matching_path_norm': 15.847636073852243}, {'softmax_input_median_top2_gap': 0.8590372800827026, 'softmax_input_min_top2_gap': 2.384185791015625e-06, 'fraction_pixels_gap_below_88': 1.0, 'exact_ties': 0, 'mean_softmax_entropy_nats': 1.6259106188077959, 'mean_max_softmax_weight': 0.5149442419722146, 'raw_cost_max_abs': 250937245696.0, 'raw_cost_std': 20017079663.474335, 'softmax_input_grad_norm': 0.02973029948771, 'softmax_input_pixels_with_gradient': 207378, 'softmax_input_pixels_total': 262144, 'raw_cost_grad_norm': 8.123854887409632e-12, 'epoch': 44, 'batch': 3580, 'total_norm': 34.998558044433594, 'matching_path_norm': 9.931781173991705}, {'softmax_input_median_top2_gap': 0.9820092916488647, 'softmax_input_min_top2_gap': 5.0067901611328125e-06, 'fraction_pixels_gap_below_88': 1.0, 'exact_ties': 0, 'mean_softmax_entropy_nats': 1.5945550853476043, 'mean_max_softmax_weight': 0.5309600212737112, 'raw_cost_max_abs': 273840226304.0, 'raw_cost_std': 27449416311.125874, 'softmax_input_grad_norm': 0.03150375187397003, 'softmax_input_pixels_with_gradient': 209066, 'softmax_input_pixels_total': 262144, 'raw_cost_grad_norm': 7.470578843038478e-12, 'epoch': 45, 'batch': 3600, 'total_norm': 31.068531036376953, 'matching_path_norm': 9.806328066488106}, {'softmax_input_median_top2_gap': 0.9996267557144165, 'softmax_input_min_top2_gap': 5.4836273193359375e-06, 'fraction_pixels_gap_below_88': 1.0, 'exact_ties': 0, 'mean_softmax_entropy_nats': 1.603990463490229, 'mean_max_softmax_weight': 0.5292414129400138, 'raw_cost_max_abs': 381486956544.0, 'raw_cost_std': 39564101368.766945, 'softmax_input_grad_norm': 0.031678441911935806, 'softmax_input_pixels_with_gradient': 227092, 'softmax_input_pixels_total': 262144, 'raw_cost_grad_norm': 4.949008217125517e-12, 'epoch': 45, 'batch': 3620, 'total_norm': 14.00917911529541, 'matching_path_norm': 5.881452969542393}, {'softmax_input_median_top2_gap': 0.7505971193313599, 'softmax_input_min_top2_gap': 3.5762786865234375e-07, 'fraction_pixels_gap_below_88': 1.0, 'exact_ties': 0, 'mean_softmax_entropy_nats': 1.59054457524274, 'mean_max_softmax_weight': 0.5232298414853318, 'raw_cost_max_abs': 367567044608.0, 'raw_cost_std': 40957660325.07638, 'softmax_input_grad_norm': 0.03563103452324867, 'softmax_input_pixels_with_gradient': 220826, 'softmax_input_pixels_total': 262144, 'raw_cost_grad_norm': 5.823369130658618e-12, 'epoch': 45, 'batch': 3640, 'total_norm': 31.692943572998047, 'matching_path_norm': 11.707185070441009}, {'softmax_input_median_top2_gap': 1.1190626621246338, 'softmax_input_min_top2_gap': 1.9311904907226562e-05, 'fraction_pixels_gap_below_88': 1.0, 'exact_ties': 0, 'mean_softmax_entropy_nats': 1.5398420328161935, 'mean_max_softmax_weight': 0.5610881326330254, 'raw_cost_max_abs': 263120011264.0, 'raw_cost_std': 29268592024.98609, 'softmax_input_grad_norm': 0.026496801525354385, 'softmax_input_pixels_with_gradient': 193727, 'softmax_input_pixels_total': 262144, 'raw_cost_grad_norm': 4.098333217933403e-12, 'epoch': 45, 'batch': 3660, 'total_norm': 13.6015043258667, 'matching_path_norm': 5.019328193379224}, {'softmax_input_median_top2_gap': 1.0706570148468018, 'softmax_input_min_top2_gap': 8.344650268554688e-06, 'fraction_pixels_gap_below_88': 1.0, 'exact_ties': 0, 'mean_softmax_entropy_nats': 1.5624377537415417, 'mean_max_softmax_weight': 0.5503401289764523, 'raw_cost_max_abs': 286371741696.0, 'raw_cost_std': 30853101844.330166, 'softmax_input_grad_norm': 0.0325578898191452, 'softmax_input_pixels_with_gradient': 214816, 'softmax_input_pixels_total': 262144, 'raw_cost_grad_norm': 4.2502832850455086e-12, 'epoch': 46, 'batch': 3680, 'total_norm': 18.008548736572266, 'matching_path_norm': 7.122314583079812}, {'softmax_input_median_top2_gap': 0.9112915992736816, 'softmax_input_min_top2_gap': 4.0531158447265625e-06, 'fraction_pixels_gap_below_88': 1.0, 'exact_ties': 0, 'mean_softmax_entropy_nats': 1.639598812132591, 'mean_max_softmax_weight': 0.5122593371916688, 'raw_cost_max_abs': 355309912064.0, 'raw_cost_std': 33101455595.357265, 'softmax_input_grad_norm': 0.023243261501193047, 'softmax_input_pixels_with_gradient': 228373, 'softmax_input_pixels_total': 262144, 'raw_cost_grad_norm': 4.192942000547095e-12, 'epoch': 46, 'batch': 3700, 'total_norm': 19.009641647338867, 'matching_path_norm': 8.710275987522206}, {'softmax_input_median_top2_gap': 1.7682040929794312, 'softmax_input_min_top2_gap': 7.152557373046875e-07, 'fraction_pixels_gap_below_88': 1.0, 'exact_ties': 0, 'mean_softmax_entropy_nats': 1.4891801788370331, 'mean_max_softmax_weight': 0.5830510475125584, 'raw_cost_max_abs': 211733102592.0, 'raw_cost_std': 23649940407.344856, 'softmax_input_grad_norm': 0.03275669738650322, 'softmax_input_pixels_with_gradient': 183597, 'softmax_input_pixels_total': 262144, 'raw_cost_grad_norm': 4.809422391588436e-12, 'epoch': 46, 'batch': 3720, 'total_norm': 54.64004135131836, 'matching_path_norm': 17.07943761322625}, {'softmax_input_median_top2_gap': 0.8797752857208252, 'softmax_input_min_top2_gap': 5.125999450683594e-06, 'fraction_pixels_gap_below_88': 1.0, 'exact_ties': 0, 'mean_softmax_entropy_nats': 1.5839684310862234, 'mean_max_softmax_weight': 0.5339914344428152, 'raw_cost_max_abs': 177076781056.0, 'raw_cost_std': 22556456062.655315, 'softmax_input_grad_norm': 0.03421430662274361, 'softmax_input_pixels_with_gradient': 198966, 'softmax_input_pixels_total': 262144, 'raw_cost_grad_norm': 6.261629235948529e-12, 'epoch': 46, 'batch': 3740, 'total_norm': 21.173770904541016, 'matching_path_norm': 14.391062101261989}, {'softmax_input_median_top2_gap': 2.5523524284362793, 'softmax_input_min_top2_gap': 1.5497207641601562e-06, 'fraction_pixels_gap_below_88': 1.0, 'exact_ties': 0, 'mean_softmax_entropy_nats': 1.380041529811895, 'mean_max_softmax_weight': 0.6387666356508968, 'raw_cost_max_abs': 243154583552.0, 'raw_cost_std': 33203920337.230362, 'softmax_input_grad_norm': 0.02804417908191681, 'softmax_input_pixels_with_gradient': 162333, 'softmax_input_pixels_total': 262144, 'raw_cost_grad_norm': 6.905515222144221e-12, 'epoch': 47, 'batch': 3760, 'total_norm': 29.015064239501953, 'matching_path_norm': 9.65336318143239}, {'softmax_input_median_top2_gap': 1.1009665727615356, 'softmax_input_min_top2_gap': 8.702278137207031e-06, 'fraction_pixels_gap_below_88': 1.0, 'exact_ties': 0, 'mean_softmax_entropy_nats': 1.6109620567269527, 'mean_max_softmax_weight': 0.5272614080417415, 'raw_cost_max_abs': 311234985984.0, 'raw_cost_std': 33037555757.768955, 'softmax_input_grad_norm': 0.02749423123896122, 'softmax_input_pixels_with_gradient': 199671, 'softmax_input_pixels_total': 262144, 'raw_cost_grad_norm': 7.41282989852321e-12, 'epoch': 47, 'batch': 3780, 'total_norm': 37.75836944580078, 'matching_path_norm': 12.388033810961641}, {'softmax_input_median_top2_gap': 0.8436697721481323, 'softmax_input_min_top2_gap': 2.9802322387695312e-06, 'fraction_pixels_gap_below_88': 1.0, 'exact_ties': 0, 'mean_softmax_entropy_nats': 1.7412328877162349, 'mean_max_softmax_weight': 0.4674660138635375, 'raw_cost_max_abs': 148796555264.0, 'raw_cost_std': 18550888952.015488, 'softmax_input_grad_norm': 0.02493954263627529, 'softmax_input_pixels_with_gradient': 217775, 'softmax_input_pixels_total': 262144, 'raw_cost_grad_norm': 3.694986157321001e-12, 'epoch': 47, 'batch': 3800, 'total_norm': 9.918652534484863, 'matching_path_norm': 5.083657616334064}, {'softmax_input_median_top2_gap': 1.0249583721160889, 'softmax_input_min_top2_gap': 2.384185791015625e-06, 'fraction_pixels_gap_below_88': 1.0, 'exact_ties': 0, 'mean_softmax_entropy_nats': 1.6133581475083938, 'mean_max_softmax_weight': 0.5270344823746462, 'raw_cost_max_abs': 254273110016.0, 'raw_cost_std': 25645750127.65025, 'softmax_input_grad_norm': 0.02774638496339321, 'softmax_input_pixels_with_gradient': 192332, 'softmax_input_pixels_total': 262144, 'raw_cost_grad_norm': 4.1003919010185186e-12, 'epoch': 47, 'batch': 3820, 'total_norm': 24.14215087890625, 'matching_path_norm': 7.713368629111875}, {'softmax_input_median_top2_gap': 2.2170506715774536, 'softmax_input_min_top2_gap': 1.6450881958007812e-05, 'fraction_pixels_gap_below_88': 1.0, 'exact_ties': 0, 'mean_softmax_entropy_nats': 1.4468082413986785, 'mean_max_softmax_weight': 0.6104033416921266, 'raw_cost_max_abs': 276510507008.0, 'raw_cost_std': 35728631038.74607, 'softmax_input_grad_norm': 0.03107798844575882, 'softmax_input_pixels_with_gradient': 168343, 'softmax_input_pixels_total': 262144, 'raw_cost_grad_norm': 6.3825498705649686e-12, 'epoch': 48, 'batch': 3840, 'total_norm': 8.496665954589844, 'matching_path_norm': 6.556048146071295}, {'softmax_input_median_top2_gap': 1.2241168022155762, 'softmax_input_min_top2_gap': 4.291534423828125e-06, 'fraction_pixels_gap_below_88': 1.0, 'exact_ties': 0, 'mean_softmax_entropy_nats': 1.5509313659666009, 'mean_max_softmax_weight': 0.5567055163350761, 'raw_cost_max_abs': 260179476480.0, 'raw_cost_std': 25536433749.681038, 'softmax_input_grad_norm': 0.028010759502649307, 'softmax_input_pixels_with_gradient': 204386, 'softmax_input_pixels_total': 262144, 'raw_cost_grad_norm': 6.729768652069534e-12, 'epoch': 48, 'batch': 3860, 'total_norm': 68.33422088623047, 'matching_path_norm': 18.773370214814722}, {'softmax_input_median_top2_gap': 0.947557806968689, 'softmax_input_min_top2_gap': 5.7220458984375e-06, 'fraction_pixels_gap_below_88': 1.0, 'exact_ties': 0, 'mean_softmax_entropy_nats': 1.6325402717984594, 'mean_max_softmax_weight': 0.5172961203543285, 'raw_cost_max_abs': 279831609344.0, 'raw_cost_std': 28227584800.06277, 'softmax_input_grad_norm': 0.025817276909947395, 'softmax_input_pixels_with_gradient': 210270, 'softmax_input_pixels_total': 262144, 'raw_cost_grad_norm': 3.4734754135457013e-12, 'epoch': 48, 'batch': 3880, 'total_norm': 43.466285705566406, 'matching_path_norm': 11.081805541707112}, {'softmax_input_median_top2_gap': 1.6024131774902344, 'softmax_input_min_top2_gap': 5.602836608886719e-06, 'fraction_pixels_gap_below_88': 1.0, 'exact_ties': 0, 'mean_softmax_entropy_nats': 1.5004474086822237, 'mean_max_softmax_weight': 0.5739659698531139, 'raw_cost_max_abs': 584813772800.0, 'raw_cost_std': 51406381179.69941, 'softmax_input_grad_norm': 0.03871988132596016, 'softmax_input_pixels_with_gradient': 176062, 'softmax_input_pixels_total': 262144, 'raw_cost_grad_norm': 3.189599409245125e-12, 'epoch': 48, 'batch': 3900, 'total_norm': 47.54896545410156, 'matching_path_norm': 15.305507168600654}, {'softmax_input_median_top2_gap': 1.1694399118423462, 'softmax_input_min_top2_gap': 8.106231689453125e-06, 'fraction_pixels_gap_below_88': 1.0, 'exact_ties': 0, 'mean_softmax_entropy_nats': 1.5498994807792097, 'mean_max_softmax_weight': 0.5495396561334573, 'raw_cost_max_abs': 395388846080.0, 'raw_cost_std': 41180664076.81176, 'softmax_input_grad_norm': 0.04260963946580887, 'softmax_input_pixels_with_gradient': 196301, 'softmax_input_pixels_total': 262144, 'raw_cost_grad_norm': 4.017113464788169e-12, 'epoch': 49, 'batch': 3920, 'total_norm': 93.29681396484375, 'matching_path_norm': 50.53140547604903}, {'softmax_input_median_top2_gap': 0.7344030141830444, 'softmax_input_min_top2_gap': 2.1457672119140625e-06, 'fraction_pixels_gap_below_88': 1.0, 'exact_ties': 0, 'mean_softmax_entropy_nats': 1.6726447914015787, 'mean_max_softmax_weight': 0.49234344935572516, 'raw_cost_max_abs': 236725616640.0, 'raw_cost_std': 22898602300.39, 'softmax_input_grad_norm': 0.02787596359848976, 'softmax_input_pixels_with_gradient': 250281, 'softmax_input_pixels_total': 262144, 'raw_cost_grad_norm': 4.565092661529269e-12, 'epoch': 49, 'batch': 3940, 'total_norm': 71.4100341796875, 'matching_path_norm': 22.835763011506916}, {'softmax_input_median_top2_gap': 1.0629281997680664, 'softmax_input_min_top2_gap': 4.76837158203125e-07, 'fraction_pixels_gap_below_88': 1.0, 'exact_ties': 0, 'mean_softmax_entropy_nats': 1.5259287393855214, 'mean_max_softmax_weight': 0.5570087319925693, 'raw_cost_max_abs': 428084789248.0, 'raw_cost_std': 35630665278.29035, 'softmax_input_grad_norm': 0.028137415647506714, 'softmax_input_pixels_with_gradient': 186782, 'softmax_input_pixels_total': 262144, 'raw_cost_grad_norm': 4.406567558762342e-12, 'epoch': 49, 'batch': 3960, 'total_norm': 22.795320510864258, 'matching_path_norm': 6.8720882794665386}, {'softmax_input_median_top2_gap': 0.9524856805801392, 'softmax_input_min_top2_gap': 4.0531158447265625e-06, 'fraction_pixels_gap_below_88': 1.0, 'exact_ties': 0, 'mean_softmax_entropy_nats': 1.631068377376001, 'mean_max_softmax_weight': 0.5196945117203343, 'raw_cost_max_abs': 192664305664.0, 'raw_cost_std': 20945203062.34428, 'softmax_input_grad_norm': 0.020037584006786346, 'softmax_input_pixels_with_gradient': 252901, 'softmax_input_pixels_total': 262144, 'raw_cost_grad_norm': 3.7375714502518864e-12, 'epoch': 49, 'batch': 3980, 'total_norm': 10.95015811920166, 'matching_path_norm': 5.360334136656925}, {'softmax_input_median_top2_gap': 1.0991922616958618, 'softmax_input_min_top2_gap': 4.76837158203125e-06, 'fraction_pixels_gap_below_88': 1.0, 'exact_ties': 0, 'mean_softmax_entropy_nats': 1.5661539117220702, 'mean_max_softmax_weight': 0.5478772367404741, 'raw_cost_max_abs': 335566766080.0, 'raw_cost_std': 33751483457.37227, 'softmax_input_grad_norm': 0.02601557970046997, 'softmax_input_pixels_with_gradient': 230861, 'softmax_input_pixels_total': 262144, 'raw_cost_grad_norm': 6.84130399900007e-12, 'epoch': 50, 'batch': 4000, 'total_norm': 25.423439025878906, 'matching_path_norm': 15.047283824782518}, {'softmax_input_median_top2_gap': 0.9957032203674316, 'softmax_input_min_top2_gap': 6.198883056640625e-06, 'fraction_pixels_gap_below_88': 1.0, 'exact_ties': 0, 'mean_softmax_entropy_nats': 1.7095588230490169, 'mean_max_softmax_weight': 0.48711687844080476, 'raw_cost_max_abs': 403788595200.0, 'raw_cost_std': 29779340611.082436, 'softmax_input_grad_norm': 0.03578512743115425, 'softmax_input_pixels_with_gradient': 179385, 'softmax_input_pixels_total': 262144, 'raw_cost_grad_norm': 3.999766230028401e-12, 'epoch': 50, 'batch': 4020, 'total_norm': 62.48264694213867, 'matching_path_norm': 21.2036642500877}, {'softmax_input_median_top2_gap': 1.5353020429611206, 'softmax_input_min_top2_gap': 1.1444091796875e-05, 'fraction_pixels_gap_below_88': 1.0, 'exact_ties': 0, 'mean_softmax_entropy_nats': 1.5250760791472064, 'mean_max_softmax_weight': 0.5733630305900979, 'raw_cost_max_abs': 317518938112.0, 'raw_cost_std': 39656016178.88993, 'softmax_input_grad_norm': 0.04547881335020065, 'softmax_input_pixels_with_gradient': 108897, 'softmax_input_pixels_total': 262144, 'raw_cost_grad_norm': 5.128624521594238e-12, 'epoch': 50, 'batch': 4040, 'total_norm': 32.9395751953125, 'matching_path_norm': 11.85009456475071}, {'softmax_input_median_top2_gap': 2.189207911491394, 'softmax_input_min_top2_gap': 1.2755393981933594e-05, 'fraction_pixels_gap_below_88': 1.0, 'exact_ties': 0, 'mean_softmax_entropy_nats': 1.4807017747742182, 'mean_max_softmax_weight': 0.5905317515114608, 'raw_cost_max_abs': 380320055296.0, 'raw_cost_std': 47648089016.4423, 'softmax_input_grad_norm': 0.028975315392017365, 'softmax_input_pixels_with_gradient': 200548, 'softmax_input_pixels_total': 262144, 'raw_cost_grad_norm': 3.374350061521869e-12, 'epoch': 50, 'batch': 4060, 'total_norm': 18.104196548461914, 'matching_path_norm': 6.442373284292854}, {'softmax_input_median_top2_gap': 1.7868717908859253, 'softmax_input_min_top2_gap': 1.1444091796875e-05, 'fraction_pixels_gap_below_88': 1.0, 'exact_ties': 0, 'mean_softmax_entropy_nats': 1.5000276613724046, 'mean_max_softmax_weight': 0.5716363089236461, 'raw_cost_max_abs': 589913063424.0, 'raw_cost_std': 60896010520.23527, 'softmax_input_grad_norm': 0.04153158888220787, 'softmax_input_pixels_with_gradient': 191299, 'softmax_input_pixels_total': 262144, 'raw_cost_grad_norm': 3.2440638716990655e-12, 'epoch': 51, 'batch': 4080, 'total_norm': 46.64996337890625, 'matching_path_norm': 15.965224519161357}, {'softmax_input_median_top2_gap': 1.0164254903793335, 'softmax_input_min_top2_gap': 2.2649765014648438e-06, 'fraction_pixels_gap_below_88': 1.0, 'exact_ties': 0, 'mean_softmax_entropy_nats': 1.6439530284837263, 'mean_max_softmax_weight': 0.5135812735417088, 'raw_cost_max_abs': 418359672832.0, 'raw_cost_std': 37778211231.93622, 'softmax_input_grad_norm': 0.024717427790164948, 'softmax_input_pixels_with_gradient': 236423, 'softmax_input_pixels_total': 262144, 'raw_cost_grad_norm': 1.980509940074926e-12, 'epoch': 51, 'batch': 4100, 'total_norm': 28.100448608398438, 'matching_path_norm': 6.463860302063602}, {'softmax_input_median_top2_gap': 0.6384700536727905, 'softmax_input_min_top2_gap': 8.463859558105469e-06, 'fraction_pixels_gap_below_88': 1.0, 'exact_ties': 0, 'mean_softmax_entropy_nats': 1.708866789607285, 'mean_max_softmax_weight': 0.4690100441513212, 'raw_cost_max_abs': 303967207424.0, 'raw_cost_std': 26954841748.935257, 'softmax_input_grad_norm': 0.024983638897538185, 'softmax_input_pixels_with_gradient': 244647, 'softmax_input_pixels_total': 262144, 'raw_cost_grad_norm': 4.886550799415579e-12, 'epoch': 51, 'batch': 4120, 'total_norm': 49.29587936401367, 'matching_path_norm': 14.270540335982664}, {'softmax_input_median_top2_gap': 0.7769937515258789, 'softmax_input_min_top2_gap': 9.5367431640625e-06, 'fraction_pixels_gap_below_88': 1.0, 'exact_ties': 0, 'mean_softmax_entropy_nats': 1.7309040208206636, 'mean_max_softmax_weight': 0.4691581536628008, 'raw_cost_max_abs': 353275281408.0, 'raw_cost_std': 26342388432.838604, 'softmax_input_grad_norm': 0.026045700535178185, 'softmax_input_pixels_with_gradient': 217285, 'softmax_input_pixels_total': 262144, 'raw_cost_grad_norm': 5.026801891405697e-12, 'epoch': 51, 'batch': 4140, 'total_norm': 34.70100021362305, 'matching_path_norm': 10.378268040362961}, {'softmax_input_median_top2_gap': 1.3557699918746948, 'softmax_input_min_top2_gap': 9.775161743164062e-06, 'fraction_pixels_gap_below_88': 1.0, 'exact_ties': 0, 'mean_softmax_entropy_nats': 1.5387910714426147, 'mean_max_softmax_weight': 0.5571246817785737, 'raw_cost_max_abs': 549950324736.0, 'raw_cost_std': 61621865537.596405, 'softmax_input_grad_norm': 0.02946007438004017, 'softmax_input_pixels_with_gradient': 183180, 'softmax_input_pixels_total': 262144, 'raw_cost_grad_norm': 2.6332690368502387e-12, 'epoch': 52, 'batch': 4160, 'total_norm': 39.644744873046875, 'matching_path_norm': 12.480293710418026}, {'softmax_input_median_top2_gap': 0.8371732234954834, 'softmax_input_min_top2_gap': 2.1457672119140625e-06, 'fraction_pixels_gap_below_88': 1.0, 'exact_ties': 0, 'mean_softmax_entropy_nats': 1.6319530820619752, 'mean_max_softmax_weight': 0.5082523076287218, 'raw_cost_max_abs': 563258720256.0, 'raw_cost_std': 52489876660.75992, 'softmax_input_grad_norm': 0.02968435548245907, 'softmax_input_pixels_with_gradient': 176190, 'softmax_input_pixels_total': 262144, 'raw_cost_grad_norm': 2.4947329358565584e-12, 'epoch': 52, 'batch': 4180, 'total_norm': 40.5758171081543, 'matching_path_norm': 12.291117559072188}, {'softmax_input_median_top2_gap': 1.3434308767318726, 'softmax_input_min_top2_gap': 1.704692840576172e-05, 'fraction_pixels_gap_below_88': 1.0, 'exact_ties': 0, 'mean_softmax_entropy_nats': 1.5473750162309214, 'mean_max_softmax_weight': 0.558519142918784, 'raw_cost_max_abs': 409568542720.0, 'raw_cost_std': 56507227868.31581, 'softmax_input_grad_norm': 0.025810152292251587, 'softmax_input_pixels_with_gradient': 207765, 'softmax_input_pixels_total': 262144, 'raw_cost_grad_norm': 2.7704518366922226e-12, 'epoch': 52, 'batch': 4200, 'total_norm': 41.20945739746094, 'matching_path_norm': 11.160386498212059}, {'softmax_input_median_top2_gap': 0.9926846027374268, 'softmax_input_min_top2_gap': 8.702278137207031e-06, 'fraction_pixels_gap_below_88': 1.0, 'exact_ties': 0, 'mean_softmax_entropy_nats': 1.6457853503372921, 'mean_max_softmax_weight': 0.5140533803352398, 'raw_cost_max_abs': 319778619392.0, 'raw_cost_std': 28444450054.539234, 'softmax_input_grad_norm': 0.033390067517757416, 'softmax_input_pixels_with_gradient': 215865, 'softmax_input_pixels_total': 262144, 'raw_cost_grad_norm': 3.3741618440247256e-12, 'epoch': 52, 'batch': 4220, 'total_norm': 71.11286926269531, 'matching_path_norm': 21.939858589282203}, {'softmax_input_median_top2_gap': 2.189261317253113, 'softmax_input_min_top2_gap': 4.76837158203125e-06, 'fraction_pixels_gap_below_88': 1.0, 'exact_ties': 0, 'mean_softmax_entropy_nats': 1.4944836604060527, 'mean_max_softmax_weight': 0.5836989931741923, 'raw_cost_max_abs': 620980797440.0, 'raw_cost_std': 69078427150.90508, 'softmax_input_grad_norm': 0.030015936121344566, 'softmax_input_pixels_with_gradient': 198349, 'softmax_input_pixels_total': 262144, 'raw_cost_grad_norm': 3.212984999584334e-12, 'epoch': 53, 'batch': 4240, 'total_norm': 27.359582901000977, 'matching_path_norm': 9.751825326555991}, {'softmax_input_median_top2_gap': 0.9557003974914551, 'softmax_input_min_top2_gap': 1.3113021850585938e-06, 'fraction_pixels_gap_below_88': 1.0, 'exact_ties': 0, 'mean_softmax_entropy_nats': 1.5960397619977642, 'mean_max_softmax_weight': 0.5324712455582817, 'raw_cost_max_abs': 523222155264.0, 'raw_cost_std': 57617434713.80719, 'softmax_input_grad_norm': 0.02347847819328308, 'softmax_input_pixels_with_gradient': 232696, 'softmax_input_pixels_total': 262144, 'raw_cost_grad_norm': 2.965763268650279e-12, 'epoch': 53, 'batch': 4260, 'total_norm': 48.894325256347656, 'matching_path_norm': 12.536839284803326}, {'softmax_input_median_top2_gap': 1.9919569492340088, 'softmax_input_min_top2_gap': 1.71661376953125e-05, 'fraction_pixels_gap_below_88': 1.0, 'exact_ties': 0, 'mean_softmax_entropy_nats': 1.5027885159306908, 'mean_max_softmax_weight': 0.5823375592381581, 'raw_cost_max_abs': 596770684928.0, 'raw_cost_std': 60493305439.37181, 'softmax_input_grad_norm': 0.02293490618467331, 'softmax_input_pixels_with_gradient': 184187, 'softmax_input_pixels_total': 262144, 'raw_cost_grad_norm': 1.0923877904675527e-12, 'epoch': 53, 'batch': 4280, 'total_norm': 21.389055252075195, 'matching_path_norm': 6.326328627829574}, {'softmax_input_median_top2_gap': 1.6302521228790283, 'softmax_input_min_top2_gap': 4.172325134277344e-06, 'fraction_pixels_gap_below_88': 1.0, 'exact_ties': 0, 'mean_softmax_entropy_nats': 1.5130813567834498, 'mean_max_softmax_weight': 0.5731950864877318, 'raw_cost_max_abs': 457844948992.0, 'raw_cost_std': 56954283128.74472, 'softmax_input_grad_norm': 0.03235059976577759, 'softmax_input_pixels_with_gradient': 183688, 'softmax_input_pixels_total': 262144, 'raw_cost_grad_norm': 3.37304966943619e-12, 'epoch': 53, 'batch': 4300, 'total_norm': 44.382083892822266, 'matching_path_norm': 12.925559656989204}, {'softmax_input_median_top2_gap': 0.9734464883804321, 'softmax_input_min_top2_gap': 9.298324584960938e-06, 'fraction_pixels_gap_below_88': 1.0, 'exact_ties': 0, 'mean_softmax_entropy_nats': 1.6306786058327267, 'mean_max_softmax_weight': 0.5158182508694502, 'raw_cost_max_abs': 605978034176.0, 'raw_cost_std': 53924375485.5262, 'softmax_input_grad_norm': 0.03900184482336044, 'softmax_input_pixels_with_gradient': 177007, 'softmax_input_pixels_total': 262144, 'raw_cost_grad_norm': 2.6535427501139797e-12, 'epoch': 54, 'batch': 4320, 'total_norm': 21.838464736938477, 'matching_path_norm': 8.571713727886566}, {'softmax_input_median_top2_gap': 2.742025703191757, 'softmax_input_min_top2_gap': 5.841255187988281e-06, 'fraction_pixels_gap_below_88': 1.0, 'exact_ties': 0, 'mean_softmax_entropy_nats': 1.3795335954354897, 'mean_max_softmax_weight': 0.6359860627620919, 'raw_cost_max_abs': 556887506944.0, 'raw_cost_std': 69391808437.68364, 'softmax_input_grad_norm': 0.024372857064008713, 'softmax_input_pixels_with_gradient': 159368, 'softmax_input_pixels_total': 262144, 'raw_cost_grad_norm': 1.8785639276791555e-12, 'epoch': 54, 'batch': 4340, 'total_norm': 7.171363830566406, 'matching_path_norm': 2.9641117206661343}, {'softmax_input_median_top2_gap': 1.506409764289856, 'softmax_input_min_top2_gap': 3.6954879760742188e-06, 'fraction_pixels_gap_below_88': 1.0, 'exact_ties': 0, 'mean_softmax_entropy_nats': 1.5201015310456438, 'mean_max_softmax_weight': 0.5757602999237451, 'raw_cost_max_abs': 500617674752.0, 'raw_cost_std': 53757360824.29556, 'softmax_input_grad_norm': 0.026509711518883705, 'softmax_input_pixels_with_gradient': 204614, 'softmax_input_pixels_total': 262144, 'raw_cost_grad_norm': 2.9968479954567417e-12, 'epoch': 54, 'batch': 4360, 'total_norm': 34.014339447021484, 'matching_path_norm': 11.445561934595474}, {'softmax_input_median_top2_gap': 0.9641600847244263, 'softmax_input_min_top2_gap': 1.0728836059570312e-05, 'fraction_pixels_gap_below_88': 1.0, 'exact_ties': 0, 'mean_softmax_entropy_nats': 1.6646452487482128, 'mean_max_softmax_weight': 0.5012467739137437, 'raw_cost_max_abs': 420664115200.0, 'raw_cost_std': 38659507337.58429, 'softmax_input_grad_norm': 0.028926506638526917, 'softmax_input_pixels_with_gradient': 172740, 'softmax_input_pixels_total': 262144, 'raw_cost_grad_norm': 8.320399057237804e-12, 'epoch': 54, 'batch': 4380, 'total_norm': 24.568429946899414, 'matching_path_norm': 13.483921223504192}, {'softmax_input_median_top2_gap': 1.8416316509246826, 'softmax_input_min_top2_gap': 1.1563301086425781e-05, 'fraction_pixels_gap_below_88': 1.0, 'exact_ties': 0, 'mean_softmax_entropy_nats': 1.5183694931080232, 'mean_max_softmax_weight': 0.5736582491460298, 'raw_cost_max_abs': 452853071872.0, 'raw_cost_std': 36914216313.637215, 'softmax_input_grad_norm': 0.026857880875468254, 'softmax_input_pixels_with_gradient': 213056, 'softmax_input_pixels_total': 262144, 'raw_cost_grad_norm': 2.7662128230382388e-12, 'epoch': 55, 'batch': 4400, 'total_norm': 45.420963287353516, 'matching_path_norm': 13.322627925902628}, {'softmax_input_median_top2_gap': 0.655693531036377, 'softmax_input_min_top2_gap': 7.152557373046875e-07, 'fraction_pixels_gap_below_88': 1.0, 'exact_ties': 0, 'mean_softmax_entropy_nats': 1.6363348499488188, 'mean_max_softmax_weight': 0.5002638458611399, 'raw_cost_max_abs': 382414487552.0, 'raw_cost_std': 37511234769.4617, 'softmax_input_grad_norm': 0.028011418879032135, 'softmax_input_pixels_with_gradient': 234355, 'softmax_input_pixels_total': 262144, 'raw_cost_grad_norm': 3.493427986125952e-12, 'epoch': 55, 'batch': 4420, 'total_norm': 16.520601272583008, 'matching_path_norm': 8.933559438066023}, {'softmax_input_median_top2_gap': 1.432407259941101, 'softmax_input_min_top2_gap': 5.9604644775390625e-06, 'fraction_pixels_gap_below_88': 1.0, 'exact_ties': 0, 'mean_softmax_entropy_nats': 1.5912984185755867, 'mean_max_softmax_weight': 0.5444938073746216, 'raw_cost_max_abs': 371819872256.0, 'raw_cost_std': 35705286446.50991, 'softmax_input_grad_norm': 0.030999602749943733, 'softmax_input_pixels_with_gradient': 230778, 'softmax_input_pixels_total': 262144, 'raw_cost_grad_norm': 6.244010516964771e-12, 'epoch': 55, 'batch': 4440, 'total_norm': 72.67861938476562, 'matching_path_norm': 27.258953549427527}, {'softmax_input_median_top2_gap': 2.260990262031555, 'softmax_input_min_top2_gap': 1.6689300537109375e-06, 'fraction_pixels_gap_below_88': 1.0, 'exact_ties': 0, 'mean_softmax_entropy_nats': 1.4974479012588529, 'mean_max_softmax_weight': 0.5804109143714491, 'raw_cost_max_abs': 428561301504.0, 'raw_cost_std': 45985398970.44472, 'softmax_input_grad_norm': 0.027475526556372643, 'softmax_input_pixels_with_gradient': 199317, 'softmax_input_pixels_total': 262144, 'raw_cost_grad_norm': 3.9949302546582466e-12, 'epoch': 55, 'batch': 4460, 'total_norm': 54.46269989013672, 'matching_path_norm': 16.90014594111468}, {'softmax_input_median_top2_gap': 1.2949408292770386, 'softmax_input_min_top2_gap': 4.76837158203125e-07, 'fraction_pixels_gap_below_88': 1.0, 'exact_ties': 0, 'mean_softmax_entropy_nats': 1.5609844333594598, 'mean_max_softmax_weight': 0.5434901852483993, 'raw_cost_max_abs': 623773810688.0, 'raw_cost_std': 71052070914.55894, 'softmax_input_grad_norm': 0.04357970133423805, 'softmax_input_pixels_with_gradient': 164344, 'softmax_input_pixels_total': 262144, 'raw_cost_grad_norm': 2.58410523881758e-12, 'epoch': 56, 'batch': 4480, 'total_norm': 57.42546081542969, 'matching_path_norm': 27.65583404551442}, {'softmax_input_median_top2_gap': 1.458287000656128, 'softmax_input_min_top2_gap': 3.4570693969726562e-06, 'fraction_pixels_gap_below_88': 1.0, 'exact_ties': 0, 'mean_softmax_entropy_nats': 1.5483908587981867, 'mean_max_softmax_weight': 0.5550704092907845, 'raw_cost_max_abs': 957274259456.0, 'raw_cost_std': 105652687406.043, 'softmax_input_grad_norm': 0.03887293487787247, 'softmax_input_pixels_with_gradient': 217543, 'softmax_input_pixels_total': 262144, 'raw_cost_grad_norm': 2.1512125848027752e-12, 'epoch': 56, 'batch': 4500, 'total_norm': 14.015522003173828, 'matching_path_norm': 7.05162332663871}, {'softmax_input_median_top2_gap': 0.8847150802612305, 'softmax_input_min_top2_gap': 1.2993812561035156e-05, 'fraction_pixels_gap_below_88': 1.0, 'exact_ties': 0, 'mean_softmax_entropy_nats': 1.6294221460249834, 'mean_max_softmax_weight': 0.5120787864512057, 'raw_cost_max_abs': 690965774336.0, 'raw_cost_std': 75633408070.87543, 'softmax_input_grad_norm': 0.024414898827672005, 'softmax_input_pixels_with_gradient': 229155, 'softmax_input_pixels_total': 262144, 'raw_cost_grad_norm': 1.5969789509892585e-12, 'epoch': 56, 'batch': 4520, 'total_norm': 27.413190841674805, 'matching_path_norm': 7.702629482847265}, {'softmax_input_median_top2_gap': 1.203495979309082, 'softmax_input_min_top2_gap': 9.775161743164062e-06, 'fraction_pixels_gap_below_88': 1.0, 'exact_ties': 0, 'mean_softmax_entropy_nats': 1.5618597276261734, 'mean_max_softmax_weight': 0.5516215738206158, 'raw_cost_max_abs': 547602497536.0, 'raw_cost_std': 61026509335.81067, 'softmax_input_grad_norm': 0.03227914497256279, 'softmax_input_pixels_with_gradient': 205114, 'softmax_input_pixels_total': 262144, 'raw_cost_grad_norm': 2.9550092841418296e-12, 'epoch': 56, 'batch': 4540, 'total_norm': 50.67718505859375, 'matching_path_norm': 15.475727274732888}, {'softmax_input_median_top2_gap': 0.8005685806274414, 'softmax_input_min_top2_gap': 2.384185791015625e-06, 'fraction_pixels_gap_below_88': 1.0, 'exact_ties': 0, 'mean_softmax_entropy_nats': 1.6785095569769388, 'mean_max_softmax_weight': 0.4918980832767937, 'raw_cost_max_abs': 487646330880.0, 'raw_cost_std': 44718119360.24572, 'softmax_input_grad_norm': 0.025102080777287483, 'softmax_input_pixels_with_gradient': 227636, 'softmax_input_pixels_total': 262144, 'raw_cost_grad_norm': 2.381217835759064e-12, 'epoch': 57, 'batch': 4560, 'total_norm': 9.436990737915039, 'matching_path_norm': 3.831253123833521}, {'softmax_input_median_top2_gap': 1.5394891500473022, 'softmax_input_min_top2_gap': 7.152557373046875e-07, 'fraction_pixels_gap_below_88': 1.0, 'exact_ties': 0, 'mean_softmax_entropy_nats': 1.5452929888751825, 'mean_max_softmax_weight': 0.5624532221351046, 'raw_cost_max_abs': 545738031104.0, 'raw_cost_std': 60738344115.1855, 'softmax_input_grad_norm': 0.02517913468182087, 'softmax_input_pixels_with_gradient': 197473, 'softmax_input_pixels_total': 262144, 'raw_cost_grad_norm': 1.5776942469472588e-12, 'epoch': 57, 'batch': 4580, 'total_norm': 29.38268280029297, 'matching_path_norm': 8.094555225523763}, {'softmax_input_median_top2_gap': 0.7831913232803345, 'softmax_input_min_top2_gap': 1.1920928955078125e-06, 'fraction_pixels_gap_below_88': 1.0, 'exact_ties': 0, 'mean_softmax_entropy_nats': 1.7749935632256024, 'mean_max_softmax_weight': 0.45207516929881786, 'raw_cost_max_abs': 340991213568.0, 'raw_cost_std': 36471113744.606346, 'softmax_input_grad_norm': 0.02648351527750492, 'softmax_input_pixels_with_gradient': 247633, 'softmax_input_pixels_total': 262144, 'raw_cost_grad_norm': 3.370890372389468e-12, 'epoch': 57, 'batch': 4600, 'total_norm': 38.21733856201172, 'matching_path_norm': 10.435858684394338}, {'softmax_input_median_top2_gap': 1.5607081651687622, 'softmax_input_min_top2_gap': 9.655952453613281e-06, 'fraction_pixels_gap_below_88': 1.0, 'exact_ties': 0, 'mean_softmax_entropy_nats': 1.516858895866329, 'mean_max_softmax_weight': 0.577728262940203, 'raw_cost_max_abs': 842307862528.0, 'raw_cost_std': 88563096340.82352, 'softmax_input_grad_norm': 0.024992458522319794, 'softmax_input_pixels_with_gradient': 188159, 'softmax_input_pixels_total': 262144, 'raw_cost_grad_norm': 1.0290035967405742e-12, 'epoch': 57, 'batch': 4620, 'total_norm': 22.332826614379883, 'matching_path_norm': 7.376950825895999}, {'softmax_input_median_top2_gap': 1.2666921615600586, 'softmax_input_min_top2_gap': 9.5367431640625e-07, 'fraction_pixels_gap_below_88': 1.0, 'exact_ties': 0, 'mean_softmax_entropy_nats': 1.5688106223681064, 'mean_max_softmax_weight': 0.5499406973229919, 'raw_cost_max_abs': 482701737984.0, 'raw_cost_std': 47721605919.89247, 'softmax_input_grad_norm': 0.031218336895108223, 'softmax_input_pixels_with_gradient': 185548, 'softmax_input_pixels_total': 262144, 'raw_cost_grad_norm': 3.936943219345901e-12, 'epoch': 58, 'batch': 4640, 'total_norm': 33.4571647644043, 'matching_path_norm': 11.325216037666706}, {'softmax_input_median_top2_gap': 2.0975754857063293, 'softmax_input_min_top2_gap': 1.8596649169921875e-05, 'fraction_pixels_gap_below_88': 1.0, 'exact_ties': 0, 'mean_softmax_entropy_nats': 1.4956896107840354, 'mean_max_softmax_weight': 0.5840352659779777, 'raw_cost_max_abs': 624108830720.0, 'raw_cost_std': 71579955001.65361, 'softmax_input_grad_norm': 0.03132380172610283, 'softmax_input_pixels_with_gradient': 182085, 'softmax_input_pixels_total': 262144, 'raw_cost_grad_norm': 2.269520509023959e-12, 'epoch': 58, 'batch': 4660, 'total_norm': 52.87491989135742, 'matching_path_norm': 16.224429349825897}, {'softmax_input_median_top2_gap': 1.0189707279205322, 'softmax_input_min_top2_gap': 1.1920928955078125e-07, 'fraction_pixels_gap_below_88': 1.0, 'exact_ties': 0, 'mean_softmax_entropy_nats': 1.5963847681613632, 'mean_max_softmax_weight': 0.5325321878225091, 'raw_cost_max_abs': 506754433024.0, 'raw_cost_std': 50618746282.88441, 'softmax_input_grad_norm': 0.031509846448898315, 'softmax_input_pixels_with_gradient': 164994, 'softmax_input_pixels_total': 262144, 'raw_cost_grad_norm': 3.036072478493357e-12, 'epoch': 58, 'batch': 4680, 'total_norm': 20.378936767578125, 'matching_path_norm': 7.161866346008881}, {'softmax_input_median_top2_gap': 2.492093563079834, 'softmax_input_min_top2_gap': 5.960464477539062e-07, 'fraction_pixels_gap_below_88': 1.0, 'exact_ties': 0, 'mean_softmax_entropy_nats': 1.450638968074693, 'mean_max_softmax_weight': 0.6105511388736375, 'raw_cost_max_abs': 723883982848.0, 'raw_cost_std': 75459216914.39383, 'softmax_input_grad_norm': 0.030944211408495903, 'softmax_input_pixels_with_gradient': 162287, 'softmax_input_pixels_total': 262144, 'raw_cost_grad_norm': 1.7417260125482392e-12, 'epoch': 58, 'batch': 4700, 'total_norm': 29.257579803466797, 'matching_path_norm': 6.742418553538395}, {'softmax_input_median_top2_gap': 0.8800612688064575, 'softmax_input_min_top2_gap': 1.2516975402832031e-05, 'fraction_pixels_gap_below_88': 1.0, 'exact_ties': 0, 'mean_softmax_entropy_nats': 1.5845012737023962, 'mean_max_softmax_weight': 0.531401133547496, 'raw_cost_max_abs': 652519014400.0, 'raw_cost_std': 70658527982.65933, 'softmax_input_grad_norm': 0.026997949928045273, 'softmax_input_pixels_with_gradient': 228142, 'softmax_input_pixels_total': 262144, 'raw_cost_grad_norm': 2.481423486827561e-12, 'epoch': 59, 'batch': 4720, 'total_norm': 24.65987205505371, 'matching_path_norm': 8.388385381716615}, {'softmax_input_median_top2_gap': 1.0283892154693604, 'softmax_input_min_top2_gap': 4.76837158203125e-07, 'fraction_pixels_gap_below_88': 1.0, 'exact_ties': 0, 'mean_softmax_entropy_nats': 1.5953055021940632, 'mean_max_softmax_weight': 0.5326302705124969, 'raw_cost_max_abs': 470789095424.0, 'raw_cost_std': 49060269517.65828, 'softmax_input_grad_norm': 0.028447197750210762, 'softmax_input_pixels_with_gradient': 220883, 'softmax_input_pixels_total': 262144, 'raw_cost_grad_norm': 2.161859883817452e-12, 'epoch': 59, 'batch': 4740, 'total_norm': 35.307899475097656, 'matching_path_norm': 12.735082057577861}, {'softmax_input_median_top2_gap': 1.0333232879638672, 'softmax_input_min_top2_gap': 1.3113021850585938e-06, 'fraction_pixels_gap_below_88': 1.0, 'exact_ties': 0, 'mean_softmax_entropy_nats': 1.6825906459948925, 'mean_max_softmax_weight': 0.4977227627608387, 'raw_cost_max_abs': 616033943552.0, 'raw_cost_std': 39764592328.82426, 'softmax_input_grad_norm': 0.03068412095308304, 'softmax_input_pixels_with_gradient': 250803, 'softmax_input_pixels_total': 262144, 'raw_cost_grad_norm': 6.636081441302455e-12, 'epoch': 59, 'batch': 4760, 'total_norm': 78.84728240966797, 'matching_path_norm': 26.16656607601122}, {'softmax_input_median_top2_gap': 1.1379295587539673, 'softmax_input_min_top2_gap': 1.9073486328125e-06, 'fraction_pixels_gap_below_88': 1.0, 'exact_ties': 0, 'mean_softmax_entropy_nats': 1.5694544403077777, 'mean_max_softmax_weight': 0.5518069007819433, 'raw_cost_max_abs': 458032709632.0, 'raw_cost_std': 50801177807.488396, 'softmax_input_grad_norm': 0.028550729155540466, 'softmax_input_pixels_with_gradient': 195529, 'softmax_input_pixels_total': 262144, 'raw_cost_grad_norm': 1.5245926266241328e-12, 'epoch': 59, 'batch': 4780, 'total_norm': 27.50602912902832, 'matching_path_norm': 8.337003096305798}, {'softmax_input_median_top2_gap': 0.766074538230896, 'softmax_input_min_top2_gap': 4.0531158447265625e-06, 'fraction_pixels_gap_below_88': 1.0, 'exact_ties': 0, 'mean_softmax_entropy_nats': 1.6896658542976195, 'mean_max_softmax_weight': 0.48503098198985467, 'raw_cost_max_abs': 467423690752.0, 'raw_cost_std': 41647641672.43084, 'softmax_input_grad_norm': 0.034227918833494186, 'softmax_input_pixels_with_gradient': 216865, 'softmax_input_pixels_total': 262144, 'raw_cost_grad_norm': 3.906869619485498e-12, 'epoch': 60, 'batch': 4800, 'total_norm': 86.79951477050781, 'matching_path_norm': 28.849213728709607}, {'softmax_input_median_top2_gap': 0.8627945780754089, 'softmax_input_min_top2_gap': 4.935264587402344e-05, 'fraction_pixels_gap_below_88': 1.0, 'exact_ties': 0, 'mean_softmax_entropy_nats': 1.6848039970620028, 'mean_max_softmax_weight': 0.4959719191140327, 'raw_cost_max_abs': 721103486976.0, 'raw_cost_std': 68276100599.58335, 'softmax_input_grad_norm': 0.025541869923472404, 'softmax_input_pixels_with_gradient': 245927, 'softmax_input_pixels_total': 262144, 'raw_cost_grad_norm': 2.1972376175460884e-12, 'epoch': 60, 'batch': 4820, 'total_norm': 33.643497467041016, 'matching_path_norm': 10.096187935431294}, {'softmax_input_median_top2_gap': 0.9406313896179199, 'softmax_input_min_top2_gap': 8.58306884765625e-06, 'fraction_pixels_gap_below_88': 1.0, 'exact_ties': 0, 'mean_softmax_entropy_nats': 1.58348052238216, 'mean_max_softmax_weight': 0.5351770773401193, 'raw_cost_max_abs': 1075336642560.0, 'raw_cost_std': 106635432262.15855, 'softmax_input_grad_norm': 0.03437989950180054, 'softmax_input_pixels_with_gradient': 177762, 'softmax_input_pixels_total': 262144, 'raw_cost_grad_norm': 2.2387827269126914e-12, 'epoch': 60, 'batch': 4840, 'total_norm': 7.2388787269592285, 'matching_path_norm': 3.964217737462975}, {'softmax_input_median_top2_gap': 1.8884364366531372, 'softmax_input_min_top2_gap': 3.5762786865234375e-06, 'fraction_pixels_gap_below_88': 1.0, 'exact_ties': 0, 'mean_softmax_entropy_nats': 1.4574226407323774, 'mean_max_softmax_weight': 0.5985030118829298, 'raw_cost_max_abs': 972266471424.0, 'raw_cost_std': 111660475992.6716, 'softmax_input_grad_norm': 0.02255306765437126, 'softmax_input_pixels_with_gradient': 174713, 'softmax_input_pixels_total': 262144, 'raw_cost_grad_norm': 1.1774500645322927e-12, 'epoch': 60, 'batch': 4860, 'total_norm': 6.146068572998047, 'matching_path_norm': 2.2755146863089517}, {'softmax_input_median_top2_gap': 2.136170446872711, 'softmax_input_min_top2_gap': 8.225440979003906e-06, 'fraction_pixels_gap_below_88': 1.0, 'exact_ties': 0, 'mean_softmax_entropy_nats': 1.5102860196398802, 'mean_max_softmax_weight': 0.576333636595213, 'raw_cost_max_abs': 573667016704.0, 'raw_cost_std': 61277709367.83131, 'softmax_input_grad_norm': 0.034060243517160416, 'softmax_input_pixels_with_gradient': 192588, 'softmax_input_pixels_total': 262144, 'raw_cost_grad_norm': 2.9680719687563695e-12, 'epoch': 61, 'batch': 4880, 'total_norm': 36.13344192504883, 'matching_path_norm': 10.557811997396522}, {'softmax_input_median_top2_gap': 1.1188956499099731, 'softmax_input_min_top2_gap': 3.4689903259277344e-05, 'fraction_pixels_gap_below_88': 1.0, 'exact_ties': 0, 'mean_softmax_entropy_nats': 1.5656235592898295, 'mean_max_softmax_weight': 0.5486944827448349, 'raw_cost_max_abs': 980393328640.0, 'raw_cost_std': 94161326644.22322, 'softmax_input_grad_norm': 0.02820206619799137, 'softmax_input_pixels_with_gradient': 208953, 'softmax_input_pixels_total': 262144, 'raw_cost_grad_norm': 2.6483782614855622e-12, 'epoch': 61, 'batch': 4900, 'total_norm': 29.791399002075195, 'matching_path_norm': 11.176538061354023}, {'softmax_input_median_top2_gap': 2.8781878650188446, 'softmax_input_min_top2_gap': 4.9114227294921875e-05, 'fraction_pixels_gap_below_88': 1.0, 'exact_ties': 0, 'mean_softmax_entropy_nats': 1.3703379313477704, 'mean_max_softmax_weight': 0.6494489454931814, 'raw_cost_max_abs': 600247894016.0, 'raw_cost_std': 69586396600.32848, 'softmax_input_grad_norm': 0.033756159245967865, 'softmax_input_pixels_with_gradient': 146533, 'softmax_input_pixels_total': 262144, 'raw_cost_grad_norm': 1.527016360580724e-12, 'epoch': 61, 'batch': 4920, 'total_norm': 32.73408126831055, 'matching_path_norm': 10.896778577924273}, {'softmax_input_median_top2_gap': 0.8359575271606445, 'softmax_input_min_top2_gap': 4.76837158203125e-07, 'fraction_pixels_gap_below_88': 1.0, 'exact_ties': 0, 'mean_softmax_entropy_nats': 1.7006965845896196, 'mean_max_softmax_weight': 0.4886067454165083, 'raw_cost_max_abs': 629682143232.0, 'raw_cost_std': 62126968848.156715, 'softmax_input_grad_norm': 0.025380363687872887, 'softmax_input_pixels_with_gradient': 250553, 'softmax_input_pixels_total': 262144, 'raw_cost_grad_norm': 2.4893923727953293e-12, 'epoch': 61, 'batch': 4940, 'total_norm': 68.3664321899414, 'matching_path_norm': 17.323186326119266}, {'softmax_input_median_top2_gap': 1.0839438438415527, 'softmax_input_min_top2_gap': 4.887580871582031e-06, 'fraction_pixels_gap_below_88': 1.0, 'exact_ties': 0, 'mean_softmax_entropy_nats': 1.5881738433592645, 'mean_max_softmax_weight': 0.5436575038983127, 'raw_cost_max_abs': 497619992576.0, 'raw_cost_std': 48943740525.48739, 'softmax_input_grad_norm': 0.021240510046482086, 'softmax_input_pixels_with_gradient': 209674, 'softmax_input_pixels_total': 262144, 'raw_cost_grad_norm': 2.058755943501467e-12, 'epoch': 62, 'batch': 4960, 'total_norm': 7.201208591461182, 'matching_path_norm': 5.921066215040253}, {'softmax_input_median_top2_gap': 2.1121299862861633, 'softmax_input_min_top2_gap': 1.049041748046875e-05, 'fraction_pixels_gap_below_88': 1.0, 'exact_ties': 0, 'mean_softmax_entropy_nats': 1.4376875393727069, 'mean_max_softmax_weight': 0.6145365009199928, 'raw_cost_max_abs': 750622539776.0, 'raw_cost_std': 77127529755.75552, 'softmax_input_grad_norm': 0.025531364604830742, 'softmax_input_pixels_with_gradient': 179038, 'softmax_input_pixels_total': 262144, 'raw_cost_grad_norm': 1.1239606250920686e-12, 'epoch': 62, 'batch': 4980, 'total_norm': 18.699167251586914, 'matching_path_norm': 6.402882216308119}, {'softmax_input_median_top2_gap': 0.8904001712799072, 'softmax_input_min_top2_gap': 4.76837158203125e-06, 'fraction_pixels_gap_below_88': 1.0, 'exact_ties': 0, 'mean_softmax_entropy_nats': 1.604839019419392, 'mean_max_softmax_weight': 0.5278030841360983, 'raw_cost_max_abs': 823130128384.0, 'raw_cost_std': 84757829279.379, 'softmax_input_grad_norm': 0.020643379539251328, 'softmax_input_pixels_with_gradient': 243056, 'softmax_input_pixels_total': 262144, 'raw_cost_grad_norm': 1.8657228539886717e-12, 'epoch': 62, 'batch': 5000, 'total_norm': 6.971811771392822, 'matching_path_norm': 5.911107385778797}, {'softmax_input_median_top2_gap': 0.9468673467636108, 'softmax_input_min_top2_gap': 5.4836273193359375e-06, 'fraction_pixels_gap_below_88': 1.0, 'exact_ties': 0, 'mean_softmax_entropy_nats': 1.6911440731408047, 'mean_max_softmax_weight': 0.49386287456892436, 'raw_cost_max_abs': 602651099136.0, 'raw_cost_std': 50537374598.64175, 'softmax_input_grad_norm': 0.029694266617298126, 'softmax_input_pixels_with_gradient': 215394, 'softmax_input_pixels_total': 262144, 'raw_cost_grad_norm': 2.8038782233508197e-12, 'epoch': 62, 'batch': 5020, 'total_norm': 26.559572219848633, 'matching_path_norm': 8.464496262102129}, {'softmax_input_median_top2_gap': 1.7126574516296387, 'softmax_input_min_top2_gap': 5.2094459533691406e-05, 'fraction_pixels_gap_below_88': 1.0, 'exact_ties': 0, 'mean_softmax_entropy_nats': 1.516856864854457, 'mean_max_softmax_weight': 0.5736886592464112, 'raw_cost_max_abs': 784513630208.0, 'raw_cost_std': 85861110896.8821, 'softmax_input_grad_norm': 0.02696765586733818, 'softmax_input_pixels_with_gradient': 193434, 'softmax_input_pixels_total': 262144, 'raw_cost_grad_norm': 1.3583888788110121e-12, 'epoch': 63, 'batch': 5040, 'total_norm': 30.583681106567383, 'matching_path_norm': 10.38191957225509}, {'softmax_input_median_top2_gap': 1.4133977890014648, 'softmax_input_min_top2_gap': 4.5299530029296875e-06, 'fraction_pixels_gap_below_88': 1.0, 'exact_ties': 0, 'mean_softmax_entropy_nats': 1.5464101503649519, 'mean_max_softmax_weight': 0.5590839893679715, 'raw_cost_max_abs': 865001603072.0, 'raw_cost_std': 73098502721.99983, 'softmax_input_grad_norm': 0.024555375799536705, 'softmax_input_pixels_with_gradient': 199931, 'softmax_input_pixels_total': 262144, 'raw_cost_grad_norm': 1.586337398246096e-12, 'epoch': 63, 'batch': 5060, 'total_norm': 8.597512245178223, 'matching_path_norm': 3.757488738633241}, {'softmax_input_median_top2_gap': 0.9319624900817871, 'softmax_input_min_top2_gap': 8.821487426757812e-06, 'fraction_pixels_gap_below_88': 1.0, 'exact_ties': 0, 'mean_softmax_entropy_nats': 1.6112368525112533, 'mean_max_softmax_weight': 0.5204726712020148, 'raw_cost_max_abs': 788890386432.0, 'raw_cost_std': 88747588574.51218, 'softmax_input_grad_norm': 0.03299049288034439, 'softmax_input_pixels_with_gradient': 179462, 'softmax_input_pixels_total': 262144, 'raw_cost_grad_norm': 1.6306365979712467e-12, 'epoch': 63, 'batch': 5080, 'total_norm': 21.70826530456543, 'matching_path_norm': 7.586162299795368}, {'softmax_input_median_top2_gap': 0.7591695785522461, 'softmax_input_min_top2_gap': 4.887580871582031e-06, 'fraction_pixels_gap_below_88': 1.0, 'exact_ties': 0, 'mean_softmax_entropy_nats': 1.6833176402601673, 'mean_max_softmax_weight': 0.4832228762506483, 'raw_cost_max_abs': 948011859968.0, 'raw_cost_std': 91285843871.47568, 'softmax_input_grad_norm': 0.026573728770017624, 'softmax_input_pixels_with_gradient': 214979, 'softmax_input_pixels_total': 262144, 'raw_cost_grad_norm': 1.0290350386035763e-12, 'epoch': 63, 'batch': 5100, 'total_norm': 19.258913040161133, 'matching_path_norm': 6.69572815644857}, {'softmax_input_median_top2_gap': 2.1718369126319885, 'softmax_input_min_top2_gap': 3.218650817871094e-05, 'fraction_pixels_gap_below_88': 1.0, 'exact_ties': 0, 'mean_softmax_entropy_nats': 1.440557145404477, 'mean_max_softmax_weight': 0.6116000105635961, 'raw_cost_max_abs': 1055755796480.0, 'raw_cost_std': 122967833213.49588, 'softmax_input_grad_norm': 0.025220395997166634, 'softmax_input_pixels_with_gradient': 171812, 'softmax_input_pixels_total': 262144, 'raw_cost_grad_norm': 7.701740720872374e-13, 'epoch': 64, 'batch': 5120, 'total_norm': 17.57984161376953, 'matching_path_norm': 4.7066656848963175}, {'softmax_input_median_top2_gap': 0.8094280958175659, 'softmax_input_min_top2_gap': 3.933906555175781e-06, 'fraction_pixels_gap_below_88': 1.0, 'exact_ties': 0, 'mean_softmax_entropy_nats': 1.6675695954202896, 'mean_max_softmax_weight': 0.4999392438341047, 'raw_cost_max_abs': 786068733952.0, 'raw_cost_std': 78219733303.48466, 'softmax_input_grad_norm': 0.028559841215610504, 'softmax_input_pixels_with_gradient': 242773, 'softmax_input_pixels_total': 262144, 'raw_cost_grad_norm': 1.1635364980527862e-12, 'epoch': 64, 'batch': 5140, 'total_norm': 43.334102630615234, 'matching_path_norm': 14.625864499283294}, {'softmax_input_median_top2_gap': 1.0188380479812622, 'softmax_input_min_top2_gap': 3.62396240234375e-05, 'fraction_pixels_gap_below_88': 1.0, 'exact_ties': 0, 'mean_softmax_entropy_nats': 1.641640568330756, 'mean_max_softmax_weight': 0.5165937755924104, 'raw_cost_max_abs': 863964561408.0, 'raw_cost_std': 90798857878.78052, 'softmax_input_grad_norm': 0.03156568482518196, 'softmax_input_pixels_with_gradient': 209803, 'softmax_input_pixels_total': 262144, 'raw_cost_grad_norm': 1.0089481333741546e-12, 'epoch': 64, 'batch': 5160, 'total_norm': 38.186405181884766, 'matching_path_norm': 10.83791521523269}, {'softmax_input_median_top2_gap': 0.9906649589538574, 'softmax_input_min_top2_gap': 7.271766662597656e-06, 'fraction_pixels_gap_below_88': 1.0, 'exact_ties': 0, 'mean_softmax_entropy_nats': 1.6261594285487702, 'mean_max_softmax_weight': 0.5215687038299662, 'raw_cost_max_abs': 871321894912.0, 'raw_cost_std': 105883360435.5892, 'softmax_input_grad_norm': 0.03229594603180885, 'softmax_input_pixels_with_gradient': 222644, 'softmax_input_pixels_total': 262144, 'raw_cost_grad_norm': 1.0393410307743545e-12, 'epoch': 64, 'batch': 5180, 'total_norm': 6.306000709533691, 'matching_path_norm': 5.223717954754839}, {'softmax_input_median_top2_gap': 0.9907647371292114, 'softmax_input_min_top2_gap': 2.193450927734375e-05, 'fraction_pixels_gap_below_88': 1.0, 'exact_ties': 0, 'mean_softmax_entropy_nats': 1.680183557480606, 'mean_max_softmax_weight': 0.5002335309006476, 'raw_cost_max_abs': 461126172672.0, 'raw_cost_std': 46954679708.83389, 'softmax_input_grad_norm': 0.03343290463089943, 'softmax_input_pixels_with_gradient': 230137, 'softmax_input_pixels_total': 262144, 'raw_cost_grad_norm': 2.761555957866979e-12, 'epoch': 65, 'batch': 5200, 'total_norm': 75.09734344482422, 'matching_path_norm': 24.576581024429032}, {'softmax_input_median_top2_gap': 1.8806015253067017, 'softmax_input_min_top2_gap': 1.811981201171875e-05, 'fraction_pixels_gap_below_88': 1.0, 'exact_ties': 0, 'mean_softmax_entropy_nats': 1.5481055709734586, 'mean_max_softmax_weight': 0.5666147302578721, 'raw_cost_max_abs': 905204006912.0, 'raw_cost_std': 84324941439.64888, 'softmax_input_grad_norm': 0.03306911140680313, 'softmax_input_pixels_with_gradient': 220102, 'softmax_input_pixels_total': 262144, 'raw_cost_grad_norm': 1.2553799146053368e-12, 'epoch': 65, 'batch': 5220, 'total_norm': 55.10082244873047, 'matching_path_norm': 11.405056755221832}, {'softmax_input_median_top2_gap': 1.0163297653198242, 'softmax_input_min_top2_gap': 5.9604644775390625e-06, 'fraction_pixels_gap_below_88': 1.0, 'exact_ties': 0, 'mean_softmax_entropy_nats': 1.6702402057532886, 'mean_max_softmax_weight': 0.5058776050657963, 'raw_cost_max_abs': 600677154816.0, 'raw_cost_std': 70764891616.51093, 'softmax_input_grad_norm': 0.028146814554929733, 'softmax_input_pixels_with_gradient': 222454, 'softmax_input_pixels_total': 262144, 'raw_cost_grad_norm': 1.6258603621407963e-12, 'epoch': 65, 'batch': 5240, 'total_norm': 17.125808715820312, 'matching_path_norm': 6.379115203284437}, {'softmax_input_median_top2_gap': 0.9035894870758057, 'softmax_input_min_top2_gap': 1.6689300537109375e-06, 'fraction_pixels_gap_below_88': 1.0, 'exact_ties': 0, 'mean_softmax_entropy_nats': 1.589433612712797, 'mean_max_softmax_weight': 0.5310034749075251, 'raw_cost_max_abs': 1031839350784.0, 'raw_cost_std': 116770477493.01779, 'softmax_input_grad_norm': 0.024876566603779793, 'softmax_input_pixels_with_gradient': 226492, 'softmax_input_pixels_total': 262144, 'raw_cost_grad_norm': 8.770223588160098e-13, 'epoch': 65, 'batch': 5260, 'total_norm': 48.03728103637695, 'matching_path_norm': 11.638338459685523}, {'softmax_input_median_top2_gap': 1.2294150590896606, 'softmax_input_min_top2_gap': 1.7404556274414062e-05, 'fraction_pixels_gap_below_88': 1.0, 'exact_ties': 0, 'mean_softmax_entropy_nats': 1.57170140554919, 'mean_max_softmax_weight': 0.5504646858558817, 'raw_cost_max_abs': 1039592325120.0, 'raw_cost_std': 121778198387.32312, 'softmax_input_grad_norm': 0.04244422912597656, 'softmax_input_pixels_with_gradient': 160264, 'softmax_input_pixels_total': 262144, 'raw_cost_grad_norm': 9.571359546947655e-13, 'epoch': 66, 'batch': 5280, 'total_norm': 27.62824821472168, 'matching_path_norm': 9.709541095505264}, {'softmax_input_median_top2_gap': 1.05549156665802, 'softmax_input_min_top2_gap': 2.002716064453125e-05, 'fraction_pixels_gap_below_88': 1.0, 'exact_ties': 0, 'mean_softmax_entropy_nats': 1.6613505428154385, 'mean_max_softmax_weight': 0.5109776208049994, 'raw_cost_max_abs': 957577756672.0, 'raw_cost_std': 88066673070.27571, 'softmax_input_grad_norm': 0.023831041529774666, 'softmax_input_pixels_with_gradient': 246243, 'softmax_input_pixels_total': 262144, 'raw_cost_grad_norm': 1.1473075094137197e-12, 'epoch': 66, 'batch': 5300, 'total_norm': 24.854690551757812, 'matching_path_norm': 7.631493577652901}, {'softmax_input_median_top2_gap': 2.24180805683136, 'softmax_input_min_top2_gap': 1.9073486328125e-06, 'fraction_pixels_gap_below_88': 1.0, 'exact_ties': 0, 'mean_softmax_entropy_nats': 1.4990318478678728, 'mean_max_softmax_weight': 0.5834025315645194, 'raw_cost_max_abs': 1107777945600.0, 'raw_cost_std': 142839751172.72757, 'softmax_input_grad_norm': 0.021844876930117607, 'softmax_input_pixels_with_gradient': 212833, 'softmax_input_pixels_total': 262144, 'raw_cost_grad_norm': 1.0827303680363554e-12, 'epoch': 66, 'batch': 5320, 'total_norm': 14.601994514465332, 'matching_path_norm': 5.95012646415393}, {'softmax_input_median_top2_gap': 0.9315557479858398, 'softmax_input_min_top2_gap': 1.1920928955078125e-07, 'fraction_pixels_gap_below_88': 1.0, 'exact_ties': 0, 'mean_softmax_entropy_nats': 1.5933600819287794, 'mean_max_softmax_weight': 0.5307176212704823, 'raw_cost_max_abs': 1113100648448.0, 'raw_cost_std': 120796859579.19574, 'softmax_input_grad_norm': 0.025634093210101128, 'softmax_input_pixels_with_gradient': 228493, 'softmax_input_pixels_total': 262144, 'raw_cost_grad_norm': 1.0314322096069417e-12, 'epoch': 66, 'batch': 5340, 'total_norm': 32.74995803833008, 'matching_path_norm': 9.063297059924553}, {'softmax_input_median_top2_gap': 1.5584807395935059, 'softmax_input_min_top2_gap': 1.5497207641601562e-06, 'fraction_pixels_gap_below_88': 1.0, 'exact_ties': 0, 'mean_softmax_entropy_nats': 1.5256243720183789, 'mean_max_softmax_weight': 0.5747301025314102, 'raw_cost_max_abs': 827171864576.0, 'raw_cost_std': 87022247679.33803, 'softmax_input_grad_norm': 0.028441887348890305, 'softmax_input_pixels_with_gradient': 181557, 'softmax_input_pixels_total': 262144, 'raw_cost_grad_norm': 9.080991709466135e-13, 'epoch': 67, 'batch': 5360, 'total_norm': 35.40035629272461, 'matching_path_norm': 10.061131037563248}, {'softmax_input_median_top2_gap': 1.0015734434127808, 'softmax_input_min_top2_gap': 2.6464462280273438e-05, 'fraction_pixels_gap_below_88': 1.0, 'exact_ties': 0, 'mean_softmax_entropy_nats': 1.623519240179789, 'mean_max_softmax_weight': 0.5263473541353567, 'raw_cost_max_abs': 859643183104.0, 'raw_cost_std': 91720283306.86514, 'softmax_input_grad_norm': 0.025417160242795944, 'softmax_input_pixels_with_gradient': 224918, 'softmax_input_pixels_total': 262144, 'raw_cost_grad_norm': 1.3257277220457553e-12, 'epoch': 67, 'batch': 5380, 'total_norm': 47.60837936401367, 'matching_path_norm': 11.889283025294281}, {'softmax_input_median_top2_gap': 1.0122829675674438, 'softmax_input_min_top2_gap': 7.62939453125e-06, 'fraction_pixels_gap_below_88': 1.0, 'exact_ties': 0, 'mean_softmax_entropy_nats': 1.5786155202167995, 'mean_max_softmax_weight': 0.5389960674130361, 'raw_cost_max_abs': 940068765696.0, 'raw_cost_std': 107261068918.66798, 'softmax_input_grad_norm': 0.02701837383210659, 'softmax_input_pixels_with_gradient': 203957, 'softmax_input_pixels_total': 262144, 'raw_cost_grad_norm': 1.2501972113804216e-12, 'epoch': 67, 'batch': 5400, 'total_norm': 25.803266525268555, 'matching_path_norm': 8.094071765254244}, {'softmax_input_median_top2_gap': 1.5362271666526794, 'softmax_input_min_top2_gap': 5.4836273193359375e-06, 'fraction_pixels_gap_below_88': 1.0, 'exact_ties': 0, 'mean_softmax_entropy_nats': 1.530054862051597, 'mean_max_softmax_weight': 0.5660319825464029, 'raw_cost_max_abs': 1397417312256.0, 'raw_cost_std': 154691652852.15228, 'softmax_input_grad_norm': 0.03141474351286888, 'softmax_input_pixels_with_gradient': 189829, 'softmax_input_pixels_total': 262144, 'raw_cost_grad_norm': 8.240744241508335e-13, 'epoch': 67, 'batch': 5420, 'total_norm': 63.762664794921875, 'matching_path_norm': 16.48783689171747}, {'softmax_input_median_top2_gap': 2.5015410780906677, 'softmax_input_min_top2_gap': 2.9802322387695312e-06, 'fraction_pixels_gap_below_88': 1.0, 'exact_ties': 0, 'mean_softmax_entropy_nats': 1.4152364381218303, 'mean_max_softmax_weight': 0.6252905459849909, 'raw_cost_max_abs': 1188411736064.0, 'raw_cost_std': 123533321057.47006, 'softmax_input_grad_norm': 0.02933737449347973, 'softmax_input_pixels_with_gradient': 174434, 'softmax_input_pixels_total': 262144, 'raw_cost_grad_norm': 2.0656588418932476e-12, 'epoch': 68, 'batch': 5440, 'total_norm': 12.898444175720215, 'matching_path_norm': 5.44361864623154}, {'softmax_input_median_top2_gap': 0.9845095872879028, 'softmax_input_min_top2_gap': 7.152557373046875e-07, 'fraction_pixels_gap_below_88': 1.0, 'exact_ties': 0, 'mean_softmax_entropy_nats': 1.6328785447537464, 'mean_max_softmax_weight': 0.5203020100220334, 'raw_cost_max_abs': 991254085632.0, 'raw_cost_std': 110708179791.12637, 'softmax_input_grad_norm': 0.026342473924160004, 'softmax_input_pixels_with_gradient': 205932, 'softmax_input_pixels_total': 262144, 'raw_cost_grad_norm': 1.2145592691303886e-12, 'epoch': 68, 'batch': 5460, 'total_norm': 13.345945358276367, 'matching_path_norm': 6.722453289313531}, {'softmax_input_median_top2_gap': 0.8359544277191162, 'softmax_input_min_top2_gap': 1.049041748046875e-05, 'fraction_pixels_gap_below_88': 1.0, 'exact_ties': 0, 'mean_softmax_entropy_nats': 1.6858547952309544, 'mean_max_softmax_weight': 0.4915336237478473, 'raw_cost_max_abs': 1456072163328.0, 'raw_cost_std': 131663478009.37047, 'softmax_input_grad_norm': 0.030048178508877754, 'softmax_input_pixels_with_gradient': 227077, 'softmax_input_pixels_total': 262144, 'raw_cost_grad_norm': 9.708424385593273e-13, 'epoch': 68, 'batch': 5480, 'total_norm': 23.311992645263672, 'matching_path_norm': 7.757531138791123}, {'softmax_input_median_top2_gap': 1.1129509210586548, 'softmax_input_min_top2_gap': 2.0503997802734375e-05, 'fraction_pixels_gap_below_88': 1.0, 'exact_ties': 0, 'mean_softmax_entropy_nats': 1.6274335927847616, 'mean_max_softmax_weight': 0.5274448547387588, 'raw_cost_max_abs': 1063557005312.0, 'raw_cost_std': 119995553784.48131, 'softmax_input_grad_norm': 0.028330350294709206, 'softmax_input_pixels_with_gradient': 171945, 'softmax_input_pixels_total': 262144, 'raw_cost_grad_norm': 5.193090423828706e-13, 'epoch': 68, 'batch': 5500, 'total_norm': 9.584729194641113, 'matching_path_norm': 3.2095668769044523}, {'softmax_input_median_top2_gap': 2.6214067339897156, 'softmax_input_min_top2_gap': 1.1920928955078125e-06, 'fraction_pixels_gap_below_88': 1.0, 'exact_ties': 0, 'mean_softmax_entropy_nats': 1.3904768917028139, 'mean_max_softmax_weight': 0.6399697227407068, 'raw_cost_max_abs': 1135880175616.0, 'raw_cost_std': 139952613560.6303, 'softmax_input_grad_norm': 0.026924433186650276, 'softmax_input_pixels_with_gradient': 165740, 'softmax_input_pixels_total': 262144, 'raw_cost_grad_norm': 7.30923242937831e-13, 'epoch': 69, 'batch': 5520, 'total_norm': 5.201074600219727, 'matching_path_norm': 3.183976153516508}, {'softmax_input_median_top2_gap': 1.1348025798797607, 'softmax_input_min_top2_gap': 1.0013580322265625e-05, 'fraction_pixels_gap_below_88': 1.0, 'exact_ties': 0, 'mean_softmax_entropy_nats': 1.6686149782882604, 'mean_max_softmax_weight': 0.5134099551904733, 'raw_cost_max_abs': 699366047744.0, 'raw_cost_std': 64966004087.113266, 'softmax_input_grad_norm': 0.02831089496612549, 'softmax_input_pixels_with_gradient': 167364, 'softmax_input_pixels_total': 262144, 'raw_cost_grad_norm': 7.202977905969299e-13, 'epoch': 69, 'batch': 5540, 'total_norm': 12.676475524902344, 'matching_path_norm': 3.754212380600481}, {'softmax_input_median_top2_gap': 1.6726864576339722, 'softmax_input_min_top2_gap': 0.0, 'fraction_pixels_gap_below_88': 1.0, 'exact_ties': 1, 'mean_softmax_entropy_nats': 1.5445956983921887, 'mean_max_softmax_weight': 0.5666953165457138, 'raw_cost_max_abs': 983095115776.0, 'raw_cost_std': 119978417017.76474, 'softmax_input_grad_norm': 0.025296345353126526, 'softmax_input_pixels_with_gradient': 204391, 'softmax_input_pixels_total': 262144, 'raw_cost_grad_norm': 7.150697135110962e-13, 'epoch': 69, 'batch': 5560, 'total_norm': 23.921892166137695, 'matching_path_norm': 6.314124626244943}, {'softmax_input_median_top2_gap': 1.1841840744018555, 'softmax_input_min_top2_gap': 2.6226043701171875e-06, 'fraction_pixels_gap_below_88': 1.0, 'exact_ties': 0, 'mean_softmax_entropy_nats': 1.621911113134956, 'mean_max_softmax_weight': 0.5326576852501053, 'raw_cost_max_abs': 1291935678464.0, 'raw_cost_std': 122915451536.89555, 'softmax_input_grad_norm': 0.04102388769388199, 'softmax_input_pixels_with_gradient': 171974, 'softmax_input_pixels_total': 262144, 'raw_cost_grad_norm': 9.901870989814654e-13, 'epoch': 69, 'batch': 5580, 'total_norm': 58.86565399169922, 'matching_path_norm': 16.563362851570098}, {'softmax_input_median_top2_gap': 0.8087574243545532, 'softmax_input_min_top2_gap': 2.1457672119140625e-06, 'fraction_pixels_gap_below_88': 1.0, 'exact_ties': 0, 'mean_softmax_entropy_nats': 1.6533406927280399, 'mean_max_softmax_weight': 0.503358751219277, 'raw_cost_max_abs': 1068279726080.0, 'raw_cost_std': 113460917949.76419, 'softmax_input_grad_norm': 0.03626368194818497, 'softmax_input_pixels_with_gradient': 219596, 'softmax_input_pixels_total': 262144, 'raw_cost_grad_norm': 1.1628876030525537e-12, 'epoch': 70, 'batch': 5600, 'total_norm': 80.02587890625, 'matching_path_norm': 21.773002841813007}, {'softmax_input_median_top2_gap': 1.3704458475112915, 'softmax_input_min_top2_gap': 1.1920928955078125e-06, 'fraction_pixels_gap_below_88': 1.0, 'exact_ties': 0, 'mean_softmax_entropy_nats': 1.5560897000236866, 'mean_max_softmax_weight': 0.5550940353477738, 'raw_cost_max_abs': 1197333413888.0, 'raw_cost_std': 126659509658.92628, 'softmax_input_grad_norm': 0.027121391147375107, 'softmax_input_pixels_with_gradient': 206571, 'softmax_input_pixels_total': 262144, 'raw_cost_grad_norm': 1.957276571720734e-12, 'epoch': 70, 'batch': 5620, 'total_norm': 28.554397583007812, 'matching_path_norm': 9.195576345351137}, {'softmax_input_median_top2_gap': 1.2225759029388428, 'softmax_input_min_top2_gap': 1.6689300537109375e-06, 'fraction_pixels_gap_below_88': 1.0, 'exact_ties': 0, 'mean_softmax_entropy_nats': 1.5799668128294355, 'mean_max_softmax_weight': 0.5423230267913803, 'raw_cost_max_abs': 1027233218560.0, 'raw_cost_std': 110738770279.2321, 'softmax_input_grad_norm': 0.0334768109023571, 'softmax_input_pixels_with_gradient': 184968, 'softmax_input_pixels_total': 262144, 'raw_cost_grad_norm': 1.4070006010974412e-12, 'epoch': 70, 'batch': 5640, 'total_norm': 27.53424072265625, 'matching_path_norm': 9.00592455668203}, {'softmax_input_median_top2_gap': 0.7471224069595337, 'softmax_input_min_top2_gap': 5.125999450683594e-06, 'fraction_pixels_gap_below_88': 1.0, 'exact_ties': 0, 'mean_softmax_entropy_nats': 1.6838237212719145, 'mean_max_softmax_weight': 0.4858316398654259, 'raw_cost_max_abs': 1589802434560.0, 'raw_cost_std': 138563451621.57773, 'softmax_input_grad_norm': 0.028418196365237236, 'softmax_input_pixels_with_gradient': 205211, 'softmax_input_pixels_total': 262144, 'raw_cost_grad_norm': 8.841002474384296e-13, 'epoch': 70, 'batch': 5660, 'total_norm': 7.973453521728516, 'matching_path_norm': 4.752812670493297}, {'softmax_input_median_top2_gap': 1.0093709230422974, 'softmax_input_min_top2_gap': 4.5299530029296875e-06, 'fraction_pixels_gap_below_88': 1.0, 'exact_ties': 0, 'mean_softmax_entropy_nats': 1.6720213468565692, 'mean_max_softmax_weight': 0.5055854117748098, 'raw_cost_max_abs': 962759622656.0, 'raw_cost_std': 106786864468.94925, 'softmax_input_grad_norm': 0.026829108595848083, 'softmax_input_pixels_with_gradient': 212077, 'softmax_input_pixels_total': 262144, 'raw_cost_grad_norm': 1.296617110554954e-12, 'epoch': 71, 'batch': 5680, 'total_norm': 32.885719299316406, 'matching_path_norm': 9.118264605710001}, {'softmax_input_median_top2_gap': 0.8363912105560303, 'softmax_input_min_top2_gap': 1.1920928955078125e-06, 'fraction_pixels_gap_below_88': 1.0, 'exact_ties': 0, 'mean_softmax_entropy_nats': 1.686358411707754, 'mean_max_softmax_weight': 0.48988736077966955, 'raw_cost_max_abs': 1011202719744.0, 'raw_cost_std': 114462852395.86575, 'softmax_input_grad_norm': 0.02255219779908657, 'softmax_input_pixels_with_gradient': 208537, 'softmax_input_pixels_total': 262144, 'raw_cost_grad_norm': 8.455468855465831e-13, 'epoch': 71, 'batch': 5700, 'total_norm': 11.37204647064209, 'matching_path_norm': 5.602615764427787}, {'softmax_input_median_top2_gap': 1.127024233341217, 'softmax_input_min_top2_gap': 7.152557373046875e-07, 'fraction_pixels_gap_below_88': 1.0, 'exact_ties': 0, 'mean_softmax_entropy_nats': 1.5993299667521945, 'mean_max_softmax_weight': 0.5413689440559948, 'raw_cost_max_abs': 970652778496.0, 'raw_cost_std': 103854386465.78632, 'softmax_input_grad_norm': 0.029246333986520767, 'softmax_input_pixels_with_gradient': 207127, 'softmax_input_pixels_total': 262144, 'raw_cost_grad_norm': 9.521176165191991e-13, 'epoch': 71, 'batch': 5720, 'total_norm': 50.5410270690918, 'matching_path_norm': 12.712203845091253}, {'softmax_input_median_top2_gap': 1.099737524986267, 'softmax_input_min_top2_gap': 1.0728836059570312e-06, 'fraction_pixels_gap_below_88': 1.0, 'exact_ties': 0, 'mean_softmax_entropy_nats': 1.5852050435057823, 'mean_max_softmax_weight': 0.5390027279066233, 'raw_cost_max_abs': 703930761216.0, 'raw_cost_std': 84596717247.35287, 'softmax_input_grad_norm': 0.030904076993465424, 'softmax_input_pixels_with_gradient': 170976, 'softmax_input_pixels_total': 262144, 'raw_cost_grad_norm': 9.758754134642222e-13, 'epoch': 71, 'batch': 5740, 'total_norm': 10.774812698364258, 'matching_path_norm': 4.565472282985662}, {'softmax_input_median_top2_gap': 0.9580826759338379, 'softmax_input_min_top2_gap': 1.7881393432617188e-06, 'fraction_pixels_gap_below_88': 1.0, 'exact_ties': 0, 'mean_softmax_entropy_nats': 1.5921580145815546, 'mean_max_softmax_weight': 0.5303489555857963, 'raw_cost_max_abs': 971405393920.0, 'raw_cost_std': 113405614303.48596, 'softmax_input_grad_norm': 0.031452786177396774, 'softmax_input_pixels_with_gradient': 204757, 'softmax_input_pixels_total': 262144, 'raw_cost_grad_norm': 2.0045540748137025e-12, 'epoch': 72, 'batch': 5760, 'total_norm': 48.9843864440918, 'matching_path_norm': 16.078574537193052}, {'softmax_input_median_top2_gap': 0.8046324253082275, 'softmax_input_min_top2_gap': 9.894371032714844e-06, 'fraction_pixels_gap_below_88': 1.0, 'exact_ties': 0, 'mean_softmax_entropy_nats': 1.6388085213269705, 'mean_max_softmax_weight': 0.5022178379884671, 'raw_cost_max_abs': 979436044288.0, 'raw_cost_std': 122505253520.76117, 'softmax_input_grad_norm': 0.02874874696135521, 'softmax_input_pixels_with_gradient': 168277, 'softmax_input_pixels_total': 262144, 'raw_cost_grad_norm': 1.1363314803003455e-12, 'epoch': 72, 'batch': 5780, 'total_norm': 28.539369583129883, 'matching_path_norm': 8.077016153838029}, {'softmax_input_median_top2_gap': 1.4519943594932556, 'softmax_input_min_top2_gap': 9.417533874511719e-06, 'fraction_pixels_gap_below_88': 1.0, 'exact_ties': 0, 'mean_softmax_entropy_nats': 1.5687789820223665, 'mean_max_softmax_weight': 0.5504080483845573, 'raw_cost_max_abs': 1310666522624.0, 'raw_cost_std': 131618287252.08856, 'softmax_input_grad_norm': 0.027452966198325157, 'softmax_input_pixels_with_gradient': 178079, 'softmax_input_pixels_total': 262144, 'raw_cost_grad_norm': 7.575446888709314e-13, 'epoch': 72, 'batch': 5800, 'total_norm': 16.120792388916016, 'matching_path_norm': 6.190711793072936}, {'softmax_input_median_top2_gap': 1.6949093341827393, 'softmax_input_min_top2_gap': 1.4185905456542969e-05, 'fraction_pixels_gap_below_88': 1.0, 'exact_ties': 0, 'mean_softmax_entropy_nats': 1.5307820879248935, 'mean_max_softmax_weight': 0.5731941726920664, 'raw_cost_max_abs': 1291932401664.0, 'raw_cost_std': 134146081263.26665, 'softmax_input_grad_norm': 0.02708965353667736, 'softmax_input_pixels_with_gradient': 195991, 'softmax_input_pixels_total': 262144, 'raw_cost_grad_norm': 9.55402640681613e-13, 'epoch': 72, 'batch': 5820, 'total_norm': 45.54535675048828, 'matching_path_norm': 11.607468957141135}, {'softmax_input_median_top2_gap': 0.980860710144043, 'softmax_input_min_top2_gap': 4.76837158203125e-06, 'fraction_pixels_gap_below_88': 1.0, 'exact_ties': 0, 'mean_softmax_entropy_nats': 1.638484831852995, 'mean_max_softmax_weight': 0.5139495122751289, 'raw_cost_max_abs': 701394649088.0, 'raw_cost_std': 89899591719.9881, 'softmax_input_grad_norm': 0.03985205292701721, 'softmax_input_pixels_with_gradient': 212778, 'softmax_input_pixels_total': 262144, 'raw_cost_grad_norm': 1.1713911091115747e-12, 'epoch': 73, 'batch': 5840, 'total_norm': 70.98442077636719, 'matching_path_norm': 20.28252835200102}, {'softmax_input_median_top2_gap': 1.6315566301345825, 'softmax_input_min_top2_gap': 2.6226043701171875e-06, 'fraction_pixels_gap_below_88': 1.0, 'exact_ties': 0, 'mean_softmax_entropy_nats': 1.5307998780442071, 'mean_max_softmax_weight': 0.5675970775954484, 'raw_cost_max_abs': 852856995840.0, 'raw_cost_std': 98929821216.14172, 'softmax_input_grad_norm': 0.03566911816596985, 'softmax_input_pixels_with_gradient': 188658, 'softmax_input_pixels_total': 262144, 'raw_cost_grad_norm': 1.0699243140760428e-12, 'epoch': 73, 'batch': 5860, 'total_norm': 13.120725631713867, 'matching_path_norm': 7.385656616063001}, {'softmax_input_median_top2_gap': 1.0516197681427002, 'softmax_input_min_top2_gap': 4.5299530029296875e-06, 'fraction_pixels_gap_below_88': 1.0, 'exact_ties': 0, 'mean_softmax_entropy_nats': 1.6990770615752075, 'mean_max_softmax_weight': 0.4974737069889569, 'raw_cost_max_abs': 785900634112.0, 'raw_cost_std': 65622942409.878174, 'softmax_input_grad_norm': 0.032755542546510696, 'softmax_input_pixels_with_gradient': 209621, 'softmax_input_pixels_total': 262144, 'raw_cost_grad_norm': 1.3094062509613758e-12, 'epoch': 73, 'batch': 5880, 'total_norm': 12.237812995910645, 'matching_path_norm': 8.846858690265195}, {'softmax_input_median_top2_gap': 1.249656081199646, 'softmax_input_min_top2_gap': 6.198883056640625e-06, 'fraction_pixels_gap_below_88': 1.0, 'exact_ties': 0, 'mean_softmax_entropy_nats': 1.63310361965121, 'mean_max_softmax_weight': 0.5223201030199643, 'raw_cost_max_abs': 839881981952.0, 'raw_cost_std': 79812085677.97833, 'softmax_input_grad_norm': 0.026942497119307518, 'softmax_input_pixels_with_gradient': 192186, 'softmax_input_pixels_total': 262144, 'raw_cost_grad_norm': 1.7682009285577283e-12, 'epoch': 73, 'batch': 5900, 'total_norm': 26.903871536254883, 'matching_path_norm': 8.496775796199193}, {'softmax_input_median_top2_gap': 1.6924526691436768, 'softmax_input_min_top2_gap': 3.4928321838378906e-05, 'fraction_pixels_gap_below_88': 1.0, 'exact_ties': 0, 'mean_softmax_entropy_nats': 1.5102832210110302, 'mean_max_softmax_weight': 0.5839061997602206, 'raw_cost_max_abs': 1140476346368.0, 'raw_cost_std': 137089284691.09062, 'softmax_input_grad_norm': 0.031504277139902115, 'softmax_input_pixels_with_gradient': 178046, 'softmax_input_pixels_total': 262144, 'raw_cost_grad_norm': 1.092992883700017e-12, 'epoch': 74, 'batch': 5920, 'total_norm': 35.13875198364258, 'matching_path_norm': 13.045783986473905}, {'softmax_input_median_top2_gap': 1.1400402784347534, 'softmax_input_min_top2_gap': 1.3113021850585938e-06, 'fraction_pixels_gap_below_88': 1.0, 'exact_ties': 0, 'mean_softmax_entropy_nats': 1.5750308223069363, 'mean_max_softmax_weight': 0.5446682890904133, 'raw_cost_max_abs': 1007704539136.0, 'raw_cost_std': 100619344731.38947, 'softmax_input_grad_norm': 0.042601555585861206, 'softmax_input_pixels_with_gradient': 171427, 'softmax_input_pixels_total': 262144, 'raw_cost_grad_norm': 2.8986867160046836e-12, 'epoch': 74, 'batch': 5940, 'total_norm': 30.179054260253906, 'matching_path_norm': 17.588902428208822}, {'softmax_input_median_top2_gap': 0.9019325971603394, 'softmax_input_min_top2_gap': 2.86102294921875e-06, 'fraction_pixels_gap_below_88': 1.0, 'exact_ties': 0, 'mean_softmax_entropy_nats': 1.602407358689097, 'mean_max_softmax_weight': 0.5262419387695179, 'raw_cost_max_abs': 862120706048.0, 'raw_cost_std': 99272960032.75066, 'softmax_input_grad_norm': 0.02397969365119934, 'softmax_input_pixels_with_gradient': 187688, 'softmax_input_pixels_total': 262144, 'raw_cost_grad_norm': 7.316616930375108e-13, 'epoch': 74, 'batch': 5960, 'total_norm': 6.594085216522217, 'matching_path_norm': 3.3051838835690988}, {'softmax_input_median_top2_gap': 0.9715687036514282, 'softmax_input_min_top2_gap': 1.6927719116210938e-05, 'fraction_pixels_gap_below_88': 1.0, 'exact_ties': 0, 'mean_softmax_entropy_nats': 1.663247462399399, 'mean_max_softmax_weight': 0.5010207056902543, 'raw_cost_max_abs': 1150886739968.0, 'raw_cost_std': 101317861906.96245, 'softmax_input_grad_norm': 0.031301967799663544, 'softmax_input_pixels_with_gradient': 172834, 'softmax_input_pixels_total': 262144, 'raw_cost_grad_norm': 9.98834803929427e-13, 'epoch': 74, 'batch': 5980, 'total_norm': 25.83440399169922, 'matching_path_norm': 8.678457511319394}, {'softmax_input_median_top2_gap': 0.8695526123046875, 'softmax_input_min_top2_gap': 4.0531158447265625e-06, 'fraction_pixels_gap_below_88': 1.0, 'exact_ties': 0, 'mean_softmax_entropy_nats': 1.625630236017571, 'mean_max_softmax_weight': 0.5148453240099103, 'raw_cost_max_abs': 1435927052288.0, 'raw_cost_std': 118098139917.76035, 'softmax_input_grad_norm': 0.03633924573659897, 'softmax_input_pixels_with_gradient': 226972, 'softmax_input_pixels_total': 262144, 'raw_cost_grad_norm': 1.7683045782854179e-12, 'epoch': 75, 'batch': 6000, 'total_norm': 51.21265411376953, 'matching_path_norm': 29.747083939791146}, {'softmax_input_median_top2_gap': 0.7885558605194092, 'softmax_input_min_top2_gap': 1.6689300537109375e-06, 'fraction_pixels_gap_below_88': 1.0, 'exact_ties': 0, 'mean_softmax_entropy_nats': 1.6667451588706141, 'mean_max_softmax_weight': 0.49657502069114196, 'raw_cost_max_abs': 1217129480192.0, 'raw_cost_std': 108795586738.30885, 'softmax_input_grad_norm': 0.026629677042365074, 'softmax_input_pixels_with_gradient': 234149, 'softmax_input_pixels_total': 262144, 'raw_cost_grad_norm': 1.1947142494056484e-12, 'epoch': 75, 'batch': 6020, 'total_norm': 20.365558624267578, 'matching_path_norm': 6.850618689894201}, {'softmax_input_median_top2_gap': 1.1332095265388489, 'softmax_input_min_top2_gap': 1.2874603271484375e-05, 'fraction_pixels_gap_below_88': 1.0, 'exact_ties': 0, 'mean_softmax_entropy_nats': 1.6135247226863108, 'mean_max_softmax_weight': 0.5340106624013701, 'raw_cost_max_abs': 1506838839296.0, 'raw_cost_std': 149939809685.83087, 'softmax_input_grad_norm': 0.02512427419424057, 'softmax_input_pixels_with_gradient': 188466, 'softmax_input_pixels_total': 262144, 'raw_cost_grad_norm': 7.118557045909801e-13, 'epoch': 75, 'batch': 6040, 'total_norm': 21.760723114013672, 'matching_path_norm': 6.649412047801963}, {'softmax_input_median_top2_gap': 1.3972288370132446, 'softmax_input_min_top2_gap': 6.198883056640625e-06, 'fraction_pixels_gap_below_88': 1.0, 'exact_ties': 0, 'mean_softmax_entropy_nats': 1.5117949312398018, 'mean_max_softmax_weight': 0.5741476979721271, 'raw_cost_max_abs': 1655491133440.0, 'raw_cost_std': 164841397426.8665, 'softmax_input_grad_norm': 0.03657158464193344, 'softmax_input_pixels_with_gradient': 173721, 'softmax_input_pixels_total': 262144, 'raw_cost_grad_norm': 9.196634339486698e-13, 'epoch': 75, 'batch': 6060, 'total_norm': 57.15322494506836, 'matching_path_norm': 16.16986256188836}, {'softmax_input_median_top2_gap': 0.9576964378356934, 'softmax_input_min_top2_gap': 4.76837158203125e-07, 'fraction_pixels_gap_below_88': 1.0, 'exact_ties': 0, 'mean_softmax_entropy_nats': 1.601461244862183, 'mean_max_softmax_weight': 0.527821756976518, 'raw_cost_max_abs': 935454769152.0, 'raw_cost_std': 126036693622.37547, 'softmax_input_grad_norm': 0.030792953446507454, 'softmax_input_pixels_with_gradient': 170687, 'softmax_input_pixels_total': 262144, 'raw_cost_grad_norm': 9.58566451041143e-13, 'epoch': 76, 'batch': 6080, 'total_norm': 32.8679084777832, 'matching_path_norm': 9.170978322320918}, {'softmax_input_median_top2_gap': 2.029454827308655, 'softmax_input_min_top2_gap': 5.7220458984375e-06, 'fraction_pixels_gap_below_88': 1.0, 'exact_ties': 0, 'mean_softmax_entropy_nats': 1.5205310605490685, 'mean_max_softmax_weight': 0.5751559167732466, 'raw_cost_max_abs': 1495524704256.0, 'raw_cost_std': 175357805994.29443, 'softmax_input_grad_norm': 0.02472534589469433, 'softmax_input_pixels_with_gradient': 203437, 'softmax_input_pixels_total': 262144, 'raw_cost_grad_norm': 6.767419740913438e-13, 'epoch': 76, 'batch': 6100, 'total_norm': 38.0215950012207, 'matching_path_norm': 9.107241768932056}, {'softmax_input_median_top2_gap': 0.8011519908905029, 'softmax_input_min_top2_gap': 3.0994415283203125e-06, 'fraction_pixels_gap_below_88': 1.0, 'exact_ties': 0, 'mean_softmax_entropy_nats': 1.6822879154917556, 'mean_max_softmax_weight': 0.49373593407725047, 'raw_cost_max_abs': 1282063335424.0, 'raw_cost_std': 114072198340.59966, 'softmax_input_grad_norm': 0.022716829553246498, 'softmax_input_pixels_with_gradient': 239549, 'softmax_input_pixels_total': 262144, 'raw_cost_grad_norm': 1.2362870059276498e-12, 'epoch': 76, 'batch': 6120, 'total_norm': 14.546244621276855, 'matching_path_norm': 7.2805780103755575}, {'softmax_input_median_top2_gap': 0.9154071807861328, 'softmax_input_min_top2_gap': 1.0013580322265625e-05, 'fraction_pixels_gap_below_88': 1.0, 'exact_ties': 0, 'mean_softmax_entropy_nats': 1.6585228465505313, 'mean_max_softmax_weight': 0.5090644279782066, 'raw_cost_max_abs': 1579053219840.0, 'raw_cost_std': 148705481470.83133, 'softmax_input_grad_norm': 0.02326945587992668, 'softmax_input_pixels_with_gradient': 221330, 'softmax_input_pixels_total': 262144, 'raw_cost_grad_norm': 1.0821875080085919e-12, 'epoch': 76, 'batch': 6140, 'total_norm': 25.20534896850586, 'matching_path_norm': 6.993755097676745}, {'softmax_input_median_top2_gap': 1.0764936208724976, 'softmax_input_min_top2_gap': 2.1457672119140625e-06, 'fraction_pixels_gap_below_88': 1.0, 'exact_ties': 0, 'mean_softmax_entropy_nats': 1.6030150786239705, 'mean_max_softmax_weight': 0.5343951281740333, 'raw_cost_max_abs': 838454673408.0, 'raw_cost_std': 84243746037.86597, 'softmax_input_grad_norm': 0.024869976565241814, 'softmax_input_pixels_with_gradient': 203553, 'softmax_input_pixels_total': 262144, 'raw_cost_grad_norm': 1.4228909933980405e-12, 'epoch': 77, 'batch': 6160, 'total_norm': 30.043027877807617, 'matching_path_norm': 8.891167438538503}, {'softmax_input_median_top2_gap': 0.5400959253311157, 'softmax_input_min_top2_gap': 3.933906555175781e-06, 'fraction_pixels_gap_below_88': 1.0, 'exact_ties': 0, 'mean_softmax_entropy_nats': 1.7927838794392852, 'mean_max_softmax_weight': 0.42795732201757053, 'raw_cost_max_abs': 623812739072.0, 'raw_cost_std': 78310648171.23938, 'softmax_input_grad_norm': 0.023522797971963882, 'softmax_input_pixels_with_gradient': 231142, 'softmax_input_pixels_total': 262144, 'raw_cost_grad_norm': 9.12744380944519e-13, 'epoch': 77, 'batch': 6180, 'total_norm': 32.075096130371094, 'matching_path_norm': 6.877715758815634}, {'softmax_input_median_top2_gap': 1.926043152809143, 'softmax_input_min_top2_gap': 1.1324882507324219e-05, 'fraction_pixels_gap_below_88': 1.0, 'exact_ties': 0, 'mean_softmax_entropy_nats': 1.516931431787788, 'mean_max_softmax_weight': 0.5766302908819451, 'raw_cost_max_abs': 2550916186112.0, 'raw_cost_std': 237586886143.92215, 'softmax_input_grad_norm': 0.028644388541579247, 'softmax_input_pixels_with_gradient': 202855, 'softmax_input_pixels_total': 262144, 'raw_cost_grad_norm': 7.074664747259984e-13, 'epoch': 77, 'batch': 6200, 'total_norm': 65.1185302734375, 'matching_path_norm': 15.034151017265096}, {'softmax_input_median_top2_gap': 0.9358031749725342, 'softmax_input_min_top2_gap': 1.0251998901367188e-05, 'fraction_pixels_gap_below_88': 1.0, 'exact_ties': 0, 'mean_softmax_entropy_nats': 1.6126324534401502, 'mean_max_softmax_weight': 0.5211656480549364, 'raw_cost_max_abs': 1260151504896.0, 'raw_cost_std': 149112446134.35413, 'softmax_input_grad_norm': 0.029062366113066673, 'softmax_input_pixels_with_gradient': 191181, 'softmax_input_pixels_total': 262144, 'raw_cost_grad_norm': 5.774332292700357e-13, 'epoch': 77, 'batch': 6220, 'total_norm': 15.37104320526123, 'matching_path_norm': 8.66295652433129}, {'softmax_input_median_top2_gap': 1.2387802600860596, 'softmax_input_min_top2_gap': 4.291534423828125e-06, 'fraction_pixels_gap_below_88': 1.0, 'exact_ties': 0, 'mean_softmax_entropy_nats': 1.5585412727071897, 'mean_max_softmax_weight': 0.5518953817818545, 'raw_cost_max_abs': 1608746532864.0, 'raw_cost_std': 204243772145.1553, 'softmax_input_grad_norm': 0.03128959238529205, 'softmax_input_pixels_with_gradient': 185445, 'softmax_input_pixels_total': 262144, 'raw_cost_grad_norm': 8.510934470205844e-13, 'epoch': 78, 'batch': 6240, 'total_norm': 8.371644020080566, 'matching_path_norm': 4.322703963553927}, {'softmax_input_median_top2_gap': 2.5888915061950684, 'softmax_input_min_top2_gap': 4.208087921142578e-05, 'fraction_pixels_gap_below_88': 1.0, 'exact_ties': 0, 'mean_softmax_entropy_nats': 1.4125043839891658, 'mean_max_softmax_weight': 0.6287097760633459, 'raw_cost_max_abs': 1528065163264.0, 'raw_cost_std': 182508243216.90997, 'softmax_input_grad_norm': 0.02872828207910061, 'softmax_input_pixels_with_gradient': 168713, 'softmax_input_pixels_total': 262144, 'raw_cost_grad_norm': 1.1441542158152629e-12, 'epoch': 78, 'batch': 6260, 'total_norm': 33.44643783569336, 'matching_path_norm': 10.564141737806622}, {'softmax_input_median_top2_gap': 0.8444926738739014, 'softmax_input_min_top2_gap': 9.5367431640625e-07, 'fraction_pixels_gap_below_88': 1.0, 'exact_ties': 0, 'mean_softmax_entropy_nats': 1.6545764235748082, 'mean_max_softmax_weight': 0.5028575899379206, 'raw_cost_max_abs': 1260766101504.0, 'raw_cost_std': 133425407034.86893, 'softmax_input_grad_norm': 0.032502152025699615, 'softmax_input_pixels_with_gradient': 219512, 'softmax_input_pixels_total': 262144, 'raw_cost_grad_norm': 1.120348497134216e-12, 'epoch': 78, 'batch': 6280, 'total_norm': 71.72913360595703, 'matching_path_norm': 18.027908375153686}, {'softmax_input_median_top2_gap': 1.4417779445648193, 'softmax_input_min_top2_gap': 4.887580871582031e-06, 'fraction_pixels_gap_below_88': 1.0, 'exact_ties': 0, 'mean_softmax_entropy_nats': 1.5899382821745758, 'mean_max_softmax_weight': 0.5415644372587638, 'raw_cost_max_abs': 1167119220736.0, 'raw_cost_std': 120410422963.64178, 'softmax_input_grad_norm': 0.023484006524086, 'softmax_input_pixels_with_gradient': 211673, 'softmax_input_pixels_total': 262144, 'raw_cost_grad_norm': 6.19410284782157e-13, 'epoch': 78, 'batch': 6300, 'total_norm': 7.257209300994873, 'matching_path_norm': 3.280343377372801}, {'softmax_input_median_top2_gap': 0.77927565574646, 'softmax_input_min_top2_gap': 1.430511474609375e-06, 'fraction_pixels_gap_below_88': 1.0, 'exact_ties': 0, 'mean_softmax_entropy_nats': 1.66421246768829, 'mean_max_softmax_weight': 0.49480450372854634, 'raw_cost_max_abs': 1354098147328.0, 'raw_cost_std': 148185277833.19635, 'softmax_input_grad_norm': 0.03080325946211815, 'softmax_input_pixels_with_gradient': 230714, 'softmax_input_pixels_total': 262144, 'raw_cost_grad_norm': 6.090218390361612e-13, 'epoch': 79, 'batch': 6320, 'total_norm': 34.81431198120117, 'matching_path_norm': 11.734503514742332}, {'softmax_input_median_top2_gap': 0.8840658664703369, 'softmax_input_min_top2_gap': 5.7220458984375e-06, 'fraction_pixels_gap_below_88': 1.0, 'exact_ties': 0, 'mean_softmax_entropy_nats': 1.6531161058602966, 'mean_max_softmax_weight': 0.5026402354606188, 'raw_cost_max_abs': 1938302435328.0, 'raw_cost_std': 191813998112.4907, 'softmax_input_grad_norm': 0.03366207703948021, 'softmax_input_pixels_with_gradient': 199068, 'softmax_input_pixels_total': 262144, 'raw_cost_grad_norm': 8.361021835816274e-13, 'epoch': 79, 'batch': 6340, 'total_norm': 23.0677433013916, 'matching_path_norm': 9.012449754194835}, {'softmax_input_median_top2_gap': 2.1130120158195496, 'softmax_input_min_top2_gap': 3.135204315185547e-05, 'fraction_pixels_gap_below_88': 1.0, 'exact_ties': 0, 'mean_softmax_entropy_nats': 1.4732451788530185, 'mean_max_softmax_weight': 0.5999007437559973, 'raw_cost_max_abs': 1363546603520.0, 'raw_cost_std': 155003180234.8552, 'softmax_input_grad_norm': 0.04323955997824669, 'softmax_input_pixels_with_gradient': 176729, 'softmax_input_pixels_total': 262144, 'raw_cost_grad_norm': 1.4360882275021858e-12, 'epoch': 79, 'batch': 6360, 'total_norm': 45.15488052368164, 'matching_path_norm': 24.90300365414751}, {'softmax_input_median_top2_gap': 1.1597564220428467, 'softmax_input_min_top2_gap': 9.5367431640625e-07, 'fraction_pixels_gap_below_88': 1.0, 'exact_ties': 0, 'mean_softmax_entropy_nats': 1.5810215383875466, 'mean_max_softmax_weight': 0.543602742053386, 'raw_cost_max_abs': 1880318541824.0, 'raw_cost_std': 169430573405.32635, 'softmax_input_grad_norm': 0.03324190154671669, 'softmax_input_pixels_with_gradient': 166735, 'softmax_input_pixels_total': 262144, 'raw_cost_grad_norm': 5.029831802796925e-13, 'epoch': 79, 'batch': 6380, 'total_norm': 8.472247123718262, 'matching_path_norm': 5.19967843685713}, {'softmax_input_median_top2_gap': 0.7884050607681274, 'softmax_input_min_top2_gap': 8.821487426757812e-06, 'fraction_pixels_gap_below_88': 1.0, 'exact_ties': 0, 'mean_softmax_entropy_nats': 1.7005967972755618, 'mean_max_softmax_weight': 0.4865533191901822, 'raw_cost_max_abs': 1155577675776.0, 'raw_cost_std': 115234688158.45367, 'softmax_input_grad_norm': 0.025961661711335182, 'softmax_input_pixels_with_gradient': 251650, 'softmax_input_pixels_total': 262144, 'raw_cost_grad_norm': 1.6956024258274471e-12, 'epoch': 80, 'batch': 6400, 'total_norm': 42.115848541259766, 'matching_path_norm': 14.30591304152977}, {'softmax_input_median_top2_gap': 0.9133434295654297, 'softmax_input_min_top2_gap': 7.62939453125e-06, 'fraction_pixels_gap_below_88': 1.0, 'exact_ties': 0, 'mean_softmax_entropy_nats': 1.6574651627049755, 'mean_max_softmax_weight': 0.502232700193852, 'raw_cost_max_abs': 1733866291200.0, 'raw_cost_std': 151813024000.44775, 'softmax_input_grad_norm': 0.03252734616398811, 'softmax_input_pixels_with_gradient': 207056, 'softmax_input_pixels_total': 262144, 'raw_cost_grad_norm': 8.8030516036397e-13, 'epoch': 80, 'batch': 6420, 'total_norm': 33.115203857421875, 'matching_path_norm': 9.6370039233388}, {'softmax_input_median_top2_gap': 0.8149677515029907, 'softmax_input_min_top2_gap': 4.76837158203125e-06, 'fraction_pixels_gap_below_88': 1.0, 'exact_ties': 0, 'mean_softmax_entropy_nats': 1.6983944543890934, 'mean_max_softmax_weight': 0.4834082782908757, 'raw_cost_max_abs': 1280410910720.0, 'raw_cost_std': 109828195569.09099, 'softmax_input_grad_norm': 0.030317287892103195, 'softmax_input_pixels_with_gradient': 213423, 'softmax_input_pixels_total': 262144, 'raw_cost_grad_norm': 1.0756211459711507e-12, 'epoch': 80, 'batch': 6440, 'total_norm': 64.68010711669922, 'matching_path_norm': 16.562973904290374}, {'softmax_input_median_top2_gap': 1.028869867324829, 'softmax_input_min_top2_gap': 7.62939453125e-06, 'fraction_pixels_gap_below_88': 1.0, 'exact_ties': 0, 'mean_softmax_entropy_nats': 1.6017340500838935, 'mean_max_softmax_weight': 0.5320518524808221, 'raw_cost_max_abs': 1279373869056.0, 'raw_cost_std': 165490379477.55923, 'softmax_input_grad_norm': 0.028859015554189682, 'softmax_input_pixels_with_gradient': 214130, 'softmax_input_pixels_total': 262144, 'raw_cost_grad_norm': 1.3985892522230814e-12, 'epoch': 80, 'batch': 6460, 'total_norm': 15.726863861083984, 'matching_path_norm': 8.400317619992574}, {'softmax_input_median_top2_gap': 1.6752945184707642, 'softmax_input_min_top2_gap': 4.0531158447265625e-06, 'fraction_pixels_gap_below_88': 1.0, 'exact_ties': 0, 'mean_softmax_entropy_nats': 1.5298090138109997, 'mean_max_softmax_weight': 0.5711362325018969, 'raw_cost_max_abs': 1569120845824.0, 'raw_cost_std': 182491214408.82346, 'softmax_input_grad_norm': 0.03271600976586342, 'softmax_input_pixels_with_gradient': 197780, 'softmax_input_pixels_total': 262144, 'raw_cost_grad_norm': 1.1259246573275261e-12, 'epoch': 81, 'batch': 6480, 'total_norm': 33.656951904296875, 'matching_path_norm': 9.688300083656088}, {'softmax_input_median_top2_gap': 1.754270315170288, 'softmax_input_min_top2_gap': 9.417533874511719e-06, 'fraction_pixels_gap_below_88': 1.0, 'exact_ties': 0, 'mean_softmax_entropy_nats': 1.5337265558739315, 'mean_max_softmax_weight': 0.5698509750700202, 'raw_cost_max_abs': 2039095492608.0, 'raw_cost_std': 246264315176.81604, 'softmax_input_grad_norm': 0.032722339034080505, 'softmax_input_pixels_with_gradient': 203219, 'softmax_input_pixels_total': 262144, 'raw_cost_grad_norm': 6.371282082646978e-13, 'epoch': 81, 'batch': 6500, 'total_norm': 40.242462158203125, 'matching_path_norm': 13.036057726464128}, {'softmax_input_median_top2_gap': 1.2281712293624878, 'softmax_input_min_top2_gap': 2.1457672119140625e-06, 'fraction_pixels_gap_below_88': 1.0, 'exact_ties': 0, 'mean_softmax_entropy_nats': 1.6826422765098124, 'mean_max_softmax_weight': 0.5045232392270576, 'raw_cost_max_abs': 1843752337408.0, 'raw_cost_std': 161840542594.5781, 'softmax_input_grad_norm': 0.0231814906001091, 'softmax_input_pixels_with_gradient': 231862, 'softmax_input_pixels_total': 262144, 'raw_cost_grad_norm': 1.0093730322055516e-12, 'epoch': 81, 'batch': 6520, 'total_norm': 50.21659469604492, 'matching_path_norm': 10.845861693972939}, {'softmax_input_median_top2_gap': 0.803945779800415, 'softmax_input_min_top2_gap': 1.0728836059570312e-06, 'fraction_pixels_gap_below_88': 1.0, 'exact_ties': 0, 'mean_softmax_entropy_nats': 1.655645046240805, 'mean_max_softmax_weight': 0.5010551379375792, 'raw_cost_max_abs': 1951497453568.0, 'raw_cost_std': 224540802747.63416, 'softmax_input_grad_norm': 0.02395990677177906, 'softmax_input_pixels_with_gradient': 227512, 'softmax_input_pixels_total': 262144, 'raw_cost_grad_norm': 7.430932496936549e-13, 'epoch': 81, 'batch': 6540, 'total_norm': 23.06147575378418, 'matching_path_norm': 7.966108426103543}, {'softmax_input_median_top2_gap': 1.1841723322868347, 'softmax_input_min_top2_gap': 1.7881393432617188e-06, 'fraction_pixels_gap_below_88': 1.0, 'exact_ties': 0, 'mean_softmax_entropy_nats': 1.5805393542063277, 'mean_max_softmax_weight': 0.5416272336805222, 'raw_cost_max_abs': 1322084859904.0, 'raw_cost_std': 149633336809.37134, 'softmax_input_grad_norm': 0.021292980760335922, 'softmax_input_pixels_with_gradient': 212327, 'softmax_input_pixels_total': 262144, 'raw_cost_grad_norm': 5.391036467065902e-13, 'epoch': 82, 'batch': 6560, 'total_norm': 35.32312774658203, 'matching_path_norm': 8.481872643902943}, {'softmax_input_median_top2_gap': 0.7592145204544067, 'softmax_input_min_top2_gap': 1.1920928955078125e-05, 'fraction_pixels_gap_below_88': 1.0, 'exact_ties': 0, 'mean_softmax_entropy_nats': 1.6749737303782357, 'mean_max_softmax_weight': 0.4915266044823129, 'raw_cost_max_abs': 1852395225088.0, 'raw_cost_std': 188341935211.12372, 'softmax_input_grad_norm': 0.02883314900100231, 'softmax_input_pixels_with_gradient': 237545, 'softmax_input_pixels_total': 262144, 'raw_cost_grad_norm': 5.490304933776502e-13, 'epoch': 82, 'batch': 6580, 'total_norm': 54.00025939941406, 'matching_path_norm': 13.338930774005568}, {'softmax_input_median_top2_gap': 0.9962350130081177, 'softmax_input_min_top2_gap': 1.52587890625e-05, 'fraction_pixels_gap_below_88': 1.0, 'exact_ties': 0, 'mean_softmax_entropy_nats': 1.5951081344888056, 'mean_max_softmax_weight': 0.5335304191082292, 'raw_cost_max_abs': 1847863803904.0, 'raw_cost_std': 204754073029.4581, 'softmax_input_grad_norm': 0.02511349320411682, 'softmax_input_pixels_with_gradient': 213050, 'softmax_input_pixels_total': 262144, 'raw_cost_grad_norm': 5.373018653262451e-13, 'epoch': 82, 'batch': 6600, 'total_norm': 13.254941940307617, 'matching_path_norm': 2.90053222541977}, {'softmax_input_median_top2_gap': 1.3630932569503784, 'softmax_input_min_top2_gap': 4.029273986816406e-05, 'fraction_pixels_gap_below_88': 1.0, 'exact_ties': 0, 'mean_softmax_entropy_nats': 1.531519918507084, 'mean_max_softmax_weight': 0.5650489322621765, 'raw_cost_max_abs': 1963412815872.0, 'raw_cost_std': 193598312234.79898, 'softmax_input_grad_norm': 0.029091378673911095, 'softmax_input_pixels_with_gradient': 165656, 'softmax_input_pixels_total': 262144, 'raw_cost_grad_norm': 5.234043450388914e-13, 'epoch': 82, 'batch': 6620, 'total_norm': 11.698091506958008, 'matching_path_norm': 5.219777286196076}, {'softmax_input_median_top2_gap': 1.1672621965408325, 'softmax_input_min_top2_gap': 8.821487426757812e-06, 'fraction_pixels_gap_below_88': 1.0, 'exact_ties': 0, 'mean_softmax_entropy_nats': 1.573736181736002, 'mean_max_softmax_weight': 0.5477188693721475, 'raw_cost_max_abs': 1865627336704.0, 'raw_cost_std': 197817585194.18527, 'softmax_input_grad_norm': 0.03253478556871414, 'softmax_input_pixels_with_gradient': 183171, 'softmax_input_pixels_total': 262144, 'raw_cost_grad_norm': 4.901507802065885e-13, 'epoch': 83, 'batch': 6640, 'total_norm': 39.224609375, 'matching_path_norm': 10.971226308037156}, {'softmax_input_median_top2_gap': 0.9404267072677612, 'softmax_input_min_top2_gap': 5.245208740234375e-06, 'fraction_pixels_gap_below_88': 1.0, 'exact_ties': 0, 'mean_softmax_entropy_nats': 1.7264127539263006, 'mean_max_softmax_weight': 0.47942738504959925, 'raw_cost_max_abs': 1939392561152.0, 'raw_cost_std': 153895376161.4441, 'softmax_input_grad_norm': 0.02322215586900711, 'softmax_input_pixels_with_gradient': 222121, 'softmax_input_pixels_total': 262144, 'raw_cost_grad_norm': 6.221435042488843e-13, 'epoch': 83, 'batch': 6660, 'total_norm': 18.828039169311523, 'matching_path_norm': 5.613877998506886}, {'softmax_input_median_top2_gap': 0.9207770824432373, 'softmax_input_min_top2_gap': 7.62939453125e-06, 'fraction_pixels_gap_below_88': 1.0, 'exact_ties': 0, 'mean_softmax_entropy_nats': 1.6055509501515117, 'mean_max_softmax_weight': 0.5287904552259907, 'raw_cost_max_abs': 2292409434112.0, 'raw_cost_std': 220408096895.83347, 'softmax_input_grad_norm': 0.025662308558821678, 'softmax_input_pixels_with_gradient': 198312, 'softmax_input_pixels_total': 262144, 'raw_cost_grad_norm': 5.808281915327396e-13, 'epoch': 83, 'batch': 6680, 'total_norm': 26.306167602539062, 'matching_path_norm': 7.900058312057218}, {'softmax_input_median_top2_gap': 1.2037650346755981, 'softmax_input_min_top2_gap': 6.794929504394531e-06, 'fraction_pixels_gap_below_88': 1.0, 'exact_ties': 0, 'mean_softmax_entropy_nats': 1.5788469302602226, 'mean_max_softmax_weight': 0.5509533180669117, 'raw_cost_max_abs': 2671002517504.0, 'raw_cost_std': 252967507910.22028, 'softmax_input_grad_norm': 0.025631504133343697, 'softmax_input_pixels_with_gradient': 197900, 'softmax_input_pixels_total': 262144, 'raw_cost_grad_norm': 5.462633383829241e-13, 'epoch': 83, 'batch': 6700, 'total_norm': 17.847177505493164, 'matching_path_norm': 5.716844757157222}, {'softmax_input_median_top2_gap': 1.0497127771377563, 'softmax_input_min_top2_gap': 9.5367431640625e-06, 'fraction_pixels_gap_below_88': 1.0, 'exact_ties': 0, 'mean_softmax_entropy_nats': 1.6350000460933096, 'mean_max_softmax_weight': 0.5207347982183921, 'raw_cost_max_abs': 1838114406400.0, 'raw_cost_std': 190020649523.96576, 'softmax_input_grad_norm': 0.025039048865437508, 'softmax_input_pixels_with_gradient': 213146, 'softmax_input_pixels_total': 262144, 'raw_cost_grad_norm': 4.4897492299487973e-13, 'epoch': 84, 'batch': 6720, 'total_norm': 45.029624938964844, 'matching_path_norm': 12.403676672782389}, {'softmax_input_median_top2_gap': 1.0132019519805908, 'softmax_input_min_top2_gap': 1.0728836059570312e-05, 'fraction_pixels_gap_below_88': 1.0, 'exact_ties': 0, 'mean_softmax_entropy_nats': 1.6014712280414471, 'mean_max_softmax_weight': 0.5343869815832947, 'raw_cost_max_abs': 1895018397696.0, 'raw_cost_std': 214510786646.8776, 'softmax_input_grad_norm': 0.022234920412302017, 'softmax_input_pixels_with_gradient': 195749, 'softmax_input_pixels_total': 262144, 'raw_cost_grad_norm': 3.1528566649813294e-13, 'epoch': 84, 'batch': 6740, 'total_norm': 5.37048864364624, 'matching_path_norm': 2.2963039182483618}, {'softmax_input_median_top2_gap': 2.0675660967826843, 'softmax_input_min_top2_gap': 2.9802322387695312e-06, 'fraction_pixels_gap_below_88': 1.0, 'exact_ties': 0, 'mean_softmax_entropy_nats': 1.4767543246219308, 'mean_max_softmax_weight': 0.5989674378537448, 'raw_cost_max_abs': 2015889850368.0, 'raw_cost_std': 267242181416.85968, 'softmax_input_grad_norm': 0.021832546219229698, 'softmax_input_pixels_with_gradient': 184558, 'softmax_input_pixels_total': 262144, 'raw_cost_grad_norm': 6.981134420547264e-13, 'epoch': 84, 'batch': 6760, 'total_norm': 16.83728790283203, 'matching_path_norm': 5.3897981700332895}, {'softmax_input_median_top2_gap': 1.443541407585144, 'softmax_input_min_top2_gap': 1.3828277587890625e-05, 'fraction_pixels_gap_below_88': 1.0, 'exact_ties': 0, 'mean_softmax_entropy_nats': 1.5250854497570485, 'mean_max_softmax_weight': 0.5702856433518447, 'raw_cost_max_abs': 1584254156800.0, 'raw_cost_std': 209448493413.2758, 'softmax_input_grad_norm': 0.026951272040605545, 'softmax_input_pixels_with_gradient': 197455, 'softmax_input_pixels_total': 262144, 'raw_cost_grad_norm': 5.473161529025161e-13, 'epoch': 84, 'batch': 6780, 'total_norm': 32.38525390625, 'matching_path_norm': 8.96038772733485}, {'softmax_input_median_top2_gap': 0.711769700050354, 'softmax_input_min_top2_gap': 1.1920928955078125e-06, 'fraction_pixels_gap_below_88': 1.0, 'exact_ties': 0, 'mean_softmax_entropy_nats': 1.7196176074907683, 'mean_max_softmax_weight': 0.4683836708383928, 'raw_cost_max_abs': 1504731856896.0, 'raw_cost_std': 138270654015.5033, 'softmax_input_grad_norm': 0.032327525317668915, 'softmax_input_pixels_with_gradient': 200163, 'softmax_input_pixels_total': 262144, 'raw_cost_grad_norm': 7.71792677510541e-13, 'epoch': 85, 'batch': 6800, 'total_norm': 26.898212432861328, 'matching_path_norm': 7.871839806984801}, {'softmax_input_median_top2_gap': 0.9106580018997192, 'softmax_input_min_top2_gap': 4.0531158447265625e-06, 'fraction_pixels_gap_below_88': 1.0, 'exact_ties': 0, 'mean_softmax_entropy_nats': 1.6334691861777657, 'mean_max_softmax_weight': 0.5146162482535371, 'raw_cost_max_abs': 1648882745344.0, 'raw_cost_std': 190387098814.7492, 'softmax_input_grad_norm': 0.023093331605196, 'softmax_input_pixels_with_gradient': 239041, 'softmax_input_pixels_total': 262144, 'raw_cost_grad_norm': 6.407380593979883e-13, 'epoch': 85, 'batch': 6820, 'total_norm': 6.9853434562683105, 'matching_path_norm': 3.2984081861372525}, {'softmax_input_median_top2_gap': 1.3567304611206055, 'softmax_input_min_top2_gap': 2.9802322387695312e-06, 'fraction_pixels_gap_below_88': 1.0, 'exact_ties': 0, 'mean_softmax_entropy_nats': 1.6171499982999424, 'mean_max_softmax_weight': 0.5310761625361659, 'raw_cost_max_abs': 1310208163840.0, 'raw_cost_std': 153614805954.5387, 'softmax_input_grad_norm': 0.038524847477674484, 'softmax_input_pixels_with_gradient': 195197, 'softmax_input_pixels_total': 262144, 'raw_cost_grad_norm': 6.218588469684982e-13, 'epoch': 85, 'batch': 6840, 'total_norm': 39.4447135925293, 'matching_path_norm': 12.057444738522564}, {'softmax_input_median_top2_gap': 1.1251283884048462, 'softmax_input_min_top2_gap': 2.658367156982422e-05, 'fraction_pixels_gap_below_88': 1.0, 'exact_ties': 0, 'mean_softmax_entropy_nats': 1.5810021351106167, 'mean_max_softmax_weight': 0.5465789501291303, 'raw_cost_max_abs': 2188513640448.0, 'raw_cost_std': 266413688323.11307, 'softmax_input_grad_norm': 0.024547714740037918, 'softmax_input_pixels_with_gradient': 207742, 'softmax_input_pixels_total': 262144, 'raw_cost_grad_norm': 8.01796725801579e-13, 'epoch': 85, 'batch': 6860, 'total_norm': 13.782111167907715, 'matching_path_norm': 4.736019382181099}, {'softmax_input_median_top2_gap': 1.2428172826766968, 'softmax_input_min_top2_gap': 1.3947486877441406e-05, 'fraction_pixels_gap_below_88': 1.0, 'exact_ties': 0, 'mean_softmax_entropy_nats': 1.5588151665976442, 'mean_max_softmax_weight': 0.5530438871980143, 'raw_cost_max_abs': 2024578613248.0, 'raw_cost_std': 218370534962.38333, 'softmax_input_grad_norm': 0.0330376997590065, 'softmax_input_pixels_with_gradient': 164303, 'softmax_input_pixels_total': 262144, 'raw_cost_grad_norm': 6.72544376960349e-13, 'epoch': 86, 'batch': 6880, 'total_norm': 13.97441291809082, 'matching_path_norm': 7.120166147075237}, {'softmax_input_median_top2_gap': 0.8591097593307495, 'softmax_input_min_top2_gap': 1.430511474609375e-06, 'fraction_pixels_gap_below_88': 1.0, 'exact_ties': 0, 'mean_softmax_entropy_nats': 1.714144587632541, 'mean_max_softmax_weight': 0.4767280273698128, 'raw_cost_max_abs': 1574440927232.0, 'raw_cost_std': 122256009034.91379, 'softmax_input_grad_norm': 0.02934955060482025, 'softmax_input_pixels_with_gradient': 231592, 'softmax_input_pixels_total': 262144, 'raw_cost_grad_norm': 1.0208687194201982e-12, 'epoch': 86, 'batch': 6900, 'total_norm': 19.94127655029297, 'matching_path_norm': 7.902686968861875}, {'softmax_input_median_top2_gap': 1.3428566455841064, 'softmax_input_min_top2_gap': 9.775161743164062e-06, 'fraction_pixels_gap_below_88': 1.0, 'exact_ties': 0, 'mean_softmax_entropy_nats': 1.5803924630702881, 'mean_max_softmax_weight': 0.5455014024368275, 'raw_cost_max_abs': 1649682022400.0, 'raw_cost_std': 179777841873.82007, 'softmax_input_grad_norm': 0.02361072227358818, 'softmax_input_pixels_with_gradient': 221690, 'softmax_input_pixels_total': 262144, 'raw_cost_grad_norm': 5.739900742207649e-13, 'epoch': 86, 'batch': 6920, 'total_norm': 18.327299118041992, 'matching_path_norm': 5.060647388173131}, {'softmax_input_median_top2_gap': 0.7980982065200806, 'softmax_input_min_top2_gap': 1.3113021850585938e-06, 'fraction_pixels_gap_below_88': 1.0, 'exact_ties': 0, 'mean_softmax_entropy_nats': 1.6758956277470771, 'mean_max_softmax_weight': 0.48986572516224547, 'raw_cost_max_abs': 1663162908672.0, 'raw_cost_std': 186558684885.51755, 'softmax_input_grad_norm': 0.034575700759887695, 'softmax_input_pixels_with_gradient': 233227, 'softmax_input_pixels_total': 262144, 'raw_cost_grad_norm': 1.147280621199842e-12, 'epoch': 86, 'batch': 6940, 'total_norm': 58.896080017089844, 'matching_path_norm': 17.46146171872157}, {'softmax_input_median_top2_gap': 1.3199458122253418, 'softmax_input_min_top2_gap': 1.1205673217773438e-05, 'fraction_pixels_gap_below_88': 1.0, 'exact_ties': 0, 'mean_softmax_entropy_nats': 1.5543204056796154, 'mean_max_softmax_weight': 0.5590818538630707, 'raw_cost_max_abs': 1547857297408.0, 'raw_cost_std': 163950818133.07336, 'softmax_input_grad_norm': 0.028713954612612724, 'softmax_input_pixels_with_gradient': 158721, 'softmax_input_pixels_total': 262144, 'raw_cost_grad_norm': 3.8299327901822333e-13, 'epoch': 87, 'batch': 6960, 'total_norm': 44.16847610473633, 'matching_path_norm': 12.789936150947828}, {'softmax_input_median_top2_gap': 1.9925380945205688, 'softmax_input_min_top2_gap': 1.2278556823730469e-05, 'fraction_pixels_gap_below_88': 1.0, 'exact_ties': 0, 'mean_softmax_entropy_nats': 1.5252599862280558, 'mean_max_softmax_weight': 0.5800262540533587, 'raw_cost_max_abs': 2874194526208.0, 'raw_cost_std': 244590144473.8319, 'softmax_input_grad_norm': 0.032179344445466995, 'softmax_input_pixels_with_gradient': 169340, 'softmax_input_pixels_total': 262144, 'raw_cost_grad_norm': 9.99186410693964e-13, 'epoch': 87, 'batch': 6980, 'total_norm': 17.22323989868164, 'matching_path_norm': 15.090059919951527}, {'softmax_input_median_top2_gap': 1.2066423892974854, 'softmax_input_min_top2_gap': 7.271766662597656e-06, 'fraction_pixels_gap_below_88': 1.0, 'exact_ties': 0, 'mean_softmax_entropy_nats': 1.6319506374409272, 'mean_max_softmax_weight': 0.5234881274212955, 'raw_cost_max_abs': 1508660084736.0, 'raw_cost_std': 128560004452.50977, 'softmax_input_grad_norm': 0.03185846284031868, 'softmax_input_pixels_with_gradient': 226750, 'softmax_input_pixels_total': 262144, 'raw_cost_grad_norm': 9.320927276540436e-13, 'epoch': 87, 'batch': 7000, 'total_norm': 48.097023010253906, 'matching_path_norm': 11.102315736284265}, {'softmax_input_median_top2_gap': 2.3429232239723206, 'softmax_input_min_top2_gap': 5.435943603515625e-05, 'fraction_pixels_gap_below_88': 1.0, 'exact_ties': 0, 'mean_softmax_entropy_nats': 1.4370487861668422, 'mean_max_softmax_weight': 0.618221543581317, 'raw_cost_max_abs': 2376201666560.0, 'raw_cost_std': 267530331152.47116, 'softmax_input_grad_norm': 0.030140403658151627, 'softmax_input_pixels_with_gradient': 170272, 'softmax_input_pixels_total': 262144, 'raw_cost_grad_norm': 3.973118763243161e-13, 'epoch': 87, 'batch': 7020, 'total_norm': 13.983672142028809, 'matching_path_norm': 5.071938497120804}, {'softmax_input_median_top2_gap': 1.1889514327049255, 'softmax_input_min_top2_gap': 2.8371810913085938e-05, 'fraction_pixels_gap_below_88': 1.0, 'exact_ties': 0, 'mean_softmax_entropy_nats': 1.6389447441801024, 'mean_max_softmax_weight': 0.5246046425393587, 'raw_cost_max_abs': 1912360927232.0, 'raw_cost_std': 259754228236.3874, 'softmax_input_grad_norm': 0.022516123950481415, 'softmax_input_pixels_with_gradient': 174566, 'softmax_input_pixels_total': 262144, 'raw_cost_grad_norm': 6.659339963147048e-13, 'epoch': 88, 'batch': 7040, 'total_norm': 15.86152172088623, 'matching_path_norm': 9.318512594097108}, {'softmax_input_median_top2_gap': 0.9866411685943604, 'softmax_input_min_top2_gap': 9.5367431640625e-07, 'fraction_pixels_gap_below_88': 1.0, 'exact_ties': 0, 'mean_softmax_entropy_nats': 1.7050888304906453, 'mean_max_softmax_weight': 0.4901153192656348, 'raw_cost_max_abs': 1396166623232.0, 'raw_cost_std': 167456418930.21683, 'softmax_input_grad_norm': 0.025095220655202866, 'softmax_input_pixels_with_gradient': 230079, 'softmax_input_pixels_total': 262144, 'raw_cost_grad_norm': 4.131902068757465e-13, 'epoch': 88, 'batch': 7060, 'total_norm': 10.003504753112793, 'matching_path_norm': 4.216789473420922}, {'softmax_input_median_top2_gap': 1.2223387956619263, 'softmax_input_min_top2_gap': 1.6689300537109375e-06, 'fraction_pixels_gap_below_88': 1.0, 'exact_ties': 0, 'mean_softmax_entropy_nats': 1.5915736050669491, 'mean_max_softmax_weight': 0.5449696641808204, 'raw_cost_max_abs': 2332705947648.0, 'raw_cost_std': 232882778600.89688, 'softmax_input_grad_norm': 0.0248415507376194, 'softmax_input_pixels_with_gradient': 183906, 'softmax_input_pixels_total': 262144, 'raw_cost_grad_norm': 4.1485499931159797e-13, 'epoch': 88, 'batch': 7080, 'total_norm': 28.176477432250977, 'matching_path_norm': 7.332412525187748}, {'softmax_input_median_top2_gap': 1.0630064010620117, 'softmax_input_min_top2_gap': 2.5033950805664062e-06, 'fraction_pixels_gap_below_88': 1.0, 'exact_ties': 0, 'mean_softmax_entropy_nats': 1.6064322155881492, 'mean_max_softmax_weight': 0.5295548070298182, 'raw_cost_max_abs': 2117642223616.0, 'raw_cost_std': 245798461745.83398, 'softmax_input_grad_norm': 0.04617359861731529, 'softmax_input_pixels_with_gradient': 193796, 'softmax_input_pixels_total': 262144, 'raw_cost_grad_norm': 6.748304714511433e-13, 'epoch': 88, 'batch': 7100, 'total_norm': 41.99904251098633, 'matching_path_norm': 13.514307428467246}, {'softmax_input_median_top2_gap': 1.1865135431289673, 'softmax_input_min_top2_gap': 1.1920928955078125e-06, 'fraction_pixels_gap_below_88': 1.0, 'exact_ties': 0, 'mean_softmax_entropy_nats': 1.573074777095973, 'mean_max_softmax_weight': 0.5449796704245555, 'raw_cost_max_abs': 2441565175808.0, 'raw_cost_std': 233830614282.67337, 'softmax_input_grad_norm': 0.03020980954170227, 'softmax_input_pixels_with_gradient': 197628, 'softmax_input_pixels_total': 262144, 'raw_cost_grad_norm': 6.872465378900128e-13, 'epoch': 89, 'batch': 7120, 'total_norm': 6.7263078689575195, 'matching_path_norm': 4.021586874774971}, {'softmax_input_median_top2_gap': 1.0613651275634766, 'softmax_input_min_top2_gap': 3.4689903259277344e-05, 'fraction_pixels_gap_below_88': 1.0, 'exact_ties': 0, 'mean_softmax_entropy_nats': 1.6909649417279304, 'mean_max_softmax_weight': 0.4992991580015493, 'raw_cost_max_abs': 2010007601152.0, 'raw_cost_std': 187225925801.3863, 'softmax_input_grad_norm': 0.02600245736539364, 'softmax_input_pixels_with_gradient': 195310, 'softmax_input_pixels_total': 262144, 'raw_cost_grad_norm': 7.868407531433363e-13, 'epoch': 89, 'batch': 7140, 'total_norm': 9.02423095703125, 'matching_path_norm': 5.954243603268767}, {'softmax_input_median_top2_gap': 1.3330104351043701, 'softmax_input_min_top2_gap': 3.3855438232421875e-05, 'fraction_pixels_gap_below_88': 1.0, 'exact_ties': 0, 'mean_softmax_entropy_nats': 1.5379513729462864, 'mean_max_softmax_weight': 0.5628089578161246, 'raw_cost_max_abs': 2552249712640.0, 'raw_cost_std': 276750601995.64996, 'softmax_input_grad_norm': 0.025290396064519882, 'softmax_input_pixels_with_gradient': 202456, 'softmax_input_pixels_total': 262144, 'raw_cost_grad_norm': 5.192311424567775e-13, 'epoch': 89, 'batch': 7160, 'total_norm': 22.6938419342041, 'matching_path_norm': 6.037896859664346}, {'softmax_input_median_top2_gap': 1.3268733024597168, 'softmax_input_min_top2_gap': 3.6954879760742188e-06, 'fraction_pixels_gap_below_88': 1.0, 'exact_ties': 0, 'mean_softmax_entropy_nats': 1.588247636051922, 'mean_max_softmax_weight': 0.5394377677900632, 'raw_cost_max_abs': 3342904852480.0, 'raw_cost_std': 318331804452.8895, 'softmax_input_grad_norm': 0.027075031772255898, 'softmax_input_pixels_with_gradient': 202002, 'softmax_input_pixels_total': 262144, 'raw_cost_grad_norm': 3.705014810576057e-13, 'epoch': 89, 'batch': 7180, 'total_norm': 21.6577091217041, 'matching_path_norm': 6.333585591202209}, {'softmax_input_median_top2_gap': 1.414212942123413, 'softmax_input_min_top2_gap': 1.8358230590820312e-05, 'fraction_pixels_gap_below_88': 1.0, 'exact_ties': 0, 'mean_softmax_entropy_nats': 1.5434520388594715, 'mean_max_softmax_weight': 0.5570515967549696, 'raw_cost_max_abs': 2163581255680.0, 'raw_cost_std': 251369131529.89554, 'softmax_input_grad_norm': 0.042426276952028275, 'softmax_input_pixels_with_gradient': 175935, 'softmax_input_pixels_total': 262144, 'raw_cost_grad_norm': 5.887944754152941e-13, 'epoch': 90, 'batch': 7200, 'total_norm': 56.170555114746094, 'matching_path_norm': 18.958383596346437}, {'softmax_input_median_top2_gap': 1.6852221488952637, 'softmax_input_min_top2_gap': 4.315376281738281e-05, 'fraction_pixels_gap_below_88': 1.0, 'exact_ties': 0, 'mean_softmax_entropy_nats': 1.5322254930271981, 'mean_max_softmax_weight': 0.574364570972224, 'raw_cost_max_abs': 2116268982272.0, 'raw_cost_std': 249808670962.95395, 'softmax_input_grad_norm': 0.02720591239631176, 'softmax_input_pixels_with_gradient': 178990, 'softmax_input_pixels_total': 262144, 'raw_cost_grad_norm': 2.968063349349098e-13, 'epoch': 90, 'batch': 7220, 'total_norm': 6.014264106750488, 'matching_path_norm': 2.9105305261407857}, {'softmax_input_median_top2_gap': 0.9913179874420166, 'softmax_input_min_top2_gap': 1.1444091796875e-05, 'fraction_pixels_gap_below_88': 1.0, 'exact_ties': 0, 'mean_softmax_entropy_nats': 1.6276843085257253, 'mean_max_softmax_weight': 0.526366386256979, 'raw_cost_max_abs': 2493442424832.0, 'raw_cost_std': 292735385454.0376, 'softmax_input_grad_norm': 0.025372743606567383, 'softmax_input_pixels_with_gradient': 217327, 'softmax_input_pixels_total': 262144, 'raw_cost_grad_norm': 4.1819710671839316e-13, 'epoch': 90, 'batch': 7240, 'total_norm': 49.02616882324219, 'matching_path_norm': 11.949566642267522}, {'softmax_input_median_top2_gap': 1.0738616585731506, 'softmax_input_min_top2_gap': 9.5367431640625e-07, 'fraction_pixels_gap_below_88': 1.0, 'exact_ties': 0, 'mean_softmax_entropy_nats': 1.6310453335156132, 'mean_max_softmax_weight': 0.5235001431515798, 'raw_cost_max_abs': 2851918577664.0, 'raw_cost_std': 279553121708.59937, 'softmax_input_grad_norm': 0.0329560860991478, 'softmax_input_pixels_with_gradient': 187237, 'softmax_input_pixels_total': 262144, 'raw_cost_grad_norm': 5.466566869311018e-13, 'epoch': 90, 'batch': 7260, 'total_norm': 72.25645446777344, 'matching_path_norm': 17.085025701968643}, {'softmax_input_median_top2_gap': 1.0395115613937378, 'softmax_input_min_top2_gap': 1.33514404296875e-05, 'fraction_pixels_gap_below_88': 1.0, 'exact_ties': 0, 'mean_softmax_entropy_nats': 1.605713767420106, 'mean_max_softmax_weight': 0.5336700539598254, 'raw_cost_max_abs': 2818810314752.0, 'raw_cost_std': 298233318008.50116, 'softmax_input_grad_norm': 0.019613150507211685, 'softmax_input_pixels_with_gradient': 206437, 'softmax_input_pixels_total': 262144, 'raw_cost_grad_norm': 3.665436823421103e-13, 'epoch': 91, 'batch': 7280, 'total_norm': 5.004520893096924, 'matching_path_norm': 2.8495136025891448}, {'softmax_input_median_top2_gap': 0.9163061380386353, 'softmax_input_min_top2_gap': 2.384185791015625e-06, 'fraction_pixels_gap_below_88': 1.0, 'exact_ties': 0, 'mean_softmax_entropy_nats': 1.6538563323394722, 'mean_max_softmax_weight': 0.5101920826693949, 'raw_cost_max_abs': 2980008689664.0, 'raw_cost_std': 264483224090.17688, 'softmax_input_grad_norm': 0.03505750745534897, 'softmax_input_pixels_with_gradient': 197820, 'softmax_input_pixels_total': 262144, 'raw_cost_grad_norm': 7.767522519283587e-13, 'epoch': 91, 'batch': 7300, 'total_norm': 59.18758773803711, 'matching_path_norm': 17.355997641076154}, {'softmax_input_median_top2_gap': 0.8872890472412109, 'softmax_input_min_top2_gap': 1.2040138244628906e-05, 'fraction_pixels_gap_below_88': 1.0, 'exact_ties': 0, 'mean_softmax_entropy_nats': 1.678549360528716, 'mean_max_softmax_weight': 0.4961847476581085, 'raw_cost_max_abs': 2234869350400.0, 'raw_cost_std': 239383441576.79077, 'softmax_input_grad_norm': 0.023161806166172028, 'softmax_input_pixels_with_gradient': 245675, 'softmax_input_pixels_total': 262144, 'raw_cost_grad_norm': 6.531907176601792e-13, 'epoch': 91, 'batch': 7320, 'total_norm': 42.86095428466797, 'matching_path_norm': 12.429243001742446}, {'softmax_input_median_top2_gap': 1.7632873058319092, 'softmax_input_min_top2_gap': 3.933906555175781e-06, 'fraction_pixels_gap_below_88': 1.0, 'exact_ties': 0, 'mean_softmax_entropy_nats': 1.5548831103173772, 'mean_max_softmax_weight': 0.5609258768483296, 'raw_cost_max_abs': 2641705828352.0, 'raw_cost_std': 269165880803.82574, 'softmax_input_grad_norm': 0.023308875039219856, 'softmax_input_pixels_with_gradient': 203475, 'softmax_input_pixels_total': 262144, 'raw_cost_grad_norm': 3.4195834098388334e-13, 'epoch': 91, 'batch': 7340, 'total_norm': 7.6293182373046875, 'matching_path_norm': 2.5642785394317147}, {'softmax_input_median_top2_gap': 0.9258704781532288, 'softmax_input_min_top2_gap': 6.556510925292969e-06, 'fraction_pixels_gap_below_88': 1.0, 'exact_ties': 0, 'mean_softmax_entropy_nats': 1.6353819523814899, 'mean_max_softmax_weight': 0.5157489985504337, 'raw_cost_max_abs': 2350048346112.0, 'raw_cost_std': 233629314701.59637, 'softmax_input_grad_norm': 0.03297024592757225, 'softmax_input_pixels_with_gradient': 208551, 'softmax_input_pixels_total': 262144, 'raw_cost_grad_norm': 8.6433047134446e-13, 'epoch': 92, 'batch': 7360, 'total_norm': 77.17857360839844, 'matching_path_norm': 18.61813140858504}, {'softmax_input_median_top2_gap': 0.961281955242157, 'softmax_input_min_top2_gap': 2.0503997802734375e-05, 'fraction_pixels_gap_below_88': 1.0, 'exact_ties': 0, 'mean_softmax_entropy_nats': 1.642319857304662, 'mean_max_softmax_weight': 0.5135032571352303, 'raw_cost_max_abs': 2686870880256.0, 'raw_cost_std': 278243101220.3774, 'softmax_input_grad_norm': 0.0213810745626688, 'softmax_input_pixels_with_gradient': 212193, 'softmax_input_pixels_total': 262144, 'raw_cost_grad_norm': 3.334778742210276e-13, 'epoch': 92, 'batch': 7380, 'total_norm': 32.34202575683594, 'matching_path_norm': 8.108570593577001}, {'softmax_input_median_top2_gap': 0.937372088432312, 'softmax_input_min_top2_gap': 1.430511474609375e-06, 'fraction_pixels_gap_below_88': 1.0, 'exact_ties': 0, 'mean_softmax_entropy_nats': 1.6338226523683481, 'mean_max_softmax_weight': 0.5174947396998197, 'raw_cost_max_abs': 2243967320064.0, 'raw_cost_std': 242463563608.1659, 'softmax_input_grad_norm': 0.025215834379196167, 'softmax_input_pixels_with_gradient': 205198, 'softmax_input_pixels_total': 262144, 'raw_cost_grad_norm': 8.277432558823072e-13, 'epoch': 92, 'batch': 7400, 'total_norm': 20.375417709350586, 'matching_path_norm': 6.095908837775324}, {'softmax_input_median_top2_gap': 1.2262040376663208, 'softmax_input_min_top2_gap': 5.960464477539062e-07, 'fraction_pixels_gap_below_88': 1.0, 'exact_ties': 0, 'mean_softmax_entropy_nats': 1.5984971544433468, 'mean_max_softmax_weight': 0.536912778476517, 'raw_cost_max_abs': 2425291800576.0, 'raw_cost_std': 243569265047.03308, 'softmax_input_grad_norm': 0.028835145756602287, 'softmax_input_pixels_with_gradient': 180632, 'softmax_input_pixels_total': 262144, 'raw_cost_grad_norm': 8.062952432455472e-13, 'epoch': 92, 'batch': 7420, 'total_norm': 12.331393241882324, 'matching_path_norm': 5.211568234314812}, {'softmax_input_median_top2_gap': 0.7623429298400879, 'softmax_input_min_top2_gap': 4.172325134277344e-06, 'fraction_pixels_gap_below_88': 1.0, 'exact_ties': 0, 'mean_softmax_entropy_nats': 1.7528521209746333, 'mean_max_softmax_weight': 0.45918711819905283, 'raw_cost_max_abs': 2004370587648.0, 'raw_cost_std': 150698619623.7974, 'softmax_input_grad_norm': 0.022201674059033394, 'softmax_input_pixels_with_gradient': 239678, 'softmax_input_pixels_total': 262144, 'raw_cost_grad_norm': 4.863192639391334e-13, 'epoch': 93, 'batch': 7440, 'total_norm': 27.677597045898438, 'matching_path_norm': 8.534245659585004}, {'softmax_input_median_top2_gap': 1.6292171478271484, 'softmax_input_min_top2_gap': 9.5367431640625e-06, 'fraction_pixels_gap_below_88': 1.0, 'exact_ties': 0, 'mean_softmax_entropy_nats': 1.5199254304379084, 'mean_max_softmax_weight': 0.5764643056429122, 'raw_cost_max_abs': 2739057721344.0, 'raw_cost_std': 286077051815.75555, 'softmax_input_grad_norm': 0.024274758994579315, 'softmax_input_pixels_with_gradient': 162105, 'softmax_input_pixels_total': 262144, 'raw_cost_grad_norm': 3.057643656496911e-13, 'epoch': 93, 'batch': 7460, 'total_norm': 8.00805377960205, 'matching_path_norm': 3.9887640237563007}, {'softmax_input_median_top2_gap': 1.1389063596725464, 'softmax_input_min_top2_gap': 7.152557373046875e-07, 'fraction_pixels_gap_below_88': 1.0, 'exact_ties': 0, 'mean_softmax_entropy_nats': 1.6053537386352619, 'mean_max_softmax_weight': 0.537029158611483, 'raw_cost_max_abs': 2788007870464.0, 'raw_cost_std': 340291489475.4772, 'softmax_input_grad_norm': 0.026066482067108154, 'softmax_input_pixels_with_gradient': 205833, 'softmax_input_pixels_total': 262144, 'raw_cost_grad_norm': 3.221804604786743e-13, 'epoch': 93, 'batch': 7480, 'total_norm': 10.135138511657715, 'matching_path_norm': 4.676575885452782}, {'softmax_input_median_top2_gap': 0.8278894424438477, 'softmax_input_min_top2_gap': 1.9788742065429688e-05, 'fraction_pixels_gap_below_88': 1.0, 'exact_ties': 0, 'mean_softmax_entropy_nats': 1.6618091093943201, 'mean_max_softmax_weight': 0.4967304332362553, 'raw_cost_max_abs': 2338194456576.0, 'raw_cost_std': 235893249778.9817, 'softmax_input_grad_norm': 0.03272582218050957, 'softmax_input_pixels_with_gradient': 210749, 'softmax_input_pixels_total': 262144, 'raw_cost_grad_norm': 4.5220988412197904e-13, 'epoch': 93, 'batch': 7500, 'total_norm': 38.692726135253906, 'matching_path_norm': 11.031540566807891}, {'softmax_input_median_top2_gap': 0.9129331111907959, 'softmax_input_min_top2_gap': 1.5497207641601562e-06, 'fraction_pixels_gap_below_88': 1.0, 'exact_ties': 0, 'mean_softmax_entropy_nats': 1.7377904394723505, 'mean_max_softmax_weight': 0.4760606589882182, 'raw_cost_max_abs': 3674347143168.0, 'raw_cost_std': 280817867912.6007, 'softmax_input_grad_norm': 0.025569012388586998, 'softmax_input_pixels_with_gradient': 242760, 'softmax_input_pixels_total': 262144, 'raw_cost_grad_norm': 5.376271801880994e-13, 'epoch': 94, 'batch': 7520, 'total_norm': 45.730995178222656, 'matching_path_norm': 10.50213420557838}, {'softmax_input_median_top2_gap': 1.0346726179122925, 'softmax_input_min_top2_gap': 8.58306884765625e-06, 'fraction_pixels_gap_below_88': 1.0, 'exact_ties': 0, 'mean_softmax_entropy_nats': 1.6013148315118597, 'mean_max_softmax_weight': 0.5350288668885197, 'raw_cost_max_abs': 4861943349248.0, 'raw_cost_std': 431733651537.50653, 'softmax_input_grad_norm': 0.0251544751226902, 'softmax_input_pixels_with_gradient': 197647, 'softmax_input_pixels_total': 262144, 'raw_cost_grad_norm': 3.353093085307901e-13, 'epoch': 94, 'batch': 7540, 'total_norm': 28.719404220581055, 'matching_path_norm': 6.76076191767089}, {'softmax_input_median_top2_gap': 1.893018126487732, 'softmax_input_min_top2_gap': 9.775161743164062e-06, 'fraction_pixels_gap_below_88': 1.0, 'exact_ties': 0, 'mean_softmax_entropy_nats': 1.5212814003345874, 'mean_max_softmax_weight': 0.5797264615498022, 'raw_cost_max_abs': 3163131215872.0, 'raw_cost_std': 334159848762.0149, 'softmax_input_grad_norm': 0.025386741384863853, 'softmax_input_pixels_with_gradient': 174089, 'softmax_input_pixels_total': 262144, 'raw_cost_grad_norm': 4.3090707326116917e-13, 'epoch': 94, 'batch': 7560, 'total_norm': 20.712600708007812, 'matching_path_norm': 6.502049285675582}, {'softmax_input_median_top2_gap': 0.8181781768798828, 'softmax_input_min_top2_gap': 1.7881393432617188e-06, 'fraction_pixels_gap_below_88': 1.0, 'exact_ties': 0, 'mean_softmax_entropy_nats': 1.7237021978233267, 'mean_max_softmax_weight': 0.4764449112246061, 'raw_cost_max_abs': 1765196038144.0, 'raw_cost_std': 165836153740.09433, 'softmax_input_grad_norm': 0.034399230033159256, 'softmax_input_pixels_with_gradient': 221914, 'softmax_input_pixels_total': 262144, 'raw_cost_grad_norm': 4.675385512770136e-13, 'epoch': 94, 'batch': 7580, 'total_norm': 14.865074157714844, 'matching_path_norm': 6.650424225785458}, {'softmax_input_median_top2_gap': 1.3166731595993042, 'softmax_input_min_top2_gap': 1.0609626770019531e-05, 'fraction_pixels_gap_below_88': 1.0, 'exact_ties': 0, 'mean_softmax_entropy_nats': 1.5609284555136123, 'mean_max_softmax_weight': 0.5572628352176334, 'raw_cost_max_abs': 3160783192064.0, 'raw_cost_std': 359582929859.17365, 'softmax_input_grad_norm': 0.021655740216374397, 'softmax_input_pixels_with_gradient': 197468, 'softmax_input_pixels_total': 262144, 'raw_cost_grad_norm': 2.1063807978654453e-13, 'epoch': 95, 'batch': 7600, 'total_norm': 23.635339736938477, 'matching_path_norm': 5.742115953626102}, {'softmax_input_median_top2_gap': 1.0527998208999634, 'softmax_input_min_top2_gap': 8.344650268554688e-07, 'fraction_pixels_gap_below_88': 1.0, 'exact_ties': 0, 'mean_softmax_entropy_nats': 1.6251337617051043, 'mean_max_softmax_weight': 0.5243995320747293, 'raw_cost_max_abs': 2752606109696.0, 'raw_cost_std': 292945348478.0287, 'softmax_input_grad_norm': 0.020849011838436127, 'softmax_input_pixels_with_gradient': 187042, 'softmax_input_pixels_total': 262144, 'raw_cost_grad_norm': 2.3145743134611596e-13, 'epoch': 95, 'batch': 7620, 'total_norm': 5.691824913024902, 'matching_path_norm': 2.5737374488057108}, {'softmax_input_median_top2_gap': 1.0971704721450806, 'softmax_input_min_top2_gap': 7.62939453125e-06, 'fraction_pixels_gap_below_88': 1.0, 'exact_ties': 0, 'mean_softmax_entropy_nats': 1.6442717691628252, 'mean_max_softmax_weight': 0.5176236592887594, 'raw_cost_max_abs': 2717512368128.0, 'raw_cost_std': 285084631052.66113, 'softmax_input_grad_norm': 0.028666222468018532, 'softmax_input_pixels_with_gradient': 205892, 'softmax_input_pixels_total': 262144, 'raw_cost_grad_norm': 8.502730854467733e-13, 'epoch': 95, 'batch': 7640, 'total_norm': 29.780303955078125, 'matching_path_norm': 8.078859660965078}, {'softmax_input_median_top2_gap': 0.7666269540786743, 'softmax_input_min_top2_gap': 3.337860107421875e-06, 'fraction_pixels_gap_below_88': 1.0, 'exact_ties': 0, 'mean_softmax_entropy_nats': 1.6681202893783729, 'mean_max_softmax_weight': 0.49197636073378403, 'raw_cost_max_abs': 2732432818176.0, 'raw_cost_std': 259823306806.01355, 'softmax_input_grad_norm': 0.018808776512742043, 'softmax_input_pixels_with_gradient': 216009, 'softmax_input_pixels_total': 262144, 'raw_cost_grad_norm': 3.796916936676248e-13, 'epoch': 95, 'batch': 7660, 'total_norm': 16.961891174316406, 'matching_path_norm': 4.431025294079587}, {'softmax_input_median_top2_gap': 1.1101645827293396, 'softmax_input_min_top2_gap': 2.7418136596679688e-06, 'fraction_pixels_gap_below_88': 1.0, 'exact_ties': 0, 'mean_softmax_entropy_nats': 1.6096357423834224, 'mean_max_softmax_weight': 0.533453951426767, 'raw_cost_max_abs': 2881955299328.0, 'raw_cost_std': 297970687881.3888, 'softmax_input_grad_norm': 0.020863337442278862, 'softmax_input_pixels_with_gradient': 216095, 'softmax_input_pixels_total': 262144, 'raw_cost_grad_norm': 3.363961127884896e-13, 'epoch': 96, 'batch': 7680, 'total_norm': 7.539045333862305, 'matching_path_norm': 3.55345367490781}, {'softmax_input_median_top2_gap': 0.789016842842102, 'softmax_input_min_top2_gap': 6.318092346191406e-06, 'fraction_pixels_gap_below_88': 1.0, 'exact_ties': 0, 'mean_softmax_entropy_nats': 1.7159280878259913, 'mean_max_softmax_weight': 0.4764756711415861, 'raw_cost_max_abs': 3371665457152.0, 'raw_cost_std': 240780896205.04935, 'softmax_input_grad_norm': 0.022849474102258682, 'softmax_input_pixels_with_gradient': 222958, 'softmax_input_pixels_total': 262144, 'raw_cost_grad_norm': 4.863108613722966e-13, 'epoch': 96, 'batch': 7700, 'total_norm': 6.507828712463379, 'matching_path_norm': 3.1957872019924602}, {'softmax_input_median_top2_gap': 1.0828739404678345, 'softmax_input_min_top2_gap': 1.609325408935547e-05, 'fraction_pixels_gap_below_88': 1.0, 'exact_ties': 0, 'mean_softmax_entropy_nats': 1.642987253774825, 'mean_max_softmax_weight': 0.5198410566381604, 'raw_cost_max_abs': 1836379930624.0, 'raw_cost_std': 171385985919.1151, 'softmax_input_grad_norm': 0.027661187574267387, 'softmax_input_pixels_with_gradient': 208674, 'softmax_input_pixels_total': 262144, 'raw_cost_grad_norm': 4.999512631144454e-13, 'epoch': 96, 'batch': 7720, 'total_norm': 8.111441612243652, 'matching_path_norm': 5.6547000879505145}, {'softmax_input_median_top2_gap': 1.6016291379928589, 'softmax_input_min_top2_gap': 2.3603439331054688e-05, 'fraction_pixels_gap_below_88': 1.0, 'exact_ties': 0, 'mean_softmax_entropy_nats': 1.519516739940914, 'mean_max_softmax_weight': 0.5845012877410845, 'raw_cost_max_abs': 2837876310016.0, 'raw_cost_std': 299440994026.0293, 'softmax_input_grad_norm': 0.02499016746878624, 'softmax_input_pixels_with_gradient': 176912, 'softmax_input_pixels_total': 262144, 'raw_cost_grad_norm': 2.2448713623678812e-13, 'epoch': 96, 'batch': 7740, 'total_norm': 42.73261260986328, 'matching_path_norm': 11.949381137500259}, {'softmax_input_median_top2_gap': 1.6927344799041748, 'softmax_input_min_top2_gap': 4.76837158203125e-07, 'fraction_pixels_gap_below_88': 1.0, 'exact_ties': 0, 'mean_softmax_entropy_nats': 1.5640900888149705, 'mean_max_softmax_weight': 0.5546494815381472, 'raw_cost_max_abs': 3855777267712.0, 'raw_cost_std': 442114893854.2285, 'softmax_input_grad_norm': 0.023343030363321304, 'softmax_input_pixels_with_gradient': 214894, 'softmax_input_pixels_total': 262144, 'raw_cost_grad_norm': 2.445892880592604e-13, 'epoch': 97, 'batch': 7760, 'total_norm': 38.943233489990234, 'matching_path_norm': 7.8942150549800205}, {'softmax_input_median_top2_gap': 1.1942106485366821, 'softmax_input_min_top2_gap': 8.106231689453125e-06, 'fraction_pixels_gap_below_88': 1.0, 'exact_ties': 0, 'mean_softmax_entropy_nats': 1.5902069674969175, 'mean_max_softmax_weight': 0.5432622887335381, 'raw_cost_max_abs': 3373222592512.0, 'raw_cost_std': 365615773828.28674, 'softmax_input_grad_norm': 0.0270664244890213, 'softmax_input_pixels_with_gradient': 183441, 'softmax_input_pixels_total': 262144, 'raw_cost_grad_norm': 2.45947468120733e-13, 'epoch': 97, 'batch': 7780, 'total_norm': 9.600317001342773, 'matching_path_norm': 3.4869161830732507}, {'softmax_input_median_top2_gap': 1.1775941848754883, 'softmax_input_min_top2_gap': 2.6226043701171875e-06, 'fraction_pixels_gap_below_88': 1.0, 'exact_ties': 0, 'mean_softmax_entropy_nats': 1.5924030755516616, 'mean_max_softmax_weight': 0.5414970198251208, 'raw_cost_max_abs': 3234375663616.0, 'raw_cost_std': 356735862973.4447, 'softmax_input_grad_norm': 0.024380123242735863, 'softmax_input_pixels_with_gradient': 197842, 'softmax_input_pixels_total': 262144, 'raw_cost_grad_norm': 2.560886886663477e-13, 'epoch': 97, 'batch': 7800, 'total_norm': 6.927343845367432, 'matching_path_norm': 3.4132842814980795}, {'softmax_input_median_top2_gap': 1.929491400718689, 'softmax_input_min_top2_gap': 5.936622619628906e-05, 'fraction_pixels_gap_below_88': 1.0, 'exact_ties': 0, 'mean_softmax_entropy_nats': 1.4725659226430117, 'mean_max_softmax_weight': 0.5998252542780371, 'raw_cost_max_abs': 3241837592576.0, 'raw_cost_std': 429752858763.4403, 'softmax_input_grad_norm': 0.04374445974826813, 'softmax_input_pixels_with_gradient': 145677, 'softmax_input_pixels_total': 262144, 'raw_cost_grad_norm': 4.2031815853348087e-13, 'epoch': 97, 'batch': 7820, 'total_norm': 7.299502372741699, 'matching_path_norm': 4.408434047925272}, {'softmax_input_median_top2_gap': 1.3490558862686157, 'softmax_input_min_top2_gap': 0.0, 'fraction_pixels_gap_below_88': 1.0, 'exact_ties': 1, 'mean_softmax_entropy_nats': 1.564164733848795, 'mean_max_softmax_weight': 0.5543410418418593, 'raw_cost_max_abs': 2891142660096.0, 'raw_cost_std': 336662546814.68005, 'softmax_input_grad_norm': 0.024858325719833374, 'softmax_input_pixels_with_gradient': 214044, 'softmax_input_pixels_total': 262144, 'raw_cost_grad_norm': 5.692186088798734e-13, 'epoch': 98, 'batch': 7840, 'total_norm': 7.616151332855225, 'matching_path_norm': 3.355638799875513}, {'softmax_input_median_top2_gap': 0.9296441078186035, 'softmax_input_min_top2_gap': 1.4901161193847656e-05, 'fraction_pixels_gap_below_88': 1.0, 'exact_ties': 0, 'mean_softmax_entropy_nats': 1.6507348612676966, 'mean_max_softmax_weight': 0.5087111807235012, 'raw_cost_max_abs': 2882929688576.0, 'raw_cost_std': 289077761941.85834, 'softmax_input_grad_norm': 0.031515490263700485, 'softmax_input_pixels_with_gradient': 195588, 'softmax_input_pixels_total': 262144, 'raw_cost_grad_norm': 3.426110306917196e-13, 'epoch': 98, 'batch': 7860, 'total_norm': 20.29096221923828, 'matching_path_norm': 6.260579377855511}, {'softmax_input_median_top2_gap': 1.1049296855926514, 'softmax_input_min_top2_gap': 3.2186508178710938e-06, 'fraction_pixels_gap_below_88': 1.0, 'exact_ties': 0, 'mean_softmax_entropy_nats': 1.5955436206680795, 'mean_max_softmax_weight': 0.536712635008856, 'raw_cost_max_abs': 2437342822400.0, 'raw_cost_std': 263530629923.2887, 'softmax_input_grad_norm': 0.024985307827591896, 'softmax_input_pixels_with_gradient': 248059, 'softmax_input_pixels_total': 262144, 'raw_cost_grad_norm': 4.0863100121517337e-13, 'epoch': 98, 'batch': 7880, 'total_norm': 16.146583557128906, 'matching_path_norm': 4.013098778012404}, {'softmax_input_median_top2_gap': 1.078046441078186, 'softmax_input_min_top2_gap': 4.291534423828125e-06, 'fraction_pixels_gap_below_88': 1.0, 'exact_ties': 0, 'mean_softmax_entropy_nats': 1.6460236873832061, 'mean_max_softmax_weight': 0.5192815260745981, 'raw_cost_max_abs': 2705581408256.0, 'raw_cost_std': 252588065918.51193, 'softmax_input_grad_norm': 0.026126764714717865, 'softmax_input_pixels_with_gradient': 219199, 'softmax_input_pixels_total': 262144, 'raw_cost_grad_norm': 4.175913358595712e-13, 'epoch': 98, 'batch': 7900, 'total_norm': 21.828886032104492, 'matching_path_norm': 6.290451813122332}, {'softmax_input_median_top2_gap': 1.1172897815704346, 'softmax_input_min_top2_gap': 1.609325408935547e-05, 'fraction_pixels_gap_below_88': 1.0, 'exact_ties': 0, 'mean_softmax_entropy_nats': 1.5778320298897608, 'mean_max_softmax_weight': 0.5488107875755915, 'raw_cost_max_abs': 3161091735552.0, 'raw_cost_std': 328509188509.6269, 'softmax_input_grad_norm': 0.035874705761671066, 'softmax_input_pixels_with_gradient': 185653, 'softmax_input_pixels_total': 262144, 'raw_cost_grad_norm': 5.923975502850065e-13, 'epoch': 99, 'batch': 7920, 'total_norm': 14.898784637451172, 'matching_path_norm': 10.782140045508157}, {'softmax_input_median_top2_gap': 1.0346393585205078, 'softmax_input_min_top2_gap': 8.821487426757812e-06, 'fraction_pixels_gap_below_88': 1.0, 'exact_ties': 0, 'mean_softmax_entropy_nats': 1.7186059279484258, 'mean_max_softmax_weight': 0.4896217082402033, 'raw_cost_max_abs': 2546096930816.0, 'raw_cost_std': 240453602699.9638, 'softmax_input_grad_norm': 0.025631338357925415, 'softmax_input_pixels_with_gradient': 214413, 'softmax_input_pixels_total': 262144, 'raw_cost_grad_norm': 4.112098573975931e-13, 'epoch': 99, 'batch': 7940, 'total_norm': 17.975629806518555, 'matching_path_norm': 5.157616017497603}, {'softmax_input_median_top2_gap': 1.398560106754303, 'softmax_input_min_top2_gap': 5.245208740234375e-06, 'fraction_pixels_gap_below_88': 1.0, 'exact_ties': 0, 'mean_softmax_entropy_nats': 1.5757337951624415, 'mean_max_softmax_weight': 0.5495181040910708, 'raw_cost_max_abs': 3078656622592.0, 'raw_cost_std': 397644732926.48285, 'softmax_input_grad_norm': 0.03510759398341179, 'softmax_input_pixels_with_gradient': 167648, 'softmax_input_pixels_total': 262144, 'raw_cost_grad_norm': 3.705771041591366e-13, 'epoch': 99, 'batch': 7960, 'total_norm': 10.960058212280273, 'matching_path_norm': 3.9994965457409037}, {'softmax_input_median_top2_gap': 1.2478994131088257, 'softmax_input_min_top2_gap': 2.384185791015625e-06, 'fraction_pixels_gap_below_88': 1.0, 'exact_ties': 0, 'mean_softmax_entropy_nats': 1.5634798923558386, 'mean_max_softmax_weight': 0.552928274488319, 'raw_cost_max_abs': 2768491773952.0, 'raw_cost_std': 344773121982.1899, 'softmax_input_grad_norm': 0.026232009753584862, 'softmax_input_pixels_with_gradient': 186381, 'softmax_input_pixels_total': 262144, 'raw_cost_grad_norm': 4.4481589635617103e-13, 'epoch': 99, 'batch': 7980, 'total_norm': 17.49229621887207, 'matching_path_norm': 6.450523683706938}, {'softmax_input_median_top2_gap': 0.890836775302887, 'softmax_input_min_top2_gap': 2.6226043701171875e-06, 'fraction_pixels_gap_below_88': 1.0, 'exact_ties': 0, 'mean_softmax_entropy_nats': 1.725047464876757, 'mean_max_softmax_weight': 0.475427610035295, 'raw_cost_max_abs': 2439504986112.0, 'raw_cost_std': 222447506489.63834, 'softmax_input_grad_norm': 0.023948822170495987, 'softmax_input_pixels_with_gradient': 211423, 'softmax_input_pixels_total': 262144, 'raw_cost_grad_norm': 3.474906180942622e-13, 'epoch': 100, 'batch': 8000, 'total_norm': 6.326508045196533, 'matching_path_norm': 2.868028874742044}, {'softmax_input_median_top2_gap': 1.0369905233383179, 'softmax_input_min_top2_gap': 3.5762786865234375e-07, 'fraction_pixels_gap_below_88': 1.0, 'exact_ties': 0, 'mean_softmax_entropy_nats': 1.6217881899846747, 'mean_max_softmax_weight': 0.5228872453024157, 'raw_cost_max_abs': 2925556400128.0, 'raw_cost_std': 311318772014.94055, 'softmax_input_grad_norm': 0.02336953394114971, 'softmax_input_pixels_with_gradient': 192600, 'softmax_input_pixels_total': 262144, 'raw_cost_grad_norm': 3.5154149556626546e-13, 'epoch': 100, 'batch': 8020, 'total_norm': 21.438003540039062, 'matching_path_norm': 5.3457814046431}, {'softmax_input_median_top2_gap': 1.522233486175537, 'softmax_input_min_top2_gap': 4.0531158447265625e-06, 'fraction_pixels_gap_below_88': 1.0, 'exact_ties': 0, 'mean_softmax_entropy_nats': 1.5681746333339186, 'mean_max_softmax_weight': 0.55521053947547, 'raw_cost_max_abs': 2583857201152.0, 'raw_cost_std': 294303121828.66235, 'softmax_input_grad_norm': 0.02697441540658474, 'softmax_input_pixels_with_gradient': 219400, 'softmax_input_pixels_total': 262144, 'raw_cost_grad_norm': 4.1833217120403055e-13, 'epoch': 100, 'batch': 8040, 'total_norm': 18.481365203857422, 'matching_path_norm': 8.096380763421935}, {'softmax_input_median_top2_gap': 1.6659681797027588, 'softmax_input_min_top2_gap': 1.8715858459472656e-05, 'fraction_pixels_gap_below_88': 1.0, 'exact_ties': 0, 'mean_softmax_entropy_nats': 1.535486841883107, 'mean_max_softmax_weight': 0.5642352586641395, 'raw_cost_max_abs': 2360566874112.0, 'raw_cost_std': 254585614246.51758, 'softmax_input_grad_norm': 0.03977397084236145, 'softmax_input_pixels_with_gradient': 166475, 'softmax_input_pixels_total': 262144, 'raw_cost_grad_norm': 1.2602710758660707e-12, 'epoch': 100, 'batch': 8060, 'total_norm': 13.505026817321777, 'matching_path_norm': 8.32869138530435}, {'softmax_input_median_top2_gap': 0.9800516366958618, 'softmax_input_min_top2_gap': 2.384185791015625e-07, 'fraction_pixels_gap_below_88': 1.0, 'exact_ties': 0, 'mean_softmax_entropy_nats': 1.6467634739889707, 'mean_max_softmax_weight': 0.5146216206761605, 'raw_cost_max_abs': 2397684891648.0, 'raw_cost_std': 264481792065.31134, 'softmax_input_grad_norm': 0.021282387897372246, 'softmax_input_pixels_with_gradient': 222728, 'softmax_input_pixels_total': 262144, 'raw_cost_grad_norm': 5.850198255517858e-13, 'epoch': 101, 'batch': 8080, 'total_norm': 31.186084747314453, 'matching_path_norm': 8.583568592401438}, {'softmax_input_median_top2_gap': 1.7991981506347656, 'softmax_input_min_top2_gap': 1.049041748046875e-05, 'fraction_pixels_gap_below_88': 1.0, 'exact_ties': 0, 'mean_softmax_entropy_nats': 1.5143388536455489, 'mean_max_softmax_weight': 0.577219297346239, 'raw_cost_max_abs': 2287708405760.0, 'raw_cost_std': 211056815484.09384, 'softmax_input_grad_norm': 0.02837824448943138, 'softmax_input_pixels_with_gradient': 194758, 'softmax_input_pixels_total': 262144, 'raw_cost_grad_norm': 1.0058706255075545e-12, 'epoch': 101, 'batch': 8100, 'total_norm': 43.890830993652344, 'matching_path_norm': 18.754488488089276}, {'softmax_input_median_top2_gap': 1.0636860132217407, 'softmax_input_min_top2_gap': 4.5299530029296875e-06, 'fraction_pixels_gap_below_88': 1.0, 'exact_ties': 0, 'mean_softmax_entropy_nats': 1.6019516110975178, 'mean_max_softmax_weight': 0.5376542153140753, 'raw_cost_max_abs': 2952364294144.0, 'raw_cost_std': 319804623987.3001, 'softmax_input_grad_norm': 0.021590424701571465, 'softmax_input_pixels_with_gradient': 198586, 'softmax_input_pixels_total': 262144, 'raw_cost_grad_norm': 2.4115255690786153e-13, 'epoch': 101, 'batch': 8120, 'total_norm': 30.8104305267334, 'matching_path_norm': 7.476790450787307}, {'softmax_input_median_top2_gap': 1.0425983667373657, 'softmax_input_min_top2_gap': 1.7881393432617188e-06, 'fraction_pixels_gap_below_88': 1.0, 'exact_ties': 0, 'mean_softmax_entropy_nats': 1.6062658566167785, 'mean_max_softmax_weight': 0.5303739244792192, 'raw_cost_max_abs': 2580169621504.0, 'raw_cost_std': 312672228951.3582, 'softmax_input_grad_norm': 0.02170628122985363, 'softmax_input_pixels_with_gradient': 209353, 'softmax_input_pixels_total': 262144, 'raw_cost_grad_norm': 3.8360921427241235e-13, 'epoch': 101, 'batch': 8140, 'total_norm': 10.509153366088867, 'matching_path_norm': 6.063376779984586}, {'softmax_input_median_top2_gap': 1.2469245195388794, 'softmax_input_min_top2_gap': 1.4781951904296875e-05, 'fraction_pixels_gap_below_88': 1.0, 'exact_ties': 0, 'mean_softmax_entropy_nats': 1.5542719718902416, 'mean_max_softmax_weight': 0.5549217932061554, 'raw_cost_max_abs': 2847117672448.0, 'raw_cost_std': 314248017776.0518, 'softmax_input_grad_norm': 0.025221889838576317, 'softmax_input_pixels_with_gradient': 172869, 'softmax_input_pixels_total': 262144, 'raw_cost_grad_norm': 2.254524827461149e-13, 'epoch': 102, 'batch': 8160, 'total_norm': 12.502679824829102, 'matching_path_norm': 3.5990250329998617}, {'softmax_input_median_top2_gap': 0.9980769157409668, 'softmax_input_min_top2_gap': 6.9141387939453125e-06, 'fraction_pixels_gap_below_88': 1.0, 'exact_ties': 0, 'mean_softmax_entropy_nats': 1.6910706716793344, 'mean_max_softmax_weight': 0.49935481593405806, 'raw_cost_max_abs': 2530883141632.0, 'raw_cost_std': 244732738151.74808, 'softmax_input_grad_norm': 0.021455053240060806, 'softmax_input_pixels_with_gradient': 220238, 'softmax_input_pixels_total': 262144, 'raw_cost_grad_norm': 3.814402949314094e-13, 'epoch': 102, 'batch': 8180, 'total_norm': 15.880472183227539, 'matching_path_norm': 5.3327488342910065}, {'softmax_input_median_top2_gap': 1.530684471130371, 'softmax_input_min_top2_gap': 2.384185791015625e-07, 'fraction_pixels_gap_below_88': 1.0, 'exact_ties': 0, 'mean_softmax_entropy_nats': 1.5573944089798717, 'mean_max_softmax_weight': 0.5604663784755253, 'raw_cost_max_abs': 3560888860672.0, 'raw_cost_std': 344176665094.38, 'softmax_input_grad_norm': 0.02880084328353405, 'softmax_input_pixels_with_gradient': 179228, 'softmax_input_pixels_total': 262144, 'raw_cost_grad_norm': 4.004702385679293e-13, 'epoch': 102, 'batch': 8200, 'total_norm': 11.838876724243164, 'matching_path_norm': 4.230382219519765}, {'softmax_input_median_top2_gap': 1.0473812818527222, 'softmax_input_min_top2_gap': 9.5367431640625e-07, 'fraction_pixels_gap_below_88': 1.0, 'exact_ties': 0, 'mean_softmax_entropy_nats': 1.6436988234247285, 'mean_max_softmax_weight': 0.5201015138309669, 'raw_cost_max_abs': 3043766829056.0, 'raw_cost_std': 303440696487.9781, 'softmax_input_grad_norm': 0.022996017709374428, 'softmax_input_pixels_with_gradient': 196708, 'softmax_input_pixels_total': 262144, 'raw_cost_grad_norm': 2.2973807643593414e-13, 'epoch': 102, 'batch': 8220, 'total_norm': 10.580653190612793, 'matching_path_norm': 4.313037673219289}, {'softmax_input_median_top2_gap': 0.7518490552902222, 'softmax_input_min_top2_gap': 2.0265579223632812e-06, 'fraction_pixels_gap_below_88': 1.0, 'exact_ties': 0, 'mean_softmax_entropy_nats': 1.7680210864586932, 'mean_max_softmax_weight': 0.44989850315478064, 'raw_cost_max_abs': 2494219419648.0, 'raw_cost_std': 200725987310.46594, 'softmax_input_grad_norm': 0.025209184736013412, 'softmax_input_pixels_with_gradient': 230794, 'softmax_input_pixels_total': 262144, 'raw_cost_grad_norm': 3.5767260464156236e-13, 'epoch': 103, 'batch': 8240, 'total_norm': 28.915739059448242, 'matching_path_norm': 7.633953626108612}, {'softmax_input_median_top2_gap': 0.9797494411468506, 'softmax_input_min_top2_gap': 2.86102294921875e-06, 'fraction_pixels_gap_below_88': 1.0, 'exact_ties': 0, 'mean_softmax_entropy_nats': 1.6446291684742087, 'mean_max_softmax_weight': 0.5147579786378296, 'raw_cost_max_abs': 2704316563456.0, 'raw_cost_std': 276822644916.23975, 'softmax_input_grad_norm': 0.025321610271930695, 'softmax_input_pixels_with_gradient': 205267, 'softmax_input_pixels_total': 262144, 'raw_cost_grad_norm': 2.518617367615328e-13, 'epoch': 103, 'batch': 8260, 'total_norm': 40.43666076660156, 'matching_path_norm': 9.243865372643317}, {'softmax_input_median_top2_gap': 0.8985716104507446, 'softmax_input_min_top2_gap': 2.4437904357910156e-05, 'fraction_pixels_gap_below_88': 1.0, 'exact_ties': 0, 'mean_softmax_entropy_nats': 1.6705777430702229, 'mean_max_softmax_weight': 0.4995255984235618, 'raw_cost_max_abs': 2882257027072.0, 'raw_cost_std': 253634009413.15582, 'softmax_input_grad_norm': 0.03303762525320053, 'softmax_input_pixels_with_gradient': 229044, 'softmax_input_pixels_total': 262144, 'raw_cost_grad_norm': 4.509306068736091e-13, 'epoch': 103, 'batch': 8280, 'total_norm': 9.853286743164062, 'matching_path_norm': 5.725307164820538}, {'softmax_input_median_top2_gap': 0.9370564222335815, 'softmax_input_min_top2_gap': 7.152557373046875e-07, 'fraction_pixels_gap_below_88': 1.0, 'exact_ties': 0, 'mean_softmax_entropy_nats': 1.6441933267751825, 'mean_max_softmax_weight': 0.511674853397124, 'raw_cost_max_abs': 3437740949504.0, 'raw_cost_std': 356859789369.59326, 'softmax_input_grad_norm': 0.021296856924891472, 'softmax_input_pixels_with_gradient': 214021, 'softmax_input_pixels_total': 262144, 'raw_cost_grad_norm': 2.3861574066467994e-13, 'epoch': 103, 'batch': 8300, 'total_norm': 27.099029541015625, 'matching_path_norm': 6.446134390982451}, {'softmax_input_median_top2_gap': 1.5616956949234009, 'softmax_input_min_top2_gap': 4.887580871582031e-06, 'fraction_pixels_gap_below_88': 1.0, 'exact_ties': 0, 'mean_softmax_entropy_nats': 1.534136252071134, 'mean_max_softmax_weight': 0.5669591337956007, 'raw_cost_max_abs': 3085298827264.0, 'raw_cost_std': 372327850319.4048, 'softmax_input_grad_norm': 0.025656195357441902, 'softmax_input_pixels_with_gradient': 188351, 'softmax_input_pixels_total': 262144, 'raw_cost_grad_norm': 3.13072023817515e-13, 'epoch': 104, 'batch': 8320, 'total_norm': 18.508657455444336, 'matching_path_norm': 4.985840997422959}, {'softmax_input_median_top2_gap': 2.2812808752059937, 'softmax_input_min_top2_gap': 7.271766662597656e-06, 'fraction_pixels_gap_below_88': 1.0, 'exact_ties': 0, 'mean_softmax_entropy_nats': 1.49720325112939, 'mean_max_softmax_weight': 0.5887647359522543, 'raw_cost_max_abs': 3199003525120.0, 'raw_cost_std': 377998966175.54785, 'softmax_input_grad_norm': 0.02026877924799919, 'softmax_input_pixels_with_gradient': 193953, 'softmax_input_pixels_total': 262144, 'raw_cost_grad_norm': 2.799645552279545e-13, 'epoch': 104, 'batch': 8340, 'total_norm': 5.827964782714844, 'matching_path_norm': 1.942533864565079}, {'softmax_input_median_top2_gap': 1.0867191553115845, 'softmax_input_min_top2_gap': 1.7881393432617188e-05, 'fraction_pixels_gap_below_88': 1.0, 'exact_ties': 0, 'mean_softmax_entropy_nats': 1.6557475047609693, 'mean_max_softmax_weight': 0.5144420584073753, 'raw_cost_max_abs': 2855455162368.0, 'raw_cost_std': 247394665996.57623, 'softmax_input_grad_norm': 0.0293818898499012, 'softmax_input_pixels_with_gradient': 228001, 'softmax_input_pixels_total': 262144, 'raw_cost_grad_norm': 5.227810914200381e-13, 'epoch': 104, 'batch': 8360, 'total_norm': 23.094905853271484, 'matching_path_norm': 7.470724521650096}, {'softmax_input_median_top2_gap': 1.7279582023620605, 'softmax_input_min_top2_gap': 4.0531158447265625e-06, 'fraction_pixels_gap_below_88': 1.0, 'exact_ties': 0, 'mean_softmax_entropy_nats': 1.5315292531664078, 'mean_max_softmax_weight': 0.5708545284075212, 'raw_cost_max_abs': 2932720271360.0, 'raw_cost_std': 341213492910.4593, 'softmax_input_grad_norm': 0.026108264923095703, 'softmax_input_pixels_with_gradient': 179800, 'softmax_input_pixels_total': 262144, 'raw_cost_grad_norm': 2.990803405714809e-13, 'epoch': 104, 'batch': 8380, 'total_norm': 36.14255905151367, 'matching_path_norm': 7.737581132454876}, {'softmax_input_median_top2_gap': 0.9907664060592651, 'softmax_input_min_top2_gap': 3.6954879760742188e-06, 'fraction_pixels_gap_below_88': 1.0, 'exact_ties': 0, 'mean_softmax_entropy_nats': 1.6941242743244014, 'mean_max_softmax_weight': 0.49175070141269306, 'raw_cost_max_abs': 2656866140160.0, 'raw_cost_std': 228430941768.82187, 'softmax_input_grad_norm': 0.031358808279037476, 'softmax_input_pixels_with_gradient': 213436, 'softmax_input_pixels_total': 262144, 'raw_cost_grad_norm': 5.847795121402544e-13, 'epoch': 105, 'batch': 8400, 'total_norm': 48.866546630859375, 'matching_path_norm': 13.037408771115295}, {'softmax_input_median_top2_gap': 1.3168232440948486, 'softmax_input_min_top2_gap': 3.5762786865234375e-07, 'fraction_pixels_gap_below_88': 1.0, 'exact_ties': 0, 'mean_softmax_entropy_nats': 1.539838577537345, 'mean_max_softmax_weight': 0.5615520632523155, 'raw_cost_max_abs': 3881996648448.0, 'raw_cost_std': 414866447058.5843, 'softmax_input_grad_norm': 0.02914898842573166, 'softmax_input_pixels_with_gradient': 190496, 'softmax_input_pixels_total': 262144, 'raw_cost_grad_norm': 4.872641461324545e-13, 'epoch': 105, 'batch': 8420, 'total_norm': 28.670082092285156, 'matching_path_norm': 7.4004995832276785}, {'softmax_input_median_top2_gap': 1.4133065938949585, 'softmax_input_min_top2_gap': 9.298324584960938e-06, 'fraction_pixels_gap_below_88': 1.0, 'exact_ties': 0, 'mean_softmax_entropy_nats': 1.5243202709030925, 'mean_max_softmax_weight': 0.5737489633494366, 'raw_cost_max_abs': 3436484231168.0, 'raw_cost_std': 436397919783.3411, 'softmax_input_grad_norm': 0.02106090821325779, 'softmax_input_pixels_with_gradient': 148179, 'softmax_input_pixels_total': 262144, 'raw_cost_grad_norm': 1.5028204917479082e-13, 'epoch': 105, 'batch': 8440, 'total_norm': 9.324645042419434, 'matching_path_norm': 3.028951819917264}, {'softmax_input_median_top2_gap': 1.3047094941139221, 'softmax_input_min_top2_gap': 3.5762786865234375e-06, 'fraction_pixels_gap_below_88': 1.0, 'exact_ties': 0, 'mean_softmax_entropy_nats': 1.5835946925691775, 'mean_max_softmax_weight': 0.5467131235044036, 'raw_cost_max_abs': 4162785902592.0, 'raw_cost_std': 344671886271.91943, 'softmax_input_grad_norm': 0.026702256873250008, 'softmax_input_pixels_with_gradient': 197661, 'softmax_input_pixels_total': 262144, 'raw_cost_grad_norm': 3.372646671488677e-13, 'epoch': 105, 'batch': 8460, 'total_norm': 8.608720779418945, 'matching_path_norm': 3.674461670358621}, {'softmax_input_median_top2_gap': 0.9133546948432922, 'softmax_input_min_top2_gap': 7.033348083496094e-06, 'fraction_pixels_gap_below_88': 1.0, 'exact_ties': 0, 'mean_softmax_entropy_nats': 1.7771988040135107, 'mean_max_softmax_weight': 0.4570900811689783, 'raw_cost_max_abs': 1758620024832.0, 'raw_cost_std': 175078903928.09375, 'softmax_input_grad_norm': 0.02608899027109146, 'softmax_input_pixels_with_gradient': 216893, 'softmax_input_pixels_total': 262144, 'raw_cost_grad_norm': 6.856112357532529e-13, 'epoch': 106, 'batch': 8480, 'total_norm': 19.38326644897461, 'matching_path_norm': 13.44822526905158}, {'softmax_input_median_top2_gap': 0.9773338437080383, 'softmax_input_min_top2_gap': 1.6689300537109375e-06, 'fraction_pixels_gap_below_88': 1.0, 'exact_ties': 0, 'mean_softmax_entropy_nats': 1.7306887100826995, 'mean_max_softmax_weight': 0.47969127865875016, 'raw_cost_max_abs': 3172849680384.0, 'raw_cost_std': 291358901321.94165, 'softmax_input_grad_norm': 0.02169044129550457, 'softmax_input_pixels_with_gradient': 230469, 'softmax_input_pixels_total': 262144, 'raw_cost_grad_norm': 4.4477908769241514e-13, 'epoch': 106, 'batch': 8500, 'total_norm': 17.202726364135742, 'matching_path_norm': 5.923307395549977}, {'softmax_input_median_top2_gap': 0.7787719368934631, 'softmax_input_min_top2_gap': 1.6689300537109375e-06, 'fraction_pixels_gap_below_88': 1.0, 'exact_ties': 0, 'mean_softmax_entropy_nats': 1.7104741153106944, 'mean_max_softmax_weight': 0.4782083834321038, 'raw_cost_max_abs': 2704106323968.0, 'raw_cost_std': 285411555890.75195, 'softmax_input_grad_norm': 0.02441171184182167, 'softmax_input_pixels_with_gradient': 224350, 'softmax_input_pixels_total': 262144, 'raw_cost_grad_norm': 5.06207651750773e-13, 'epoch': 106, 'batch': 8520, 'total_norm': 27.09644889831543, 'matching_path_norm': 5.887249523799312}, {'softmax_input_median_top2_gap': 1.00672447681427, 'softmax_input_min_top2_gap': 1.6450881958007812e-05, 'fraction_pixels_gap_below_88': 1.0, 'exact_ties': 0, 'mean_softmax_entropy_nats': 1.6123163046955762, 'mean_max_softmax_weight': 0.5294793242828872, 'raw_cost_max_abs': 3164152266752.0, 'raw_cost_std': 337111110587.6159, 'softmax_input_grad_norm': 0.02528071030974388, 'softmax_input_pixels_with_gradient': 227825, 'softmax_input_pixels_total': 262144, 'raw_cost_grad_norm': 3.758227724252189e-13, 'epoch': 106, 'batch': 8540, 'total_norm': 49.535255432128906, 'matching_path_norm': 12.7758755137028}, {'softmax_input_median_top2_gap': 0.9814894199371338, 'softmax_input_min_top2_gap': 1.0251998901367188e-05, 'fraction_pixels_gap_below_88': 1.0, 'exact_ties': 0, 'mean_softmax_entropy_nats': 1.6522060213288938, 'mean_max_softmax_weight': 0.5127931099193914, 'raw_cost_max_abs': 3737148981248.0, 'raw_cost_std': 325532348454.2938, 'softmax_input_grad_norm': 0.0357675738632679, 'softmax_input_pixels_with_gradient': 195842, 'softmax_input_pixels_total': 262144, 'raw_cost_grad_norm': 3.4820264076598773e-13, 'epoch': 107, 'batch': 8560, 'total_norm': 54.498451232910156, 'matching_path_norm': 13.436292932916013}, {'softmax_input_median_top2_gap': 0.9511241912841797, 'softmax_input_min_top2_gap': 1.52587890625e-05, 'fraction_pixels_gap_below_88': 1.0, 'exact_ties': 0, 'mean_softmax_entropy_nats': 1.6650990943559756, 'mean_max_softmax_weight': 0.5029374784191718, 'raw_cost_max_abs': 2579534970880.0, 'raw_cost_std': 303853612689.93365, 'softmax_input_grad_norm': 0.02870013564825058, 'softmax_input_pixels_with_gradient': 191289, 'softmax_input_pixels_total': 262144, 'raw_cost_grad_norm': 4.2500437847856065e-13, 'epoch': 107, 'batch': 8580, 'total_norm': 29.199459075927734, 'matching_path_norm': 7.809215366906501}, {'softmax_input_median_top2_gap': 1.7059990167617798, 'softmax_input_min_top2_gap': 2.7060508728027344e-05, 'fraction_pixels_gap_below_88': 1.0, 'exact_ties': 0, 'mean_softmax_entropy_nats': 1.5377980480761098, 'mean_max_softmax_weight': 0.5734934687739233, 'raw_cost_max_abs': 3807857606656.0, 'raw_cost_std': 454585340866.3768, 'softmax_input_grad_norm': 0.02411057986319065, 'softmax_input_pixels_with_gradient': 197443, 'softmax_input_pixels_total': 262144, 'raw_cost_grad_norm': 2.179267644163499e-13, 'epoch': 107, 'batch': 8600, 'total_norm': 14.299551963806152, 'matching_path_norm': 5.189585082503275}, {'softmax_input_median_top2_gap': 1.0955935716629028, 'softmax_input_min_top2_gap': 2.384185791015625e-06, 'fraction_pixels_gap_below_88': 1.0, 'exact_ties': 0, 'mean_softmax_entropy_nats': 1.6604634819698296, 'mean_max_softmax_weight': 0.5076425064584861, 'raw_cost_max_abs': 3496294219776.0, 'raw_cost_std': 321683316473.8999, 'softmax_input_grad_norm': 0.03183082863688469, 'softmax_input_pixels_with_gradient': 180362, 'softmax_input_pixels_total': 262144, 'raw_cost_grad_norm': 4.802380823738794e-13, 'epoch': 107, 'batch': 8620, 'total_norm': 10.9187593460083, 'matching_path_norm': 5.980445121020961}, {'softmax_input_median_top2_gap': 0.7322754859924316, 'softmax_input_min_top2_gap': 5.245208740234375e-06, 'fraction_pixels_gap_below_88': 1.0, 'exact_ties': 0, 'mean_softmax_entropy_nats': 1.7587313893076235, 'mean_max_softmax_weight': 0.454154178741104, 'raw_cost_max_abs': 2869092941824.0, 'raw_cost_std': 245168528463.48627, 'softmax_input_grad_norm': 0.02359081245958805, 'softmax_input_pixels_with_gradient': 226869, 'softmax_input_pixels_total': 262144, 'raw_cost_grad_norm': 4.836609086324162e-13, 'epoch': 108, 'batch': 8640, 'total_norm': 26.665597915649414, 'matching_path_norm': 6.197787490894611}, {'softmax_input_median_top2_gap': 1.0446289777755737, 'softmax_input_min_top2_gap': 2.2411346435546875e-05, 'fraction_pixels_gap_below_88': 1.0, 'exact_ties': 0, 'mean_softmax_entropy_nats': 1.643375079260539, 'mean_max_softmax_weight': 0.5180262172495382, 'raw_cost_max_abs': 2379173330944.0, 'raw_cost_std': 271615445256.09845, 'softmax_input_grad_norm': 0.021657397970557213, 'softmax_input_pixels_with_gradient': 210579, 'softmax_input_pixels_total': 262144, 'raw_cost_grad_norm': 3.659926636929989e-13, 'epoch': 108, 'batch': 8660, 'total_norm': 32.0656852722168, 'matching_path_norm': 7.503964782543911}, {'softmax_input_median_top2_gap': 1.4001151323318481, 'softmax_input_min_top2_gap': 1.0013580322265625e-05, 'fraction_pixels_gap_below_88': 1.0, 'exact_ties': 0, 'mean_softmax_entropy_nats': 1.5850743710573874, 'mean_max_softmax_weight': 0.5517133877143405, 'raw_cost_max_abs': 2234326712320.0, 'raw_cost_std': 235666998114.30612, 'softmax_input_grad_norm': 0.034061793237924576, 'softmax_input_pixels_with_gradient': 164022, 'softmax_input_pixels_total': 262144, 'raw_cost_grad_norm': 5.460466605787528e-13, 'epoch': 108, 'batch': 8680, 'total_norm': 16.821401596069336, 'matching_path_norm': 5.640526049178712}, {'softmax_input_median_top2_gap': 0.8111348152160645, 'softmax_input_min_top2_gap': 1.9073486328125e-06, 'fraction_pixels_gap_below_88': 1.0, 'exact_ties': 0, 'mean_softmax_entropy_nats': 1.737852356868628, 'mean_max_softmax_weight': 0.46687990734786644, 'raw_cost_max_abs': 2281174990848.0, 'raw_cost_std': 229211350902.33694, 'softmax_input_grad_norm': 0.024504832923412323, 'softmax_input_pixels_with_gradient': 243862, 'softmax_input_pixels_total': 262144, 'raw_cost_grad_norm': 4.701542974383521e-13, 'epoch': 108, 'batch': 8700, 'total_norm': 6.267292499542236, 'matching_path_norm': 3.2598813511454585}, {'softmax_input_median_top2_gap': 0.862424373626709, 'softmax_input_min_top2_gap': 5.960464477539062e-07, 'fraction_pixels_gap_below_88': 1.0, 'exact_ties': 0, 'mean_softmax_entropy_nats': 1.7148928249283086, 'mean_max_softmax_weight': 0.4818134910712396, 'raw_cost_max_abs': 2639329755136.0, 'raw_cost_std': 230254620497.29007, 'softmax_input_grad_norm': 0.024033106863498688, 'softmax_input_pixels_with_gradient': 230333, 'softmax_input_pixels_total': 262144, 'raw_cost_grad_norm': 5.383998368663212e-13, 'epoch': 109, 'batch': 8720, 'total_norm': 48.70706558227539, 'matching_path_norm': 11.320456850343382}, {'softmax_input_median_top2_gap': 1.0499948263168335, 'softmax_input_min_top2_gap': 2.7418136596679688e-05, 'fraction_pixels_gap_below_88': 1.0, 'exact_ties': 0, 'mean_softmax_entropy_nats': 1.6107273794084582, 'mean_max_softmax_weight': 0.5246695407296069, 'raw_cost_max_abs': 3837707157504.0, 'raw_cost_std': 383001451398.1862, 'softmax_input_grad_norm': 0.026702869683504105, 'softmax_input_pixels_with_gradient': 171705, 'softmax_input_pixels_total': 262144, 'raw_cost_grad_norm': 1.5657134334705336e-13, 'epoch': 109, 'batch': 8740, 'total_norm': 11.348047256469727, 'matching_path_norm': 3.0050187404255446}, {'softmax_input_median_top2_gap': 0.989142656326294, 'softmax_input_min_top2_gap': 4.76837158203125e-07, 'fraction_pixels_gap_below_88': 1.0, 'exact_ties': 0, 'mean_softmax_entropy_nats': 1.6274793795742832, 'mean_max_softmax_weight': 0.5204792157335904, 'raw_cost_max_abs': 3509318320128.0, 'raw_cost_std': 392440788838.0219, 'softmax_input_grad_norm': 0.028293544426560402, 'softmax_input_pixels_with_gradient': 182791, 'softmax_input_pixels_total': 262144, 'raw_cost_grad_norm': 1.6227024877881607e-13, 'epoch': 109, 'batch': 8760, 'total_norm': 7.440927982330322, 'matching_path_norm': 3.947345834469653}, {'softmax_input_median_top2_gap': 1.1674626469612122, 'softmax_input_min_top2_gap': 9.179115295410156e-06, 'fraction_pixels_gap_below_88': 1.0, 'exact_ties': 0, 'mean_softmax_entropy_nats': 1.5909156724742468, 'mean_max_softmax_weight': 0.5450714789270192, 'raw_cost_max_abs': 4867906076672.0, 'raw_cost_std': 409920506578.2473, 'softmax_input_grad_norm': 0.02371949516236782, 'softmax_input_pixels_with_gradient': 208558, 'softmax_input_pixels_total': 262144, 'raw_cost_grad_norm': 3.743328889048436e-13, 'epoch': 109, 'batch': 8780, 'total_norm': 44.39585876464844, 'matching_path_norm': 10.522336519738381}, {'softmax_input_median_top2_gap': 0.8619861602783203, 'softmax_input_min_top2_gap': 9.5367431640625e-07, 'fraction_pixels_gap_below_88': 1.0, 'exact_ties': 0, 'mean_softmax_entropy_nats': 1.709645853949056, 'mean_max_softmax_weight': 0.4775887012239429, 'raw_cost_max_abs': 1981397467136.0, 'raw_cost_std': 186215057339.76602, 'softmax_input_grad_norm': 0.029855189844965935, 'softmax_input_pixels_with_gradient': 204636, 'softmax_input_pixels_total': 262144, 'raw_cost_grad_norm': 8.846546542193301e-13, 'epoch': 110, 'batch': 8800, 'total_norm': 30.259958267211914, 'matching_path_norm': 10.333922576557203}, {'softmax_input_median_top2_gap': 0.8121496438980103, 'softmax_input_min_top2_gap': 2.1457672119140625e-06, 'fraction_pixels_gap_below_88': 1.0, 'exact_ties': 0, 'mean_softmax_entropy_nats': 1.68776608685179, 'mean_max_softmax_weight': 0.48403339596159856, 'raw_cost_max_abs': 2956232228864.0, 'raw_cost_std': 294229134173.1205, 'softmax_input_grad_norm': 0.02623259276151657, 'softmax_input_pixels_with_gradient': 216940, 'softmax_input_pixels_total': 262144, 'raw_cost_grad_norm': 3.06922239359797e-13, 'epoch': 110, 'batch': 8820, 'total_norm': 30.808979034423828, 'matching_path_norm': 8.00699290085747}, {'softmax_input_median_top2_gap': 1.023621916770935, 'softmax_input_min_top2_gap': 1.7881393432617188e-05, 'fraction_pixels_gap_below_88': 1.0, 'exact_ties': 0, 'mean_softmax_entropy_nats': 1.65824971501911, 'mean_max_softmax_weight': 0.5085912057167616, 'raw_cost_max_abs': 3035501690880.0, 'raw_cost_std': 346278519294.6326, 'softmax_input_grad_norm': 0.04388852044939995, 'softmax_input_pixels_with_gradient': 191351, 'softmax_input_pixels_total': 262144, 'raw_cost_grad_norm': 4.2146172077490995e-13, 'epoch': 110, 'batch': 8840, 'total_norm': 35.64006423950195, 'matching_path_norm': 8.790347835084876}, {'softmax_input_median_top2_gap': 0.7573051452636719, 'softmax_input_min_top2_gap': 1.1920928955078125e-06, 'fraction_pixels_gap_below_88': 1.0, 'exact_ties': 0, 'mean_softmax_entropy_nats': 1.714356944996268, 'mean_max_softmax_weight': 0.4736623581458561, 'raw_cost_max_abs': 2851174875136.0, 'raw_cost_std': 302520037589.93396, 'softmax_input_grad_norm': 0.01886691339313984, 'softmax_input_pixels_with_gradient': 229119, 'softmax_input_pixels_total': 262144, 'raw_cost_grad_norm': 2.3542834890789843e-13, 'epoch': 110, 'batch': 8860, 'total_norm': 12.368660926818848, 'matching_path_norm': 3.9477278366113238}, {'softmax_input_median_top2_gap': 1.1070778369903564, 'softmax_input_min_top2_gap': 2.384185791015625e-06, 'fraction_pixels_gap_below_88': 1.0, 'exact_ties': 0, 'mean_softmax_entropy_nats': 1.58454415254626, 'mean_max_softmax_weight': 0.5436702965114653, 'raw_cost_max_abs': 2769356062720.0, 'raw_cost_std': 352153966779.70825, 'softmax_input_grad_norm': 0.019015491008758545, 'softmax_input_pixels_with_gradient': 181305, 'softmax_input_pixels_total': 262144, 'raw_cost_grad_norm': 1.7153532554884526e-13, 'epoch': 111, 'batch': 8880, 'total_norm': 4.5334672927856445, 'matching_path_norm': 1.9337723459878295}, {'softmax_input_median_top2_gap': 1.4259519577026367, 'softmax_input_min_top2_gap': 9.5367431640625e-07, 'fraction_pixels_gap_below_88': 1.0, 'exact_ties': 0, 'mean_softmax_entropy_nats': 1.5687507825952438, 'mean_max_softmax_weight': 0.5546248907325905, 'raw_cost_max_abs': 3915400085504.0, 'raw_cost_std': 412613379679.55414, 'softmax_input_grad_norm': 0.02328374609351158, 'softmax_input_pixels_with_gradient': 203248, 'softmax_input_pixels_total': 262144, 'raw_cost_grad_norm': 2.994392114905736e-13, 'epoch': 111, 'batch': 8900, 'total_norm': 31.70557403564453, 'matching_path_norm': 8.509703341729146}, {'softmax_input_median_top2_gap': 0.918291449546814, 'softmax_input_min_top2_gap': 7.3909759521484375e-06, 'fraction_pixels_gap_below_88': 1.0, 'exact_ties': 0, 'mean_softmax_entropy_nats': 1.6616520023407166, 'mean_max_softmax_weight': 0.5005971940677381, 'raw_cost_max_abs': 2418959450112.0, 'raw_cost_std': 249679962361.44254, 'softmax_input_grad_norm': 0.031749747693538666, 'softmax_input_pixels_with_gradient': 214196, 'softmax_input_pixels_total': 262144, 'raw_cost_grad_norm': 3.01421295692203e-13, 'epoch': 111, 'batch': 8920, 'total_norm': 9.210691452026367, 'matching_path_norm': 4.46164338151042}, {'softmax_input_median_top2_gap': 1.0802074670791626, 'softmax_input_min_top2_gap': 8.58306884765625e-06, 'fraction_pixels_gap_below_88': 1.0, 'exact_ties': 0, 'mean_softmax_entropy_nats': 1.632920184718475, 'mean_max_softmax_weight': 0.5262428336582439, 'raw_cost_max_abs': 3038174248960.0, 'raw_cost_std': 306606273495.8697, 'softmax_input_grad_norm': 0.01903323270380497, 'softmax_input_pixels_with_gradient': 199214, 'softmax_input_pixels_total': 262144, 'raw_cost_grad_norm': 2.73195230543824e-13, 'epoch': 111, 'batch': 8940, 'total_norm': 8.662525177001953, 'matching_path_norm': 3.9058640994743317}, {'softmax_input_median_top2_gap': 1.556510329246521, 'softmax_input_min_top2_gap': 8.463859558105469e-06, 'fraction_pixels_gap_below_88': 1.0, 'exact_ties': 0, 'mean_softmax_entropy_nats': 1.5245102448555365, 'mean_max_softmax_weight': 0.5765547830159684, 'raw_cost_max_abs': 3374586527744.0, 'raw_cost_std': 418183859092.00226, 'softmax_input_grad_norm': 0.02345697022974491, 'softmax_input_pixels_with_gradient': 172779, 'softmax_input_pixels_total': 262144, 'raw_cost_grad_norm': 1.5899243456084927e-13, 'epoch': 112, 'batch': 8960, 'total_norm': 23.63745880126953, 'matching_path_norm': 7.510714478019419}, {'softmax_input_median_top2_gap': 0.786855161190033, 'softmax_input_min_top2_gap': 0.0, 'fraction_pixels_gap_below_88': 1.0, 'exact_ties': 1, 'mean_softmax_entropy_nats': 1.7190256891718958, 'mean_max_softmax_weight': 0.4730934668159185, 'raw_cost_max_abs': 2381044776960.0, 'raw_cost_std': 259308079797.98615, 'softmax_input_grad_norm': 0.028767742216587067, 'softmax_input_pixels_with_gradient': 211533, 'softmax_input_pixels_total': 262144, 'raw_cost_grad_norm': 4.4284256708708447e-13, 'epoch': 112, 'batch': 8980, 'total_norm': 21.280210494995117, 'matching_path_norm': 6.8688078456173205}, {'softmax_input_median_top2_gap': 1.0527263879776, 'softmax_input_min_top2_gap': 4.184246063232422e-05, 'fraction_pixels_gap_below_88': 1.0, 'exact_ties': 0, 'mean_softmax_entropy_nats': 1.633705383121948, 'mean_max_softmax_weight': 0.5198631567963532, 'raw_cost_max_abs': 3416498634752.0, 'raw_cost_std': 320020141159.4551, 'softmax_input_grad_norm': 0.025700464844703674, 'softmax_input_pixels_with_gradient': 204552, 'softmax_input_pixels_total': 262144, 'raw_cost_grad_norm': 2.888183399038513e-13, 'epoch': 112, 'batch': 9000, 'total_norm': 38.7742805480957, 'matching_path_norm': 9.978837911505613}, {'softmax_input_median_top2_gap': 0.8971495628356934, 'softmax_input_min_top2_gap': 2.9802322387695312e-06, 'fraction_pixels_gap_below_88': 1.0, 'exact_ties': 0, 'mean_softmax_entropy_nats': 1.657229217059983, 'mean_max_softmax_weight': 0.502513253020066, 'raw_cost_max_abs': 3535407677440.0, 'raw_cost_std': 334876328755.46216, 'softmax_input_grad_norm': 0.029934236779808998, 'softmax_input_pixels_with_gradient': 199814, 'softmax_input_pixels_total': 262144, 'raw_cost_grad_norm': 8.408827562207677e-13, 'epoch': 112, 'batch': 9020, 'total_norm': 42.46791076660156, 'matching_path_norm': 11.824932758256983}, {'softmax_input_median_top2_gap': 0.8958617448806763, 'softmax_input_min_top2_gap': 4.76837158203125e-07, 'fraction_pixels_gap_below_88': 1.0, 'exact_ties': 0, 'mean_softmax_entropy_nats': 1.695221165804175, 'mean_max_softmax_weight': 0.487723423865943, 'raw_cost_max_abs': 2655672598528.0, 'raw_cost_std': 272945037593.7279, 'softmax_input_grad_norm': 0.02617763541638851, 'softmax_input_pixels_with_gradient': 229945, 'softmax_input_pixels_total': 262144, 'raw_cost_grad_norm': 3.353885366045445e-13, 'epoch': 113, 'batch': 9040, 'total_norm': 11.2584867477417, 'matching_path_norm': 5.439557283237595}, {'softmax_input_median_top2_gap': 0.8177481889724731, 'softmax_input_min_top2_gap': 7.510185241699219e-06, 'fraction_pixels_gap_below_88': 1.0, 'exact_ties': 0, 'mean_softmax_entropy_nats': 1.7095421312902968, 'mean_max_softmax_weight': 0.47795183291468846, 'raw_cost_max_abs': 2909241344000.0, 'raw_cost_std': 248136979472.15326, 'softmax_input_grad_norm': 0.03189903497695923, 'softmax_input_pixels_with_gradient': 238829, 'softmax_input_pixels_total': 262144, 'raw_cost_grad_norm': 7.05350220505524e-13, 'epoch': 113, 'batch': 9060, 'total_norm': 32.95431137084961, 'matching_path_norm': 12.471808167415775}, {'softmax_input_median_top2_gap': 1.190734624862671, 'softmax_input_min_top2_gap': 3.5762786865234375e-06, 'fraction_pixels_gap_below_88': 1.0, 'exact_ties': 0, 'mean_softmax_entropy_nats': 1.568912225692228, 'mean_max_softmax_weight': 0.5556494973029209, 'raw_cost_max_abs': 3396286545920.0, 'raw_cost_std': 323428973604.65015, 'softmax_input_grad_norm': 0.023438207805156708, 'softmax_input_pixels_with_gradient': 185423, 'softmax_input_pixels_total': 262144, 'raw_cost_grad_norm': 2.1641151056513847e-13, 'epoch': 113, 'batch': 9080, 'total_norm': 35.83457565307617, 'matching_path_norm': 10.293313447075098}, {'softmax_input_median_top2_gap': 1.0312154293060303, 'softmax_input_min_top2_gap': 7.867813110351562e-06, 'fraction_pixels_gap_below_88': 1.0, 'exact_ties': 0, 'mean_softmax_entropy_nats': 1.6899997896246295, 'mean_max_softmax_weight': 0.5001597210078041, 'raw_cost_max_abs': 2867425443840.0, 'raw_cost_std': 302610074700.02704, 'softmax_input_grad_norm': 0.02049102634191513, 'softmax_input_pixels_with_gradient': 218859, 'softmax_input_pixels_total': 262144, 'raw_cost_grad_norm': 1.7947062835432098e-13, 'epoch': 113, 'batch': 9100, 'total_norm': 13.995848655700684, 'matching_path_norm': 4.686730260769251}, {'softmax_input_median_top2_gap': 0.7692533731460571, 'softmax_input_min_top2_gap': 8.106231689453125e-06, 'fraction_pixels_gap_below_88': 1.0, 'exact_ties': 0, 'mean_softmax_entropy_nats': 1.7239844371048378, 'mean_max_softmax_weight': 0.4709261835481795, 'raw_cost_max_abs': 3114582933504.0, 'raw_cost_std': 290704554963.3343, 'softmax_input_grad_norm': 0.028930632397532463, 'softmax_input_pixels_with_gradient': 210145, 'softmax_input_pixels_total': 262144, 'raw_cost_grad_norm': 4.848403579657545e-13, 'epoch': 114, 'batch': 9120, 'total_norm': 29.09217643737793, 'matching_path_norm': 10.067806496579797}, {'softmax_input_median_top2_gap': 1.155672013759613, 'softmax_input_min_top2_gap': 1.1205673217773438e-05, 'fraction_pixels_gap_below_88': 1.0, 'exact_ties': 0, 'mean_softmax_entropy_nats': 1.6014347723719722, 'mean_max_softmax_weight': 0.5401659974318476, 'raw_cost_max_abs': 2713326190592.0, 'raw_cost_std': 296105438974.1181, 'softmax_input_grad_norm': 0.022329378873109818, 'softmax_input_pixels_with_gradient': 187236, 'softmax_input_pixels_total': 262144, 'raw_cost_grad_norm': 2.0539971633259935e-13, 'epoch': 114, 'batch': 9140, 'total_norm': 33.953094482421875, 'matching_path_norm': 8.802095836612846}, {'softmax_input_median_top2_gap': 1.0911482572555542, 'softmax_input_min_top2_gap': 1.0251998901367188e-05, 'fraction_pixels_gap_below_88': 1.0, 'exact_ties': 0, 'mean_softmax_entropy_nats': 1.6520050531342911, 'mean_max_softmax_weight': 0.5197238318690865, 'raw_cost_max_abs': 3166668324864.0, 'raw_cost_std': 271598841646.40695, 'softmax_input_grad_norm': 0.02492193505167961, 'softmax_input_pixels_with_gradient': 196681, 'softmax_input_pixels_total': 262144, 'raw_cost_grad_norm': 4.572387390586186e-13, 'epoch': 114, 'batch': 9160, 'total_norm': 17.52330207824707, 'matching_path_norm': 4.629396765784968}, {'softmax_input_median_top2_gap': 1.006675124168396, 'softmax_input_min_top2_gap': 2.0265579223632812e-06, 'fraction_pixels_gap_below_88': 1.0, 'exact_ties': 0, 'mean_softmax_entropy_nats': 1.6514291254513571, 'mean_max_softmax_weight': 0.508233393835735, 'raw_cost_max_abs': 1995973591040.0, 'raw_cost_std': 216432768272.16406, 'softmax_input_grad_norm': 0.04371637850999832, 'softmax_input_pixels_with_gradient': 174501, 'softmax_input_pixels_total': 262144, 'raw_cost_grad_norm': 5.090692407547226e-13, 'epoch': 114, 'batch': 9180, 'total_norm': 22.625865936279297, 'matching_path_norm': 10.180302498135397}, {'softmax_input_median_top2_gap': 1.2067277431488037, 'softmax_input_min_top2_gap': 1.5974044799804688e-05, 'fraction_pixels_gap_below_88': 1.0, 'exact_ties': 0, 'mean_softmax_entropy_nats': 1.6125444098041513, 'mean_max_softmax_weight': 0.5331093228096102, 'raw_cost_max_abs': 2827641421824.0, 'raw_cost_std': 286535759248.7652, 'softmax_input_grad_norm': 0.027881095185875893, 'softmax_input_pixels_with_gradient': 198647, 'softmax_input_pixels_total': 262144, 'raw_cost_grad_norm': 9.414751964142987e-13, 'epoch': 115, 'batch': 9200, 'total_norm': 21.39372444152832, 'matching_path_norm': 6.458327357014795}, {'softmax_input_median_top2_gap': 1.0363238453865051, 'softmax_input_min_top2_gap': 3.5762786865234375e-06, 'fraction_pixels_gap_below_88': 1.0, 'exact_ties': 0, 'mean_softmax_entropy_nats': 1.6198692211408978, 'mean_max_softmax_weight': 0.5261455973668971, 'raw_cost_max_abs': 2944901578752.0, 'raw_cost_std': 308761190663.63495, 'softmax_input_grad_norm': 0.022050736472010612, 'softmax_input_pixels_with_gradient': 200548, 'softmax_input_pixels_total': 262144, 'raw_cost_grad_norm': 2.0648229220182612e-13, 'epoch': 115, 'batch': 9220, 'total_norm': 6.139703750610352, 'matching_path_norm': 3.8442751044863632}, {'softmax_input_median_top2_gap': 0.9327642917633057, 'softmax_input_min_top2_gap': 5.9604644775390625e-06, 'fraction_pixels_gap_below_88': 1.0, 'exact_ties': 0, 'mean_softmax_entropy_nats': 1.6914541401916896, 'mean_max_softmax_weight': 0.48978509394879316, 'raw_cost_max_abs': 2884013129728.0, 'raw_cost_std': 290769118098.6625, 'softmax_input_grad_norm': 0.032393645495176315, 'softmax_input_pixels_with_gradient': 194610, 'softmax_input_pixels_total': 262144, 'raw_cost_grad_norm': 3.9667043521401935e-13, 'epoch': 115, 'batch': 9240, 'total_norm': 17.007022857666016, 'matching_path_norm': 9.037615809989413}, {'softmax_input_median_top2_gap': 1.0743229985237122, 'softmax_input_min_top2_gap': 9.894371032714844e-06, 'fraction_pixels_gap_below_88': 1.0, 'exact_ties': 0, 'mean_softmax_entropy_nats': 1.5921524552064863, 'mean_max_softmax_weight': 0.5416751522288297, 'raw_cost_max_abs': 3274534551552.0, 'raw_cost_std': 325172090142.8345, 'softmax_input_grad_norm': 0.0293265487998724, 'softmax_input_pixels_with_gradient': 187507, 'softmax_input_pixels_total': 262144, 'raw_cost_grad_norm': 3.5949365771552333e-13, 'epoch': 115, 'batch': 9260, 'total_norm': 52.73834991455078, 'matching_path_norm': 14.304758563253962}, {'softmax_input_median_top2_gap': 0.9240807294845581, 'softmax_input_min_top2_gap': 2.384185791015625e-07, 'fraction_pixels_gap_below_88': 1.0, 'exact_ties': 0, 'mean_softmax_entropy_nats': 1.6764933446440033, 'mean_max_softmax_weight': 0.4975296399844681, 'raw_cost_max_abs': 2215003553792.0, 'raw_cost_std': 221810577605.43304, 'softmax_input_grad_norm': 0.030492549762129784, 'softmax_input_pixels_with_gradient': 197701, 'softmax_input_pixels_total': 262144, 'raw_cost_grad_norm': 5.217664950270262e-13, 'epoch': 116, 'batch': 9280, 'total_norm': 17.124176025390625, 'matching_path_norm': 5.014335052707429}, {'softmax_input_median_top2_gap': 0.8886536359786987, 'softmax_input_min_top2_gap': 1.430511474609375e-06, 'fraction_pixels_gap_below_88': 1.0, 'exact_ties': 0, 'mean_softmax_entropy_nats': 1.7305405702385528, 'mean_max_softmax_weight': 0.47578534174484355, 'raw_cost_max_abs': 2266855374848.0, 'raw_cost_std': 263854845946.75433, 'softmax_input_grad_norm': 0.024550415575504303, 'softmax_input_pixels_with_gradient': 216577, 'softmax_input_pixels_total': 262144, 'raw_cost_grad_norm': 3.874782168299812e-13, 'epoch': 116, 'batch': 9300, 'total_norm': 4.640523433685303, 'matching_path_norm': 3.2381217387720707}, {'softmax_input_median_top2_gap': 0.7797766923904419, 'softmax_input_min_top2_gap': 8.344650268554688e-07, 'fraction_pixels_gap_below_88': 1.0, 'exact_ties': 0, 'mean_softmax_entropy_nats': 1.8021720351600266, 'mean_max_softmax_weight': 0.43972448924392404, 'raw_cost_max_abs': 2113556709376.0, 'raw_cost_std': 192480124754.33694, 'softmax_input_grad_norm': 0.026152387261390686, 'softmax_input_pixels_with_gradient': 217516, 'softmax_input_pixels_total': 262144, 'raw_cost_grad_norm': 2.961907791514812e-13, 'epoch': 116, 'batch': 9320, 'total_norm': 24.696430206298828, 'matching_path_norm': 9.088144075888394}, {'softmax_input_median_top2_gap': 2.227113723754883, 'softmax_input_min_top2_gap': 8.821487426757812e-06, 'fraction_pixels_gap_below_88': 1.0, 'exact_ties': 0, 'mean_softmax_entropy_nats': 1.4275777226473776, 'mean_max_softmax_weight': 0.6206394686473967, 'raw_cost_max_abs': 3130680410112.0, 'raw_cost_std': 394362140813.78735, 'softmax_input_grad_norm': 0.02489502914249897, 'softmax_input_pixels_with_gradient': 158015, 'softmax_input_pixels_total': 262144, 'raw_cost_grad_norm': 1.5336766145263026e-13, 'epoch': 116, 'batch': 9340, 'total_norm': 11.165365219116211, 'matching_path_norm': 3.4950018178640962}, {'softmax_input_median_top2_gap': 1.3971343040466309, 'softmax_input_min_top2_gap': 6.67572021484375e-06, 'fraction_pixels_gap_below_88': 1.0, 'exact_ties': 0, 'mean_softmax_entropy_nats': 1.5466975987236036, 'mean_max_softmax_weight': 0.5615360937282023, 'raw_cost_max_abs': 3504541007872.0, 'raw_cost_std': 363973466799.31964, 'softmax_input_grad_norm': 0.026256823912262917, 'softmax_input_pixels_with_gradient': 181425, 'softmax_input_pixels_total': 262144, 'raw_cost_grad_norm': 2.855489824628299e-13, 'epoch': 117, 'batch': 9360, 'total_norm': 23.159921646118164, 'matching_path_norm': 5.940242800194717}, {'softmax_input_median_top2_gap': 0.9943459033966064, 'softmax_input_min_top2_gap': 7.62939453125e-06, 'fraction_pixels_gap_below_88': 1.0, 'exact_ties': 0, 'mean_softmax_entropy_nats': 1.656002780676615, 'mean_max_softmax_weight': 0.5157540015685638, 'raw_cost_max_abs': 2963282067456.0, 'raw_cost_std': 287044986922.53345, 'softmax_input_grad_norm': 0.024112852290272713, 'softmax_input_pixels_with_gradient': 212038, 'softmax_input_pixels_total': 262144, 'raw_cost_grad_norm': 2.4300860260693946e-13, 'epoch': 117, 'batch': 9380, 'total_norm': 45.34409713745117, 'matching_path_norm': 10.87053376249197}, {'softmax_input_median_top2_gap': 1.109256386756897, 'softmax_input_min_top2_gap': 6.270408630371094e-05, 'fraction_pixels_gap_below_88': 1.0, 'exact_ties': 0, 'mean_softmax_entropy_nats': 1.590481417784585, 'mean_max_softmax_weight': 0.5402475971994485, 'raw_cost_max_abs': 3138540797952.0, 'raw_cost_std': 318129369272.27313, 'softmax_input_grad_norm': 0.03076266683638096, 'softmax_input_pixels_with_gradient': 177795, 'softmax_input_pixels_total': 262144, 'raw_cost_grad_norm': 2.79843287214962e-13, 'epoch': 117, 'batch': 9400, 'total_norm': 40.621822357177734, 'matching_path_norm': 10.681833063673201}, {'softmax_input_median_top2_gap': 0.8990528583526611, 'softmax_input_min_top2_gap': 1.0251998901367188e-05, 'fraction_pixels_gap_below_88': 1.0, 'exact_ties': 0, 'mean_softmax_entropy_nats': 1.7157950266672664, 'mean_max_softmax_weight': 0.48103443197192813, 'raw_cost_max_abs': 2757648449536.0, 'raw_cost_std': 244267250390.1757, 'softmax_input_grad_norm': 0.027390241622924805, 'softmax_input_pixels_with_gradient': 205907, 'softmax_input_pixels_total': 262144, 'raw_cost_grad_norm': 3.321839873483834e-13, 'epoch': 117, 'batch': 9420, 'total_norm': 36.8373908996582, 'matching_path_norm': 8.76968546786217}, {'softmax_input_median_top2_gap': 1.4868124723434448, 'softmax_input_min_top2_gap': 2.6702880859375e-05, 'fraction_pixels_gap_below_88': 1.0, 'exact_ties': 0, 'mean_softmax_entropy_nats': 1.5612664957919948, 'mean_max_softmax_weight': 0.5603504426202758, 'raw_cost_max_abs': 1914668580864.0, 'raw_cost_std': 233083935892.3793, 'softmax_input_grad_norm': 0.026933930814266205, 'softmax_input_pixels_with_gradient': 176761, 'softmax_input_pixels_total': 262144, 'raw_cost_grad_norm': 6.948026138806074e-13, 'epoch': 118, 'batch': 9440, 'total_norm': 29.754011154174805, 'matching_path_norm': 9.15850413774737}, {'softmax_input_median_top2_gap': 0.9444957971572876, 'softmax_input_min_top2_gap': 4.76837158203125e-07, 'fraction_pixels_gap_below_88': 1.0, 'exact_ties': 0, 'mean_softmax_entropy_nats': 1.6685416020289134, 'mean_max_softmax_weight': 0.5048249862606216, 'raw_cost_max_abs': 2856159019008.0, 'raw_cost_std': 273022293814.75635, 'softmax_input_grad_norm': 0.029798150062561035, 'softmax_input_pixels_with_gradient': 185054, 'softmax_input_pixels_total': 262144, 'raw_cost_grad_norm': 2.763719158041522e-13, 'epoch': 118, 'batch': 9460, 'total_norm': 39.24831008911133, 'matching_path_norm': 8.794472592261405}, {'softmax_input_median_top2_gap': 0.95667564868927, 'softmax_input_min_top2_gap': 3.0994415283203125e-06, 'fraction_pixels_gap_below_88': 1.0, 'exact_ties': 0, 'mean_softmax_entropy_nats': 1.6590363322959312, 'mean_max_softmax_weight': 0.5063020172270355, 'raw_cost_max_abs': 2339769679872.0, 'raw_cost_std': 204658908449.5862, 'softmax_input_grad_norm': 0.025695107877254486, 'softmax_input_pixels_with_gradient': 193781, 'softmax_input_pixels_total': 262144, 'raw_cost_grad_norm': 3.6167228066597e-13, 'epoch': 118, 'batch': 9480, 'total_norm': 17.36986541748047, 'matching_path_norm': 6.4073899039652815}, {'softmax_input_median_top2_gap': 1.0009278059005737, 'softmax_input_min_top2_gap': 1.5497207641601562e-06, 'fraction_pixels_gap_below_88': 1.0, 'exact_ties': 0, 'mean_softmax_entropy_nats': 1.676946185181889, 'mean_max_softmax_weight': 0.49847308146072955, 'raw_cost_max_abs': 3378970624000.0, 'raw_cost_std': 356917580674.15826, 'softmax_input_grad_norm': 0.028768522664904594, 'softmax_input_pixels_with_gradient': 223924, 'softmax_input_pixels_total': 262144, 'raw_cost_grad_norm': 6.551372400305511e-13, 'epoch': 118, 'batch': 9500, 'total_norm': 22.80385971069336, 'matching_path_norm': 6.001035176027259}, {'softmax_input_median_top2_gap': 0.7774616479873657, 'softmax_input_min_top2_gap': 6.079673767089844e-06, 'fraction_pixels_gap_below_88': 1.0, 'exact_ties': 0, 'mean_softmax_entropy_nats': 1.7476608628643695, 'mean_max_softmax_weight': 0.462166613460982, 'raw_cost_max_abs': 3109615304704.0, 'raw_cost_std': 294825969143.9639, 'softmax_input_grad_norm': 0.025301773101091385, 'softmax_input_pixels_with_gradient': 247507, 'softmax_input_pixels_total': 262144, 'raw_cost_grad_norm': 6.328352013425242e-13, 'epoch': 119, 'batch': 9520, 'total_norm': 68.38465881347656, 'matching_path_norm': 15.2239450143289}, {'softmax_input_median_top2_gap': 0.9443186521530151, 'softmax_input_min_top2_gap': 7.152557373046875e-07, 'fraction_pixels_gap_below_88': 1.0, 'exact_ties': 0, 'mean_softmax_entropy_nats': 1.66929404639226, 'mean_max_softmax_weight': 0.5046447419017854, 'raw_cost_max_abs': 3359320834048.0, 'raw_cost_std': 348014082866.9908, 'softmax_input_grad_norm': 0.020212214440107346, 'softmax_input_pixels_with_gradient': 211129, 'softmax_input_pixels_total': 262144, 'raw_cost_grad_norm': 3.4577188660032954e-13, 'epoch': 119, 'batch': 9540, 'total_norm': 5.6734514236450195, 'matching_path_norm': 3.4619658839783285}, {'softmax_input_median_top2_gap': 1.0811917781829834, 'softmax_input_min_top2_gap': 6.198883056640625e-06, 'fraction_pixels_gap_below_88': 1.0, 'exact_ties': 0, 'mean_softmax_entropy_nats': 1.6343068021316847, 'mean_max_softmax_weight': 0.5218372547788295, 'raw_cost_max_abs': 3260234334208.0, 'raw_cost_std': 297691781404.8461, 'softmax_input_grad_norm': 0.022397717460989952, 'softmax_input_pixels_with_gradient': 194179, 'softmax_input_pixels_total': 262144, 'raw_cost_grad_norm': 4.0747391355164253e-13, 'epoch': 119, 'batch': 9560, 'total_norm': 17.070201873779297, 'matching_path_norm': 4.776421537048494}, {'softmax_input_median_top2_gap': 1.2301318645477295, 'softmax_input_min_top2_gap': 2.384185791015625e-07, 'fraction_pixels_gap_below_88': 1.0, 'exact_ties': 0, 'mean_softmax_entropy_nats': 1.5836049860930572, 'mean_max_softmax_weight': 0.5505492385926563, 'raw_cost_max_abs': 3090771083264.0, 'raw_cost_std': 388334207073.4628, 'softmax_input_grad_norm': 0.022853486239910126, 'softmax_input_pixels_with_gradient': 185680, 'softmax_input_pixels_total': 262144, 'raw_cost_grad_norm': 1.8628830845534433e-13, 'epoch': 119, 'batch': 9580, 'total_norm': 7.151506423950195, 'matching_path_norm': 3.693504046336303}, {'softmax_input_median_top2_gap': 1.0281660556793213, 'softmax_input_min_top2_gap': 9.5367431640625e-07, 'fraction_pixels_gap_below_88': 1.0, 'exact_ties': 0, 'mean_softmax_entropy_nats': 1.6558768683897616, 'mean_max_softmax_weight': 0.5127692158352201, 'raw_cost_max_abs': 4294870040576.0, 'raw_cost_std': 403761558091.9324, 'softmax_input_grad_norm': 0.020472470670938492, 'softmax_input_pixels_with_gradient': 225814, 'softmax_input_pixels_total': 262144, 'raw_cost_grad_norm': 1.809408471577928e-13, 'epoch': 120, 'batch': 9600, 'total_norm': 18.351245880126953, 'matching_path_norm': 4.378170493385721}, {'softmax_input_median_top2_gap': 1.3303303718566895, 'softmax_input_min_top2_gap': 1.5020370483398438e-05, 'fraction_pixels_gap_below_88': 1.0, 'exact_ties': 0, 'mean_softmax_entropy_nats': 1.5483522245871895, 'mean_max_softmax_weight': 0.5632068198007095, 'raw_cost_max_abs': 3381067776000.0, 'raw_cost_std': 369615362785.70935, 'softmax_input_grad_norm': 0.02572573721408844, 'softmax_input_pixels_with_gradient': 181162, 'softmax_input_pixels_total': 262144, 'raw_cost_grad_norm': 3.508187663980866e-13, 'epoch': 120, 'batch': 9620, 'total_norm': 10.552063941955566, 'matching_path_norm': 5.271090451848587}, {'softmax_input_median_top2_gap': 0.7747831344604492, 'softmax_input_min_top2_gap': 8.106231689453125e-06, 'fraction_pixels_gap_below_88': 1.0, 'exact_ties': 0, 'mean_softmax_entropy_nats': 1.7620308173853911, 'mean_max_softmax_weight': 0.456873449684838, 'raw_cost_max_abs': 3503246016512.0, 'raw_cost_std': 276818733102.8518, 'softmax_input_grad_norm': 0.02575979009270668, 'softmax_input_pixels_with_gradient': 224486, 'softmax_input_pixels_total': 262144, 'raw_cost_grad_norm': 6.801002361105091e-13, 'epoch': 120, 'batch': 9640, 'total_norm': 59.1734619140625, 'matching_path_norm': 12.765457183605884}, {'softmax_input_median_top2_gap': 1.050557553768158, 'softmax_input_min_top2_gap': 9.5367431640625e-07, 'fraction_pixels_gap_below_88': 1.0, 'exact_ties': 0, 'mean_softmax_entropy_nats': 1.6332577245526756, 'mean_max_softmax_weight': 0.5199182932132882, 'raw_cost_max_abs': 3189825077248.0, 'raw_cost_std': 347843232006.56506, 'softmax_input_grad_norm': 0.01986316777765751, 'softmax_input_pixels_with_gradient': 217319, 'softmax_input_pixels_total': 262144, 'raw_cost_grad_norm': 2.8176549635161585e-13, 'epoch': 120, 'batch': 9660, 'total_norm': 8.927436828613281, 'matching_path_norm': 3.8226484831894654}, {'softmax_input_median_top2_gap': 0.921400785446167, 'softmax_input_min_top2_gap': 5.125999450683594e-06, 'fraction_pixels_gap_below_88': 1.0, 'exact_ties': 0, 'mean_softmax_entropy_nats': 1.6742701537349653, 'mean_max_softmax_weight': 0.49962068413712496, 'raw_cost_max_abs': 3078803685376.0, 'raw_cost_std': 253897839147.97662, 'softmax_input_grad_norm': 0.021370744332671165, 'softmax_input_pixels_with_gradient': 241993, 'softmax_input_pixels_total': 262144, 'raw_cost_grad_norm': 4.2949728517628627e-13, 'epoch': 121, 'batch': 9680, 'total_norm': 5.433669090270996, 'matching_path_norm': 3.2653931398033946}, {'softmax_input_median_top2_gap': 1.3338158130645752, 'softmax_input_min_top2_gap': 6.318092346191406e-06, 'fraction_pixels_gap_below_88': 1.0, 'exact_ties': 0, 'mean_softmax_entropy_nats': 1.578158050236298, 'mean_max_softmax_weight': 0.547062590521866, 'raw_cost_max_abs': 3414225584128.0, 'raw_cost_std': 322377091688.7778, 'softmax_input_grad_norm': 0.02289818599820137, 'softmax_input_pixels_with_gradient': 191432, 'softmax_input_pixels_total': 262144, 'raw_cost_grad_norm': 5.407266431486923e-13, 'epoch': 121, 'batch': 9700, 'total_norm': 6.782119274139404, 'matching_path_norm': 2.923778970895486}, {'softmax_input_median_top2_gap': 1.2261619567871094, 'softmax_input_min_top2_gap': 5.0067901611328125e-06, 'fraction_pixels_gap_below_88': 1.0, 'exact_ties': 0, 'mean_softmax_entropy_nats': 1.5680448123029507, 'mean_max_softmax_weight': 0.5555874454342937, 'raw_cost_max_abs': 4017123753984.0, 'raw_cost_std': 412335123241.2829, 'softmax_input_grad_norm': 0.028980527073144913, 'softmax_input_pixels_with_gradient': 181442, 'softmax_input_pixels_total': 262144, 'raw_cost_grad_norm': 3.2265019106990367e-13, 'epoch': 121, 'batch': 9720, 'total_norm': 27.903160095214844, 'matching_path_norm': 7.5845534225859295}, {'softmax_input_median_top2_gap': 1.2123210430145264, 'softmax_input_min_top2_gap': 2.86102294921875e-05, 'fraction_pixels_gap_below_88': 1.0, 'exact_ties': 0, 'mean_softmax_entropy_nats': 1.7148478384694812, 'mean_max_softmax_weight': 0.4980519795949071, 'raw_cost_max_abs': 1548469796864.0, 'raw_cost_std': 116373738033.57874, 'softmax_input_grad_norm': 0.02699168212711811, 'softmax_input_pixels_with_gradient': 233383, 'softmax_input_pixels_total': 262144, 'raw_cost_grad_norm': 7.603899606321851e-13, 'epoch': 121, 'batch': 9740, 'total_norm': 21.212087631225586, 'matching_path_norm': 11.866173289446175}, {'softmax_input_median_top2_gap': 0.8480939865112305, 'softmax_input_min_top2_gap': 1.430511474609375e-06, 'fraction_pixels_gap_below_88': 1.0, 'exact_ties': 0, 'mean_softmax_entropy_nats': 1.7347727994420925, 'mean_max_softmax_weight': 0.4706635730339279, 'raw_cost_max_abs': 3198946115584.0, 'raw_cost_std': 274557110963.08798, 'softmax_input_grad_norm': 0.02864856645464897, 'softmax_input_pixels_with_gradient': 206356, 'softmax_input_pixels_total': 262144, 'raw_cost_grad_norm': 5.291772879265078e-13, 'epoch': 122, 'batch': 9760, 'total_norm': 8.525389671325684, 'matching_path_norm': 4.183369919336748}, {'softmax_input_median_top2_gap': 1.033557653427124, 'softmax_input_min_top2_gap': 2.2649765014648438e-06, 'fraction_pixels_gap_below_88': 1.0, 'exact_ties': 0, 'mean_softmax_entropy_nats': 1.6412845032162262, 'mean_max_softmax_weight': 0.5166467112036867, 'raw_cost_max_abs': 3073032060928.0, 'raw_cost_std': 290984225423.6129, 'softmax_input_grad_norm': 0.022635038942098618, 'softmax_input_pixels_with_gradient': 204111, 'softmax_input_pixels_total': 262144, 'raw_cost_grad_norm': 3.337371340655232e-13, 'epoch': 122, 'batch': 9780, 'total_norm': 13.687657356262207, 'matching_path_norm': 3.272747577891301}, {'softmax_input_median_top2_gap': 0.9603976011276245, 'softmax_input_min_top2_gap': 6.9141387939453125e-06, 'fraction_pixels_gap_below_88': 1.0, 'exact_ties': 0, 'mean_softmax_entropy_nats': 1.6645146100190473, 'mean_max_softmax_weight': 0.5069878995791183, 'raw_cost_max_abs': 3734807248896.0, 'raw_cost_std': 345295121776.90894, 'softmax_input_grad_norm': 0.019352948293089867, 'softmax_input_pixels_with_gradient': 224725, 'softmax_input_pixels_total': 262144, 'raw_cost_grad_norm': 2.7528107289336023e-13, 'epoch': 122, 'batch': 9800, 'total_norm': 6.597105503082275, 'matching_path_norm': 2.665948883464422}, {'softmax_input_median_top2_gap': 1.1622600555419922, 'softmax_input_min_top2_gap': 9.5367431640625e-07, 'fraction_pixels_gap_below_88': 1.0, 'exact_ties': 0, 'mean_softmax_entropy_nats': 1.6183537884071098, 'mean_max_softmax_weight': 0.5308257455701979, 'raw_cost_max_abs': 3357823205376.0, 'raw_cost_std': 320051378697.24817, 'softmax_input_grad_norm': 0.02461034618318081, 'softmax_input_pixels_with_gradient': 177674, 'softmax_input_pixels_total': 262144, 'raw_cost_grad_norm': 2.633808156380507e-13, 'epoch': 122, 'batch': 9820, 'total_norm': 25.289390563964844, 'matching_path_norm': 6.460017343977516}, {'softmax_input_median_top2_gap': 0.7585083246231079, 'softmax_input_min_top2_gap': 4.172325134277344e-06, 'fraction_pixels_gap_below_88': 1.0, 'exact_ties': 0, 'mean_softmax_entropy_nats': 1.7531043016830354, 'mean_max_softmax_weight': 0.4595856651063717, 'raw_cost_max_abs': 3625213755392.0, 'raw_cost_std': 302698942272.34784, 'softmax_input_grad_norm': 0.021221114322543144, 'softmax_input_pixels_with_gradient': 245633, 'softmax_input_pixels_total': 262144, 'raw_cost_grad_norm': 3.2739062112360773e-13, 'epoch': 123, 'batch': 9840, 'total_norm': 52.408973693847656, 'matching_path_norm': 12.19563002743594}, {'softmax_input_median_top2_gap': 0.9264822006225586, 'softmax_input_min_top2_gap': 2.7418136596679688e-06, 'fraction_pixels_gap_below_88': 1.0, 'exact_ties': 0, 'mean_softmax_entropy_nats': 1.6723861216553042, 'mean_max_softmax_weight': 0.5001829958205775, 'raw_cost_max_abs': 3241115385856.0, 'raw_cost_std': 325375236292.86755, 'softmax_input_grad_norm': 0.02971792034804821, 'softmax_input_pixels_with_gradient': 211830, 'softmax_input_pixels_total': 262144, 'raw_cost_grad_norm': 3.579132162086912e-13, 'epoch': 123, 'batch': 9860, 'total_norm': 38.91641616821289, 'matching_path_norm': 9.24523165020684}, {'softmax_input_median_top2_gap': 0.9275524616241455, 'softmax_input_min_top2_gap': 8.58306884765625e-06, 'fraction_pixels_gap_below_88': 1.0, 'exact_ties': 0, 'mean_softmax_entropy_nats': 1.655490490713035, 'mean_max_softmax_weight': 0.5087302953836992, 'raw_cost_max_abs': 2728509571072.0, 'raw_cost_std': 312967079213.8149, 'softmax_input_grad_norm': 0.023072628304362297, 'softmax_input_pixels_with_gradient': 220949, 'softmax_input_pixels_total': 262144, 'raw_cost_grad_norm': 3.2104630369109155e-13, 'epoch': 123, 'batch': 9880, 'total_norm': 33.1854248046875, 'matching_path_norm': 8.118054914546011}, {'softmax_input_median_top2_gap': 0.9510616064071655, 'softmax_input_min_top2_gap': 3.6597251892089844e-05, 'fraction_pixels_gap_below_88': 1.0, 'exact_ties': 0, 'mean_softmax_entropy_nats': 1.67519285133624, 'mean_max_softmax_weight': 0.5003227366526326, 'raw_cost_max_abs': 2451953942528.0, 'raw_cost_std': 238762168030.95325, 'softmax_input_grad_norm': 0.026822593063116074, 'softmax_input_pixels_with_gradient': 193796, 'softmax_input_pixels_total': 262144, 'raw_cost_grad_norm': 3.8795317869669277e-13, 'epoch': 123, 'batch': 9900, 'total_norm': 10.938756942749023, 'matching_path_norm': 4.544640103378659}, {'softmax_input_median_top2_gap': 1.1774799823760986, 'softmax_input_min_top2_gap': 7.033348083496094e-06, 'fraction_pixels_gap_below_88': 1.0, 'exact_ties': 0, 'mean_softmax_entropy_nats': 1.5989437845753205, 'mean_max_softmax_weight': 0.5388225286178119, 'raw_cost_max_abs': 4397221543936.0, 'raw_cost_std': 469619595844.3798, 'softmax_input_grad_norm': 0.019617179408669472, 'softmax_input_pixels_with_gradient': 208559, 'softmax_input_pixels_total': 262144, 'raw_cost_grad_norm': 2.9429974082728627e-13, 'epoch': 124, 'batch': 9920, 'total_norm': 24.368896484375, 'matching_path_norm': 6.291091393410671}, {'softmax_input_median_top2_gap': 2.1828975081443787, 'softmax_input_min_top2_gap': 1.5497207641601562e-06, 'fraction_pixels_gap_below_88': 1.0, 'exact_ties': 0, 'mean_softmax_entropy_nats': 1.490045305101472, 'mean_max_softmax_weight': 0.5946284340029381, 'raw_cost_max_abs': 4398270382080.0, 'raw_cost_std': 519286565029.9865, 'softmax_input_grad_norm': 0.02070390060544014, 'softmax_input_pixels_with_gradient': 176914, 'softmax_input_pixels_total': 262144, 'raw_cost_grad_norm': 1.8956327664260836e-13, 'epoch': 124, 'batch': 9940, 'total_norm': 20.551496505737305, 'matching_path_norm': 5.474670936397538}, {'softmax_input_median_top2_gap': 1.3920713663101196, 'softmax_input_min_top2_gap': 5.9604644775390625e-06, 'fraction_pixels_gap_below_88': 1.0, 'exact_ties': 0, 'mean_softmax_entropy_nats': 1.563393584506349, 'mean_max_softmax_weight': 0.5540617236361804, 'raw_cost_max_abs': 4008820342784.0, 'raw_cost_std': 367252425646.4307, 'softmax_input_grad_norm': 0.026832526549696922, 'softmax_input_pixels_with_gradient': 145153, 'softmax_input_pixels_total': 262144, 'raw_cost_grad_norm': 1.7636975593090382e-13, 'epoch': 124, 'batch': 9960, 'total_norm': 10.31163215637207, 'matching_path_norm': 2.7199299470560288}, {'softmax_input_median_top2_gap': 1.4150019884109497, 'softmax_input_min_top2_gap': 4.649162292480469e-06, 'fraction_pixels_gap_below_88': 1.0, 'exact_ties': 0, 'mean_softmax_entropy_nats': 1.5365003494259555, 'mean_max_softmax_weight': 0.5663102623098565, 'raw_cost_max_abs': 4108879396864.0, 'raw_cost_std': 441637948883.9469, 'softmax_input_grad_norm': 0.036065474152565, 'softmax_input_pixels_with_gradient': 176135, 'softmax_input_pixels_total': 262144, 'raw_cost_grad_norm': 4.501066132225201e-13, 'epoch': 124, 'batch': 9980, 'total_norm': 46.02013397216797, 'matching_path_norm': 12.263087075593292}, {'softmax_input_median_top2_gap': 0.8273535966873169, 'softmax_input_min_top2_gap': 1.0728836059570312e-05, 'fraction_pixels_gap_below_88': 1.0, 'exact_ties': 0, 'mean_softmax_entropy_nats': 1.663735355286713, 'mean_max_softmax_weight': 0.49666623119043474, 'raw_cost_max_abs': 2082102312960.0, 'raw_cost_std': 281837456538.1634, 'softmax_input_grad_norm': 0.030391566455364227, 'softmax_input_pixels_with_gradient': 181188, 'softmax_input_pixels_total': 262144, 'raw_cost_grad_norm': 4.875272277896081e-13, 'epoch': 125, 'batch': 10000, 'total_norm': 11.587154388427734, 'matching_path_norm': 4.519230244832858}, {'softmax_input_median_top2_gap': 0.9361270666122437, 'softmax_input_min_top2_gap': 5.9604644775390625e-06, 'fraction_pixels_gap_below_88': 1.0, 'exact_ties': 0, 'mean_softmax_entropy_nats': 1.6887179333013416, 'mean_max_softmax_weight': 0.4952027204199639, 'raw_cost_max_abs': 2687444975616.0, 'raw_cost_std': 256822232994.75912, 'softmax_input_grad_norm': 0.022944148629903793, 'softmax_input_pixels_with_gradient': 193839, 'softmax_input_pixels_total': 262144, 'raw_cost_grad_norm': 5.777619593687333e-13, 'epoch': 125, 'batch': 10020, 'total_norm': 18.89505958557129, 'matching_path_norm': 5.252569348725618}, {'softmax_input_median_top2_gap': 0.5890389680862427, 'softmax_input_min_top2_gap': 2.6226043701171875e-06, 'fraction_pixels_gap_below_88': 1.0, 'exact_ties': 0, 'mean_softmax_entropy_nats': 1.7284938689409803, 'mean_max_softmax_weight': 0.4595544380720526, 'raw_cost_max_abs': 2828102008832.0, 'raw_cost_std': 277505436303.3391, 'softmax_input_grad_norm': 0.028309253975749016, 'softmax_input_pixels_with_gradient': 229267, 'softmax_input_pixels_total': 262144, 'raw_cost_grad_norm': 4.960376185324245e-13, 'epoch': 125, 'batch': 10040, 'total_norm': 14.260658264160156, 'matching_path_norm': 5.714985556994438}, {'softmax_input_median_top2_gap': 0.9742923974990845, 'softmax_input_min_top2_gap': 1.3589859008789062e-05, 'fraction_pixels_gap_below_88': 1.0, 'exact_ties': 0, 'mean_softmax_entropy_nats': 1.6760855019683816, 'mean_max_softmax_weight': 0.49829464961692826, 'raw_cost_max_abs': 2784305348608.0, 'raw_cost_std': 288483255132.96844, 'softmax_input_grad_norm': 0.027469810098409653, 'softmax_input_pixels_with_gradient': 196774, 'softmax_input_pixels_total': 262144, 'raw_cost_grad_norm': 4.1685318391548876e-13, 'epoch': 125, 'batch': 10060, 'total_norm': 25.344697952270508, 'matching_path_norm': 7.752652626033632}, {'softmax_input_median_top2_gap': 1.1932975053787231, 'softmax_input_min_top2_gap': 5.7220458984375e-06, 'fraction_pixels_gap_below_88': 1.0, 'exact_ties': 0, 'mean_softmax_entropy_nats': 1.599232711836345, 'mean_max_softmax_weight': 0.5376807344267795, 'raw_cost_max_abs': 3166640537600.0, 'raw_cost_std': 315956439602.0046, 'softmax_input_grad_norm': 0.03920155391097069, 'softmax_input_pixels_with_gradient': 185088, 'softmax_input_pixels_total': 262144, 'raw_cost_grad_norm': 4.333069005598572e-13, 'epoch': 126, 'batch': 10080, 'total_norm': 75.0149154663086, 'matching_path_norm': 19.788703758748795}, {'softmax_input_median_top2_gap': 0.9803340435028076, 'softmax_input_min_top2_gap': 8.106231689453125e-06, 'fraction_pixels_gap_below_88': 1.0, 'exact_ties': 0, 'mean_softmax_entropy_nats': 1.6328088894375892, 'mean_max_softmax_weight': 0.5173402504187904, 'raw_cost_max_abs': 2875117535232.0, 'raw_cost_std': 297367220641.34894, 'softmax_input_grad_norm': 0.029569152742624283, 'softmax_input_pixels_with_gradient': 176508, 'softmax_input_pixels_total': 262144, 'raw_cost_grad_norm': 3.449828584693032e-13, 'epoch': 126, 'batch': 10100, 'total_norm': 5.91982889175415, 'matching_path_norm': 2.7518919814278533}, {'softmax_input_median_top2_gap': 0.855599045753479, 'softmax_input_min_top2_gap': 7.152557373046875e-07, 'fraction_pixels_gap_below_88': 1.0, 'exact_ties': 0, 'mean_softmax_entropy_nats': 1.6579237992547626, 'mean_max_softmax_weight': 0.5036431508383206, 'raw_cost_max_abs': 3277016006656.0, 'raw_cost_std': 330622941912.2804, 'softmax_input_grad_norm': 0.01881364919245243, 'softmax_input_pixels_with_gradient': 216763, 'softmax_input_pixels_total': 262144, 'raw_cost_grad_norm': 2.3999134927607524e-13, 'epoch': 126, 'batch': 10120, 'total_norm': 12.34156322479248, 'matching_path_norm': 2.95907220840301}, {'softmax_input_median_top2_gap': 1.0172699689865112, 'softmax_input_min_top2_gap': 5.1856040954589844e-05, 'fraction_pixels_gap_below_88': 1.0, 'exact_ties': 0, 'mean_softmax_entropy_nats': 1.6526841265717767, 'mean_max_softmax_weight': 0.5148107417078505, 'raw_cost_max_abs': 4333171376128.0, 'raw_cost_std': 338764068450.7876, 'softmax_input_grad_norm': 0.020721301436424255, 'softmax_input_pixels_with_gradient': 185691, 'softmax_input_pixels_total': 262144, 'raw_cost_grad_norm': 2.5447577530444965e-13, 'epoch': 126, 'batch': 10140, 'total_norm': 6.702995300292969, 'matching_path_norm': 2.1129421645516016}, {'softmax_input_median_top2_gap': 0.9662315249443054, 'softmax_input_min_top2_gap': 6.9141387939453125e-06, 'fraction_pixels_gap_below_88': 1.0, 'exact_ties': 0, 'mean_softmax_entropy_nats': 1.6824761726923299, 'mean_max_softmax_weight': 0.498191597901398, 'raw_cost_max_abs': 2969718751232.0, 'raw_cost_std': 326534489003.10187, 'softmax_input_grad_norm': 0.023370949551463127, 'softmax_input_pixels_with_gradient': 238169, 'softmax_input_pixels_total': 262144, 'raw_cost_grad_norm': 3.315008857696089e-13, 'epoch': 127, 'batch': 10160, 'total_norm': 34.07147979736328, 'matching_path_norm': 9.618383309687122}, {'softmax_input_median_top2_gap': 1.2218586206436157, 'softmax_input_min_top2_gap': 1.0132789611816406e-05, 'fraction_pixels_gap_below_88': 1.0, 'exact_ties': 0, 'mean_softmax_entropy_nats': 1.5986003844585568, 'mean_max_softmax_weight': 0.5396201871037563, 'raw_cost_max_abs': 3319284891648.0, 'raw_cost_std': 405574644502.7673, 'softmax_input_grad_norm': 0.020226191729307175, 'softmax_input_pixels_with_gradient': 212534, 'softmax_input_pixels_total': 262144, 'raw_cost_grad_norm': 2.9900403984359225e-13, 'epoch': 127, 'batch': 10180, 'total_norm': 28.02979278564453, 'matching_path_norm': 6.302831751699353}, {'softmax_input_median_top2_gap': 0.9073883295059204, 'softmax_input_min_top2_gap': 1.6689300537109375e-06, 'fraction_pixels_gap_below_88': 1.0, 'exact_ties': 0, 'mean_softmax_entropy_nats': 1.6609118061191257, 'mean_max_softmax_weight': 0.5064306514783914, 'raw_cost_max_abs': 3886294761472.0, 'raw_cost_std': 369634944185.3812, 'softmax_input_grad_norm': 0.023072414100170135, 'softmax_input_pixels_with_gradient': 223561, 'softmax_input_pixels_total': 262144, 'raw_cost_grad_norm': 2.4255860449524935e-13, 'epoch': 127, 'batch': 10200, 'total_norm': 53.696990966796875, 'matching_path_norm': 11.951971658032551}, {'softmax_input_median_top2_gap': 1.4466484785079956, 'softmax_input_min_top2_gap': 1.1920928955078125e-06, 'fraction_pixels_gap_below_88': 1.0, 'exact_ties': 0, 'mean_softmax_entropy_nats': 1.525464879190953, 'mean_max_softmax_weight': 0.5729916560944099, 'raw_cost_max_abs': 4325831868416.0, 'raw_cost_std': 422889767225.7166, 'softmax_input_grad_norm': 0.02314775437116623, 'softmax_input_pixels_with_gradient': 173323, 'softmax_input_pixels_total': 262144, 'raw_cost_grad_norm': 9.937980749745098e-14, 'epoch': 127, 'batch': 10220, 'total_norm': 13.581929206848145, 'matching_path_norm': 3.7710604536126744}, {'softmax_input_median_top2_gap': 0.657470703125, 'softmax_input_min_top2_gap': 7.033348083496094e-06, 'fraction_pixels_gap_below_88': 1.0, 'exact_ties': 0, 'mean_softmax_entropy_nats': 1.7549154721678133, 'mean_max_softmax_weight': 0.4534025164868887, 'raw_cost_max_abs': 3283213090816.0, 'raw_cost_std': 284251488584.07086, 'softmax_input_grad_norm': 0.019747190177440643, 'softmax_input_pixels_with_gradient': 252661, 'softmax_input_pixels_total': 262144, 'raw_cost_grad_norm': 3.204345426152666e-13, 'epoch': 128, 'batch': 10240, 'total_norm': 12.588314056396484, 'matching_path_norm': 4.402970587799119}, {'softmax_input_median_top2_gap': 1.1038979291915894, 'softmax_input_min_top2_gap': 4.0531158447265625e-06, 'fraction_pixels_gap_below_88': 1.0, 'exact_ties': 0, 'mean_softmax_entropy_nats': 1.6223629735154075, 'mean_max_softmax_weight': 0.5217368022474682, 'raw_cost_max_abs': 3392337084416.0, 'raw_cost_std': 343880422728.30524, 'softmax_input_grad_norm': 0.033731088042259216, 'softmax_input_pixels_with_gradient': 199529, 'softmax_input_pixels_total': 262144, 'raw_cost_grad_norm': 4.241191002996719e-13, 'epoch': 128, 'batch': 10260, 'total_norm': 24.157371520996094, 'matching_path_norm': 11.782358762781167}, {'softmax_input_median_top2_gap': 1.0271037817001343, 'softmax_input_min_top2_gap': 1.6927719116210938e-05, 'fraction_pixels_gap_below_88': 1.0, 'exact_ties': 0, 'mean_softmax_entropy_nats': 1.7368541127631303, 'mean_max_softmax_weight': 0.481584649627493, 'raw_cost_max_abs': 2094435794944.0, 'raw_cost_std': 290262069726.5969, 'softmax_input_grad_norm': 0.028114577755331993, 'softmax_input_pixels_with_gradient': 190080, 'softmax_input_pixels_total': 262144, 'raw_cost_grad_norm': 3.510123235909296e-13, 'epoch': 128, 'batch': 10280, 'total_norm': 22.41631507873535, 'matching_path_norm': 6.361729191385416}, {'softmax_input_median_top2_gap': 1.1567133665084839, 'softmax_input_min_top2_gap': 7.867813110351562e-06, 'fraction_pixels_gap_below_88': 1.0, 'exact_ties': 0, 'mean_softmax_entropy_nats': 1.6199387050003555, 'mean_max_softmax_weight': 0.5282901757142532, 'raw_cost_max_abs': 2919221690368.0, 'raw_cost_std': 307852019601.90454, 'softmax_input_grad_norm': 0.025122709572315216, 'softmax_input_pixels_with_gradient': 197764, 'softmax_input_pixels_total': 262144, 'raw_cost_grad_norm': 3.2481073494912416e-13, 'epoch': 128, 'batch': 10300, 'total_norm': 10.80951976776123, 'matching_path_norm': 4.436654958691318}, {'softmax_input_median_top2_gap': 1.1033228635787964, 'softmax_input_min_top2_gap': 7.033348083496094e-06, 'fraction_pixels_gap_below_88': 1.0, 'exact_ties': 0, 'mean_softmax_entropy_nats': 1.6435973789062426, 'mean_max_softmax_weight': 0.5192877952104806, 'raw_cost_max_abs': 2475992547328.0, 'raw_cost_std': 199472056507.37485, 'softmax_input_grad_norm': 0.03724970296025276, 'softmax_input_pixels_with_gradient': 191079, 'softmax_input_pixels_total': 262144, 'raw_cost_grad_norm': 7.387441353090551e-13, 'epoch': 129, 'batch': 10320, 'total_norm': 30.538347244262695, 'matching_path_norm': 14.166053319078948}, {'softmax_input_median_top2_gap': 0.7860137224197388, 'softmax_input_min_top2_gap': 1.0132789611816406e-05, 'fraction_pixels_gap_below_88': 1.0, 'exact_ties': 0, 'mean_softmax_entropy_nats': 1.697969273873356, 'mean_max_softmax_weight': 0.4834173034387158, 'raw_cost_max_abs': 2567185891328.0, 'raw_cost_std': 232986364325.83405, 'softmax_input_grad_norm': 0.020667456090450287, 'softmax_input_pixels_with_gradient': 241231, 'softmax_input_pixels_total': 262144, 'raw_cost_grad_norm': 3.972569343792254e-13, 'epoch': 129, 'batch': 10340, 'total_norm': 9.024261474609375, 'matching_path_norm': 3.476662752523519}, {'softmax_input_median_top2_gap': 1.1261582374572754, 'softmax_input_min_top2_gap': 5.364418029785156e-06, 'fraction_pixels_gap_below_88': 1.0, 'exact_ties': 0, 'mean_softmax_entropy_nats': 1.6304622604254897, 'mean_max_softmax_weight': 0.5259726431686851, 'raw_cost_max_abs': 2897041948672.0, 'raw_cost_std': 345126150681.4883, 'softmax_input_grad_norm': 0.025553015992045403, 'softmax_input_pixels_with_gradient': 205800, 'softmax_input_pixels_total': 262144, 'raw_cost_grad_norm': 2.2019118841622165e-13, 'epoch': 129, 'batch': 10360, 'total_norm': 27.939624786376953, 'matching_path_norm': 6.61274619086534}, {'softmax_input_median_top2_gap': 0.7532874345779419, 'softmax_input_min_top2_gap': 2.384185791015625e-07, 'fraction_pixels_gap_below_88': 1.0, 'exact_ties': 0, 'mean_softmax_entropy_nats': 1.819643916382019, 'mean_max_softmax_weight': 0.4290228753119557, 'raw_cost_max_abs': 3634379882496.0, 'raw_cost_std': 248989164066.69266, 'softmax_input_grad_norm': 0.027672966942191124, 'softmax_input_pixels_with_gradient': 225649, 'softmax_input_pixels_total': 262144, 'raw_cost_grad_norm': 3.2923010563450095e-13, 'epoch': 129, 'batch': 10380, 'total_norm': 39.08452224731445, 'matching_path_norm': 10.037695864089628}, {'softmax_input_median_top2_gap': 1.0559519529342651, 'softmax_input_min_top2_gap': 1.0967254638671875e-05, 'fraction_pixels_gap_below_88': 1.0, 'exact_ties': 0, 'mean_softmax_entropy_nats': 1.624532146451771, 'mean_max_softmax_weight': 0.5269971373758247, 'raw_cost_max_abs': 3046064259072.0, 'raw_cost_std': 367337172939.987, 'softmax_input_grad_norm': 0.022685237228870392, 'softmax_input_pixels_with_gradient': 195214, 'softmax_input_pixels_total': 262144, 'raw_cost_grad_norm': 2.2026019788450035e-13, 'epoch': 130, 'batch': 10400, 'total_norm': 21.43651008605957, 'matching_path_norm': 5.600734088092358}, {'softmax_input_median_top2_gap': 0.6855282783508301, 'softmax_input_min_top2_gap': 5.364418029785156e-06, 'fraction_pixels_gap_below_88': 1.0, 'exact_ties': 0, 'mean_softmax_entropy_nats': 1.773237007602563, 'mean_max_softmax_weight': 0.44821645489887996, 'raw_cost_max_abs': 3738477264896.0, 'raw_cost_std': 298353831516.9036, 'softmax_input_grad_norm': 0.026462143287062645, 'softmax_input_pixels_with_gradient': 205896, 'softmax_input_pixels_total': 262144, 'raw_cost_grad_norm': 1.0814375653658836e-12, 'epoch': 130, 'batch': 10420, 'total_norm': 21.497987747192383, 'matching_path_norm': 15.1018372234105}, {'softmax_input_median_top2_gap': 1.0695390701293945, 'softmax_input_min_top2_gap': 3.0875205993652344e-05, 'fraction_pixels_gap_below_88': 1.0, 'exact_ties': 0, 'mean_softmax_entropy_nats': 1.631327549879709, 'mean_max_softmax_weight': 0.5221909734998342, 'raw_cost_max_abs': 3723086266368.0, 'raw_cost_std': 330858948662.9542, 'softmax_input_grad_norm': 0.023415790870785713, 'softmax_input_pixels_with_gradient': 199127, 'softmax_input_pixels_total': 262144, 'raw_cost_grad_norm': 4.500822728837478e-13, 'epoch': 130, 'batch': 10440, 'total_norm': 37.02041244506836, 'matching_path_norm': 11.314385051018602}, {'softmax_input_median_top2_gap': 1.5108038187026978, 'softmax_input_min_top2_gap': 7.62939453125e-06, 'fraction_pixels_gap_below_88': 1.0, 'exact_ties': 0, 'mean_softmax_entropy_nats': 1.5761125718689115, 'mean_max_softmax_weight': 0.550167731396688, 'raw_cost_max_abs': 4316726820864.0, 'raw_cost_std': 391100505706.96094, 'softmax_input_grad_norm': 0.030203966423869133, 'softmax_input_pixels_with_gradient': 211417, 'softmax_input_pixels_total': 262144, 'raw_cost_grad_norm': 4.1748898717448857e-13, 'epoch': 130, 'batch': 10460, 'total_norm': 13.99561882019043, 'matching_path_norm': 7.459742394412457}, {'softmax_input_median_top2_gap': 1.3595553636550903, 'softmax_input_min_top2_gap': 1.6450881958007812e-05, 'fraction_pixels_gap_below_88': 1.0, 'exact_ties': 0, 'mean_softmax_entropy_nats': 1.5474760375922563, 'mean_max_softmax_weight': 0.5658125195008918, 'raw_cost_max_abs': 2831631515648.0, 'raw_cost_std': 320413075605.5242, 'softmax_input_grad_norm': 0.02893460914492607, 'softmax_input_pixels_with_gradient': 171553, 'softmax_input_pixels_total': 262144, 'raw_cost_grad_norm': 3.51649915783514e-13, 'epoch': 131, 'batch': 10480, 'total_norm': 16.719175338745117, 'matching_path_norm': 5.274679390638588}, {'softmax_input_median_top2_gap': 0.7762638330459595, 'softmax_input_min_top2_gap': 1.0728836059570312e-06, 'fraction_pixels_gap_below_88': 1.0, 'exact_ties': 0, 'mean_softmax_entropy_nats': 1.6964480205818477, 'mean_max_softmax_weight': 0.48447670429257605, 'raw_cost_max_abs': 3013121409024.0, 'raw_cost_std': 295793252854.4376, 'softmax_input_grad_norm': 0.028585024178028107, 'softmax_input_pixels_with_gradient': 238869, 'softmax_input_pixels_total': 262144, 'raw_cost_grad_norm': 7.291480245107118e-13, 'epoch': 131, 'batch': 10500, 'total_norm': 21.050851821899414, 'matching_path_norm': 7.677024513275764}, {'softmax_input_median_top2_gap': 0.8042713403701782, 'softmax_input_min_top2_gap': 4.291534423828125e-06, 'fraction_pixels_gap_below_88': 1.0, 'exact_ties': 0, 'mean_softmax_entropy_nats': 1.716131165494862, 'mean_max_softmax_weight': 0.4757076476618566, 'raw_cost_max_abs': 2489577897984.0, 'raw_cost_std': 255328307445.87033, 'softmax_input_grad_norm': 0.01804741472005844, 'softmax_input_pixels_with_gradient': 227194, 'softmax_input_pixels_total': 262144, 'raw_cost_grad_norm': 4.231574671827859e-13, 'epoch': 131, 'batch': 10520, 'total_norm': 21.055801391601562, 'matching_path_norm': 5.9057595856458684}, {'softmax_input_median_top2_gap': 1.237291932106018, 'softmax_input_min_top2_gap': 4.291534423828125e-06, 'fraction_pixels_gap_below_88': 1.0, 'exact_ties': 0, 'mean_softmax_entropy_nats': 1.5672993227593448, 'mean_max_softmax_weight': 0.5486994807536778, 'raw_cost_max_abs': 2239180046336.0, 'raw_cost_std': 302430899474.2408, 'softmax_input_grad_norm': 0.027629775926470757, 'softmax_input_pixels_with_gradient': 192728, 'softmax_input_pixels_total': 262144, 'raw_cost_grad_norm': 4.706174143963293e-13, 'epoch': 131, 'batch': 10540, 'total_norm': 11.330312728881836, 'matching_path_norm': 5.006052280205188}, {'softmax_input_median_top2_gap': 1.3040885925292969, 'softmax_input_min_top2_gap': 0.0, 'fraction_pixels_gap_below_88': 1.0, 'exact_ties': 1, 'mean_softmax_entropy_nats': 1.5589737663294843, 'mean_max_softmax_weight': 0.5566891559699805, 'raw_cost_max_abs': 3883637145600.0, 'raw_cost_std': 379477646069.27795, 'softmax_input_grad_norm': 0.02329832687973976, 'softmax_input_pixels_with_gradient': 175370, 'softmax_input_pixels_total': 262144, 'raw_cost_grad_norm': 2.840844692732908e-13, 'epoch': 132, 'batch': 10560, 'total_norm': 6.936769962310791, 'matching_path_norm': 3.3212581737352465}, {'softmax_input_median_top2_gap': 0.9825526475906372, 'softmax_input_min_top2_gap': 1.3113021850585938e-06, 'fraction_pixels_gap_below_88': 1.0, 'exact_ties': 0, 'mean_softmax_entropy_nats': 1.662950277071579, 'mean_max_softmax_weight': 0.5053058278327787, 'raw_cost_max_abs': 3444627472384.0, 'raw_cost_std': 307408334443.89056, 'softmax_input_grad_norm': 0.018383989110589027, 'softmax_input_pixels_with_gradient': 203179, 'softmax_input_pixels_total': 262144, 'raw_cost_grad_norm': 2.5703164640081266e-13, 'epoch': 132, 'batch': 10580, 'total_norm': 6.312188625335693, 'matching_path_norm': 2.6792403777663876}, {'softmax_input_median_top2_gap': 1.2130277156829834, 'softmax_input_min_top2_gap': 3.337860107421875e-06, 'fraction_pixels_gap_below_88': 1.0, 'exact_ties': 0, 'mean_softmax_entropy_nats': 1.6020154170260543, 'mean_max_softmax_weight': 0.5387139308888007, 'raw_cost_max_abs': 2955188633600.0, 'raw_cost_std': 299136544599.8629, 'softmax_input_grad_norm': 0.02555140107870102, 'softmax_input_pixels_with_gradient': 192759, 'softmax_input_pixels_total': 262144, 'raw_cost_grad_norm': 3.1038553346442177e-13, 'epoch': 132, 'batch': 10600, 'total_norm': 7.417180061340332, 'matching_path_norm': 2.7650182378221633}, {'softmax_input_median_top2_gap': 1.3249729871749878, 'softmax_input_min_top2_gap': 3.337860107421875e-05, 'fraction_pixels_gap_below_88': 1.0, 'exact_ties': 0, 'mean_softmax_entropy_nats': 1.5473772464469828, 'mean_max_softmax_weight': 0.561157095295955, 'raw_cost_max_abs': 3937914585088.0, 'raw_cost_std': 427233838452.44714, 'softmax_input_grad_norm': 0.025067100301384926, 'softmax_input_pixels_with_gradient': 173240, 'softmax_input_pixels_total': 262144, 'raw_cost_grad_norm': 1.557963962917422e-13, 'epoch': 132, 'batch': 10620, 'total_norm': 15.519571304321289, 'matching_path_norm': 4.375970304418288}, {'softmax_input_median_top2_gap': 1.3327412605285645, 'softmax_input_min_top2_gap': 6.9141387939453125e-06, 'fraction_pixels_gap_below_88': 1.0, 'exact_ties': 0, 'mean_softmax_entropy_nats': 1.5596937347562938, 'mean_max_softmax_weight': 0.5551142563577878, 'raw_cost_max_abs': 3762568822784.0, 'raw_cost_std': 322694589918.7881, 'softmax_input_grad_norm': 0.019289564341306686, 'softmax_input_pixels_with_gradient': 197591, 'softmax_input_pixels_total': 262144, 'raw_cost_grad_norm': 2.2717174278860663e-13, 'epoch': 133, 'batch': 10640, 'total_norm': 14.112115859985352, 'matching_path_norm': 4.113540745568677}, {'softmax_input_median_top2_gap': 1.5313926935195923, 'softmax_input_min_top2_gap': 1.52587890625e-05, 'fraction_pixels_gap_below_88': 1.0, 'exact_ties': 0, 'mean_softmax_entropy_nats': 1.537385747652393, 'mean_max_softmax_weight': 0.568187502568309, 'raw_cost_max_abs': 3741100539904.0, 'raw_cost_std': 390941065485.78424, 'softmax_input_grad_norm': 0.02443014271557331, 'softmax_input_pixels_with_gradient': 175597, 'softmax_input_pixels_total': 262144, 'raw_cost_grad_norm': 1.4004287096289203e-13, 'epoch': 133, 'batch': 10660, 'total_norm': 25.781291961669922, 'matching_path_norm': 6.519987750586097}, {'softmax_input_median_top2_gap': 0.9817655086517334, 'softmax_input_min_top2_gap': 6.794929504394531e-06, 'fraction_pixels_gap_below_88': 1.0, 'exact_ties': 0, 'mean_softmax_entropy_nats': 1.5960406745867903, 'mean_max_softmax_weight': 0.5347755254525707, 'raw_cost_max_abs': 3936961691648.0, 'raw_cost_std': 365348197000.6129, 'softmax_input_grad_norm': 0.026204446330666542, 'softmax_input_pixels_with_gradient': 203826, 'softmax_input_pixels_total': 262144, 'raw_cost_grad_norm': 2.9846142376131757e-13, 'epoch': 133, 'batch': 10680, 'total_norm': 63.53721618652344, 'matching_path_norm': 14.861331911978736}, {'softmax_input_median_top2_gap': 0.8546602725982666, 'softmax_input_min_top2_gap': 2.2649765014648438e-06, 'fraction_pixels_gap_below_88': 1.0, 'exact_ties': 0, 'mean_softmax_entropy_nats': 1.6964238897762187, 'mean_max_softmax_weight': 0.48629880629253147, 'raw_cost_max_abs': 2298171359232.0, 'raw_cost_std': 231029808101.6595, 'softmax_input_grad_norm': 0.030621012672781944, 'softmax_input_pixels_with_gradient': 224926, 'softmax_input_pixels_total': 262144, 'raw_cost_grad_norm': 4.779931875656396e-13, 'epoch': 133, 'batch': 10700, 'total_norm': 10.995890617370605, 'matching_path_norm': 3.9586682373556723}, {'softmax_input_median_top2_gap': 0.835224986076355, 'softmax_input_min_top2_gap': 5.841255187988281e-06, 'fraction_pixels_gap_below_88': 1.0, 'exact_ties': 0, 'mean_softmax_entropy_nats': 1.7259029451726149, 'mean_max_softmax_weight': 0.4752178157511904, 'raw_cost_max_abs': 3092677132288.0, 'raw_cost_std': 276566916486.7166, 'softmax_input_grad_norm': 0.02293243631720543, 'softmax_input_pixels_with_gradient': 223077, 'softmax_input_pixels_total': 262144, 'raw_cost_grad_norm': 3.816619871706284e-13, 'epoch': 134, 'batch': 10720, 'total_norm': 14.76163387298584, 'matching_path_norm': 4.615443199564871}, {'softmax_input_median_top2_gap': 0.8233911991119385, 'softmax_input_min_top2_gap': 3.814697265625e-06, 'fraction_pixels_gap_below_88': 1.0, 'exact_ties': 0, 'mean_softmax_entropy_nats': 1.69768910741521, 'mean_max_softmax_weight': 0.4857857706775841, 'raw_cost_max_abs': 2754834595840.0, 'raw_cost_std': 258331156675.27618, 'softmax_input_grad_norm': 0.027277067303657532, 'softmax_input_pixels_with_gradient': 208510, 'softmax_input_pixels_total': 262144, 'raw_cost_grad_norm': 3.626487673526191e-13, 'epoch': 134, 'batch': 10740, 'total_norm': 20.955663681030273, 'matching_path_norm': 6.016364316330684}, {'softmax_input_median_top2_gap': 0.7475422620773315, 'softmax_input_min_top2_gap': 8.58306884765625e-06, 'fraction_pixels_gap_below_88': 1.0, 'exact_ties': 0, 'mean_softmax_entropy_nats': 1.7440890796152442, 'mean_max_softmax_weight': 0.46254767305231015, 'raw_cost_max_abs': 2276966006784.0, 'raw_cost_std': 216365038961.59293, 'softmax_input_grad_norm': 0.027962449938058853, 'softmax_input_pixels_with_gradient': 242492, 'softmax_input_pixels_total': 262144, 'raw_cost_grad_norm': 4.360078108018445e-13, 'epoch': 134, 'batch': 10760, 'total_norm': 11.046363830566406, 'matching_path_norm': 4.671335620855683}, {'softmax_input_median_top2_gap': 0.9498492479324341, 'softmax_input_min_top2_gap': 5.841255187988281e-06, 'fraction_pixels_gap_below_88': 1.0, 'exact_ties': 0, 'mean_softmax_entropy_nats': 1.684280668458062, 'mean_max_softmax_weight': 0.49818452792736373, 'raw_cost_max_abs': 3353267404800.0, 'raw_cost_std': 271079781213.3436, 'softmax_input_grad_norm': 0.019633566960692406, 'softmax_input_pixels_with_gradient': 222644, 'softmax_input_pixels_total': 262144, 'raw_cost_grad_norm': 3.776434460284195e-13, 'epoch': 134, 'batch': 10780, 'total_norm': 20.003456115722656, 'matching_path_norm': 4.830148228421372}, {'softmax_input_median_top2_gap': 0.993735671043396, 'softmax_input_min_top2_gap': 2.384185791015625e-06, 'fraction_pixels_gap_below_88': 1.0, 'exact_ties': 0, 'mean_softmax_entropy_nats': 1.646295702474044, 'mean_max_softmax_weight': 0.5112875896695918, 'raw_cost_max_abs': 2265879674880.0, 'raw_cost_std': 258118682505.64297, 'softmax_input_grad_norm': 0.03003220446407795, 'softmax_input_pixels_with_gradient': 195716, 'softmax_input_pixels_total': 262144, 'raw_cost_grad_norm': 3.3089332597720233e-13, 'epoch': 135, 'batch': 10800, 'total_norm': 7.348201751708984, 'matching_path_norm': 3.8103898413802733}, {'softmax_input_median_top2_gap': 0.6611254215240479, 'softmax_input_min_top2_gap': 1.9073486328125e-06, 'fraction_pixels_gap_below_88': 1.0, 'exact_ties': 0, 'mean_softmax_entropy_nats': 1.7742132550296477, 'mean_max_softmax_weight': 0.44502297007953817, 'raw_cost_max_abs': 2234844708864.0, 'raw_cost_std': 234158478992.30652, 'softmax_input_grad_norm': 0.020495882257819176, 'softmax_input_pixels_with_gradient': 243396, 'softmax_input_pixels_total': 262144, 'raw_cost_grad_norm': 3.929251401243311e-13, 'epoch': 135, 'batch': 10820, 'total_norm': 7.329824447631836, 'matching_path_norm': 3.340154174752601}, {'softmax_input_median_top2_gap': 0.9775575399398804, 'softmax_input_min_top2_gap': 9.5367431640625e-07, 'fraction_pixels_gap_below_88': 1.0, 'exact_ties': 0, 'mean_softmax_entropy_nats': 1.7295213696240381, 'mean_max_softmax_weight': 0.48392211254387685, 'raw_cost_max_abs': 2097164976128.0, 'raw_cost_std': 248675972241.8839, 'softmax_input_grad_norm': 0.019071554765105247, 'softmax_input_pixels_with_gradient': 215269, 'softmax_input_pixels_total': 262144, 'raw_cost_grad_norm': 2.096523909339565e-13, 'epoch': 135, 'batch': 10840, 'total_norm': 31.67504119873047, 'matching_path_norm': 8.058594552982806}, {'softmax_input_median_top2_gap': 1.1424314975738525, 'softmax_input_min_top2_gap': 5.125999450683594e-06, 'fraction_pixels_gap_below_88': 1.0, 'exact_ties': 0, 'mean_softmax_entropy_nats': 1.614728342987969, 'mean_max_softmax_weight': 0.531176595976844, 'raw_cost_max_abs': 2948237099008.0, 'raw_cost_std': 319514357044.8766, 'softmax_input_grad_norm': 0.02208543010056019, 'softmax_input_pixels_with_gradient': 197097, 'softmax_input_pixels_total': 262144, 'raw_cost_grad_norm': 2.2202464205253042e-13, 'epoch': 135, 'batch': 10860, 'total_norm': 36.59566116333008, 'matching_path_norm': 9.031780998738743}, {'softmax_input_median_top2_gap': 0.8357865810394287, 'softmax_input_min_top2_gap': 4.76837158203125e-07, 'fraction_pixels_gap_below_88': 1.0, 'exact_ties': 0, 'mean_softmax_entropy_nats': 1.734319886508549, 'mean_max_softmax_weight': 0.4728281993588684, 'raw_cost_max_abs': 2529670725632.0, 'raw_cost_std': 261300794255.03067, 'softmax_input_grad_norm': 0.020992379635572433, 'softmax_input_pixels_with_gradient': 257101, 'softmax_input_pixels_total': 262144, 'raw_cost_grad_norm': 1.8577019534216782e-13, 'epoch': 136, 'batch': 10880, 'total_norm': 23.18247413635254, 'matching_path_norm': 5.764086100517413}, {'softmax_input_median_top2_gap': 0.7972599267959595, 'softmax_input_min_top2_gap': 1.049041748046875e-05, 'fraction_pixels_gap_below_88': 1.0, 'exact_ties': 0, 'mean_softmax_entropy_nats': 1.7683305126876299, 'mean_max_softmax_weight': 0.45710932907341917, 'raw_cost_max_abs': 2860077547520.0, 'raw_cost_std': 270287795726.53848, 'softmax_input_grad_norm': 0.019801925867795944, 'softmax_input_pixels_with_gradient': 255547, 'softmax_input_pixels_total': 262144, 'raw_cost_grad_norm': 3.195244904167366e-13, 'epoch': 136, 'batch': 10900, 'total_norm': 41.20016860961914, 'matching_path_norm': 9.373719482638444}, {'softmax_input_median_top2_gap': 1.2410246133804321, 'softmax_input_min_top2_gap': 1.0848045349121094e-05, 'fraction_pixels_gap_below_88': 1.0, 'exact_ties': 0, 'mean_softmax_entropy_nats': 1.606660470879377, 'mean_max_softmax_weight': 0.5378579565739761, 'raw_cost_max_abs': 2794329473024.0, 'raw_cost_std': 335484670158.7364, 'softmax_input_grad_norm': 0.02604397013783455, 'softmax_input_pixels_with_gradient': 201581, 'softmax_input_pixels_total': 262144, 'raw_cost_grad_norm': 1.9566909670223204e-13, 'epoch': 136, 'batch': 10920, 'total_norm': 28.983556747436523, 'matching_path_norm': 8.492294582555333}, {'softmax_input_median_top2_gap': 0.8841570615768433, 'softmax_input_min_top2_gap': 8.344650268554688e-06, 'fraction_pixels_gap_below_88': 1.0, 'exact_ties': 0, 'mean_softmax_entropy_nats': 1.7030612945602417, 'mean_max_softmax_weight': 0.48854756831463625, 'raw_cost_max_abs': 2520083070976.0, 'raw_cost_std': 277064690027.4132, 'softmax_input_grad_norm': 0.017676420509815216, 'softmax_input_pixels_with_gradient': 196744, 'softmax_input_pixels_total': 262144, 'raw_cost_grad_norm': 2.757867718916618e-13, 'epoch': 136, 'batch': 10940, 'total_norm': 8.525888442993164, 'matching_path_norm': 2.8518520913919434}, {'softmax_input_median_top2_gap': 0.7524755001068115, 'softmax_input_min_top2_gap': 1.9073486328125e-06, 'fraction_pixels_gap_below_88': 1.0, 'exact_ties': 0, 'mean_softmax_entropy_nats': 1.754708602708979, 'mean_max_softmax_weight': 0.4610272933723192, 'raw_cost_max_abs': 2425587761152.0, 'raw_cost_std': 222650819577.84174, 'softmax_input_grad_norm': 0.017850089818239212, 'softmax_input_pixels_with_gradient': 234301, 'softmax_input_pixels_total': 262144, 'raw_cost_grad_norm': 3.5991598156676075e-13, 'epoch': 137, 'batch': 10960, 'total_norm': 18.04647445678711, 'matching_path_norm': 3.8595320001158893}, {'softmax_input_median_top2_gap': 1.0233983993530273, 'softmax_input_min_top2_gap': 1.9073486328125e-06, 'fraction_pixels_gap_below_88': 1.0, 'exact_ties': 0, 'mean_softmax_entropy_nats': 1.6330145737063577, 'mean_max_softmax_weight': 0.5224715083675088, 'raw_cost_max_abs': 3841020395520.0, 'raw_cost_std': 379539865356.1676, 'softmax_input_grad_norm': 0.02207772247493267, 'softmax_input_pixels_with_gradient': 197393, 'softmax_input_pixels_total': 262144, 'raw_cost_grad_norm': 2.1426485802625295e-13, 'epoch': 137, 'batch': 10980, 'total_norm': 13.998626708984375, 'matching_path_norm': 4.511107139447077}, {'softmax_input_median_top2_gap': 0.8577470779418945, 'softmax_input_min_top2_gap': 8.106231689453125e-06, 'fraction_pixels_gap_below_88': 1.0, 'exact_ties': 0, 'mean_softmax_entropy_nats': 1.6928841892320818, 'mean_max_softmax_weight': 0.49010095897174233, 'raw_cost_max_abs': 2734804697088.0, 'raw_cost_std': 275678584329.7787, 'softmax_input_grad_norm': 0.023472795262932777, 'softmax_input_pixels_with_gradient': 217507, 'softmax_input_pixels_total': 262144, 'raw_cost_grad_norm': 3.5043650381712255e-13, 'epoch': 137, 'batch': 11000, 'total_norm': 6.992100715637207, 'matching_path_norm': 4.291146846491559}, {'softmax_input_median_top2_gap': 0.6373389959335327, 'softmax_input_min_top2_gap': 1.2516975402832031e-05, 'fraction_pixels_gap_below_88': 1.0, 'exact_ties': 0, 'mean_softmax_entropy_nats': 1.7445481098678792, 'mean_max_softmax_weight': 0.4541982178416359, 'raw_cost_max_abs': 2746808270848.0, 'raw_cost_std': 234876965583.40848, 'softmax_input_grad_norm': 0.030925333499908447, 'softmax_input_pixels_with_gradient': 222979, 'softmax_input_pixels_total': 262144, 'raw_cost_grad_norm': 6.967723381774704e-13, 'epoch': 137, 'batch': 11020, 'total_norm': 25.499340057373047, 'matching_path_norm': 12.16636940508006}, {'softmax_input_median_top2_gap': 0.7592507600784302, 'softmax_input_min_top2_gap': 3.2186508178710938e-06, 'fraction_pixels_gap_below_88': 1.0, 'exact_ties': 0, 'mean_softmax_entropy_nats': 1.7210573018370463, 'mean_max_softmax_weight': 0.4740768715913093, 'raw_cost_max_abs': 3074263089152.0, 'raw_cost_std': 295371632391.4471, 'softmax_input_grad_norm': 0.018026156350970268, 'softmax_input_pixels_with_gradient': 245519, 'softmax_input_pixels_total': 262144, 'raw_cost_grad_norm': 3.4563969525044924e-13, 'epoch': 138, 'batch': 11040, 'total_norm': 11.554333686828613, 'matching_path_norm': 4.9210038528257405}, {'softmax_input_median_top2_gap': 0.9318407773971558, 'softmax_input_min_top2_gap': 7.987022399902344e-06, 'fraction_pixels_gap_below_88': 1.0, 'exact_ties': 0, 'mean_softmax_entropy_nats': 1.6851504566211188, 'mean_max_softmax_weight': 0.4958723617748858, 'raw_cost_max_abs': 3754560323584.0, 'raw_cost_std': 317076368504.2353, 'softmax_input_grad_norm': 0.02561987191438675, 'softmax_input_pixels_with_gradient': 211632, 'softmax_input_pixels_total': 262144, 'raw_cost_grad_norm': 4.420395798530874e-13, 'epoch': 138, 'batch': 11060, 'total_norm': 19.22415542602539, 'matching_path_norm': 5.958481476393528}, {'softmax_input_median_top2_gap': 1.0366505980491638, 'softmax_input_min_top2_gap': 1.6689300537109375e-05, 'fraction_pixels_gap_below_88': 1.0, 'exact_ties': 0, 'mean_softmax_entropy_nats': 1.6989973351300847, 'mean_max_softmax_weight': 0.49773851467406416, 'raw_cost_max_abs': 2596565942272.0, 'raw_cost_std': 291537827111.63544, 'softmax_input_grad_norm': 0.021410083398222923, 'softmax_input_pixels_with_gradient': 210971, 'softmax_input_pixels_total': 262144, 'raw_cost_grad_norm': 1.9112712985620145e-13, 'epoch': 138, 'batch': 11080, 'total_norm': 7.027683734893799, 'matching_path_norm': 3.249188691626365}, {'softmax_input_median_top2_gap': 0.7798600196838379, 'softmax_input_min_top2_gap': 1.9073486328125e-06, 'fraction_pixels_gap_below_88': 1.0, 'exact_ties': 0, 'mean_softmax_entropy_nats': 1.7356826835920809, 'mean_max_softmax_weight': 0.46902775466159213, 'raw_cost_max_abs': 2289595842560.0, 'raw_cost_std': 195741823157.45624, 'softmax_input_grad_norm': 0.021370641887187958, 'softmax_input_pixels_with_gradient': 236517, 'softmax_input_pixels_total': 262144, 'raw_cost_grad_norm': 4.591160351202772e-13, 'epoch': 138, 'batch': 11100, 'total_norm': 11.941662788391113, 'matching_path_norm': 4.027338932647607}, {'softmax_input_median_top2_gap': 0.8725148439407349, 'softmax_input_min_top2_gap': 1.5497207641601562e-06, 'fraction_pixels_gap_below_88': 1.0, 'exact_ties': 0, 'mean_softmax_entropy_nats': 1.7531304237258358, 'mean_max_softmax_weight': 0.46485776003794516, 'raw_cost_max_abs': 2475335876608.0, 'raw_cost_std': 195755516671.0953, 'softmax_input_grad_norm': 0.024611202999949455, 'softmax_input_pixels_with_gradient': 226040, 'softmax_input_pixels_total': 262144, 'raw_cost_grad_norm': 3.7415269450377653e-13, 'epoch': 139, 'batch': 11120, 'total_norm': 18.08530616760254, 'matching_path_norm': 4.7959180043073095}, {'softmax_input_median_top2_gap': 0.8559538125991821, 'softmax_input_min_top2_gap': 3.933906555175781e-06, 'fraction_pixels_gap_below_88': 1.0, 'exact_ties': 0, 'mean_softmax_entropy_nats': 1.7156356870991105, 'mean_max_softmax_weight': 0.48118272931664263, 'raw_cost_max_abs': 3163824586752.0, 'raw_cost_std': 340214008413.2197, 'softmax_input_grad_norm': 0.016274331137537956, 'softmax_input_pixels_with_gradient': 250839, 'softmax_input_pixels_total': 262144, 'raw_cost_grad_norm': 1.7534140372282847e-13, 'epoch': 139, 'batch': 11140, 'total_norm': 7.9284467697143555, 'matching_path_norm': 2.951715582414654}, {'softmax_input_median_top2_gap': 0.9065263271331787, 'softmax_input_min_top2_gap': 2.7418136596679688e-06, 'fraction_pixels_gap_below_88': 1.0, 'exact_ties': 0, 'mean_softmax_entropy_nats': 1.6869525569111754, 'mean_max_softmax_weight': 0.49425244324178086, 'raw_cost_max_abs': 2536621473792.0, 'raw_cost_std': 231881853920.4404, 'softmax_input_grad_norm': 0.020521940663456917, 'softmax_input_pixels_with_gradient': 207078, 'softmax_input_pixels_total': 262144, 'raw_cost_grad_norm': 2.2732231136531056e-13, 'epoch': 139, 'batch': 11160, 'total_norm': 9.357930183410645, 'matching_path_norm': 3.1964793231641653}, {'softmax_input_median_top2_gap': 1.06624436378479, 'softmax_input_min_top2_gap': 2.384185791015625e-05, 'fraction_pixels_gap_below_88': 1.0, 'exact_ties': 0, 'mean_softmax_entropy_nats': 1.6367800959147139, 'mean_max_softmax_weight': 0.5230056079793376, 'raw_cost_max_abs': 3364984717312.0, 'raw_cost_std': 323480034214.9362, 'softmax_input_grad_norm': 0.02099093608558178, 'softmax_input_pixels_with_gradient': 204002, 'softmax_input_pixels_total': 262144, 'raw_cost_grad_norm': 4.123621474665107e-13, 'epoch': 139, 'batch': 11180, 'total_norm': 15.591202735900879, 'matching_path_norm': 3.7411539127317024}, {'softmax_input_median_top2_gap': 0.8780367374420166, 'softmax_input_min_top2_gap': 2.2649765014648438e-06, 'fraction_pixels_gap_below_88': 1.0, 'exact_ties': 0, 'mean_softmax_entropy_nats': 1.6817426772040782, 'mean_max_softmax_weight': 0.4945513005258271, 'raw_cost_max_abs': 3001004851200.0, 'raw_cost_std': 258304950145.5251, 'softmax_input_grad_norm': 0.028918834403157234, 'softmax_input_pixels_with_gradient': 214944, 'softmax_input_pixels_total': 262144, 'raw_cost_grad_norm': 4.1286874093160453e-13, 'epoch': 140, 'batch': 11200, 'total_norm': 22.935579299926758, 'matching_path_norm': 6.0232116491906975}, {'softmax_input_median_top2_gap': 0.9982869625091553, 'softmax_input_min_top2_gap': 3.933906555175781e-06, 'fraction_pixels_gap_below_88': 1.0, 'exact_ties': 0, 'mean_softmax_entropy_nats': 1.6851223523172218, 'mean_max_softmax_weight': 0.4950509486748954, 'raw_cost_max_abs': 3738834305024.0, 'raw_cost_std': 298666169496.031, 'softmax_input_grad_norm': 0.02985936589539051, 'softmax_input_pixels_with_gradient': 173837, 'softmax_input_pixels_total': 262144, 'raw_cost_grad_norm': 2.80631854560065e-13, 'epoch': 140, 'batch': 11220, 'total_norm': 12.438191413879395, 'matching_path_norm': 4.8954865962788885}, {'softmax_input_median_top2_gap': 0.7783809900283813, 'softmax_input_min_top2_gap': 9.059906005859375e-06, 'fraction_pixels_gap_below_88': 1.0, 'exact_ties': 0, 'mean_softmax_entropy_nats': 1.739527396371042, 'mean_max_softmax_weight': 0.4676836539848974, 'raw_cost_max_abs': 2294606725120.0, 'raw_cost_std': 215839846352.28357, 'softmax_input_grad_norm': 0.023644551634788513, 'softmax_input_pixels_with_gradient': 244172, 'softmax_input_pixels_total': 262144, 'raw_cost_grad_norm': 3.846209917397758e-13, 'epoch': 140, 'batch': 11240, 'total_norm': 32.93474578857422, 'matching_path_norm': 6.655581481405794}, {'softmax_input_median_top2_gap': 1.5601576566696167, 'softmax_input_min_top2_gap': 4.5299530029296875e-06, 'fraction_pixels_gap_below_88': 1.0, 'exact_ties': 0, 'mean_softmax_entropy_nats': 1.5504927280233585, 'mean_max_softmax_weight': 0.5681410344110427, 'raw_cost_max_abs': 3365610455040.0, 'raw_cost_std': 380656264237.27, 'softmax_input_grad_norm': 0.031092893332242966, 'softmax_input_pixels_with_gradient': 192916, 'softmax_input_pixels_total': 262144, 'raw_cost_grad_norm': 2.681579459352934e-13, 'epoch': 140, 'batch': 11260, 'total_norm': 12.377202987670898, 'matching_path_norm': 4.4474409519199956}, {'softmax_input_median_top2_gap': 0.789879560470581, 'softmax_input_min_top2_gap': 8.344650268554688e-06, 'fraction_pixels_gap_below_88': 1.0, 'exact_ties': 0, 'mean_softmax_entropy_nats': 1.7379827837694277, 'mean_max_softmax_weight': 0.4668985946073238, 'raw_cost_max_abs': 2076025815040.0, 'raw_cost_std': 214530388472.30942, 'softmax_input_grad_norm': 0.022892070934176445, 'softmax_input_pixels_with_gradient': 235260, 'softmax_input_pixels_total': 262144, 'raw_cost_grad_norm': 2.9643122808828415e-13, 'epoch': 141, 'batch': 11280, 'total_norm': 10.712423324584961, 'matching_path_norm': 3.9434929789000535}, {'softmax_input_median_top2_gap': 1.1274632215499878, 'softmax_input_min_top2_gap': 3.933906555175781e-06, 'fraction_pixels_gap_below_88': 1.0, 'exact_ties': 0, 'mean_softmax_entropy_nats': 1.6048912418637493, 'mean_max_softmax_weight': 0.5355435970457604, 'raw_cost_max_abs': 3335718436864.0, 'raw_cost_std': 346275120808.74634, 'softmax_input_grad_norm': 0.03307820484042168, 'softmax_input_pixels_with_gradient': 203389, 'softmax_input_pixels_total': 262144, 'raw_cost_grad_norm': 8.442693701267434e-13, 'epoch': 141, 'batch': 11300, 'total_norm': 24.958391189575195, 'matching_path_norm': 8.657700692021075}, {'softmax_input_median_top2_gap': 0.873152494430542, 'softmax_input_min_top2_gap': 1.6689300537109375e-06, 'fraction_pixels_gap_below_88': 1.0, 'exact_ties': 0, 'mean_softmax_entropy_nats': 1.703524977196261, 'mean_max_softmax_weight': 0.48302357245977867, 'raw_cost_max_abs': 2859776344064.0, 'raw_cost_std': 252568996570.13138, 'softmax_input_grad_norm': 0.02984573505818844, 'softmax_input_pixels_with_gradient': 219162, 'softmax_input_pixels_total': 262144, 'raw_cost_grad_norm': 4.0130932973427014e-13, 'epoch': 141, 'batch': 11320, 'total_norm': 45.06724166870117, 'matching_path_norm': 11.391084333670067}, {'softmax_input_median_top2_gap': 1.510917067527771, 'softmax_input_min_top2_gap': 2.5391578674316406e-05, 'fraction_pixels_gap_below_88': 1.0, 'exact_ties': 0, 'mean_softmax_entropy_nats': 1.5471553241926204, 'mean_max_softmax_weight': 0.5689288584954387, 'raw_cost_max_abs': 3293965713408.0, 'raw_cost_std': 316793339910.51746, 'softmax_input_grad_norm': 0.02893933281302452, 'softmax_input_pixels_with_gradient': 185596, 'softmax_input_pixels_total': 262144, 'raw_cost_grad_norm': 1.8919722288412294e-13, 'epoch': 141, 'batch': 11340, 'total_norm': 19.33286476135254, 'matching_path_norm': 5.819497268353533}, {'softmax_input_median_top2_gap': 0.9773745536804199, 'softmax_input_min_top2_gap': 3.719329833984375e-05, 'fraction_pixels_gap_below_88': 1.0, 'exact_ties': 0, 'mean_softmax_entropy_nats': 1.6066571645216254, 'mean_max_softmax_weight': 0.5308696397808931, 'raw_cost_max_abs': 3629315784704.0, 'raw_cost_std': 348653958447.83203, 'softmax_input_grad_norm': 0.024548014625906944, 'softmax_input_pixels_with_gradient': 197860, 'softmax_input_pixels_total': 262144, 'raw_cost_grad_norm': 2.2136772395622145e-13, 'epoch': 142, 'batch': 11360, 'total_norm': 20.140291213989258, 'matching_path_norm': 5.3463532831384155}, {'softmax_input_median_top2_gap': 0.9600544571876526, 'softmax_input_min_top2_gap': 2.5033950805664062e-06, 'fraction_pixels_gap_below_88': 1.0, 'exact_ties': 0, 'mean_softmax_entropy_nats': 1.703292302869447, 'mean_max_softmax_weight': 0.49135130191812576, 'raw_cost_max_abs': 2381118177280.0, 'raw_cost_std': 268388568834.54715, 'softmax_input_grad_norm': 0.014195851981639862, 'softmax_input_pixels_with_gradient': 221226, 'softmax_input_pixels_total': 262144, 'raw_cost_grad_norm': 1.3379165939193804e-13, 'epoch': 142, 'batch': 11380, 'total_norm': 4.928258895874023, 'matching_path_norm': 1.2001713332204884}, {'softmax_input_median_top2_gap': 0.9543250799179077, 'softmax_input_min_top2_gap': 6.198883056640625e-06, 'fraction_pixels_gap_below_88': 1.0, 'exact_ties': 0, 'mean_softmax_entropy_nats': 1.6582775442546818, 'mean_max_softmax_weight': 0.5072518288642788, 'raw_cost_max_abs': 3267338960896.0, 'raw_cost_std': 318272939712.08295, 'softmax_input_grad_norm': 0.021840229630470276, 'softmax_input_pixels_with_gradient': 212142, 'softmax_input_pixels_total': 262144, 'raw_cost_grad_norm': 2.2335270839866223e-13, 'epoch': 142, 'batch': 11400, 'total_norm': 20.720844268798828, 'matching_path_norm': 5.796253259802694}, {'softmax_input_median_top2_gap': 1.3315141201019287, 'softmax_input_min_top2_gap': 3.5762786865234375e-06, 'fraction_pixels_gap_below_88': 1.0, 'exact_ties': 0, 'mean_softmax_entropy_nats': 1.5755686308943466, 'mean_max_softmax_weight': 0.5529034205075929, 'raw_cost_max_abs': 2615257595904.0, 'raw_cost_std': 261419559557.8255, 'softmax_input_grad_norm': 0.04046139121055603, 'softmax_input_pixels_with_gradient': 179281, 'softmax_input_pixels_total': 262144, 'raw_cost_grad_norm': 7.00489959006706e-13, 'epoch': 142, 'batch': 11420, 'total_norm': 24.261106491088867, 'matching_path_norm': 14.065089613972447}, {'softmax_input_median_top2_gap': 1.644467830657959, 'softmax_input_min_top2_gap': 4.76837158203125e-06, 'fraction_pixels_gap_below_88': 1.0, 'exact_ties': 0, 'mean_softmax_entropy_nats': 1.5493128855752278, 'mean_max_softmax_weight': 0.5676939697486177, 'raw_cost_max_abs': 3397808029696.0, 'raw_cost_std': 429264889942.26746, 'softmax_input_grad_norm': 0.023105407133698463, 'softmax_input_pixels_with_gradient': 201687, 'softmax_input_pixels_total': 262144, 'raw_cost_grad_norm': 2.437954081235122e-13, 'epoch': 143, 'batch': 11440, 'total_norm': 18.424463272094727, 'matching_path_norm': 6.077164047872667}, {'softmax_input_median_top2_gap': 0.8112505674362183, 'softmax_input_min_top2_gap': 4.76837158203125e-06, 'fraction_pixels_gap_below_88': 1.0, 'exact_ties': 0, 'mean_softmax_entropy_nats': 1.7052423498940135, 'mean_max_softmax_weight': 0.48234377111063365, 'raw_cost_max_abs': 2659876864000.0, 'raw_cost_std': 276656050264.5237, 'softmax_input_grad_norm': 0.025741232559084892, 'softmax_input_pixels_with_gradient': 238337, 'softmax_input_pixels_total': 262144, 'raw_cost_grad_norm': 4.15691325762399e-13, 'epoch': 143, 'batch': 11460, 'total_norm': 18.99081802368164, 'matching_path_norm': 7.281618613488251}, {'softmax_input_median_top2_gap': 1.0252341628074646, 'softmax_input_min_top2_gap': 0.0, 'fraction_pixels_gap_below_88': 1.0, 'exact_ties': 1, 'mean_softmax_entropy_nats': 1.6694956774164234, 'mean_max_softmax_weight': 0.5037595232017525, 'raw_cost_max_abs': 3575304945664.0, 'raw_cost_std': 327410726392.29, 'softmax_input_grad_norm': 0.022913707420229912, 'softmax_input_pixels_with_gradient': 208337, 'softmax_input_pixels_total': 262144, 'raw_cost_grad_norm': 4.866093422303819e-13, 'epoch': 143, 'batch': 11480, 'total_norm': 35.056217193603516, 'matching_path_norm': 8.466710820618566}, {'softmax_input_median_top2_gap': 1.1178961992263794, 'softmax_input_min_top2_gap': 7.3909759521484375e-06, 'fraction_pixels_gap_below_88': 1.0, 'exact_ties': 0, 'mean_softmax_entropy_nats': 1.6670884968551523, 'mean_max_softmax_weight': 0.5098872008196688, 'raw_cost_max_abs': 3113108635648.0, 'raw_cost_std': 250702688753.6805, 'softmax_input_grad_norm': 0.03961441293358803, 'softmax_input_pixels_with_gradient': 197811, 'softmax_input_pixels_total': 262144, 'raw_cost_grad_norm': 7.086548687272598e-13, 'epoch': 143, 'batch': 11500, 'total_norm': 20.997316360473633, 'matching_path_norm': 8.086267206717213}, {'softmax_input_median_top2_gap': 0.9532470703125, 'softmax_input_min_top2_gap': 4.76837158203125e-07, 'fraction_pixels_gap_below_88': 1.0, 'exact_ties': 0, 'mean_softmax_entropy_nats': 1.6923746593252864, 'mean_max_softmax_weight': 0.49321253443965035, 'raw_cost_max_abs': 2586109280256.0, 'raw_cost_std': 323033857838.22546, 'softmax_input_grad_norm': 0.022787442430853844, 'softmax_input_pixels_with_gradient': 205482, 'softmax_input_pixels_total': 262144, 'raw_cost_grad_norm': 2.1863100793748785e-13, 'epoch': 144, 'batch': 11520, 'total_norm': 17.180349349975586, 'matching_path_norm': 5.618904851983319}, {'softmax_input_median_top2_gap': 1.1237757205963135, 'softmax_input_min_top2_gap': 1.049041748046875e-05, 'fraction_pixels_gap_below_88': 1.0, 'exact_ties': 0, 'mean_softmax_entropy_nats': 1.6141125450701281, 'mean_max_softmax_weight': 0.5309019104764037, 'raw_cost_max_abs': 3749291753472.0, 'raw_cost_std': 322479949173.32294, 'softmax_input_grad_norm': 0.02552471123635769, 'softmax_input_pixels_with_gradient': 204343, 'softmax_input_pixels_total': 262144, 'raw_cost_grad_norm': 4.341822311838134e-13, 'epoch': 144, 'batch': 11540, 'total_norm': 22.48947525024414, 'matching_path_norm': 6.008674659760673}, {'softmax_input_median_top2_gap': 1.0815705060958862, 'softmax_input_min_top2_gap': 2.384185791015625e-06, 'fraction_pixels_gap_below_88': 1.0, 'exact_ties': 0, 'mean_softmax_entropy_nats': 1.649432742105145, 'mean_max_softmax_weight': 0.5142756422900523, 'raw_cost_max_abs': 2786734112768.0, 'raw_cost_std': 231089469143.489, 'softmax_input_grad_norm': 0.03364521265029907, 'softmax_input_pixels_with_gradient': 217954, 'softmax_input_pixels_total': 262144, 'raw_cost_grad_norm': 6.928291490862493e-13, 'epoch': 144, 'batch': 11560, 'total_norm': 9.487357139587402, 'matching_path_norm': 6.040212760154858}, {'softmax_input_median_top2_gap': 0.9911227226257324, 'softmax_input_min_top2_gap': 2.384185791015625e-07, 'fraction_pixels_gap_below_88': 1.0, 'exact_ties': 0, 'mean_softmax_entropy_nats': 1.6974932204819095, 'mean_max_softmax_weight': 0.49151817144660764, 'raw_cost_max_abs': 2261989195776.0, 'raw_cost_std': 234384779372.0463, 'softmax_input_grad_norm': 0.024013519287109375, 'softmax_input_pixels_with_gradient': 188989, 'softmax_input_pixels_total': 262144, 'raw_cost_grad_norm': 4.4956920131067335e-13, 'epoch': 144, 'batch': 11580, 'total_norm': 13.239083290100098, 'matching_path_norm': 4.359040059527828}, {'softmax_input_median_top2_gap': 0.7512317895889282, 'softmax_input_min_top2_gap': 1.9073486328125e-06, 'fraction_pixels_gap_below_88': 1.0, 'exact_ties': 0, 'mean_softmax_entropy_nats': 1.8080961739523964, 'mean_max_softmax_weight': 0.4372469453838228, 'raw_cost_max_abs': 1593308610560.0, 'raw_cost_std': 152613723950.14642, 'softmax_input_grad_norm': 0.021205291152000427, 'softmax_input_pixels_with_gradient': 180192, 'softmax_input_pixels_total': 262144, 'raw_cost_grad_norm': 3.549830785223862e-13, 'epoch': 145, 'batch': 11600, 'total_norm': 8.885540008544922, 'matching_path_norm': 2.861531472763826}, {'softmax_input_median_top2_gap': 1.1771701574325562, 'softmax_input_min_top2_gap': 1.239776611328125e-05, 'fraction_pixels_gap_below_88': 1.0, 'exact_ties': 0, 'mean_softmax_entropy_nats': 1.617214426820657, 'mean_max_softmax_weight': 0.5304156834882114, 'raw_cost_max_abs': 3127220633600.0, 'raw_cost_std': 294097370452.4912, 'softmax_input_grad_norm': 0.025264592841267586, 'softmax_input_pixels_with_gradient': 185591, 'softmax_input_pixels_total': 262144, 'raw_cost_grad_norm': 3.9557799310502295e-13, 'epoch': 145, 'batch': 11620, 'total_norm': 10.954805374145508, 'matching_path_norm': 5.296129258304665}, {'softmax_input_median_top2_gap': 1.0070971250534058, 'softmax_input_min_top2_gap': 7.152557373046875e-06, 'fraction_pixels_gap_below_88': 1.0, 'exact_ties': 0, 'mean_softmax_entropy_nats': 1.70091414612348, 'mean_max_softmax_weight': 0.4930893634591532, 'raw_cost_max_abs': 2125225787392.0, 'raw_cost_std': 199177744488.83807, 'softmax_input_grad_norm': 0.021034814417362213, 'softmax_input_pixels_with_gradient': 223644, 'softmax_input_pixels_total': 262144, 'raw_cost_grad_norm': 3.2900787129419573e-13, 'epoch': 145, 'batch': 11640, 'total_norm': 11.398417472839355, 'matching_path_norm': 3.897866128112452}, {'softmax_input_median_top2_gap': 0.8139389753341675, 'softmax_input_min_top2_gap': 1.7642974853515625e-05, 'fraction_pixels_gap_below_88': 1.0, 'exact_ties': 0, 'mean_softmax_entropy_nats': 1.6570378218243547, 'mean_max_softmax_weight': 0.4998093768574758, 'raw_cost_max_abs': 1910780723200.0, 'raw_cost_std': 242659564992.43738, 'softmax_input_grad_norm': 0.03674285113811493, 'softmax_input_pixels_with_gradient': 172401, 'softmax_input_pixels_total': 262144, 'raw_cost_grad_norm': 4.683964804561014e-13, 'epoch': 145, 'batch': 11660, 'total_norm': 13.308177947998047, 'matching_path_norm': 6.529799663066179}, {'softmax_input_median_top2_gap': 1.5689098834991455, 'softmax_input_min_top2_gap': 2.288818359375e-05, 'fraction_pixels_gap_below_88': 1.0, 'exact_ties': 0, 'mean_softmax_entropy_nats': 1.5296741978207136, 'mean_max_softmax_weight': 0.5740679985722483, 'raw_cost_max_abs': 3512414765056.0, 'raw_cost_std': 371561502888.2436, 'softmax_input_grad_norm': 0.023889631032943726, 'softmax_input_pixels_with_gradient': 177212, 'softmax_input_pixels_total': 262144, 'raw_cost_grad_norm': 1.8200997892008075e-13, 'epoch': 146, 'batch': 11680, 'total_norm': 15.833832740783691, 'matching_path_norm': 3.866632807420572}, {'softmax_input_median_top2_gap': 1.3250173330307007, 'softmax_input_min_top2_gap': 4.410743713378906e-06, 'fraction_pixels_gap_below_88': 1.0, 'exact_ties': 0, 'mean_softmax_entropy_nats': 1.6321235652501738, 'mean_max_softmax_weight': 0.5286189251389071, 'raw_cost_max_abs': 2980094148608.0, 'raw_cost_std': 287530226566.7293, 'softmax_input_grad_norm': 0.028746720403432846, 'softmax_input_pixels_with_gradient': 202852, 'softmax_input_pixels_total': 262144, 'raw_cost_grad_norm': 7.042059535326828e-13, 'epoch': 146, 'batch': 11700, 'total_norm': 14.457988739013672, 'matching_path_norm': 5.45027316617233}, {'softmax_input_median_top2_gap': 0.9996696710586548, 'softmax_input_min_top2_gap': 1.9550323486328125e-05, 'fraction_pixels_gap_below_88': 1.0, 'exact_ties': 0, 'mean_softmax_entropy_nats': 1.6583346311878113, 'mean_max_softmax_weight': 0.5050918889658829, 'raw_cost_max_abs': 3603391840256.0, 'raw_cost_std': 309973730332.1265, 'softmax_input_grad_norm': 0.04072325676679611, 'softmax_input_pixels_with_gradient': 190861, 'softmax_input_pixels_total': 262144, 'raw_cost_grad_norm': 5.561742472820486e-13, 'epoch': 146, 'batch': 11720, 'total_norm': 61.976417541503906, 'matching_path_norm': 15.644218179695404}, {'softmax_input_median_top2_gap': 1.1522499322891235, 'softmax_input_min_top2_gap': 6.318092346191406e-06, 'fraction_pixels_gap_below_88': 1.0, 'exact_ties': 0, 'mean_softmax_entropy_nats': 1.592805585245853, 'mean_max_softmax_weight': 0.5418896611990303, 'raw_cost_max_abs': 3215071379456.0, 'raw_cost_std': 349469895043.8509, 'softmax_input_grad_norm': 0.016889343038201332, 'softmax_input_pixels_with_gradient': 190380, 'softmax_input_pixels_total': 262144, 'raw_cost_grad_norm': 1.5989210552357774e-13, 'epoch': 146, 'batch': 11740, 'total_norm': 11.001240730285645, 'matching_path_norm': 3.4923602529562796}, {'softmax_input_median_top2_gap': 0.963435173034668, 'softmax_input_min_top2_gap': 4.76837158203125e-06, 'fraction_pixels_gap_below_88': 1.0, 'exact_ties': 0, 'mean_softmax_entropy_nats': 1.6762759202965813, 'mean_max_softmax_weight': 0.5002810480363422, 'raw_cost_max_abs': 2494351540224.0, 'raw_cost_std': 257212378884.8637, 'softmax_input_grad_norm': 0.020079977810382843, 'softmax_input_pixels_with_gradient': 229950, 'softmax_input_pixels_total': 262144, 'raw_cost_grad_norm': 3.030863591785976e-13, 'epoch': 147, 'batch': 11760, 'total_norm': 9.716869354248047, 'matching_path_norm': 2.9500027453992734}, {'softmax_input_median_top2_gap': 1.6374667882919312, 'softmax_input_min_top2_gap': 3.814697265625e-06, 'fraction_pixels_gap_below_88': 1.0, 'exact_ties': 0, 'mean_softmax_entropy_nats': 1.556618928434121, 'mean_max_softmax_weight': 0.5607906786368855, 'raw_cost_max_abs': 3454181572608.0, 'raw_cost_std': 386420073353.0942, 'softmax_input_grad_norm': 0.03044186905026436, 'softmax_input_pixels_with_gradient': 205506, 'softmax_input_pixels_total': 262144, 'raw_cost_grad_norm': 6.297208848121683e-13, 'epoch': 147, 'batch': 11780, 'total_norm': 12.629293441772461, 'matching_path_norm': 6.727335954147819}, {'softmax_input_median_top2_gap': 1.0097993612289429, 'softmax_input_min_top2_gap': 4.887580871582031e-06, 'fraction_pixels_gap_below_88': 1.0, 'exact_ties': 0, 'mean_softmax_entropy_nats': 1.6424944968459423, 'mean_max_softmax_weight': 0.5152918652099641, 'raw_cost_max_abs': 3344346120192.0, 'raw_cost_std': 340837594000.07996, 'softmax_input_grad_norm': 0.0228059571236372, 'softmax_input_pixels_with_gradient': 218383, 'softmax_input_pixels_total': 262144, 'raw_cost_grad_norm': 4.06484795909684e-13, 'epoch': 147, 'batch': 11800, 'total_norm': 8.44670581817627, 'matching_path_norm': 3.467879914611361}, {'softmax_input_median_top2_gap': 0.6879324913024902, 'softmax_input_min_top2_gap': 1.1920928955078125e-06, 'fraction_pixels_gap_below_88': 1.0, 'exact_ties': 0, 'mean_softmax_entropy_nats': 1.7712970734965512, 'mean_max_softmax_weight': 0.4473507236667561, 'raw_cost_max_abs': 2299193458688.0, 'raw_cost_std': 192208316080.15485, 'softmax_input_grad_norm': 0.025651706382632256, 'softmax_input_pixels_with_gradient': 241438, 'softmax_input_pixels_total': 262144, 'raw_cost_grad_norm': 3.900376657935134e-13, 'epoch': 147, 'batch': 11820, 'total_norm': 14.30524730682373, 'matching_path_norm': 5.560437925307058}, {'softmax_input_median_top2_gap': 1.041391372680664, 'softmax_input_min_top2_gap': 3.504753112792969e-05, 'fraction_pixels_gap_below_88': 1.0, 'exact_ties': 0, 'mean_softmax_entropy_nats': 1.6485610288094295, 'mean_max_softmax_weight': 0.518634370414746, 'raw_cost_max_abs': 2465684258816.0, 'raw_cost_std': 257484919645.68066, 'softmax_input_grad_norm': 0.020869798958301544, 'softmax_input_pixels_with_gradient': 194880, 'softmax_input_pixels_total': 262144, 'raw_cost_grad_norm': 2.446960006580873e-13, 'epoch': 148, 'batch': 11840, 'total_norm': 13.512579917907715, 'matching_path_norm': 4.243814259191588}, {'softmax_input_median_top2_gap': 1.1534963846206665, 'softmax_input_min_top2_gap': 2.1457672119140625e-06, 'fraction_pixels_gap_below_88': 1.0, 'exact_ties': 0, 'mean_softmax_entropy_nats': 1.5966029229301724, 'mean_max_softmax_weight': 0.5359825067916502, 'raw_cost_max_abs': 3283582451712.0, 'raw_cost_std': 293435310778.5458, 'softmax_input_grad_norm': 0.021875718608498573, 'softmax_input_pixels_with_gradient': 150682, 'softmax_input_pixels_total': 262144, 'raw_cost_grad_norm': 3.8435536220751687e-13, 'epoch': 148, 'batch': 11860, 'total_norm': 11.619441032409668, 'matching_path_norm': 4.716738828935483}, {'softmax_input_median_top2_gap': 1.2751723527908325, 'softmax_input_min_top2_gap': 3.8623809814453125e-05, 'fraction_pixels_gap_below_88': 1.0, 'exact_ties': 0, 'mean_softmax_entropy_nats': 1.5636845591564237, 'mean_max_softmax_weight': 0.5576503343875485, 'raw_cost_max_abs': 3443098386432.0, 'raw_cost_std': 360330114975.97095, 'softmax_input_grad_norm': 0.02294953539967537, 'softmax_input_pixels_with_gradient': 174423, 'softmax_input_pixels_total': 262144, 'raw_cost_grad_norm': 2.237399040995111e-13, 'epoch': 148, 'batch': 11880, 'total_norm': 36.82115173339844, 'matching_path_norm': 10.206784867283911}, {'softmax_input_median_top2_gap': 0.7376446723937988, 'softmax_input_min_top2_gap': 2.1457672119140625e-06, 'fraction_pixels_gap_below_88': 1.0, 'exact_ties': 0, 'mean_softmax_entropy_nats': 1.7791191004753966, 'mean_max_softmax_weight': 0.446765685764006, 'raw_cost_max_abs': 2237643096064.0, 'raw_cost_std': 196441852154.5181, 'softmax_input_grad_norm': 0.020511019974946976, 'softmax_input_pixels_with_gradient': 230522, 'softmax_input_pixels_total': 262144, 'raw_cost_grad_norm': 6.762271948998477e-13, 'epoch': 148, 'batch': 11900, 'total_norm': 30.596370697021484, 'matching_path_norm': 8.091819244054156}, {'softmax_input_median_top2_gap': 1.4907439947128296, 'softmax_input_min_top2_gap': 1.430511474609375e-05, 'fraction_pixels_gap_below_88': 1.0, 'exact_ties': 0, 'mean_softmax_entropy_nats': 1.569770626796962, 'mean_max_softmax_weight': 0.5563837280089783, 'raw_cost_max_abs': 3197068902400.0, 'raw_cost_std': 348809532933.7891, 'softmax_input_grad_norm': 0.015281183645129204, 'softmax_input_pixels_with_gradient': 198599, 'softmax_input_pixels_total': 262144, 'raw_cost_grad_norm': 1.9815518583626845e-13, 'epoch': 149, 'batch': 11920, 'total_norm': 12.690755844116211, 'matching_path_norm': 3.250533376307067}, {'softmax_input_median_top2_gap': 1.2705411911010742, 'softmax_input_min_top2_gap': 1.1920928955078125e-06, 'fraction_pixels_gap_below_88': 1.0, 'exact_ties': 0, 'mean_softmax_entropy_nats': 1.6371173109557424, 'mean_max_softmax_weight': 0.5301268770296803, 'raw_cost_max_abs': 2820849008640.0, 'raw_cost_std': 277187162884.1611, 'softmax_input_grad_norm': 0.026101386174559593, 'softmax_input_pixels_with_gradient': 177041, 'softmax_input_pixels_total': 262144, 'raw_cost_grad_norm': 2.874570427611328e-13, 'epoch': 149, 'batch': 11940, 'total_norm': 20.035785675048828, 'matching_path_norm': 6.734407548764284}, {'softmax_input_median_top2_gap': 1.058105707168579, 'softmax_input_min_top2_gap': 1.537799835205078e-05, 'fraction_pixels_gap_below_88': 1.0, 'exact_ties': 0, 'mean_softmax_entropy_nats': 1.627924181412173, 'mean_max_softmax_weight': 0.5190272136758457, 'raw_cost_max_abs': 3023119843328.0, 'raw_cost_std': 288169701747.10254, 'softmax_input_grad_norm': 0.033289697021245956, 'softmax_input_pixels_with_gradient': 189348, 'softmax_input_pixels_total': 262144, 'raw_cost_grad_norm': 5.670939520925622e-13, 'epoch': 149, 'batch': 11960, 'total_norm': 13.276320457458496, 'matching_path_norm': 6.297596613275698}, {'softmax_input_median_top2_gap': 1.1186985969543457, 'softmax_input_min_top2_gap': 1.3113021850585938e-06, 'fraction_pixels_gap_below_88': 1.0, 'exact_ties': 0, 'mean_softmax_entropy_nats': 1.5815992183037955, 'mean_max_softmax_weight': 0.5422445334182318, 'raw_cost_max_abs': 3562645225472.0, 'raw_cost_std': 422336332852.9047, 'softmax_input_grad_norm': 0.02469632960855961, 'softmax_input_pixels_with_gradient': 172318, 'softmax_input_pixels_total': 262144, 'raw_cost_grad_norm': 2.1664084642967346e-13, 'epoch': 149, 'batch': 11980, 'total_norm': 17.352514266967773, 'matching_path_norm': 5.1327505395852056}, {'softmax_input_median_top2_gap': 0.9121478796005249, 'softmax_input_min_top2_gap': 4.410743713378906e-06, 'fraction_pixels_gap_below_88': 1.0, 'exact_ties': 0, 'mean_softmax_entropy_nats': 1.6735672794044731, 'mean_max_softmax_weight': 0.49934299487346173, 'raw_cost_max_abs': 3728677535744.0, 'raw_cost_std': 352763558314.14386, 'softmax_input_grad_norm': 0.016287146136164665, 'softmax_input_pixels_with_gradient': 227633, 'softmax_input_pixels_total': 262144, 'raw_cost_grad_norm': 1.7947443661445184e-13, 'epoch': 150, 'batch': 12000, 'total_norm': 8.909358978271484, 'matching_path_norm': 2.4833172644686754}, {'softmax_input_median_top2_gap': 1.1139302253723145, 'softmax_input_min_top2_gap': 4.291534423828125e-06, 'fraction_pixels_gap_below_88': 1.0, 'exact_ties': 0, 'mean_softmax_entropy_nats': 1.6355121792074137, 'mean_max_softmax_weight': 0.5212005106196484, 'raw_cost_max_abs': 2885148213248.0, 'raw_cost_std': 318657616088.456, 'softmax_input_grad_norm': 0.023759976029396057, 'softmax_input_pixels_with_gradient': 178430, 'softmax_input_pixels_total': 262144, 'raw_cost_grad_norm': 2.2244058266347733e-13, 'epoch': 150, 'batch': 12020, 'total_norm': 23.247472763061523, 'matching_path_norm': 6.57886654267637}, {'softmax_input_median_top2_gap': 0.7755568027496338, 'softmax_input_min_top2_gap': 1.2993812561035156e-05, 'fraction_pixels_gap_below_88': 1.0, 'exact_ties': 0, 'mean_softmax_entropy_nats': 1.7712905948689066, 'mean_max_softmax_weight': 0.45250283147166714, 'raw_cost_max_abs': 2209383448576.0, 'raw_cost_std': 207369634754.8594, 'softmax_input_grad_norm': 0.021095966920256615, 'softmax_input_pixels_with_gradient': 251093, 'softmax_input_pixels_total': 262144, 'raw_cost_grad_norm': 3.2004447377866063e-13, 'epoch': 150, 'batch': 12040, 'total_norm': 41.78004837036133, 'matching_path_norm': 9.347761695486867}, {'softmax_input_median_top2_gap': 0.9212867617607117, 'softmax_input_min_top2_gap': 4.76837158203125e-07, 'fraction_pixels_gap_below_88': 1.0, 'exact_ties': 0, 'mean_softmax_entropy_nats': 1.694483968599744, 'mean_max_softmax_weight': 0.49236263889894594, 'raw_cost_max_abs': 2740637401088.0, 'raw_cost_std': 263839181515.4678, 'softmax_input_grad_norm': 0.02111968956887722, 'softmax_input_pixels_with_gradient': 229381, 'softmax_input_pixels_total': 262144, 'raw_cost_grad_norm': 3.6066549052859997e-13, 'epoch': 150, 'batch': 12060, 'total_norm': 23.48747444152832, 'matching_path_norm': 5.03950637595609}, {'softmax_input_median_top2_gap': 1.4757421612739563, 'softmax_input_min_top2_gap': 0.00010216236114501953, 'fraction_pixels_gap_below_88': 1.0, 'exact_ties': 0, 'mean_softmax_entropy_nats': 1.6009843862373394, 'mean_max_softmax_weight': 0.5548723194116477, 'raw_cost_max_abs': 2787997384704.0, 'raw_cost_std': 268529451084.0618, 'softmax_input_grad_norm': 0.030653899535536766, 'softmax_input_pixels_with_gradient': 173504, 'softmax_input_pixels_total': 262144, 'raw_cost_grad_norm': 3.333658219265012e-13, 'epoch': 151, 'batch': 12080, 'total_norm': 34.38660430908203, 'matching_path_norm': 9.626894942903718}, {'softmax_input_median_top2_gap': 1.0170979499816895, 'softmax_input_min_top2_gap': 1.1920928955078125e-06, 'fraction_pixels_gap_below_88': 1.0, 'exact_ties': 0, 'mean_softmax_entropy_nats': 1.6819465372355156, 'mean_max_softmax_weight': 0.500149388772863, 'raw_cost_max_abs': 2147832561664.0, 'raw_cost_std': 211693708185.4122, 'softmax_input_grad_norm': 0.031761232763528824, 'softmax_input_pixels_with_gradient': 229772, 'softmax_input_pixels_total': 262144, 'raw_cost_grad_norm': 5.890750127274247e-13, 'epoch': 151, 'batch': 12100, 'total_norm': 36.78810119628906, 'matching_path_norm': 6.341569700246115}, {'softmax_input_median_top2_gap': 1.0317042469978333, 'softmax_input_min_top2_gap': 5.7220458984375e-06, 'fraction_pixels_gap_below_88': 1.0, 'exact_ties': 0, 'mean_softmax_entropy_nats': 1.6856681988278936, 'mean_max_softmax_weight': 0.49785785086003886, 'raw_cost_max_abs': 2742740582400.0, 'raw_cost_std': 244010973092.4196, 'softmax_input_grad_norm': 0.03837894648313522, 'softmax_input_pixels_with_gradient': 219075, 'softmax_input_pixels_total': 262144, 'raw_cost_grad_norm': 6.938307892633e-13, 'epoch': 151, 'batch': 12120, 'total_norm': 36.54143524169922, 'matching_path_norm': 10.193225416177556}, {'softmax_input_median_top2_gap': 0.9496315717697144, 'softmax_input_min_top2_gap': 5.7220458984375e-06, 'fraction_pixels_gap_below_88': 1.0, 'exact_ties': 0, 'mean_softmax_entropy_nats': 1.679352857537067, 'mean_max_softmax_weight': 0.50081746708337, 'raw_cost_max_abs': 1836724256768.0, 'raw_cost_std': 197216787949.16464, 'softmax_input_grad_norm': 0.020840521901845932, 'softmax_input_pixels_with_gradient': 197111, 'softmax_input_pixels_total': 262144, 'raw_cost_grad_norm': 3.0701789309646454e-13, 'epoch': 151, 'batch': 12140, 'total_norm': 13.968145370483398, 'matching_path_norm': 3.349240407004639}, {'softmax_input_median_top2_gap': 1.2171555757522583, 'softmax_input_min_top2_gap': 6.198883056640625e-06, 'fraction_pixels_gap_below_88': 1.0, 'exact_ties': 0, 'mean_softmax_entropy_nats': 1.6011468154519823, 'mean_max_softmax_weight': 0.5392807351482007, 'raw_cost_max_abs': 4487285571584.0, 'raw_cost_std': 391425198904.25385, 'softmax_input_grad_norm': 0.02147284522652626, 'softmax_input_pixels_with_gradient': 195875, 'softmax_input_pixels_total': 262144, 'raw_cost_grad_norm': 2.298586126124602e-13, 'epoch': 152, 'batch': 12160, 'total_norm': 8.661747932434082, 'matching_path_norm': 2.8924434334450626}, {'softmax_input_median_top2_gap': 0.9468623399734497, 'softmax_input_min_top2_gap': 6.4373016357421875e-06, 'fraction_pixels_gap_below_88': 1.0, 'exact_ties': 0, 'mean_softmax_entropy_nats': 1.6257878066132019, 'mean_max_softmax_weight': 0.5189116354404513, 'raw_cost_max_abs': 3962163953664.0, 'raw_cost_std': 322154647502.2079, 'softmax_input_grad_norm': 0.02112586982548237, 'softmax_input_pixels_with_gradient': 169994, 'softmax_input_pixels_total': 262144, 'raw_cost_grad_norm': 4.56467491843221e-13, 'epoch': 152, 'batch': 12180, 'total_norm': 21.210729598999023, 'matching_path_norm': 6.121833363300795}, {'softmax_input_median_top2_gap': 1.0377026796340942, 'softmax_input_min_top2_gap': 3.0994415283203125e-06, 'fraction_pixels_gap_below_88': 1.0, 'exact_ties': 0, 'mean_softmax_entropy_nats': 1.612287120560278, 'mean_max_softmax_weight': 0.5275143916967747, 'raw_cost_max_abs': 3145925394432.0, 'raw_cost_std': 357128510804.9082, 'softmax_input_grad_norm': 0.024975355714559555, 'softmax_input_pixels_with_gradient': 180363, 'softmax_input_pixels_total': 262144, 'raw_cost_grad_norm': 3.8247386486243984e-13, 'epoch': 152, 'batch': 12200, 'total_norm': 8.493897438049316, 'matching_path_norm': 3.116080787853938}, {'softmax_input_median_top2_gap': 0.7203241586685181, 'softmax_input_min_top2_gap': 4.887580871582031e-06, 'fraction_pixels_gap_below_88': 1.0, 'exact_ties': 0, 'mean_softmax_entropy_nats': 1.6416190984684151, 'mean_max_softmax_weight': 0.5006960631344436, 'raw_cost_max_abs': 3212105744384.0, 'raw_cost_std': 313057932042.22894, 'softmax_input_grad_norm': 0.03276454657316208, 'softmax_input_pixels_with_gradient': 192257, 'softmax_input_pixels_total': 262144, 'raw_cost_grad_norm': 4.864768527249042e-13, 'epoch': 152, 'batch': 12220, 'total_norm': 25.633928298950195, 'matching_path_norm': 7.880340338270495}, {'softmax_input_median_top2_gap': 0.7485918998718262, 'softmax_input_min_top2_gap': 2.384185791015625e-06, 'fraction_pixels_gap_below_88': 1.0, 'exact_ties': 0, 'mean_softmax_entropy_nats': 1.751792990770283, 'mean_max_softmax_weight': 0.4591249240919996, 'raw_cost_max_abs': 2205331226624.0, 'raw_cost_std': 203294065248.0064, 'softmax_input_grad_norm': 0.02227276749908924, 'softmax_input_pixels_with_gradient': 244952, 'softmax_input_pixels_total': 262144, 'raw_cost_grad_norm': 3.654987282882688e-13, 'epoch': 153, 'batch': 12240, 'total_norm': 31.784809112548828, 'matching_path_norm': 7.708183832884048}, {'softmax_input_median_top2_gap': 1.2274858951568604, 'softmax_input_min_top2_gap': 2.0265579223632812e-06, 'fraction_pixels_gap_below_88': 1.0, 'exact_ties': 0, 'mean_softmax_entropy_nats': 1.6022629769067631, 'mean_max_softmax_weight': 0.5397557433346494, 'raw_cost_max_abs': 3825961009152.0, 'raw_cost_std': 354354255200.0986, 'softmax_input_grad_norm': 0.01930209808051586, 'softmax_input_pixels_with_gradient': 206782, 'softmax_input_pixels_total': 262144, 'raw_cost_grad_norm': 2.555056318430393e-13, 'epoch': 153, 'batch': 12260, 'total_norm': 19.342788696289062, 'matching_path_norm': 5.61763808758887}, {'softmax_input_median_top2_gap': 1.0443522930145264, 'softmax_input_min_top2_gap': 1.5974044799804688e-05, 'fraction_pixels_gap_below_88': 1.0, 'exact_ties': 0, 'mean_softmax_entropy_nats': 1.648563071909705, 'mean_max_softmax_weight': 0.5183462259958431, 'raw_cost_max_abs': 2548352942080.0, 'raw_cost_std': 295237225619.4592, 'softmax_input_grad_norm': 0.01980569213628769, 'softmax_input_pixels_with_gradient': 190105, 'softmax_input_pixels_total': 262144, 'raw_cost_grad_norm': 2.0729004992538214e-13, 'epoch': 153, 'batch': 12280, 'total_norm': 9.641758918762207, 'matching_path_norm': 2.3284484021187883}, {'softmax_input_median_top2_gap': 1.046071171760559, 'softmax_input_min_top2_gap': 1.1920928955078125e-05, 'fraction_pixels_gap_below_88': 1.0, 'exact_ties': 0, 'mean_softmax_entropy_nats': 1.678162732975847, 'mean_max_softmax_weight': 0.5066928627917411, 'raw_cost_max_abs': 2237053534208.0, 'raw_cost_std': 234128163777.2086, 'softmax_input_grad_norm': 0.026750732213258743, 'softmax_input_pixels_with_gradient': 185256, 'softmax_input_pixels_total': 262144, 'raw_cost_grad_norm': 2.702388009548362e-13, 'epoch': 153, 'batch': 12300, 'total_norm': 13.693044662475586, 'matching_path_norm': 3.7264595759132653}, {'softmax_input_median_top2_gap': 0.7409096956253052, 'softmax_input_min_top2_gap': 1.7881393432617188e-06, 'fraction_pixels_gap_below_88': 1.0, 'exact_ties': 0, 'mean_softmax_entropy_nats': 1.7896150646912885, 'mean_max_softmax_weight': 0.44196587784651825, 'raw_cost_max_abs': 3310652227584.0, 'raw_cost_std': 244289665730.84293, 'softmax_input_grad_norm': 0.025804463773965836, 'softmax_input_pixels_with_gradient': 251597, 'softmax_input_pixels_total': 262144, 'raw_cost_grad_norm': 4.216132109234605e-13, 'epoch': 154, 'batch': 12320, 'total_norm': 13.73643684387207, 'matching_path_norm': 3.7882567652353707}, {'softmax_input_median_top2_gap': 0.88672935962677, 'softmax_input_min_top2_gap': 6.9141387939453125e-06, 'fraction_pixels_gap_below_88': 1.0, 'exact_ties': 0, 'mean_softmax_entropy_nats': 1.6776050038531056, 'mean_max_softmax_weight': 0.4945016684344035, 'raw_cost_max_abs': 3040290013184.0, 'raw_cost_std': 346712257226.5931, 'softmax_input_grad_norm': 0.015300224535167217, 'softmax_input_pixels_with_gradient': 221811, 'softmax_input_pixels_total': 262144, 'raw_cost_grad_norm': 1.875235942005657e-13, 'epoch': 154, 'batch': 12340, 'total_norm': 12.881878852844238, 'matching_path_norm': 3.2999587996476687}, {'softmax_input_median_top2_gap': 1.3074861764907837, 'softmax_input_min_top2_gap': 1.0728836059570312e-06, 'fraction_pixels_gap_below_88': 1.0, 'exact_ties': 0, 'mean_softmax_entropy_nats': 1.5856834993710711, 'mean_max_softmax_weight': 0.5411252698017714, 'raw_cost_max_abs': 3519838420992.0, 'raw_cost_std': 321665078512.0429, 'softmax_input_grad_norm': 0.03698379173874855, 'softmax_input_pixels_with_gradient': 180087, 'softmax_input_pixels_total': 262144, 'raw_cost_grad_norm': 4.490596533946595e-13, 'epoch': 154, 'batch': 12360, 'total_norm': 21.419368743896484, 'matching_path_norm': 6.41723292558512}, {'softmax_input_median_top2_gap': 1.0015926361083984, 'softmax_input_min_top2_gap': 0.0, 'fraction_pixels_gap_below_88': 1.0, 'exact_ties': 1, 'mean_softmax_entropy_nats': 1.700751360658522, 'mean_max_softmax_weight': 0.4923882038849217, 'raw_cost_max_abs': 2572862357504.0, 'raw_cost_std': 227072043875.4918, 'softmax_input_grad_norm': 0.025536615401506424, 'softmax_input_pixels_with_gradient': 207442, 'softmax_input_pixels_total': 262144, 'raw_cost_grad_norm': 4.494150548668002e-13, 'epoch': 154, 'batch': 12380, 'total_norm': 19.486827850341797, 'matching_path_norm': 5.219142021824561}, {'softmax_input_median_top2_gap': 1.0203819274902344, 'softmax_input_min_top2_gap': 6.008148193359375e-05, 'fraction_pixels_gap_below_88': 1.0, 'exact_ties': 0, 'mean_softmax_entropy_nats': 1.6592124998887496, 'mean_max_softmax_weight': 0.5111440260622925, 'raw_cost_max_abs': 1786576896000.0, 'raw_cost_std': 193605861133.8377, 'softmax_input_grad_norm': 0.027166051790118217, 'softmax_input_pixels_with_gradient': 214819, 'softmax_input_pixels_total': 262144, 'raw_cost_grad_norm': 6.406500221815825e-13, 'epoch': 155, 'batch': 12400, 'total_norm': 16.919946670532227, 'matching_path_norm': 6.937739223415102}, {'softmax_input_median_top2_gap': 0.9221541285514832, 'softmax_input_min_top2_gap': 3.123283386230469e-05, 'fraction_pixels_gap_below_88': 1.0, 'exact_ties': 0, 'mean_softmax_entropy_nats': 1.6768941102958033, 'mean_max_softmax_weight': 0.5012933257241885, 'raw_cost_max_abs': 3222187278336.0, 'raw_cost_std': 331114470433.293, 'softmax_input_grad_norm': 0.019622275605797768, 'softmax_input_pixels_with_gradient': 225739, 'softmax_input_pixels_total': 262144, 'raw_cost_grad_norm': 2.578944273846223e-13, 'epoch': 155, 'batch': 12420, 'total_norm': 30.048934936523438, 'matching_path_norm': 10.264643330972401}, {'softmax_input_median_top2_gap': 0.8931287527084351, 'softmax_input_min_top2_gap': 2.86102294921875e-06, 'fraction_pixels_gap_below_88': 1.0, 'exact_ties': 0, 'mean_softmax_entropy_nats': 1.7148533800574697, 'mean_max_softmax_weight': 0.47813705070695234, 'raw_cost_max_abs': 2137906479104.0, 'raw_cost_std': 214901486789.35968, 'softmax_input_grad_norm': 0.030420519411563873, 'softmax_input_pixels_with_gradient': 214741, 'softmax_input_pixels_total': 262144, 'raw_cost_grad_norm': 6.015064748371435e-13, 'epoch': 155, 'batch': 12440, 'total_norm': 22.830577850341797, 'matching_path_norm': 6.333031946796097}, {'softmax_input_median_top2_gap': 1.4864006638526917, 'softmax_input_min_top2_gap': 2.384185791015625e-07, 'fraction_pixels_gap_below_88': 1.0, 'exact_ties': 0, 'mean_softmax_entropy_nats': 1.506143702846813, 'mean_max_softmax_weight': 0.579631685423905, 'raw_cost_max_abs': 3554587443200.0, 'raw_cost_std': 361843366903.7549, 'softmax_input_grad_norm': 0.02731689251959324, 'softmax_input_pixels_with_gradient': 155722, 'softmax_input_pixels_total': 262144, 'raw_cost_grad_norm': 2.6349969840626375e-13, 'epoch': 155, 'batch': 12460, 'total_norm': 14.354241371154785, 'matching_path_norm': 3.5211942077953435}, {'softmax_input_median_top2_gap': 0.9585686922073364, 'softmax_input_min_top2_gap': 1.4543533325195312e-05, 'fraction_pixels_gap_below_88': 1.0, 'exact_ties': 0, 'mean_softmax_entropy_nats': 1.6445895784320481, 'mean_max_softmax_weight': 0.5109937159796252, 'raw_cost_max_abs': 2537666379776.0, 'raw_cost_std': 256099328165.63156, 'softmax_input_grad_norm': 0.029078597202897072, 'softmax_input_pixels_with_gradient': 179489, 'softmax_input_pixels_total': 262144, 'raw_cost_grad_norm': 4.944243799098746e-13, 'epoch': 156, 'batch': 12480, 'total_norm': 26.146541595458984, 'matching_path_norm': 8.57295577964553}, {'softmax_input_median_top2_gap': 1.278157353401184, 'softmax_input_min_top2_gap': 1.5735626220703125e-05, 'fraction_pixels_gap_below_88': 1.0, 'exact_ties': 0, 'mean_softmax_entropy_nats': 1.5980721531399764, 'mean_max_softmax_weight': 0.538256352843449, 'raw_cost_max_abs': 2393554288640.0, 'raw_cost_std': 286890304936.8274, 'softmax_input_grad_norm': 0.02376709319651127, 'softmax_input_pixels_with_gradient': 189576, 'softmax_input_pixels_total': 262144, 'raw_cost_grad_norm': 4.770107377670418e-13, 'epoch': 156, 'batch': 12500, 'total_norm': 31.621356964111328, 'matching_path_norm': 7.115025106925049}, {'softmax_input_median_top2_gap': 1.1769258975982666, 'softmax_input_min_top2_gap': 4.291534423828125e-06, 'fraction_pixels_gap_below_88': 1.0, 'exact_ties': 0, 'mean_softmax_entropy_nats': 1.5997706791780137, 'mean_max_softmax_weight': 0.5401540858753312, 'raw_cost_max_abs': 1705048539136.0, 'raw_cost_std': 221343467746.45023, 'softmax_input_grad_norm': 0.024809567257761955, 'softmax_input_pixels_with_gradient': 185696, 'softmax_input_pixels_total': 262144, 'raw_cost_grad_norm': 3.27594884812904e-13, 'epoch': 156, 'batch': 12520, 'total_norm': 21.62763214111328, 'matching_path_norm': 7.32902334851567}, {'softmax_input_median_top2_gap': 1.0501242280006409, 'softmax_input_min_top2_gap': 8.58306884765625e-06, 'fraction_pixels_gap_below_88': 1.0, 'exact_ties': 0, 'mean_softmax_entropy_nats': 1.626551866165293, 'mean_max_softmax_weight': 0.5265027440770242, 'raw_cost_max_abs': 2089660579840.0, 'raw_cost_std': 249453542060.63242, 'softmax_input_grad_norm': 0.018734194338321686, 'softmax_input_pixels_with_gradient': 195535, 'softmax_input_pixels_total': 262144, 'raw_cost_grad_norm': 1.9468796149876844e-13, 'epoch': 156, 'batch': 12540, 'total_norm': 20.761014938354492, 'matching_path_norm': 5.893337438087297}, {'softmax_input_median_top2_gap': 1.1686240434646606, 'softmax_input_min_top2_gap': 2.384185791015625e-07, 'fraction_pixels_gap_below_88': 1.0, 'exact_ties': 0, 'mean_softmax_entropy_nats': 1.6018787170280109, 'mean_max_softmax_weight': 0.5349416954298548, 'raw_cost_max_abs': 2575677784064.0, 'raw_cost_std': 298128049872.076, 'softmax_input_grad_norm': 0.027275940403342247, 'softmax_input_pixels_with_gradient': 176080, 'softmax_input_pixels_total': 262144, 'raw_cost_grad_norm': 1.8687048436438758e-13, 'epoch': 157, 'batch': 12560, 'total_norm': 8.2106294631958, 'matching_path_norm': 3.7512386216186315}, {'softmax_input_median_top2_gap': 1.2983952760696411, 'softmax_input_min_top2_gap': 5.5909156799316406e-05, 'fraction_pixels_gap_below_88': 1.0, 'exact_ties': 0, 'mean_softmax_entropy_nats': 1.5831944825347888, 'mean_max_softmax_weight': 0.5492194915391653, 'raw_cost_max_abs': 2245791842304.0, 'raw_cost_std': 296318219088.1978, 'softmax_input_grad_norm': 0.015700828284025192, 'softmax_input_pixels_with_gradient': 192014, 'softmax_input_pixels_total': 262144, 'raw_cost_grad_norm': 1.4885594384721201e-13, 'epoch': 157, 'batch': 12580, 'total_norm': 12.251679420471191, 'matching_path_norm': 3.2088115989057506}, {'softmax_input_median_top2_gap': 1.005656898021698, 'softmax_input_min_top2_gap': 7.152557373046875e-07, 'fraction_pixels_gap_below_88': 1.0, 'exact_ties': 0, 'mean_softmax_entropy_nats': 1.6487736646336726, 'mean_max_softmax_weight': 0.5123102545438033, 'raw_cost_max_abs': 2322544459776.0, 'raw_cost_std': 262451867071.7502, 'softmax_input_grad_norm': 0.02834852784872055, 'softmax_input_pixels_with_gradient': 200778, 'softmax_input_pixels_total': 262144, 'raw_cost_grad_norm': 5.121841535962735e-13, 'epoch': 157, 'batch': 12600, 'total_norm': 13.296002388000488, 'matching_path_norm': 5.441489707981275}, {'softmax_input_median_top2_gap': 1.0214959383010864, 'softmax_input_min_top2_gap': 1.6450881958007812e-05, 'fraction_pixels_gap_below_88': 1.0, 'exact_ties': 0, 'mean_softmax_entropy_nats': 1.670790167235056, 'mean_max_softmax_weight': 0.5042086848801799, 'raw_cost_max_abs': 2415604531200.0, 'raw_cost_std': 258596243225.2796, 'softmax_input_grad_norm': 0.027751507237553596, 'softmax_input_pixels_with_gradient': 190691, 'softmax_input_pixels_total': 262144, 'raw_cost_grad_norm': 4.036745709836559e-13, 'epoch': 157, 'batch': 12620, 'total_norm': 14.592535972595215, 'matching_path_norm': 4.832483030175625}, {'softmax_input_median_top2_gap': 0.8940504789352417, 'softmax_input_min_top2_gap': 3.814697265625e-06, 'fraction_pixels_gap_below_88': 1.0, 'exact_ties': 0, 'mean_softmax_entropy_nats': 1.6665025913714295, 'mean_max_softmax_weight': 0.5002723229085906, 'raw_cost_max_abs': 3058376114176.0, 'raw_cost_std': 270067640564.6265, 'softmax_input_grad_norm': 0.021040594205260277, 'softmax_input_pixels_with_gradient': 211933, 'softmax_input_pixels_total': 262144, 'raw_cost_grad_norm': 3.423064511964141e-13, 'epoch': 158, 'batch': 12640, 'total_norm': 50.33213424682617, 'matching_path_norm': 11.587555930973203}, {'softmax_input_median_top2_gap': 1.0807751417160034, 'softmax_input_min_top2_gap': 9.179115295410156e-06, 'fraction_pixels_gap_below_88': 1.0, 'exact_ties': 0, 'mean_softmax_entropy_nats': 1.6148390024264911, 'mean_max_softmax_weight': 0.5301837665152123, 'raw_cost_max_abs': 2751758598144.0, 'raw_cost_std': 255655857698.29785, 'softmax_input_grad_norm': 0.030879206955432892, 'softmax_input_pixels_with_gradient': 200319, 'softmax_input_pixels_total': 262144, 'raw_cost_grad_norm': 7.456115802897956e-13, 'epoch': 158, 'batch': 12660, 'total_norm': 17.199893951416016, 'matching_path_norm': 7.2044539264689025}, {'softmax_input_median_top2_gap': 0.968791127204895, 'softmax_input_min_top2_gap': 4.76837158203125e-07, 'fraction_pixels_gap_below_88': 1.0, 'exact_ties': 0, 'mean_softmax_entropy_nats': 1.6808355009651883, 'mean_max_softmax_weight': 0.49943897635561674, 'raw_cost_max_abs': 2202499284992.0, 'raw_cost_std': 191839392310.23672, 'softmax_input_grad_norm': 0.03053351305425167, 'softmax_input_pixels_with_gradient': 193285, 'softmax_input_pixels_total': 262144, 'raw_cost_grad_norm': 5.599887415753957e-13, 'epoch': 158, 'batch': 12680, 'total_norm': 36.9284553527832, 'matching_path_norm': 9.11923977423024}, {'softmax_input_median_top2_gap': 1.5474298000335693, 'softmax_input_min_top2_gap': 5.4836273193359375e-06, 'fraction_pixels_gap_below_88': 1.0, 'exact_ties': 0, 'mean_softmax_entropy_nats': 1.5291481661820163, 'mean_max_softmax_weight': 0.5764905132725393, 'raw_cost_max_abs': 3194597408768.0, 'raw_cost_std': 368984458371.81866, 'softmax_input_grad_norm': 0.024683505296707153, 'softmax_input_pixels_with_gradient': 174848, 'softmax_input_pixels_total': 262144, 'raw_cost_grad_norm': 1.867539597358997e-13, 'epoch': 158, 'batch': 12700, 'total_norm': 22.245344161987305, 'matching_path_norm': 6.761081003604736}, {'softmax_input_median_top2_gap': 1.026393175125122, 'softmax_input_min_top2_gap': 1.2636184692382812e-05, 'fraction_pixels_gap_below_88': 1.0, 'exact_ties': 0, 'mean_softmax_entropy_nats': 1.6516413002202053, 'mean_max_softmax_weight': 0.5116384538983114, 'raw_cost_max_abs': 3001061736448.0, 'raw_cost_std': 303252671560.37756, 'softmax_input_grad_norm': 0.02139654941856861, 'softmax_input_pixels_with_gradient': 196914, 'softmax_input_pixels_total': 262144, 'raw_cost_grad_norm': 1.9503756248928639e-13, 'epoch': 159, 'batch': 12720, 'total_norm': 22.710582733154297, 'matching_path_norm': 5.474690044083288}, {'softmax_input_median_top2_gap': 1.037071406841278, 'softmax_input_min_top2_gap': 9.059906005859375e-06, 'fraction_pixels_gap_below_88': 1.0, 'exact_ties': 0, 'mean_softmax_entropy_nats': 1.6965154023323765, 'mean_max_softmax_weight': 0.49246669678712074, 'raw_cost_max_abs': 1895156547584.0, 'raw_cost_std': 171109334164.72025, 'softmax_input_grad_norm': 0.030651947483420372, 'softmax_input_pixels_with_gradient': 188229, 'softmax_input_pixels_total': 262144, 'raw_cost_grad_norm': 5.189029544591661e-13, 'epoch': 159, 'batch': 12740, 'total_norm': 10.887857437133789, 'matching_path_norm': 5.2613019028413515}, {'softmax_input_median_top2_gap': 1.053076982498169, 'softmax_input_min_top2_gap': 1.1920928955078125e-07, 'fraction_pixels_gap_below_88': 1.0, 'exact_ties': 0, 'mean_softmax_entropy_nats': 1.6826131710533532, 'mean_max_softmax_weight': 0.5014640196704439, 'raw_cost_max_abs': 2710702653440.0, 'raw_cost_std': 246983602540.0483, 'softmax_input_grad_norm': 0.024437569081783295, 'softmax_input_pixels_with_gradient': 217650, 'softmax_input_pixels_total': 262144, 'raw_cost_grad_norm': 5.083971980381075e-13, 'epoch': 159, 'batch': 12760, 'total_norm': 10.134650230407715, 'matching_path_norm': 3.010142218780414}, {'softmax_input_median_top2_gap': 1.5339441299438477, 'softmax_input_min_top2_gap': 1.0967254638671875e-05, 'fraction_pixels_gap_below_88': 1.0, 'exact_ties': 0, 'mean_softmax_entropy_nats': 1.5209454058468364, 'mean_max_softmax_weight': 0.5804976962732888, 'raw_cost_max_abs': 2312392146944.0, 'raw_cost_std': 270119920786.32196, 'softmax_input_grad_norm': 0.02570425346493721, 'softmax_input_pixels_with_gradient': 154240, 'softmax_input_pixels_total': 262144, 'raw_cost_grad_norm': 2.5410486974124236e-13, 'epoch': 159, 'batch': 12780, 'total_norm': 24.407068252563477, 'matching_path_norm': 7.5695760149200435}, {'softmax_input_median_top2_gap': 1.4017903804779053, 'softmax_input_min_top2_gap': 2.9802322387695312e-06, 'fraction_pixels_gap_below_88': 1.0, 'exact_ties': 0, 'mean_softmax_entropy_nats': 1.565857018660577, 'mean_max_softmax_weight': 0.555540373641933, 'raw_cost_max_abs': 2596846960640.0, 'raw_cost_std': 286735387724.33136, 'softmax_input_grad_norm': 0.017878428101539612, 'softmax_input_pixels_with_gradient': 179670, 'softmax_input_pixels_total': 262144, 'raw_cost_grad_norm': 3.7589167347328034e-13, 'epoch': 160, 'batch': 12800, 'total_norm': 7.22741174697876, 'matching_path_norm': 1.7856280243273759}, {'softmax_input_median_top2_gap': 1.0835394263267517, 'softmax_input_min_top2_gap': 1.5974044799804688e-05, 'fraction_pixels_gap_below_88': 1.0, 'exact_ties': 0, 'mean_softmax_entropy_nats': 1.6020802082253214, 'mean_max_softmax_weight': 0.5360227143560186, 'raw_cost_max_abs': 2334969823232.0, 'raw_cost_std': 303552004164.0968, 'softmax_input_grad_norm': 0.022464003413915634, 'softmax_input_pixels_with_gradient': 212849, 'softmax_input_pixels_total': 262144, 'raw_cost_grad_norm': 3.44768267754314e-13, 'epoch': 160, 'batch': 12820, 'total_norm': 24.54454231262207, 'matching_path_norm': 5.860909238541512}, {'softmax_input_median_top2_gap': 0.7185757160186768, 'softmax_input_min_top2_gap': 7.62939453125e-06, 'fraction_pixels_gap_below_88': 1.0, 'exact_ties': 0, 'mean_softmax_entropy_nats': 1.7652059452985873, 'mean_max_softmax_weight': 0.45181821494957486, 'raw_cost_max_abs': 2137925353472.0, 'raw_cost_std': 219488803267.22748, 'softmax_input_grad_norm': 0.019873226061463356, 'softmax_input_pixels_with_gradient': 250017, 'softmax_input_pixels_total': 262144, 'raw_cost_grad_norm': 2.6432816439131424e-13, 'epoch': 160, 'batch': 12840, 'total_norm': 19.25318717956543, 'matching_path_norm': 4.945392127671276}, {'softmax_input_median_top2_gap': 0.8882452249526978, 'softmax_input_min_top2_gap': 6.67572021484375e-06, 'fraction_pixels_gap_below_88': 1.0, 'exact_ties': 0, 'mean_softmax_entropy_nats': 1.6777606024466556, 'mean_max_softmax_weight': 0.4962493249934605, 'raw_cost_max_abs': 1672841920512.0, 'raw_cost_std': 214292373825.29053, 'softmax_input_grad_norm': 0.025740064680576324, 'softmax_input_pixels_with_gradient': 203720, 'softmax_input_pixels_total': 262144, 'raw_cost_grad_norm': 3.7633787687736675e-13, 'epoch': 160, 'batch': 12860, 'total_norm': 6.163088321685791, 'matching_path_norm': 2.7197555772877555}, {'softmax_input_median_top2_gap': 0.9815816879272461, 'softmax_input_min_top2_gap': 4.649162292480469e-06, 'fraction_pixels_gap_below_88': 1.0, 'exact_ties': 0, 'mean_softmax_entropy_nats': 1.6448673517770442, 'mean_max_softmax_weight': 0.5133884494578875, 'raw_cost_max_abs': 2747962753024.0, 'raw_cost_std': 287545069299.8792, 'softmax_input_grad_norm': 0.023417185992002487, 'softmax_input_pixels_with_gradient': 208181, 'softmax_input_pixels_total': 262144, 'raw_cost_grad_norm': 3.831966482407273e-13, 'epoch': 161, 'batch': 12880, 'total_norm': 18.42536735534668, 'matching_path_norm': 5.597413528068364}, {'softmax_input_median_top2_gap': 0.9604685306549072, 'softmax_input_min_top2_gap': 2.0265579223632812e-05, 'fraction_pixels_gap_below_88': 1.0, 'exact_ties': 0, 'mean_softmax_entropy_nats': 1.6615750614397902, 'mean_max_softmax_weight': 0.5081381040880707, 'raw_cost_max_abs': 2283566792704.0, 'raw_cost_std': 241082055062.24298, 'softmax_input_grad_norm': 0.02265392802655697, 'softmax_input_pixels_with_gradient': 203023, 'softmax_input_pixels_total': 262144, 'raw_cost_grad_norm': 4.199564415836854e-13, 'epoch': 161, 'batch': 12900, 'total_norm': 6.016846656799316, 'matching_path_norm': 2.5541193037433607}, {'softmax_input_median_top2_gap': 0.9904659986495972, 'softmax_input_min_top2_gap': 5.364418029785156e-06, 'fraction_pixels_gap_below_88': 1.0, 'exact_ties': 0, 'mean_softmax_entropy_nats': 1.7675165593820203, 'mean_max_softmax_weight': 0.46667164155759855, 'raw_cost_max_abs': 2261840822272.0, 'raw_cost_std': 165998376641.1442, 'softmax_input_grad_norm': 0.022964581847190857, 'softmax_input_pixels_with_gradient': 221110, 'softmax_input_pixels_total': 262144, 'raw_cost_grad_norm': 3.5495399479910927e-13, 'epoch': 161, 'batch': 12920, 'total_norm': 30.42334747314453, 'matching_path_norm': 6.829635774993987}, {'softmax_input_median_top2_gap': 0.9341329336166382, 'softmax_input_min_top2_gap': 2.5033950805664062e-06, 'fraction_pixels_gap_below_88': 1.0, 'exact_ties': 0, 'mean_softmax_entropy_nats': 1.6840802664755268, 'mean_max_softmax_weight': 0.496327366896942, 'raw_cost_max_abs': 2346881384448.0, 'raw_cost_std': 249271052665.45, 'softmax_input_grad_norm': 0.016881188377738, 'softmax_input_pixels_with_gradient': 236673, 'softmax_input_pixels_total': 262144, 'raw_cost_grad_norm': 3.791650966724486e-13, 'epoch': 161, 'batch': 12940, 'total_norm': 9.061853408813477, 'matching_path_norm': 4.084831021873863}, {'softmax_input_median_top2_gap': 0.8704049587249756, 'softmax_input_min_top2_gap': 7.867813110351562e-06, 'fraction_pixels_gap_below_88': 1.0, 'exact_ties': 0, 'mean_softmax_entropy_nats': 1.7044007436505604, 'mean_max_softmax_weight': 0.4782145658481317, 'raw_cost_max_abs': 2019521069056.0, 'raw_cost_std': 192570353515.88742, 'softmax_input_grad_norm': 0.034480758011341095, 'softmax_input_pixels_with_gradient': 190819, 'softmax_input_pixels_total': 262144, 'raw_cost_grad_norm': 5.859969627597383e-13, 'epoch': 162, 'batch': 12960, 'total_norm': 17.49833106994629, 'matching_path_norm': 7.8211110990892765}, {'softmax_input_median_top2_gap': 0.6340018510818481, 'softmax_input_min_top2_gap': 5.0067901611328125e-06, 'fraction_pixels_gap_below_88': 1.0, 'exact_ties': 0, 'mean_softmax_entropy_nats': 1.783577855130334, 'mean_max_softmax_weight': 0.4378262453715389, 'raw_cost_max_abs': 2171236384768.0, 'raw_cost_std': 190539723931.276, 'softmax_input_grad_norm': 0.022316955029964447, 'softmax_input_pixels_with_gradient': 221943, 'softmax_input_pixels_total': 262144, 'raw_cost_grad_norm': 5.357443004852525e-13, 'epoch': 162, 'batch': 12980, 'total_norm': 7.249953746795654, 'matching_path_norm': 3.17027323134078}, {'softmax_input_median_top2_gap': 0.8350872993469238, 'softmax_input_min_top2_gap': 6.67572021484375e-06, 'fraction_pixels_gap_below_88': 1.0, 'exact_ties': 0, 'mean_softmax_entropy_nats': 1.7373013201983862, 'mean_max_softmax_weight': 0.46898942805091415, 'raw_cost_max_abs': 1907467223040.0, 'raw_cost_std': 176247087100.6908, 'softmax_input_grad_norm': 0.02034616284072399, 'softmax_input_pixels_with_gradient': 240737, 'softmax_input_pixels_total': 262144, 'raw_cost_grad_norm': 4.862459176621647e-13, 'epoch': 162, 'batch': 13000, 'total_norm': 18.611825942993164, 'matching_path_norm': 4.209986284627835}, {'softmax_input_median_top2_gap': 0.804795503616333, 'softmax_input_min_top2_gap': 6.556510925292969e-06, 'fraction_pixels_gap_below_88': 1.0, 'exact_ties': 0, 'mean_softmax_entropy_nats': 1.7127216993535939, 'mean_max_softmax_weight': 0.4777982023423064, 'raw_cost_max_abs': 2182403325952.0, 'raw_cost_std': 214758265402.93222, 'softmax_input_grad_norm': 0.030725089833140373, 'softmax_input_pixels_with_gradient': 202103, 'softmax_input_pixels_total': 262144, 'raw_cost_grad_norm': 7.112139111149773e-13, 'epoch': 162, 'batch': 13020, 'total_norm': 13.709073066711426, 'matching_path_norm': 5.971403690275925}, {'softmax_input_median_top2_gap': 0.7672766447067261, 'softmax_input_min_top2_gap': 6.9141387939453125e-06, 'fraction_pixels_gap_below_88': 1.0, 'exact_ties': 0, 'mean_softmax_entropy_nats': 1.7134894074217577, 'mean_max_softmax_weight': 0.47490867844909507, 'raw_cost_max_abs': 2258776358912.0, 'raw_cost_std': 245809590639.85333, 'softmax_input_grad_norm': 0.02303934097290039, 'softmax_input_pixels_with_gradient': 215828, 'softmax_input_pixels_total': 262144, 'raw_cost_grad_norm': 2.5541393544430135e-13, 'epoch': 163, 'batch': 13040, 'total_norm': 8.944948196411133, 'matching_path_norm': 3.5003857483088434}, {'softmax_input_median_top2_gap': 0.9098902940750122, 'softmax_input_min_top2_gap': 1.0848045349121094e-05, 'fraction_pixels_gap_below_88': 1.0, 'exact_ties': 0, 'mean_softmax_entropy_nats': 1.694598396724475, 'mean_max_softmax_weight': 0.4914692549852455, 'raw_cost_max_abs': 1964226379776.0, 'raw_cost_std': 178045940510.69354, 'softmax_input_grad_norm': 0.02485737018287182, 'softmax_input_pixels_with_gradient': 210558, 'softmax_input_pixels_total': 262144, 'raw_cost_grad_norm': 5.515278988718619e-13, 'epoch': 163, 'batch': 13060, 'total_norm': 18.034048080444336, 'matching_path_norm': 5.459555439346268}, {'softmax_input_median_top2_gap': 0.9708404541015625, 'softmax_input_min_top2_gap': 1.2159347534179688e-05, 'fraction_pixels_gap_below_88': 1.0, 'exact_ties': 0, 'mean_softmax_entropy_nats': 1.6887470049496665, 'mean_max_softmax_weight': 0.492860667587097, 'raw_cost_max_abs': 1497149472768.0, 'raw_cost_std': 179612305913.84784, 'softmax_input_grad_norm': 0.02999771386384964, 'softmax_input_pixels_with_gradient': 225851, 'softmax_input_pixels_total': 262144, 'raw_cost_grad_norm': 5.923384070564974e-13, 'epoch': 163, 'batch': 13080, 'total_norm': 37.42808532714844, 'matching_path_norm': 8.056880375106054}, {'softmax_input_median_top2_gap': 0.9372777342796326, 'softmax_input_min_top2_gap': 0.0, 'fraction_pixels_gap_below_88': 1.0, 'exact_ties': 1, 'mean_softmax_entropy_nats': 1.669256487313191, 'mean_max_softmax_weight': 0.4976809354751405, 'raw_cost_max_abs': 2328363532288.0, 'raw_cost_std': 229251994023.07117, 'softmax_input_grad_norm': 0.0318196676671505, 'softmax_input_pixels_with_gradient': 200476, 'softmax_input_pixels_total': 262144, 'raw_cost_grad_norm': 3.5264803230350417e-13, 'epoch': 163, 'batch': 13100, 'total_norm': 25.975296020507812, 'matching_path_norm': 7.855694854459667}, {'softmax_input_median_top2_gap': 1.1373770236968994, 'softmax_input_min_top2_gap': 4.649162292480469e-06, 'fraction_pixels_gap_below_88': 1.0, 'exact_ties': 0, 'mean_softmax_entropy_nats': 1.608328295572215, 'mean_max_softmax_weight': 0.5344482320196123, 'raw_cost_max_abs': 2164356284416.0, 'raw_cost_std': 246934516046.30438, 'softmax_input_grad_norm': 0.021236388012766838, 'softmax_input_pixels_with_gradient': 200118, 'softmax_input_pixels_total': 262144, 'raw_cost_grad_norm': 2.7946427724051537e-13, 'epoch': 164, 'batch': 13120, 'total_norm': 15.883994102478027, 'matching_path_norm': 3.956644843221244}, {'softmax_input_median_top2_gap': 0.9253222942352295, 'softmax_input_min_top2_gap': 8.58306884765625e-06, 'fraction_pixels_gap_below_88': 1.0, 'exact_ties': 0, 'mean_softmax_entropy_nats': 1.615392344289307, 'mean_max_softmax_weight': 0.5227428606912863, 'raw_cost_max_abs': 2938579451904.0, 'raw_cost_std': 288208540203.3766, 'softmax_input_grad_norm': 0.018057866021990776, 'softmax_input_pixels_with_gradient': 197516, 'softmax_input_pixels_total': 262144, 'raw_cost_grad_norm': 2.2860725357003175e-13, 'epoch': 164, 'batch': 13140, 'total_norm': 5.525171279907227, 'matching_path_norm': 2.7696216276366465}, {'softmax_input_median_top2_gap': 0.9153062105178833, 'softmax_input_min_top2_gap': 1.430511474609375e-06, 'fraction_pixels_gap_below_88': 1.0, 'exact_ties': 0, 'mean_softmax_entropy_nats': 1.6670832260286963, 'mean_max_softmax_weight': 0.5018359929006249, 'raw_cost_max_abs': 2785994604544.0, 'raw_cost_std': 245505912241.58554, 'softmax_input_grad_norm': 0.027111351490020752, 'softmax_input_pixels_with_gradient': 182710, 'softmax_input_pixels_total': 262144, 'raw_cost_grad_norm': 4.660467975078908e-13, 'epoch': 164, 'batch': 13160, 'total_norm': 26.35700798034668, 'matching_path_norm': 8.025779699674459}, {'softmax_input_median_top2_gap': 0.9931139945983887, 'softmax_input_min_top2_gap': 5.602836608886719e-06, 'fraction_pixels_gap_below_88': 1.0, 'exact_ties': 0, 'mean_softmax_entropy_nats': 1.6213956830524008, 'mean_max_softmax_weight': 0.5229672657395983, 'raw_cost_max_abs': 2355848019968.0, 'raw_cost_std': 269953856195.12085, 'softmax_input_grad_norm': 0.027643172070384026, 'softmax_input_pixels_with_gradient': 174520, 'softmax_input_pixels_total': 262144, 'raw_cost_grad_norm': 3.4530855280191786e-13, 'epoch': 164, 'batch': 13180, 'total_norm': 37.12516403198242, 'matching_path_norm': 8.79820875392093}, {'softmax_input_median_top2_gap': 1.1563074588775635, 'softmax_input_min_top2_gap': 2.1696090698242188e-05, 'fraction_pixels_gap_below_88': 1.0, 'exact_ties': 0, 'mean_softmax_entropy_nats': 1.682664697825964, 'mean_max_softmax_weight': 0.5052654729430961, 'raw_cost_max_abs': 2077872750592.0, 'raw_cost_std': 230236791771.62613, 'softmax_input_grad_norm': 0.03363644331693649, 'softmax_input_pixels_with_gradient': 176423, 'softmax_input_pixels_total': 262144, 'raw_cost_grad_norm': 5.508731491798979e-13, 'epoch': 165, 'batch': 13200, 'total_norm': 30.889995574951172, 'matching_path_norm': 10.299419625855268}, {'softmax_input_median_top2_gap': 0.9636147022247314, 'softmax_input_min_top2_gap': 5.0067901611328125e-06, 'fraction_pixels_gap_below_88': 1.0, 'exact_ties': 0, 'mean_softmax_entropy_nats': 1.6518291460965018, 'mean_max_softmax_weight': 0.5109853236415519, 'raw_cost_max_abs': 2469965070336.0, 'raw_cost_std': 248296632972.9832, 'softmax_input_grad_norm': 0.029515394940972328, 'softmax_input_pixels_with_gradient': 199786, 'softmax_input_pixels_total': 262144, 'raw_cost_grad_norm': 6.392773680211072e-13, 'epoch': 165, 'batch': 13220, 'total_norm': 22.176057815551758, 'matching_path_norm': 6.416263869111969}, {'softmax_input_median_top2_gap': 0.8976795673370361, 'softmax_input_min_top2_gap': 0.0, 'fraction_pixels_gap_below_88': 1.0, 'exact_ties': 1, 'mean_softmax_entropy_nats': 1.6853604629630432, 'mean_max_softmax_weight': 0.4954714133490601, 'raw_cost_max_abs': 2542747779072.0, 'raw_cost_std': 204892158647.05933, 'softmax_input_grad_norm': 0.027095936238765717, 'softmax_input_pixels_with_gradient': 214867, 'softmax_input_pixels_total': 262144, 'raw_cost_grad_norm': 8.425670642957239e-13, 'epoch': 165, 'batch': 13240, 'total_norm': 37.4908561706543, 'matching_path_norm': 9.617786584729178}, {'softmax_input_median_top2_gap': 0.8712787628173828, 'softmax_input_min_top2_gap': 9.775161743164062e-06, 'fraction_pixels_gap_below_88': 1.0, 'exact_ties': 0, 'mean_softmax_entropy_nats': 1.6779348610923952, 'mean_max_softmax_weight': 0.4933393367746505, 'raw_cost_max_abs': 2314987372544.0, 'raw_cost_std': 257428426794.57806, 'softmax_input_grad_norm': 0.024566741660237312, 'softmax_input_pixels_with_gradient': 211995, 'softmax_input_pixels_total': 262144, 'raw_cost_grad_norm': 5.767022059552374e-13, 'epoch': 165, 'batch': 13260, 'total_norm': 9.906073570251465, 'matching_path_norm': 3.888237246303173}, {'softmax_input_median_top2_gap': 1.1785465478897095, 'softmax_input_min_top2_gap': 3.337860107421875e-06, 'fraction_pixels_gap_below_88': 1.0, 'exact_ties': 0, 'mean_softmax_entropy_nats': 1.5856140205982567, 'mean_max_softmax_weight': 0.5468377005147496, 'raw_cost_max_abs': 3025557520384.0, 'raw_cost_std': 316958064007.20935, 'softmax_input_grad_norm': 0.024721266701817513, 'softmax_input_pixels_with_gradient': 180149, 'softmax_input_pixels_total': 262144, 'raw_cost_grad_norm': 1.9463231482226562e-13, 'epoch': 166, 'batch': 13280, 'total_norm': 13.186567306518555, 'matching_path_norm': 3.65206769766962}, {'softmax_input_median_top2_gap': 0.9330285787582397, 'softmax_input_min_top2_gap': 1.5735626220703125e-05, 'fraction_pixels_gap_below_88': 1.0, 'exact_ties': 0, 'mean_softmax_entropy_nats': 1.7047532839835644, 'mean_max_softmax_weight': 0.4850553386631545, 'raw_cost_max_abs': 1919980273664.0, 'raw_cost_std': 181926735894.41504, 'softmax_input_grad_norm': 0.026325512677431107, 'softmax_input_pixels_with_gradient': 222549, 'softmax_input_pixels_total': 262144, 'raw_cost_grad_norm': 5.049516577440571e-13, 'epoch': 166, 'batch': 13300, 'total_norm': 20.556020736694336, 'matching_path_norm': 5.709331565738692}, {'softmax_input_median_top2_gap': 0.7740166187286377, 'softmax_input_min_top2_gap': 1.3113021850585938e-06, 'fraction_pixels_gap_below_88': 1.0, 'exact_ties': 0, 'mean_softmax_entropy_nats': 1.7136459911510922, 'mean_max_softmax_weight': 0.4758327718136237, 'raw_cost_max_abs': 2203960475648.0, 'raw_cost_std': 244472127201.56732, 'softmax_input_grad_norm': 0.024211104959249496, 'softmax_input_pixels_with_gradient': 225771, 'softmax_input_pixels_total': 262144, 'raw_cost_grad_norm': 4.5393585266541303e-13, 'epoch': 166, 'batch': 13320, 'total_norm': 22.936248779296875, 'matching_path_norm': 5.660767807781566}, {'softmax_input_median_top2_gap': 1.0328197479248047, 'softmax_input_min_top2_gap': 1.5735626220703125e-05, 'fraction_pixels_gap_below_88': 1.0, 'exact_ties': 0, 'mean_softmax_entropy_nats': 1.6961115585490858, 'mean_max_softmax_weight': 0.4945359903645277, 'raw_cost_max_abs': 1526284419072.0, 'raw_cost_std': 140108207251.642, 'softmax_input_grad_norm': 0.029320595785975456, 'softmax_input_pixels_with_gradient': 252992, 'softmax_input_pixels_total': 262144, 'raw_cost_grad_norm': 8.426276711971659e-13, 'epoch': 166, 'batch': 13340, 'total_norm': 22.787275314331055, 'matching_path_norm': 8.82994379313137}, {'softmax_input_median_top2_gap': 0.7038962841033936, 'softmax_input_min_top2_gap': 3.2186508178710938e-06, 'fraction_pixels_gap_below_88': 1.0, 'exact_ties': 0, 'mean_softmax_entropy_nats': 1.7757111730362531, 'mean_max_softmax_weight': 0.44433080543942405, 'raw_cost_max_abs': 2338858467328.0, 'raw_cost_std': 253552203257.34897, 'softmax_input_grad_norm': 0.015926096588373184, 'softmax_input_pixels_with_gradient': 233316, 'softmax_input_pixels_total': 262144, 'raw_cost_grad_norm': 3.501407334644685e-13, 'epoch': 167, 'batch': 13360, 'total_norm': 4.808028697967529, 'matching_path_norm': 1.8617463901637092}, {'softmax_input_median_top2_gap': 0.6533513069152832, 'softmax_input_min_top2_gap': 1.6689300537109375e-05, 'fraction_pixels_gap_below_88': 1.0, 'exact_ties': 0, 'mean_softmax_entropy_nats': 1.7873253258532, 'mean_max_softmax_weight': 0.44020140485924686, 'raw_cost_max_abs': 1852438740992.0, 'raw_cost_std': 174217245072.53156, 'softmax_input_grad_norm': 0.021410899236798286, 'softmax_input_pixels_with_gradient': 234216, 'softmax_input_pixels_total': 262144, 'raw_cost_grad_norm': 2.477811521500034e-13, 'epoch': 167, 'batch': 13380, 'total_norm': 11.20417308807373, 'matching_path_norm': 4.226816712502604}, {'softmax_input_median_top2_gap': 0.7898147106170654, 'softmax_input_min_top2_gap': 9.5367431640625e-07, 'fraction_pixels_gap_below_88': 1.0, 'exact_ties': 0, 'mean_softmax_entropy_nats': 1.7290877235877302, 'mean_max_softmax_weight': 0.4686713462156765, 'raw_cost_max_abs': 2077859250176.0, 'raw_cost_std': 212828434732.67987, 'softmax_input_grad_norm': 0.018162919208407402, 'softmax_input_pixels_with_gradient': 235738, 'softmax_input_pixels_total': 262144, 'raw_cost_grad_norm': 4.2102402835787756e-13, 'epoch': 167, 'batch': 13400, 'total_norm': 11.449914932250977, 'matching_path_norm': 3.551090629013364}, {'softmax_input_median_top2_gap': 0.8795684576034546, 'softmax_input_min_top2_gap': 1.1920928955078125e-05, 'fraction_pixels_gap_below_88': 1.0, 'exact_ties': 0, 'mean_softmax_entropy_nats': 1.7239015216540232, 'mean_max_softmax_weight': 0.4765900802529943, 'raw_cost_max_abs': 2225852907520.0, 'raw_cost_std': 202302497017.18964, 'softmax_input_grad_norm': 0.02660467103123665, 'softmax_input_pixels_with_gradient': 209497, 'softmax_input_pixels_total': 262144, 'raw_cost_grad_norm': 5.793433766575207e-13, 'epoch': 167, 'batch': 13420, 'total_norm': 22.90671157836914, 'matching_path_norm': 5.925209998388769}, {'softmax_input_median_top2_gap': 1.003865361213684, 'softmax_input_min_top2_gap': 4.410743713378906e-06, 'fraction_pixels_gap_below_88': 1.0, 'exact_ties': 0, 'mean_softmax_entropy_nats': 1.6676188845775601, 'mean_max_softmax_weight': 0.5050943683497084, 'raw_cost_max_abs': 3025412554752.0, 'raw_cost_std': 305892573340.94916, 'softmax_input_grad_norm': 0.01836942881345749, 'softmax_input_pixels_with_gradient': 220114, 'softmax_input_pixels_total': 262144, 'raw_cost_grad_norm': 2.3316152611072005e-13, 'epoch': 168, 'batch': 13440, 'total_norm': 14.975475311279297, 'matching_path_norm': 3.842134352529533}, {'softmax_input_median_top2_gap': 0.9711322784423828, 'softmax_input_min_top2_gap': 0.0, 'fraction_pixels_gap_below_88': 1.0, 'exact_ties': 1, 'mean_softmax_entropy_nats': 1.6507591060249729, 'mean_max_softmax_weight': 0.5088887116520227, 'raw_cost_max_abs': 2557795106816.0, 'raw_cost_std': 268424174689.01114, 'softmax_input_grad_norm': 0.031439319252967834, 'softmax_input_pixels_with_gradient': 197457, 'softmax_input_pixels_total': 262144, 'raw_cost_grad_norm': 1.1893437623644587e-12, 'epoch': 168, 'batch': 13460, 'total_norm': 16.598031997680664, 'matching_path_norm': 9.720614769748254}, {'softmax_input_median_top2_gap': 1.0037866830825806, 'softmax_input_min_top2_gap': 0.0, 'fraction_pixels_gap_below_88': 1.0, 'exact_ties': 1, 'mean_softmax_entropy_nats': 1.6375383175371157, 'mean_max_softmax_weight': 0.5175116864412423, 'raw_cost_max_abs': 2717372121088.0, 'raw_cost_std': 283972731754.11694, 'softmax_input_grad_norm': 0.026108071208000183, 'softmax_input_pixels_with_gradient': 211839, 'softmax_input_pixels_total': 262144, 'raw_cost_grad_norm': 4.901922509396861e-13, 'epoch': 168, 'batch': 13480, 'total_norm': 19.317333221435547, 'matching_path_norm': 6.677492737714638}, {'softmax_input_median_top2_gap': 1.935393214225769, 'softmax_input_min_top2_gap': 1.1920928955078125e-06, 'fraction_pixels_gap_below_88': 1.0, 'exact_ties': 0, 'mean_softmax_entropy_nats': 1.442997220115628, 'mean_max_softmax_weight': 0.6151523591330383, 'raw_cost_max_abs': 2703355543552.0, 'raw_cost_std': 345109665755.8298, 'softmax_input_grad_norm': 0.023516839370131493, 'softmax_input_pixels_with_gradient': 158310, 'softmax_input_pixels_total': 262144, 'raw_cost_grad_norm': 1.1327648075185742e-13, 'epoch': 168, 'batch': 13500, 'total_norm': 11.106550216674805, 'matching_path_norm': 3.205847913892137}, {'softmax_input_median_top2_gap': 0.5419036149978638, 'softmax_input_min_top2_gap': 1.5497207641601562e-06, 'fraction_pixels_gap_below_88': 1.0, 'exact_ties': 0, 'mean_softmax_entropy_nats': 1.82903356470234, 'mean_max_softmax_weight': 0.41585342841400097, 'raw_cost_max_abs': 1217433567232.0, 'raw_cost_std': 148425429117.06107, 'softmax_input_grad_norm': 0.035966359078884125, 'softmax_input_pixels_with_gradient': 241713, 'softmax_input_pixels_total': 262144, 'raw_cost_grad_norm': 7.065314587724469e-13, 'epoch': 169, 'batch': 13520, 'total_norm': 11.020692825317383, 'matching_path_norm': 5.235987198889238}, {'softmax_input_median_top2_gap': 1.0116102695465088, 'softmax_input_min_top2_gap': 8.344650268554688e-06, 'fraction_pixels_gap_below_88': 1.0, 'exact_ties': 0, 'mean_softmax_entropy_nats': 1.6540811091615377, 'mean_max_softmax_weight': 0.5109275589582734, 'raw_cost_max_abs': 3131041906688.0, 'raw_cost_std': 331381056170.8166, 'softmax_input_grad_norm': 0.0241087656468153, 'softmax_input_pixels_with_gradient': 191563, 'softmax_input_pixels_total': 262144, 'raw_cost_grad_norm': 2.688979410230691e-13, 'epoch': 169, 'batch': 13540, 'total_norm': 15.49203872680664, 'matching_path_norm': 4.644777179161322}, {'softmax_input_median_top2_gap': 1.3152724504470825, 'softmax_input_min_top2_gap': 4.0531158447265625e-06, 'fraction_pixels_gap_below_88': 1.0, 'exact_ties': 0, 'mean_softmax_entropy_nats': 1.5659860259055471, 'mean_max_softmax_weight': 0.5525106867731742, 'raw_cost_max_abs': 2336028622848.0, 'raw_cost_std': 269898760010.93417, 'softmax_input_grad_norm': 0.029006335884332657, 'softmax_input_pixels_with_gradient': 179242, 'softmax_input_pixels_total': 262144, 'raw_cost_grad_norm': 3.3658454712606756e-13, 'epoch': 169, 'batch': 13560, 'total_norm': 9.846260070800781, 'matching_path_norm': 3.1138857830859648}, {'softmax_input_median_top2_gap': 0.898314356803894, 'softmax_input_min_top2_gap': 3.0994415283203125e-06, 'fraction_pixels_gap_below_88': 1.0, 'exact_ties': 0, 'mean_softmax_entropy_nats': 1.714583097232182, 'mean_max_softmax_weight': 0.481458383626653, 'raw_cost_max_abs': 2419488194560.0, 'raw_cost_std': 218420968163.0343, 'softmax_input_grad_norm': 0.01622769795358181, 'softmax_input_pixels_with_gradient': 235418, 'softmax_input_pixels_total': 262144, 'raw_cost_grad_norm': 3.2255193524802217e-13, 'epoch': 169, 'batch': 13580, 'total_norm': 4.269869804382324, 'matching_path_norm': 1.9757988846798136}, {'softmax_input_median_top2_gap': 0.7260267734527588, 'softmax_input_min_top2_gap': 2.5033950805664062e-06, 'fraction_pixels_gap_below_88': 1.0, 'exact_ties': 0, 'mean_softmax_entropy_nats': 1.7685827582178981, 'mean_max_softmax_weight': 0.45192441193854327, 'raw_cost_max_abs': 2380117573632.0, 'raw_cost_std': 221384228991.56915, 'softmax_input_grad_norm': 0.023488681763410568, 'softmax_input_pixels_with_gradient': 247079, 'softmax_input_pixels_total': 262144, 'raw_cost_grad_norm': 2.7960779850309814e-13, 'epoch': 170, 'batch': 13600, 'total_norm': 8.64426326751709, 'matching_path_norm': 3.221971475157409}, {'softmax_input_median_top2_gap': 0.704636812210083, 'softmax_input_min_top2_gap': 1.1920928955078125e-06, 'fraction_pixels_gap_below_88': 1.0, 'exact_ties': 0, 'mean_softmax_entropy_nats': 1.6838726241742887, 'mean_max_softmax_weight': 0.4842463865709909, 'raw_cost_max_abs': 2265340968960.0, 'raw_cost_std': 234003693492.71198, 'softmax_input_grad_norm': 0.060390498489141464, 'softmax_input_pixels_with_gradient': 196724, 'softmax_input_pixels_total': 262144, 'raw_cost_grad_norm': 1.4130970699133272e-12, 'epoch': 170, 'batch': 13620, 'total_norm': 31.62163543701172, 'matching_path_norm': 21.67515401066047}, {'softmax_input_median_top2_gap': 0.9289478063583374, 'softmax_input_min_top2_gap': 1.7404556274414062e-05, 'fraction_pixels_gap_below_88': 1.0, 'exact_ties': 0, 'mean_softmax_entropy_nats': 1.7769644115719534, 'mean_max_softmax_weight': 0.4570364521379767, 'raw_cost_max_abs': 2037647671296.0, 'raw_cost_std': 163810180877.96945, 'softmax_input_grad_norm': 0.03758689761161804, 'softmax_input_pixels_with_gradient': 161733, 'softmax_input_pixels_total': 262144, 'raw_cost_grad_norm': 2.4989890799048675e-12, 'epoch': 170, 'batch': 13640, 'total_norm': 43.380821228027344, 'matching_path_norm': 24.90409634157488}, {'softmax_input_median_top2_gap': 0.9293569326400757, 'softmax_input_min_top2_gap': 2.384185791015625e-07, 'fraction_pixels_gap_below_88': 1.0, 'exact_ties': 0, 'mean_softmax_entropy_nats': 1.6730097133761448, 'mean_max_softmax_weight': 0.49764790621689964, 'raw_cost_max_abs': 2379036229632.0, 'raw_cost_std': 269247868679.97702, 'softmax_input_grad_norm': 0.019898295402526855, 'softmax_input_pixels_with_gradient': 181390, 'softmax_input_pixels_total': 262144, 'raw_cost_grad_norm': 1.8778082116598788e-13, 'epoch': 170, 'batch': 13660, 'total_norm': 4.600574016571045, 'matching_path_norm': 1.9224694099165254}, {'softmax_input_median_top2_gap': 1.066179871559143, 'softmax_input_min_top2_gap': 1.8358230590820312e-05, 'fraction_pixels_gap_below_88': 1.0, 'exact_ties': 0, 'mean_softmax_entropy_nats': 1.6693972800381027, 'mean_max_softmax_weight': 0.5081152147151204, 'raw_cost_max_abs': 2392016027648.0, 'raw_cost_std': 288380489230.97845, 'softmax_input_grad_norm': 0.021767284721136093, 'softmax_input_pixels_with_gradient': 211837, 'softmax_input_pixels_total': 262144, 'raw_cost_grad_norm': 2.1826323300805361e-13, 'epoch': 171, 'batch': 13680, 'total_norm': 7.830995082855225, 'matching_path_norm': 2.84553747052515}, {'softmax_input_median_top2_gap': 1.0987217426300049, 'softmax_input_min_top2_gap': 1.6689300537109375e-06, 'fraction_pixels_gap_below_88': 1.0, 'exact_ties': 0, 'mean_softmax_entropy_nats': 1.636676156759263, 'mean_max_softmax_weight': 0.5210797477649853, 'raw_cost_max_abs': 2383465676800.0, 'raw_cost_std': 245800487568.17963, 'softmax_input_grad_norm': 0.03348338603973389, 'softmax_input_pixels_with_gradient': 200369, 'softmax_input_pixels_total': 262144, 'raw_cost_grad_norm': 6.120295784929619e-13, 'epoch': 171, 'batch': 13700, 'total_norm': 13.970866203308105, 'matching_path_norm': 4.902491948597066}, {'softmax_input_median_top2_gap': 1.1144843101501465, 'softmax_input_min_top2_gap': 1.0728836059570312e-06, 'fraction_pixels_gap_below_88': 1.0, 'exact_ties': 0, 'mean_softmax_entropy_nats': 1.5977453277672455, 'mean_max_softmax_weight': 0.533979091015587, 'raw_cost_max_abs': 2162551816192.0, 'raw_cost_std': 261614831611.51392, 'softmax_input_grad_norm': 0.020356347784399986, 'softmax_input_pixels_with_gradient': 203013, 'softmax_input_pixels_total': 262144, 'raw_cost_grad_norm': 3.188698220399355e-13, 'epoch': 171, 'batch': 13720, 'total_norm': 15.768157005310059, 'matching_path_norm': 5.12098247625153}, {'softmax_input_median_top2_gap': 1.0298020839691162, 'softmax_input_min_top2_gap': 6.0558319091796875e-05, 'fraction_pixels_gap_below_88': 1.0, 'exact_ties': 0, 'mean_softmax_entropy_nats': 1.6454710718758019, 'mean_max_softmax_weight': 0.5161104666433178, 'raw_cost_max_abs': 2589536813056.0, 'raw_cost_std': 240390546661.64395, 'softmax_input_grad_norm': 0.020686127245426178, 'softmax_input_pixels_with_gradient': 190999, 'softmax_input_pixels_total': 262144, 'raw_cost_grad_norm': 3.3548714479213204e-13, 'epoch': 171, 'batch': 13740, 'total_norm': 7.771481513977051, 'matching_path_norm': 2.138126462040783}, {'softmax_input_median_top2_gap': 0.8138765096664429, 'softmax_input_min_top2_gap': 9.5367431640625e-06, 'fraction_pixels_gap_below_88': 1.0, 'exact_ties': 0, 'mean_softmax_entropy_nats': 1.7520836824711943, 'mean_max_softmax_weight': 0.4618969859238049, 'raw_cost_max_abs': 1877028765696.0, 'raw_cost_std': 181598702942.03537, 'softmax_input_grad_norm': 0.024406129494309425, 'softmax_input_pixels_with_gradient': 227303, 'softmax_input_pixels_total': 262144, 'raw_cost_grad_norm': 5.907792701223546e-13, 'epoch': 172, 'batch': 13760, 'total_norm': 11.727666854858398, 'matching_path_norm': 3.500531436937565}, {'softmax_input_median_top2_gap': 0.9005098342895508, 'softmax_input_min_top2_gap': 1.1444091796875e-05, 'fraction_pixels_gap_below_88': 1.0, 'exact_ties': 0, 'mean_softmax_entropy_nats': 1.6321626747052502, 'mean_max_softmax_weight': 0.5123797029919216, 'raw_cost_max_abs': 2293303869440.0, 'raw_cost_std': 297051426936.5617, 'softmax_input_grad_norm': 0.02433059923350811, 'softmax_input_pixels_with_gradient': 181448, 'softmax_input_pixels_total': 262144, 'raw_cost_grad_norm': 1.821495563972611e-13, 'epoch': 172, 'batch': 13780, 'total_norm': 7.637992858886719, 'matching_path_norm': 3.1214821520198868}, {'softmax_input_median_top2_gap': 0.9787377119064331, 'softmax_input_min_top2_gap': 1.9073486328125e-06, 'fraction_pixels_gap_below_88': 1.0, 'exact_ties': 0, 'mean_softmax_entropy_nats': 1.639531014906272, 'mean_max_softmax_weight': 0.5174397218341529, 'raw_cost_max_abs': 3425169047552.0, 'raw_cost_std': 309498709029.2175, 'softmax_input_grad_norm': 0.019190717488527298, 'softmax_input_pixels_with_gradient': 224571, 'softmax_input_pixels_total': 262144, 'raw_cost_grad_norm': 1.6569253293626657e-13, 'epoch': 172, 'batch': 13800, 'total_norm': 15.632317543029785, 'matching_path_norm': 4.193348036794902}, {'softmax_input_median_top2_gap': 1.0066386461257935, 'softmax_input_min_top2_gap': 2.86102294921875e-06, 'fraction_pixels_gap_below_88': 1.0, 'exact_ties': 0, 'mean_softmax_entropy_nats': 1.671967066162129, 'mean_max_softmax_weight': 0.5026526517027532, 'raw_cost_max_abs': 2653753966592.0, 'raw_cost_std': 254889462431.20514, 'softmax_input_grad_norm': 0.022652873769402504, 'softmax_input_pixels_with_gradient': 190503, 'softmax_input_pixels_total': 262144, 'raw_cost_grad_norm': 3.627716616688703e-13, 'epoch': 172, 'batch': 13820, 'total_norm': 18.54554557800293, 'matching_path_norm': 4.844311617293498}, {'softmax_input_median_top2_gap': 0.812210202217102, 'softmax_input_min_top2_gap': 7.152557373046875e-07, 'fraction_pixels_gap_below_88': 1.0, 'exact_ties': 0, 'mean_softmax_entropy_nats': 1.729480824500981, 'mean_max_softmax_weight': 0.4708456802424195, 'raw_cost_max_abs': 2485273493504.0, 'raw_cost_std': 238256787321.36276, 'softmax_input_grad_norm': 0.02063838765025139, 'softmax_input_pixels_with_gradient': 218452, 'softmax_input_pixels_total': 262144, 'raw_cost_grad_norm': 3.700009862297321e-13, 'epoch': 173, 'batch': 13840, 'total_norm': 12.033257484436035, 'matching_path_norm': 3.626135353893085}, {'softmax_input_median_top2_gap': 0.8370792865753174, 'softmax_input_min_top2_gap': 7.3909759521484375e-06, 'fraction_pixels_gap_below_88': 1.0, 'exact_ties': 0, 'mean_softmax_entropy_nats': 1.6718725418158256, 'mean_max_softmax_weight': 0.4931557055640027, 'raw_cost_max_abs': 2376850997248.0, 'raw_cost_std': 275845629486.34515, 'softmax_input_grad_norm': 0.0235137902200222, 'softmax_input_pixels_with_gradient': 201963, 'softmax_input_pixels_total': 262144, 'raw_cost_grad_norm': 2.673453364070155e-13, 'epoch': 173, 'batch': 13860, 'total_norm': 14.320820808410645, 'matching_path_norm': 3.5763333940616406}, {'softmax_input_median_top2_gap': 0.8437705039978027, 'softmax_input_min_top2_gap': 1.0728836059570312e-05, 'fraction_pixels_gap_below_88': 1.0, 'exact_ties': 0, 'mean_softmax_entropy_nats': 1.704531642297876, 'mean_max_softmax_weight': 0.4839135900633187, 'raw_cost_max_abs': 2147512090624.0, 'raw_cost_std': 221487619129.35437, 'softmax_input_grad_norm': 0.03422798588871956, 'softmax_input_pixels_with_gradient': 240074, 'softmax_input_pixels_total': 262144, 'raw_cost_grad_norm': 7.878334486524641e-13, 'epoch': 173, 'batch': 13880, 'total_norm': 50.881988525390625, 'matching_path_norm': 15.094829493992302}, {'softmax_input_median_top2_gap': 0.9506748914718628, 'softmax_input_min_top2_gap': 6.67572021484375e-06, 'fraction_pixels_gap_below_88': 1.0, 'exact_ties': 0, 'mean_softmax_entropy_nats': 1.6630561804998618, 'mean_max_softmax_weight': 0.5045353309402185, 'raw_cost_max_abs': 2547967852544.0, 'raw_cost_std': 269565814486.5995, 'softmax_input_grad_norm': 0.030120141804218292, 'softmax_input_pixels_with_gradient': 213786, 'softmax_input_pixels_total': 262144, 'raw_cost_grad_norm': 1.0892988984781415e-12, 'epoch': 173, 'batch': 13900, 'total_norm': 39.634063720703125, 'matching_path_norm': 11.00283491842876}, {'softmax_input_median_top2_gap': 0.8239792585372925, 'softmax_input_min_top2_gap': 4.0531158447265625e-06, 'fraction_pixels_gap_below_88': 1.0, 'exact_ties': 0, 'mean_softmax_entropy_nats': 1.7660875222307677, 'mean_max_softmax_weight': 0.45621301241386003, 'raw_cost_max_abs': 2714639794176.0, 'raw_cost_std': 262486486724.05872, 'softmax_input_grad_norm': 0.021305525675415993, 'softmax_input_pixels_with_gradient': 217307, 'softmax_input_pixels_total': 262144, 'raw_cost_grad_norm': 3.7822663837699944e-13, 'epoch': 174, 'batch': 13920, 'total_norm': 27.796764373779297, 'matching_path_norm': 5.7033881843928445}, {'softmax_input_median_top2_gap': 1.3054211139678955, 'softmax_input_min_top2_gap': 8.940696716308594e-06, 'fraction_pixels_gap_below_88': 1.0, 'exact_ties': 0, 'mean_softmax_entropy_nats': 1.604735542556401, 'mean_max_softmax_weight': 0.5332295176294557, 'raw_cost_max_abs': 2874990133248.0, 'raw_cost_std': 319383357285.2746, 'softmax_input_grad_norm': 0.03621239215135574, 'softmax_input_pixels_with_gradient': 171802, 'softmax_input_pixels_total': 262144, 'raw_cost_grad_norm': 3.0881265426774274e-13, 'epoch': 174, 'batch': 13940, 'total_norm': 12.619742393493652, 'matching_path_norm': 5.788278064762979}, {'softmax_input_median_top2_gap': 1.0019718408584595, 'softmax_input_min_top2_gap': 3.337860107421875e-06, 'fraction_pixels_gap_below_88': 1.0, 'exact_ties': 0, 'mean_softmax_entropy_nats': 1.657530686633766, 'mean_max_softmax_weight': 0.5054582748218649, 'raw_cost_max_abs': 2623232016384.0, 'raw_cost_std': 249876927667.8601, 'softmax_input_grad_norm': 0.03205794841051102, 'softmax_input_pixels_with_gradient': 212158, 'softmax_input_pixels_total': 262144, 'raw_cost_grad_norm': 8.144992384544192e-13, 'epoch': 174, 'batch': 13960, 'total_norm': 12.938804626464844, 'matching_path_norm': 7.536953709487997}, {'softmax_input_median_top2_gap': 0.9551935195922852, 'softmax_input_min_top2_gap': 5.0067901611328125e-06, 'fraction_pixels_gap_below_88': 1.0, 'exact_ties': 0, 'mean_softmax_entropy_nats': 1.6766988096503388, 'mean_max_softmax_weight': 0.5014130137008017, 'raw_cost_max_abs': 2784905920512.0, 'raw_cost_std': 294090448860.4769, 'softmax_input_grad_norm': 0.020049933344125748, 'softmax_input_pixels_with_gradient': 225184, 'softmax_input_pixels_total': 262144, 'raw_cost_grad_norm': 4.0368169961294e-13, 'epoch': 174, 'batch': 13980, 'total_norm': 23.358720779418945, 'matching_path_norm': 5.181453276752214}, {'softmax_input_median_top2_gap': 0.7002975940704346, 'softmax_input_min_top2_gap': 1.1682510375976562e-05, 'fraction_pixels_gap_below_88': 1.0, 'exact_ties': 0, 'mean_softmax_entropy_nats': 1.7807835788138133, 'mean_max_softmax_weight': 0.44369151478195606, 'raw_cost_max_abs': 2532829298688.0, 'raw_cost_std': 203700298710.8809, 'softmax_input_grad_norm': 0.025224218145012856, 'softmax_input_pixels_with_gradient': 228450, 'softmax_input_pixels_total': 262144, 'raw_cost_grad_norm': 3.912699428777061e-13, 'epoch': 175, 'batch': 14000, 'total_norm': 23.276086807250977, 'matching_path_norm': 5.822822126943606}, {'softmax_input_median_top2_gap': 0.8320308327674866, 'softmax_input_min_top2_gap': 1.0728836059570312e-06, 'fraction_pixels_gap_below_88': 1.0, 'exact_ties': 0, 'mean_softmax_entropy_nats': 1.7341575412976915, 'mean_max_softmax_weight': 0.4697775328394411, 'raw_cost_max_abs': 2448654073856.0, 'raw_cost_std': 262933883131.47086, 'softmax_input_grad_norm': 0.023745771497488022, 'softmax_input_pixels_with_gradient': 217384, 'softmax_input_pixels_total': 262144, 'raw_cost_grad_norm': 4.2549674179014063e-13, 'epoch': 175, 'batch': 14020, 'total_norm': 16.784839630126953, 'matching_path_norm': 5.002425739726666}, {'softmax_input_median_top2_gap': 0.8699080944061279, 'softmax_input_min_top2_gap': 4.112720489501953e-05, 'fraction_pixels_gap_below_88': 1.0, 'exact_ties': 0, 'mean_softmax_entropy_nats': 1.700098579872383, 'mean_max_softmax_weight': 0.48813760292118114, 'raw_cost_max_abs': 2494399774720.0, 'raw_cost_std': 250945734736.35635, 'softmax_input_grad_norm': 0.02276279404759407, 'softmax_input_pixels_with_gradient': 226843, 'softmax_input_pixels_total': 262144, 'raw_cost_grad_norm': 4.3820673543797095e-13, 'epoch': 175, 'batch': 14040, 'total_norm': 8.588393211364746, 'matching_path_norm': 3.142811380086222}, {'softmax_input_median_top2_gap': 0.8290514945983887, 'softmax_input_min_top2_gap': 9.775161743164062e-06, 'fraction_pixels_gap_below_88': 1.0, 'exact_ties': 0, 'mean_softmax_entropy_nats': 1.7320769007542185, 'mean_max_softmax_weight': 0.4715699703805539, 'raw_cost_max_abs': 2627103621120.0, 'raw_cost_std': 219441469310.3695, 'softmax_input_grad_norm': 0.0252539049834013, 'softmax_input_pixels_with_gradient': 190979, 'softmax_input_pixels_total': 262144, 'raw_cost_grad_norm': 3.7680167146170174e-13, 'epoch': 175, 'batch': 14060, 'total_norm': 26.320648193359375, 'matching_path_norm': 7.175052701737079}, {'softmax_input_median_top2_gap': 0.9905892610549927, 'softmax_input_min_top2_gap': 2.4318695068359375e-05, 'fraction_pixels_gap_below_88': 1.0, 'exact_ties': 0, 'mean_softmax_entropy_nats': 1.6361971560763986, 'mean_max_softmax_weight': 0.5195613231863404, 'raw_cost_max_abs': 2490662125568.0, 'raw_cost_std': 308575856398.67523, 'softmax_input_grad_norm': 0.0206591859459877, 'softmax_input_pixels_with_gradient': 209341, 'softmax_input_pixels_total': 262144, 'raw_cost_grad_norm': 2.8491941336632187e-13, 'epoch': 176, 'batch': 14080, 'total_norm': 8.351949691772461, 'matching_path_norm': 3.4679769716012623}, {'softmax_input_median_top2_gap': 0.9276127815246582, 'softmax_input_min_top2_gap': 1.5974044799804688e-05, 'fraction_pixels_gap_below_88': 1.0, 'exact_ties': 0, 'mean_softmax_entropy_nats': 1.6773912115219005, 'mean_max_softmax_weight': 0.49944664220914337, 'raw_cost_max_abs': 3051656314880.0, 'raw_cost_std': 282740925866.3856, 'softmax_input_grad_norm': 0.02473122999072075, 'softmax_input_pixels_with_gradient': 216345, 'softmax_input_pixels_total': 262144, 'raw_cost_grad_norm': 3.336858241977103e-13, 'epoch': 176, 'batch': 14100, 'total_norm': 10.238505363464355, 'matching_path_norm': 5.308533512021738}, {'softmax_input_median_top2_gap': 0.7509335279464722, 'softmax_input_min_top2_gap': 2.384185791015625e-07, 'fraction_pixels_gap_below_88': 1.0, 'exact_ties': 0, 'mean_softmax_entropy_nats': 1.6952180951217375, 'mean_max_softmax_weight': 0.47941187314919126, 'raw_cost_max_abs': 2902931013632.0, 'raw_cost_std': 261579313888.81143, 'softmax_input_grad_norm': 0.03427821025252342, 'softmax_input_pixels_with_gradient': 201846, 'softmax_input_pixels_total': 262144, 'raw_cost_grad_norm': 6.128299365366907e-13, 'epoch': 176, 'batch': 14120, 'total_norm': 15.536040306091309, 'matching_path_norm': 6.470061638583818}, {'softmax_input_median_top2_gap': 0.9991389513015747, 'softmax_input_min_top2_gap': 7.152557373046875e-07, 'fraction_pixels_gap_below_88': 1.0, 'exact_ties': 0, 'mean_softmax_entropy_nats': 1.6730984673852496, 'mean_max_softmax_weight': 0.502060217515613, 'raw_cost_max_abs': 3051111055360.0, 'raw_cost_std': 294374339515.84894, 'softmax_input_grad_norm': 0.018543541431427002, 'softmax_input_pixels_with_gradient': 220163, 'softmax_input_pixels_total': 262144, 'raw_cost_grad_norm': 2.2485056080500526e-13, 'epoch': 176, 'batch': 14140, 'total_norm': 17.949979782104492, 'matching_path_norm': 4.550451986335754}, {'softmax_input_median_top2_gap': 1.0271808505058289, 'softmax_input_min_top2_gap': 1.2874603271484375e-05, 'fraction_pixels_gap_below_88': 1.0, 'exact_ties': 0, 'mean_softmax_entropy_nats': 1.647324837125781, 'mean_max_softmax_weight': 0.5158274491776921, 'raw_cost_max_abs': 2031621898240.0, 'raw_cost_std': 232865795158.1955, 'softmax_input_grad_norm': 0.0265975221991539, 'softmax_input_pixels_with_gradient': 208375, 'softmax_input_pixels_total': 262144, 'raw_cost_grad_norm': 3.1278392419523127e-13, 'epoch': 177, 'batch': 14160, 'total_norm': 13.643903732299805, 'matching_path_norm': 4.5882688678987815}, {'softmax_input_median_top2_gap': 0.8635239601135254, 'softmax_input_min_top2_gap': 1.5139579772949219e-05, 'fraction_pixels_gap_below_88': 1.0, 'exact_ties': 0, 'mean_softmax_entropy_nats': 1.7181176359011752, 'mean_max_softmax_weight': 0.47981926648097994, 'raw_cost_max_abs': 2581059076096.0, 'raw_cost_std': 267694223857.0144, 'softmax_input_grad_norm': 0.02095361053943634, 'softmax_input_pixels_with_gradient': 215653, 'softmax_input_pixels_total': 262144, 'raw_cost_grad_norm': 1.8113386224954953e-13, 'epoch': 177, 'batch': 14180, 'total_norm': 12.616058349609375, 'matching_path_norm': 3.013591945354123}, {'softmax_input_median_top2_gap': 1.3840422630310059, 'softmax_input_min_top2_gap': 3.802776336669922e-05, 'fraction_pixels_gap_below_88': 1.0, 'exact_ties': 0, 'mean_softmax_entropy_nats': 1.5216852237573837, 'mean_max_softmax_weight': 0.5695945795225544, 'raw_cost_max_abs': 3235766861824.0, 'raw_cost_std': 307183246049.95874, 'softmax_input_grad_norm': 0.024317853152751923, 'softmax_input_pixels_with_gradient': 153551, 'softmax_input_pixels_total': 262144, 'raw_cost_grad_norm': 2.655971688240999e-13, 'epoch': 177, 'batch': 14200, 'total_norm': 8.477266311645508, 'matching_path_norm': 2.9662120497401614}, {'softmax_input_median_top2_gap': 0.9886021018028259, 'softmax_input_min_top2_gap': 4.5299530029296875e-06, 'fraction_pixels_gap_below_88': 1.0, 'exact_ties': 0, 'mean_softmax_entropy_nats': 1.676262019069242, 'mean_max_softmax_weight': 0.49984206784810137, 'raw_cost_max_abs': 2325735538688.0, 'raw_cost_std': 293743069089.94214, 'softmax_input_grad_norm': 0.03454630449414253, 'softmax_input_pixels_with_gradient': 197242, 'softmax_input_pixels_total': 262144, 'raw_cost_grad_norm': 3.8609957245250293e-13, 'epoch': 177, 'batch': 14220, 'total_norm': 8.002912521362305, 'matching_path_norm': 5.216351774091793}, {'softmax_input_median_top2_gap': 1.074561357498169, 'softmax_input_min_top2_gap': 1.2278556823730469e-05, 'fraction_pixels_gap_below_88': 1.0, 'exact_ties': 0, 'mean_softmax_entropy_nats': 1.6375734195049692, 'mean_max_softmax_weight': 0.5191586969188385, 'raw_cost_max_abs': 2447729754112.0, 'raw_cost_std': 275022338733.8426, 'softmax_input_grad_norm': 0.026167161762714386, 'softmax_input_pixels_with_gradient': 210333, 'softmax_input_pixels_total': 262144, 'raw_cost_grad_norm': 4.615130977034254e-13, 'epoch': 178, 'batch': 14240, 'total_norm': 30.872791290283203, 'matching_path_norm': 6.743325335357209}, {'softmax_input_median_top2_gap': 0.7433016300201416, 'softmax_input_min_top2_gap': 1.9073486328125e-06, 'fraction_pixels_gap_below_88': 1.0, 'exact_ties': 0, 'mean_softmax_entropy_nats': 1.722360901093484, 'mean_max_softmax_weight': 0.47032471804664144, 'raw_cost_max_abs': 2786411151360.0, 'raw_cost_std': 240494341687.09528, 'softmax_input_grad_norm': 0.019231179729104042, 'softmax_input_pixels_with_gradient': 233290, 'softmax_input_pixels_total': 262144, 'raw_cost_grad_norm': 3.2461999668192965e-13, 'epoch': 178, 'batch': 14260, 'total_norm': 15.682916641235352, 'matching_path_norm': 4.364839959724975}, {'softmax_input_median_top2_gap': 0.8810951709747314, 'softmax_input_min_top2_gap': 0.0, 'fraction_pixels_gap_below_88': 1.0, 'exact_ties': 1, 'mean_softmax_entropy_nats': 1.7129161655156933, 'mean_max_softmax_weight': 0.4815619400946069, 'raw_cost_max_abs': 3284357611520.0, 'raw_cost_std': 298820950353.2577, 'softmax_input_grad_norm': 0.01879476010799408, 'softmax_input_pixels_with_gradient': 225729, 'softmax_input_pixels_total': 262144, 'raw_cost_grad_norm': 2.0003965118479267e-13, 'epoch': 178, 'batch': 14280, 'total_norm': 15.79559326171875, 'matching_path_norm': 3.6684121157316953}, {'softmax_input_median_top2_gap': 0.9955856800079346, 'softmax_input_min_top2_gap': 1.1920928955078125e-06, 'fraction_pixels_gap_below_88': 1.0, 'exact_ties': 0, 'mean_softmax_entropy_nats': 1.645293989193534, 'mean_max_softmax_weight': 0.5118987798618126, 'raw_cost_max_abs': 2544394043392.0, 'raw_cost_std': 265475970890.38422, 'softmax_input_grad_norm': 0.035714466124773026, 'softmax_input_pixels_with_gradient': 178661, 'softmax_input_pixels_total': 262144, 'raw_cost_grad_norm': 3.2492262461332466e-13, 'epoch': 178, 'batch': 14300, 'total_norm': 10.767436027526855, 'matching_path_norm': 3.6343139619321247}, {'softmax_input_median_top2_gap': 0.9282363653182983, 'softmax_input_min_top2_gap': 7.987022399902344e-06, 'fraction_pixels_gap_below_88': 1.0, 'exact_ties': 0, 'mean_softmax_entropy_nats': 1.6523048789780828, 'mean_max_softmax_weight': 0.5076365259165156, 'raw_cost_max_abs': 2703287910400.0, 'raw_cost_std': 237503565538.9329, 'softmax_input_grad_norm': 0.02737990953028202, 'softmax_input_pixels_with_gradient': 185153, 'softmax_input_pixels_total': 262144, 'raw_cost_grad_norm': 2.2644153262543765e-13, 'epoch': 179, 'batch': 14320, 'total_norm': 20.439184188842773, 'matching_path_norm': 5.292596877933053}, {'softmax_input_median_top2_gap': 0.8157784938812256, 'softmax_input_min_top2_gap': 3.814697265625e-06, 'fraction_pixels_gap_below_88': 1.0, 'exact_ties': 0, 'mean_softmax_entropy_nats': 1.6858682869234007, 'mean_max_softmax_weight': 0.48704546793665543, 'raw_cost_max_abs': 2466726543360.0, 'raw_cost_std': 206925278361.16022, 'softmax_input_grad_norm': 0.022496312856674194, 'softmax_input_pixels_with_gradient': 204058, 'softmax_input_pixels_total': 262144, 'raw_cost_grad_norm': 4.4452389360606637e-13, 'epoch': 179, 'batch': 14340, 'total_norm': 9.934731483459473, 'matching_path_norm': 5.02960240279145}, {'softmax_input_median_top2_gap': 0.8795833587646484, 'softmax_input_min_top2_gap': 5.4836273193359375e-06, 'fraction_pixels_gap_below_88': 1.0, 'exact_ties': 0, 'mean_softmax_entropy_nats': 1.6470014579625065, 'mean_max_softmax_weight': 0.5095278138004322, 'raw_cost_max_abs': 2823604404224.0, 'raw_cost_std': 264189824735.93848, 'softmax_input_grad_norm': 0.017331907525658607, 'softmax_input_pixels_with_gradient': 182908, 'softmax_input_pixels_total': 262144, 'raw_cost_grad_norm': 2.5713548586388246e-13, 'epoch': 179, 'batch': 14360, 'total_norm': 10.442405700683594, 'matching_path_norm': 2.687936053815486}, {'softmax_input_median_top2_gap': 0.8322190046310425, 'softmax_input_min_top2_gap': 5.960464477539062e-07, 'fraction_pixels_gap_below_88': 1.0, 'exact_ties': 0, 'mean_softmax_entropy_nats': 1.7075039980441762, 'mean_max_softmax_weight': 0.4812012451143445, 'raw_cost_max_abs': 3391530729472.0, 'raw_cost_std': 280047440928.84265, 'softmax_input_grad_norm': 0.021682558581233025, 'softmax_input_pixels_with_gradient': 237729, 'softmax_input_pixels_total': 262144, 'raw_cost_grad_norm': 3.2741764486275693e-13, 'epoch': 179, 'batch': 14380, 'total_norm': 11.450274467468262, 'matching_path_norm': 3.792495831465403}, {'softmax_input_median_top2_gap': 0.9682184457778931, 'softmax_input_min_top2_gap': 5.9604644775390625e-06, 'fraction_pixels_gap_below_88': 1.0, 'exact_ties': 0, 'mean_softmax_entropy_nats': 1.6526269196952805, 'mean_max_softmax_weight': 0.5083391417148972, 'raw_cost_max_abs': 1948971827200.0, 'raw_cost_std': 201452817938.80948, 'softmax_input_grad_norm': 0.02413506992161274, 'softmax_input_pixels_with_gradient': 201049, 'softmax_input_pixels_total': 262144, 'raw_cost_grad_norm': 3.299238866046744e-13, 'epoch': 180, 'batch': 14400, 'total_norm': 20.762514114379883, 'matching_path_norm': 4.64969580683024}, {'softmax_input_median_top2_gap': 0.9480166435241699, 'softmax_input_min_top2_gap': 0.0, 'fraction_pixels_gap_below_88': 1.0, 'exact_ties': 1, 'mean_softmax_entropy_nats': 1.639688301449191, 'mean_max_softmax_weight': 0.5124383382783527, 'raw_cost_max_abs': 2537377234944.0, 'raw_cost_std': 275338982608.11505, 'softmax_input_grad_norm': 0.026353003457188606, 'softmax_input_pixels_with_gradient': 194206, 'softmax_input_pixels_total': 262144, 'raw_cost_grad_norm': 4.622512225424535e-13, 'epoch': 180, 'batch': 14420, 'total_norm': 21.853700637817383, 'matching_path_norm': 5.161752244272343}, {'softmax_input_median_top2_gap': 0.997075080871582, 'softmax_input_min_top2_gap': 2.86102294921875e-06, 'fraction_pixels_gap_below_88': 1.0, 'exact_ties': 0, 'mean_softmax_entropy_nats': 1.7230159121380284, 'mean_max_softmax_weight': 0.4837465353886263, 'raw_cost_max_abs': 2020175904768.0, 'raw_cost_std': 203259176792.40158, 'softmax_input_grad_norm': 0.029308930039405823, 'softmax_input_pixels_with_gradient': 216063, 'softmax_input_pixels_total': 262144, 'raw_cost_grad_norm': 3.6226477004817903e-13, 'epoch': 180, 'batch': 14440, 'total_norm': 9.82512092590332, 'matching_path_norm': 3.8584153006909645}, {'softmax_input_median_top2_gap': 1.0626648664474487, 'softmax_input_min_top2_gap': 5.0067901611328125e-06, 'fraction_pixels_gap_below_88': 1.0, 'exact_ties': 0, 'mean_softmax_entropy_nats': 1.6927121884440355, 'mean_max_softmax_weight': 0.4997935930255918, 'raw_cost_max_abs': 2461979901952.0, 'raw_cost_std': 263273849498.87186, 'softmax_input_grad_norm': 0.01955827884376049, 'softmax_input_pixels_with_gradient': 213057, 'softmax_input_pixels_total': 262144, 'raw_cost_grad_norm': 2.2713553043604562e-13, 'epoch': 180, 'batch': 14460, 'total_norm': 18.533172607421875, 'matching_path_norm': 4.442322897777301}, {'softmax_input_median_top2_gap': 0.9880868196487427, 'softmax_input_min_top2_gap': 6.4373016357421875e-06, 'fraction_pixels_gap_below_88': 1.0, 'exact_ties': 0, 'mean_softmax_entropy_nats': 1.6578816001063488, 'mean_max_softmax_weight': 0.508921383418227, 'raw_cost_max_abs': 2684593373184.0, 'raw_cost_std': 250640546199.04904, 'softmax_input_grad_norm': 0.01950613223016262, 'softmax_input_pixels_with_gradient': 222153, 'softmax_input_pixels_total': 262144, 'raw_cost_grad_norm': 3.594692631666424e-13, 'epoch': 181, 'batch': 14480, 'total_norm': 32.53401184082031, 'matching_path_norm': 7.824534364848866}, {'softmax_input_median_top2_gap': 0.9849947690963745, 'softmax_input_min_top2_gap': 1.8835067749023438e-05, 'fraction_pixels_gap_below_88': 1.0, 'exact_ties': 0, 'mean_softmax_entropy_nats': 1.6556585385105755, 'mean_max_softmax_weight': 0.5088850635849584, 'raw_cost_max_abs': 2185833742336.0, 'raw_cost_std': 256929818635.92953, 'softmax_input_grad_norm': 0.03129323944449425, 'softmax_input_pixels_with_gradient': 171534, 'softmax_input_pixels_total': 262144, 'raw_cost_grad_norm': 4.670603639088389e-13, 'epoch': 181, 'batch': 14500, 'total_norm': 28.54903221130371, 'matching_path_norm': 7.969702170437832}, {'softmax_input_median_top2_gap': 0.9172482490539551, 'softmax_input_min_top2_gap': 1.430511474609375e-05, 'fraction_pixels_gap_below_88': 1.0, 'exact_ties': 0, 'mean_softmax_entropy_nats': 1.6362981867921649, 'mean_max_softmax_weight': 0.5140262366126858, 'raw_cost_max_abs': 2756817977344.0, 'raw_cost_std': 288291566894.7783, 'softmax_input_grad_norm': 0.019217798486351967, 'softmax_input_pixels_with_gradient': 178797, 'softmax_input_pixels_total': 262144, 'raw_cost_grad_norm': 3.5420990684813247e-13, 'epoch': 181, 'batch': 14520, 'total_norm': 8.261680603027344, 'matching_path_norm': 1.9518238634129272}, {'softmax_input_median_top2_gap': 0.8274142742156982, 'softmax_input_min_top2_gap': 1.1920928955078125e-06, 'fraction_pixels_gap_below_88': 1.0, 'exact_ties': 0, 'mean_softmax_entropy_nats': 1.721512564808696, 'mean_max_softmax_weight': 0.4738804245348067, 'raw_cost_max_abs': 2036747862016.0, 'raw_cost_std': 216864188320.23154, 'softmax_input_grad_norm': 0.023704376071691513, 'softmax_input_pixels_with_gradient': 215440, 'softmax_input_pixels_total': 262144, 'raw_cost_grad_norm': 4.56766731642827e-13, 'epoch': 181, 'batch': 14540, 'total_norm': 35.8176155090332, 'matching_path_norm': 8.77168294011059}, {'softmax_input_median_top2_gap': 1.0790482759475708, 'softmax_input_min_top2_gap': 1.5497207641601562e-06, 'fraction_pixels_gap_below_88': 1.0, 'exact_ties': 0, 'mean_softmax_entropy_nats': 1.6632265022023476, 'mean_max_softmax_weight': 0.5125525134812139, 'raw_cost_max_abs': 2757996314624.0, 'raw_cost_std': 241251166169.64108, 'softmax_input_grad_norm': 0.027496855705976486, 'softmax_input_pixels_with_gradient': 196600, 'softmax_input_pixels_total': 262144, 'raw_cost_grad_norm': 4.802050684177273e-13, 'epoch': 182, 'batch': 14560, 'total_norm': 21.253332138061523, 'matching_path_norm': 9.434150240818722}, {'softmax_input_median_top2_gap': 0.7871135473251343, 'softmax_input_min_top2_gap': 2.6226043701171875e-06, 'fraction_pixels_gap_below_88': 1.0, 'exact_ties': 0, 'mean_softmax_entropy_nats': 1.739805660687141, 'mean_max_softmax_weight': 0.46657462877960165, 'raw_cost_max_abs': 2367734939648.0, 'raw_cost_std': 210469975088.4249, 'softmax_input_grad_norm': 0.022825896739959717, 'softmax_input_pixels_with_gradient': 238743, 'softmax_input_pixels_total': 262144, 'raw_cost_grad_norm': 4.4678063332304063e-13, 'epoch': 182, 'batch': 14580, 'total_norm': 30.018320083618164, 'matching_path_norm': 6.498304964415773}, {'softmax_input_median_top2_gap': 0.8205111026763916, 'softmax_input_min_top2_gap': 1.2755393981933594e-05, 'fraction_pixels_gap_below_88': 1.0, 'exact_ties': 0, 'mean_softmax_entropy_nats': 1.7423476731664866, 'mean_max_softmax_weight': 0.4658070179134509, 'raw_cost_max_abs': 2120880357376.0, 'raw_cost_std': 217304575295.9587, 'softmax_input_grad_norm': 0.022107558324933052, 'softmax_input_pixels_with_gradient': 223844, 'softmax_input_pixels_total': 262144, 'raw_cost_grad_norm': 4.268399327565786e-13, 'epoch': 182, 'batch': 14600, 'total_norm': 26.273908615112305, 'matching_path_norm': 6.132558107246363}, {'softmax_input_median_top2_gap': 0.972754180431366, 'softmax_input_min_top2_gap': 8.821487426757812e-06, 'fraction_pixels_gap_below_88': 1.0, 'exact_ties': 0, 'mean_softmax_entropy_nats': 1.6537406386745408, 'mean_max_softmax_weight': 0.5103704508903076, 'raw_cost_max_abs': 3030693969920.0, 'raw_cost_std': 314446864138.30115, 'softmax_input_grad_norm': 0.015632519498467445, 'softmax_input_pixels_with_gradient': 224711, 'softmax_input_pixels_total': 262144, 'raw_cost_grad_norm': 3.4388778717003854e-13, 'epoch': 182, 'batch': 14620, 'total_norm': 15.675789833068848, 'matching_path_norm': 3.659939859856155}, {'softmax_input_median_top2_gap': 1.6385464668273926, 'softmax_input_min_top2_gap': 7.843971252441406e-05, 'fraction_pixels_gap_below_88': 1.0, 'exact_ties': 0, 'mean_softmax_entropy_nats': 1.4676936121501967, 'mean_max_softmax_weight': 0.597447939738559, 'raw_cost_max_abs': 2752309886976.0, 'raw_cost_std': 296185780649.113, 'softmax_input_grad_norm': 0.028588803485035896, 'softmax_input_pixels_with_gradient': 147895, 'softmax_input_pixels_total': 262144, 'raw_cost_grad_norm': 5.034748659649146e-13, 'epoch': 183, 'batch': 14640, 'total_norm': 12.36601734161377, 'matching_path_norm': 3.534695446324268}, {'softmax_input_median_top2_gap': 1.1177706718444824, 'softmax_input_min_top2_gap': 9.775161743164062e-06, 'fraction_pixels_gap_below_88': 1.0, 'exact_ties': 0, 'mean_softmax_entropy_nats': 1.625825127412552, 'mean_max_softmax_weight': 0.5256310238237643, 'raw_cost_max_abs': 2100664336384.0, 'raw_cost_std': 249223542393.90253, 'softmax_input_grad_norm': 0.0269937627017498, 'softmax_input_pixels_with_gradient': 196086, 'softmax_input_pixels_total': 262144, 'raw_cost_grad_norm': 4.553294590328716e-13, 'epoch': 183, 'batch': 14660, 'total_norm': 17.395477294921875, 'matching_path_norm': 4.736808887469858}, {'softmax_input_median_top2_gap': 0.7075061798095703, 'softmax_input_min_top2_gap': 1.5497207641601562e-05, 'fraction_pixels_gap_below_88': 1.0, 'exact_ties': 0, 'mean_softmax_entropy_nats': 1.7092748137258207, 'mean_max_softmax_weight': 0.47108757427918013, 'raw_cost_max_abs': 1740428148736.0, 'raw_cost_std': 199696364741.4943, 'softmax_input_grad_norm': 0.021266210824251175, 'softmax_input_pixels_with_gradient': 196883, 'softmax_input_pixels_total': 262144, 'raw_cost_grad_norm': 3.3203512639010113e-13, 'epoch': 183, 'batch': 14680, 'total_norm': 5.296542644500732, 'matching_path_norm': 2.5110684568260075}, {'softmax_input_median_top2_gap': 0.7656315565109253, 'softmax_input_min_top2_gap': 6.079673767089844e-06, 'fraction_pixels_gap_below_88': 1.0, 'exact_ties': 0, 'mean_softmax_entropy_nats': 1.7332658236893668, 'mean_max_softmax_weight': 0.46560142273301863, 'raw_cost_max_abs': 1912928075776.0, 'raw_cost_std': 184837188941.65396, 'softmax_input_grad_norm': 0.022746019065380096, 'softmax_input_pixels_with_gradient': 212391, 'softmax_input_pixels_total': 262144, 'raw_cost_grad_norm': 6.737395472251884e-13, 'epoch': 183, 'batch': 14700, 'total_norm': 8.162154197692871, 'matching_path_norm': 2.9597679275902014}, {'softmax_input_median_top2_gap': 0.7515623569488525, 'softmax_input_min_top2_gap': 5.0067901611328125e-06, 'fraction_pixels_gap_below_88': 1.0, 'exact_ties': 0, 'mean_softmax_entropy_nats': 1.7717034356603696, 'mean_max_softmax_weight': 0.45059941055304514, 'raw_cost_max_abs': 2437488050176.0, 'raw_cost_std': 241300799672.91626, 'softmax_input_grad_norm': 0.02373597025871277, 'softmax_input_pixels_with_gradient': 251366, 'softmax_input_pixels_total': 262144, 'raw_cost_grad_norm': 4.4315424810661974e-13, 'epoch': 184, 'batch': 14720, 'total_norm': 18.33045768737793, 'matching_path_norm': 5.713329444917837}, {'softmax_input_median_top2_gap': 0.9044687747955322, 'softmax_input_min_top2_gap': 5.7220458984375e-06, 'fraction_pixels_gap_below_88': 1.0, 'exact_ties': 0, 'mean_softmax_entropy_nats': 1.7163289717965338, 'mean_max_softmax_weight': 0.48081287209842005, 'raw_cost_max_abs': 2023977123840.0, 'raw_cost_std': 177234313166.14618, 'softmax_input_grad_norm': 0.02296849712729454, 'softmax_input_pixels_with_gradient': 215538, 'softmax_input_pixels_total': 262144, 'raw_cost_grad_norm': 3.9531960062226534e-13, 'epoch': 184, 'batch': 14740, 'total_norm': 22.027097702026367, 'matching_path_norm': 5.8877363145840205}, {'softmax_input_median_top2_gap': 1.0074622631072998, 'softmax_input_min_top2_gap': 9.059906005859375e-06, 'fraction_pixels_gap_below_88': 1.0, 'exact_ties': 0, 'mean_softmax_entropy_nats': 1.6651782334049647, 'mean_max_softmax_weight': 0.5080293296622427, 'raw_cost_max_abs': 2219979571200.0, 'raw_cost_std': 237972563470.11243, 'softmax_input_grad_norm': 0.01910465583205223, 'softmax_input_pixels_with_gradient': 188218, 'softmax_input_pixels_total': 262144, 'raw_cost_grad_norm': 1.7395393665017161e-13, 'epoch': 184, 'batch': 14760, 'total_norm': 5.217984199523926, 'matching_path_norm': 2.007348205295633}, {'softmax_input_median_top2_gap': 1.3906573057174683, 'softmax_input_min_top2_gap': 4.76837158203125e-07, 'fraction_pixels_gap_below_88': 1.0, 'exact_ties': 0, 'mean_softmax_entropy_nats': 1.5644926809681268, 'mean_max_softmax_weight': 0.5581397100545389, 'raw_cost_max_abs': 3947620990976.0, 'raw_cost_std': 376117743908.93286, 'softmax_input_grad_norm': 0.021267849951982498, 'softmax_input_pixels_with_gradient': 175382, 'softmax_input_pixels_total': 262144, 'raw_cost_grad_norm': 4.938554990299715e-13, 'epoch': 184, 'batch': 14780, 'total_norm': 5.942041873931885, 'matching_path_norm': 3.6679605816140346}, {'softmax_input_median_top2_gap': 0.7373267412185669, 'softmax_input_min_top2_gap': 3.6954879760742188e-06, 'fraction_pixels_gap_below_88': 1.0, 'exact_ties': 0, 'mean_softmax_entropy_nats': 1.7271220728539303, 'mean_max_softmax_weight': 0.46882762061868105, 'raw_cost_max_abs': 1699259219968.0, 'raw_cost_std': 168383219772.1267, 'softmax_input_grad_norm': 0.027927130460739136, 'softmax_input_pixels_with_gradient': 223490, 'softmax_input_pixels_total': 262144, 'raw_cost_grad_norm': 3.7108345367874163e-13, 'epoch': 185, 'batch': 14800, 'total_norm': 17.79707908630371, 'matching_path_norm': 5.364981531904728}, {'softmax_input_median_top2_gap': 0.947820782661438, 'softmax_input_min_top2_gap': 7.987022399902344e-06, 'fraction_pixels_gap_below_88': 1.0, 'exact_ties': 0, 'mean_softmax_entropy_nats': 1.658633567967158, 'mean_max_softmax_weight': 0.5067895353012529, 'raw_cost_max_abs': 3343042740224.0, 'raw_cost_std': 274825346422.83954, 'softmax_input_grad_norm': 0.017183620482683182, 'softmax_input_pixels_with_gradient': 206922, 'softmax_input_pixels_total': 262144, 'raw_cost_grad_norm': 2.142014186466354e-13, 'epoch': 185, 'batch': 14820, 'total_norm': 5.369023323059082, 'matching_path_norm': 2.1972658299502346}, {'softmax_input_median_top2_gap': 0.8845615386962891, 'softmax_input_min_top2_gap': 1.5497207641601562e-06, 'fraction_pixels_gap_below_88': 1.0, 'exact_ties': 0, 'mean_softmax_entropy_nats': 1.7217414343787025, 'mean_max_softmax_weight': 0.47789664725980985, 'raw_cost_max_abs': 2581512323072.0, 'raw_cost_std': 210815411803.98816, 'softmax_input_grad_norm': 0.03630123287439346, 'softmax_input_pixels_with_gradient': 208218, 'softmax_input_pixels_total': 262144, 'raw_cost_grad_norm': 6.751077561567564e-13, 'epoch': 185, 'batch': 14840, 'total_norm': 63.27253723144531, 'matching_path_norm': 15.705869973756057}, {'softmax_input_median_top2_gap': 0.6533477306365967, 'softmax_input_min_top2_gap': 7.152557373046875e-07, 'fraction_pixels_gap_below_88': 1.0, 'exact_ties': 0, 'mean_softmax_entropy_nats': 1.7701249306102, 'mean_max_softmax_weight': 0.4440977528660742, 'raw_cost_max_abs': 1531575533568.0, 'raw_cost_std': 199573199627.71866, 'softmax_input_grad_norm': 0.020827889442443848, 'softmax_input_pixels_with_gradient': 239139, 'softmax_input_pixels_total': 262144, 'raw_cost_grad_norm': 3.943101541895727e-13, 'epoch': 185, 'batch': 14860, 'total_norm': 14.781423568725586, 'matching_path_norm': 4.183567039909119}, {'softmax_input_median_top2_gap': 1.1506452560424805, 'softmax_input_min_top2_gap': 1.6689300537109375e-06, 'fraction_pixels_gap_below_88': 1.0, 'exact_ties': 0, 'mean_softmax_entropy_nats': 1.6101946100528581, 'mean_max_softmax_weight': 0.5312529393852166, 'raw_cost_max_abs': 2385415503872.0, 'raw_cost_std': 274945395420.2153, 'softmax_input_grad_norm': 0.034276943653821945, 'softmax_input_pixels_with_gradient': 214486, 'softmax_input_pixels_total': 262144, 'raw_cost_grad_norm': 6.285429533618714e-13, 'epoch': 186, 'batch': 14880, 'total_norm': 19.06216049194336, 'matching_path_norm': 5.057983344829542}, {'softmax_input_median_top2_gap': 0.9127300977706909, 'softmax_input_min_top2_gap': 1.9550323486328125e-05, 'fraction_pixels_gap_below_88': 1.0, 'exact_ties': 0, 'mean_softmax_entropy_nats': 1.680027843803704, 'mean_max_softmax_weight': 0.4966862285556611, 'raw_cost_max_abs': 2384389210112.0, 'raw_cost_std': 258927010075.92282, 'softmax_input_grad_norm': 0.017079416662454605, 'softmax_input_pixels_with_gradient': 228193, 'softmax_input_pixels_total': 262144, 'raw_cost_grad_norm': 3.4844631520425384e-13, 'epoch': 186, 'batch': 14900, 'total_norm': 18.7608699798584, 'matching_path_norm': 4.81506054076888}, {'softmax_input_median_top2_gap': 0.8815302848815918, 'softmax_input_min_top2_gap': 2.384185791015625e-07, 'fraction_pixels_gap_below_88': 1.0, 'exact_ties': 0, 'mean_softmax_entropy_nats': 1.675917504716871, 'mean_max_softmax_weight': 0.4923124860134464, 'raw_cost_max_abs': 2681888047104.0, 'raw_cost_std': 233838813404.69574, 'softmax_input_grad_norm': 0.03890599310398102, 'softmax_input_pixels_with_gradient': 182465, 'softmax_input_pixels_total': 262144, 'raw_cost_grad_norm': 9.210028573125584e-13, 'epoch': 186, 'batch': 14920, 'total_norm': 24.138473510742188, 'matching_path_norm': 6.508497239742555}, {'softmax_input_median_top2_gap': 0.9964462518692017, 'softmax_input_min_top2_gap': 8.58306884765625e-06, 'fraction_pixels_gap_below_88': 1.0, 'exact_ties': 0, 'mean_softmax_entropy_nats': 1.651341566694324, 'mean_max_softmax_weight': 0.5114024817923357, 'raw_cost_max_abs': 2482243633152.0, 'raw_cost_std': 237577330831.36203, 'softmax_input_grad_norm': 0.021989304572343826, 'softmax_input_pixels_with_gradient': 186555, 'softmax_input_pixels_total': 262144, 'raw_cost_grad_norm': 2.2156271771694297e-13, 'epoch': 186, 'batch': 14940, 'total_norm': 20.77314567565918, 'matching_path_norm': 5.724873215349044}, {'softmax_input_median_top2_gap': 0.8989766836166382, 'softmax_input_min_top2_gap': 1.9431114196777344e-05, 'fraction_pixels_gap_below_88': 1.0, 'exact_ties': 0, 'mean_softmax_entropy_nats': 1.6912124240440998, 'mean_max_softmax_weight': 0.49069914482971283, 'raw_cost_max_abs': 2012769288192.0, 'raw_cost_std': 195446495111.84457, 'softmax_input_grad_norm': 0.02149106375873089, 'softmax_input_pixels_with_gradient': 183343, 'softmax_input_pixels_total': 262144, 'raw_cost_grad_norm': 2.1870386632347888e-13, 'epoch': 187, 'batch': 14960, 'total_norm': 22.296247482299805, 'matching_path_norm': 5.843879696563864}, {'softmax_input_median_top2_gap': 0.8536787033081055, 'softmax_input_min_top2_gap': 6.4373016357421875e-06, 'fraction_pixels_gap_below_88': 1.0, 'exact_ties': 0, 'mean_softmax_entropy_nats': 1.68164944469662, 'mean_max_softmax_weight': 0.4916519604679973, 'raw_cost_max_abs': 2179904438272.0, 'raw_cost_std': 218579756392.1064, 'softmax_input_grad_norm': 0.021026799455285072, 'softmax_input_pixels_with_gradient': 219633, 'softmax_input_pixels_total': 262144, 'raw_cost_grad_norm': 4.2473864052608445e-13, 'epoch': 187, 'batch': 14980, 'total_norm': 11.400897979736328, 'matching_path_norm': 2.6585514727696045}, {'softmax_input_median_top2_gap': 0.9804522395133972, 'softmax_input_min_top2_gap': 2.9802322387695312e-06, 'fraction_pixels_gap_below_88': 1.0, 'exact_ties': 0, 'mean_softmax_entropy_nats': 1.7420761137429066, 'mean_max_softmax_weight': 0.47361022483776005, 'raw_cost_max_abs': 2494390599680.0, 'raw_cost_std': 227757940043.3884, 'softmax_input_grad_norm': 0.020069636404514313, 'softmax_input_pixels_with_gradient': 207968, 'softmax_input_pixels_total': 262144, 'raw_cost_grad_norm': 3.1268341865384186e-13, 'epoch': 187, 'batch': 15000, 'total_norm': 10.794480323791504, 'matching_path_norm': 3.284272696273427}, {'softmax_input_median_top2_gap': 1.147179126739502, 'softmax_input_min_top2_gap': 2.5033950805664062e-06, 'fraction_pixels_gap_below_88': 1.0, 'exact_ties': 0, 'mean_softmax_entropy_nats': 1.6175108150036877, 'mean_max_softmax_weight': 0.5315854364600271, 'raw_cost_max_abs': 2415920676864.0, 'raw_cost_std': 247453866019.20944, 'softmax_input_grad_norm': 0.02048971690237522, 'softmax_input_pixels_with_gradient': 213720, 'softmax_input_pixels_total': 262144, 'raw_cost_grad_norm': 3.162254800462977e-13, 'epoch': 187, 'batch': 15020, 'total_norm': 6.3700666427612305, 'matching_path_norm': 3.208202323581529}, {'softmax_input_median_top2_gap': 1.3426049947738647, 'softmax_input_min_top2_gap': 1.6450881958007812e-05, 'fraction_pixels_gap_below_88': 1.0, 'exact_ties': 0, 'mean_softmax_entropy_nats': 1.638028799507028, 'mean_max_softmax_weight': 0.5294087037749223, 'raw_cost_max_abs': 2373639733248.0, 'raw_cost_std': 263635491385.36224, 'softmax_input_grad_norm': 0.01776418462395668, 'softmax_input_pixels_with_gradient': 202332, 'softmax_input_pixels_total': 262144, 'raw_cost_grad_norm': 2.8799683991775904e-13, 'epoch': 188, 'batch': 15040, 'total_norm': 7.820636749267578, 'matching_path_norm': 1.975841880494219}, {'softmax_input_median_top2_gap': 0.8609075546264648, 'softmax_input_min_top2_gap': 2.1457672119140625e-05, 'fraction_pixels_gap_below_88': 1.0, 'exact_ties': 0, 'mean_softmax_entropy_nats': 1.7113777765348557, 'mean_max_softmax_weight': 0.48054809208134763, 'raw_cost_max_abs': 2591263031296.0, 'raw_cost_std': 214226320818.7757, 'softmax_input_grad_norm': 0.029726291075348854, 'softmax_input_pixels_with_gradient': 216191, 'softmax_input_pixels_total': 262144, 'raw_cost_grad_norm': 6.365214345188663e-13, 'epoch': 188, 'batch': 15060, 'total_norm': 12.90575885772705, 'matching_path_norm': 4.16073536308113}, {'softmax_input_median_top2_gap': 0.6991548538208008, 'softmax_input_min_top2_gap': 4.410743713378906e-06, 'fraction_pixels_gap_below_88': 1.0, 'exact_ties': 0, 'mean_softmax_entropy_nats': 1.7466125284652618, 'mean_max_softmax_weight': 0.4607202444780468, 'raw_cost_max_abs': 2306195062784.0, 'raw_cost_std': 188172284400.73578, 'softmax_input_grad_norm': 0.029072046279907227, 'softmax_input_pixels_with_gradient': 242667, 'softmax_input_pixels_total': 262144, 'raw_cost_grad_norm': 8.793276978953657e-13, 'epoch': 188, 'batch': 15080, 'total_norm': 19.03915023803711, 'matching_path_norm': 7.937303500542747}, {'softmax_input_median_top2_gap': 1.0590267181396484, 'softmax_input_min_top2_gap': 2.1457672119140625e-06, 'fraction_pixels_gap_below_88': 1.0, 'exact_ties': 0, 'mean_softmax_entropy_nats': 1.6441014262011038, 'mean_max_softmax_weight': 0.5178562448698933, 'raw_cost_max_abs': 2296484724736.0, 'raw_cost_std': 265767979727.8577, 'softmax_input_grad_norm': 0.019237343221902847, 'softmax_input_pixels_with_gradient': 212997, 'softmax_input_pixels_total': 262144, 'raw_cost_grad_norm': 2.5519110479280127e-13, 'epoch': 188, 'batch': 15100, 'total_norm': 4.806451320648193, 'matching_path_norm': 1.6933154095390623}, {'softmax_input_median_top2_gap': 0.7176233530044556, 'softmax_input_min_top2_gap': 8.344650268554688e-06, 'fraction_pixels_gap_below_88': 1.0, 'exact_ties': 0, 'mean_softmax_entropy_nats': 1.7526525334294756, 'mean_max_softmax_weight': 0.45443404403429055, 'raw_cost_max_abs': 1949442899968.0, 'raw_cost_std': 185456659525.8729, 'softmax_input_grad_norm': 0.0196197759360075, 'softmax_input_pixels_with_gradient': 220976, 'softmax_input_pixels_total': 262144, 'raw_cost_grad_norm': 4.070502073426352e-13, 'epoch': 189, 'batch': 15120, 'total_norm': 13.452049255371094, 'matching_path_norm': 3.076496892870417}, {'softmax_input_median_top2_gap': 0.8032691478729248, 'softmax_input_min_top2_gap': 4.410743713378906e-06, 'fraction_pixels_gap_below_88': 1.0, 'exact_ties': 0, 'mean_softmax_entropy_nats': 1.7517284140465046, 'mean_max_softmax_weight': 0.4619564224133473, 'raw_cost_max_abs': 2365917757440.0, 'raw_cost_std': 176860425447.19305, 'softmax_input_grad_norm': 0.03159879148006439, 'softmax_input_pixels_with_gradient': 191578, 'softmax_input_pixels_total': 262144, 'raw_cost_grad_norm': 5.479681378789403e-13, 'epoch': 189, 'batch': 15140, 'total_norm': 10.35798168182373, 'matching_path_norm': 3.3844350214183927}, {'softmax_input_median_top2_gap': 0.8028584718704224, 'softmax_input_min_top2_gap': 1.430511474609375e-06, 'fraction_pixels_gap_below_88': 1.0, 'exact_ties': 0, 'mean_softmax_entropy_nats': 1.696593775705122, 'mean_max_softmax_weight': 0.4818528225471168, 'raw_cost_max_abs': 3113237086208.0, 'raw_cost_std': 254595842056.69806, 'softmax_input_grad_norm': 0.02517528273165226, 'softmax_input_pixels_with_gradient': 215565, 'softmax_input_pixels_total': 262144, 'raw_cost_grad_norm': 3.6275591363231496e-13, 'epoch': 189, 'batch': 15160, 'total_norm': 8.802172660827637, 'matching_path_norm': 3.313336203423203}, {'softmax_input_median_top2_gap': 1.0865486860275269, 'softmax_input_min_top2_gap': 2.384185791015625e-07, 'fraction_pixels_gap_below_88': 1.0, 'exact_ties': 0, 'mean_softmax_entropy_nats': 1.6346641559106876, 'mean_max_softmax_weight': 0.5205112277323264, 'raw_cost_max_abs': 2343616905216.0, 'raw_cost_std': 271410508170.50388, 'softmax_input_grad_norm': 0.01863354630768299, 'softmax_input_pixels_with_gradient': 204682, 'softmax_input_pixels_total': 262144, 'raw_cost_grad_norm': 2.768627070225821e-13, 'epoch': 189, 'batch': 15180, 'total_norm': 11.548335075378418, 'matching_path_norm': 2.6161385037996787}, {'softmax_input_median_top2_gap': 1.1981648206710815, 'softmax_input_min_top2_gap': 1.5497207641601562e-05, 'fraction_pixels_gap_below_88': 1.0, 'exact_ties': 0, 'mean_softmax_entropy_nats': 1.601300111392786, 'mean_max_softmax_weight': 0.5419489204509222, 'raw_cost_max_abs': 2583395041280.0, 'raw_cost_std': 265197804697.20374, 'softmax_input_grad_norm': 0.026673071086406708, 'softmax_input_pixels_with_gradient': 193499, 'softmax_input_pixels_total': 262144, 'raw_cost_grad_norm': 6.383409968148401e-13, 'epoch': 190, 'batch': 15200, 'total_norm': 11.36817455291748, 'matching_path_norm': 3.5179935077231774}, {'softmax_input_median_top2_gap': 1.0276312828063965, 'softmax_input_min_top2_gap': 5.245208740234375e-06, 'fraction_pixels_gap_below_88': 1.0, 'exact_ties': 0, 'mean_softmax_entropy_nats': 1.6908622623189888, 'mean_max_softmax_weight': 0.49985762198567, 'raw_cost_max_abs': 2718018306048.0, 'raw_cost_std': 292976247711.4198, 'softmax_input_grad_norm': 0.015628233551979065, 'softmax_input_pixels_with_gradient': 230050, 'softmax_input_pixels_total': 262144, 'raw_cost_grad_norm': 3.247552780080015e-13, 'epoch': 190, 'batch': 15220, 'total_norm': 16.987483978271484, 'matching_path_norm': 4.644262844872846}, {'softmax_input_median_top2_gap': 0.8435258865356445, 'softmax_input_min_top2_gap': 1.6689300537109375e-06, 'fraction_pixels_gap_below_88': 1.0, 'exact_ties': 0, 'mean_softmax_entropy_nats': 1.6836731552390884, 'mean_max_softmax_weight': 0.49267511503863215, 'raw_cost_max_abs': 2614014246912.0, 'raw_cost_std': 259339292065.32748, 'softmax_input_grad_norm': 0.01696634292602539, 'softmax_input_pixels_with_gradient': 236659, 'softmax_input_pixels_total': 262144, 'raw_cost_grad_norm': 2.0638306059798939e-13, 'epoch': 190, 'batch': 15240, 'total_norm': 13.703116416931152, 'matching_path_norm': 3.927202455361309}, {'softmax_input_median_top2_gap': 0.7566089630126953, 'softmax_input_min_top2_gap': 9.5367431640625e-07, 'fraction_pixels_gap_below_88': 1.0, 'exact_ties': 0, 'mean_softmax_entropy_nats': 1.7514880048840409, 'mean_max_softmax_weight': 0.4598755113205547, 'raw_cost_max_abs': 1822897340416.0, 'raw_cost_std': 192957425486.70258, 'softmax_input_grad_norm': 0.01742236688733101, 'softmax_input_pixels_with_gradient': 223741, 'softmax_input_pixels_total': 262144, 'raw_cost_grad_norm': 3.712273815171391e-13, 'epoch': 190, 'batch': 15260, 'total_norm': 17.098983764648438, 'matching_path_norm': 4.132915278893831}, {'softmax_input_median_top2_gap': 0.8608697652816772, 'softmax_input_min_top2_gap': 2.384185791015625e-06, 'fraction_pixels_gap_below_88': 1.0, 'exact_ties': 0, 'mean_softmax_entropy_nats': 1.7142847009628621, 'mean_max_softmax_weight': 0.4821842614483304, 'raw_cost_max_abs': 2329986727936.0, 'raw_cost_std': 205554852823.72723, 'softmax_input_grad_norm': 0.014438699930906296, 'softmax_input_pixels_with_gradient': 241118, 'softmax_input_pixels_total': 262144, 'raw_cost_grad_norm': 3.0216532943307117e-13, 'epoch': 191, 'batch': 15280, 'total_norm': 3.837628126144409, 'matching_path_norm': 1.3978912242487838}, {'softmax_input_median_top2_gap': 1.040427327156067, 'softmax_input_min_top2_gap': 2.384185791015625e-06, 'fraction_pixels_gap_below_88': 1.0, 'exact_ties': 0, 'mean_softmax_entropy_nats': 1.6626534305898748, 'mean_max_softmax_weight': 0.5066277709532214, 'raw_cost_max_abs': 1978926759936.0, 'raw_cost_std': 233782352420.4402, 'softmax_input_grad_norm': 0.025875212624669075, 'softmax_input_pixels_with_gradient': 165824, 'softmax_input_pixels_total': 262144, 'raw_cost_grad_norm': 2.011984058091637e-13, 'epoch': 191, 'batch': 15300, 'total_norm': 12.174363136291504, 'matching_path_norm': 4.17023126162599}, {'softmax_input_median_top2_gap': 0.9904071092605591, 'softmax_input_min_top2_gap': 3.5762786865234375e-06, 'fraction_pixels_gap_below_88': 1.0, 'exact_ties': 0, 'mean_softmax_entropy_nats': 1.7046059222636245, 'mean_max_softmax_weight': 0.4903265588563334, 'raw_cost_max_abs': 2403667279872.0, 'raw_cost_std': 226556020685.69916, 'softmax_input_grad_norm': 0.018503593280911446, 'softmax_input_pixels_with_gradient': 191237, 'softmax_input_pixels_total': 262144, 'raw_cost_grad_norm': 3.158950152241241e-13, 'epoch': 191, 'batch': 15320, 'total_norm': 9.133816719055176, 'matching_path_norm': 1.9856235121321133}, {'softmax_input_median_top2_gap': 0.9754906892776489, 'softmax_input_min_top2_gap': 5.841255187988281e-06, 'fraction_pixels_gap_below_88': 1.0, 'exact_ties': 0, 'mean_softmax_entropy_nats': 1.6800947326606175, 'mean_max_softmax_weight': 0.5030072014137974, 'raw_cost_max_abs': 2124120850432.0, 'raw_cost_std': 253578501492.6791, 'softmax_input_grad_norm': 0.019570564851164818, 'softmax_input_pixels_with_gradient': 214610, 'softmax_input_pixels_total': 262144, 'raw_cost_grad_norm': 2.676110472544374e-13, 'epoch': 191, 'batch': 15340, 'total_norm': 15.050429344177246, 'matching_path_norm': 4.815166285628276}, {'softmax_input_median_top2_gap': 0.804608941078186, 'softmax_input_min_top2_gap': 5.125999450683594e-06, 'fraction_pixels_gap_below_88': 1.0, 'exact_ties': 0, 'mean_softmax_entropy_nats': 1.7493663138976485, 'mean_max_softmax_weight': 0.46129024851819583, 'raw_cost_max_abs': 1585757683712.0, 'raw_cost_std': 147614068710.68948, 'softmax_input_grad_norm': 0.024812160059809685, 'softmax_input_pixels_with_gradient': 230750, 'softmax_input_pixels_total': 262144, 'raw_cost_grad_norm': 7.007894698568551e-13, 'epoch': 192, 'batch': 15360, 'total_norm': 10.393621444702148, 'matching_path_norm': 3.145095833681056}, {'softmax_input_median_top2_gap': 0.810039758682251, 'softmax_input_min_top2_gap': 5.7220458984375e-06, 'fraction_pixels_gap_below_88': 1.0, 'exact_ties': 0, 'mean_softmax_entropy_nats': 1.6997572869539515, 'mean_max_softmax_weight': 0.4826581602674078, 'raw_cost_max_abs': 1853515235328.0, 'raw_cost_std': 239175035538.8182, 'softmax_input_grad_norm': 0.018435750156641006, 'softmax_input_pixels_with_gradient': 219300, 'softmax_input_pixels_total': 262144, 'raw_cost_grad_norm': 4.158790011584562e-13, 'epoch': 192, 'batch': 15380, 'total_norm': 11.345965385437012, 'matching_path_norm': 3.3780637235853885}, {'softmax_input_median_top2_gap': 1.1076157093048096, 'softmax_input_min_top2_gap': 3.4332275390625e-05, 'fraction_pixels_gap_below_88': 1.0, 'exact_ties': 0, 'mean_softmax_entropy_nats': 1.6140726124325324, 'mean_max_softmax_weight': 0.5302451041128866, 'raw_cost_max_abs': 2014864998400.0, 'raw_cost_std': 242757436393.6041, 'softmax_input_grad_norm': 0.028182748705148697, 'softmax_input_pixels_with_gradient': 161638, 'softmax_input_pixels_total': 262144, 'raw_cost_grad_norm': 3.011937216561983e-13, 'epoch': 192, 'batch': 15400, 'total_norm': 8.617706298828125, 'matching_path_norm': 2.593683933787634}, {'softmax_input_median_top2_gap': 1.2068231105804443, 'softmax_input_min_top2_gap': 4.291534423828125e-06, 'fraction_pixels_gap_below_88': 1.0, 'exact_ties': 0, 'mean_softmax_entropy_nats': 1.6571428530245476, 'mean_max_softmax_weight': 0.5144093464278033, 'raw_cost_max_abs': 2142736220160.0, 'raw_cost_std': 181276284583.03778, 'softmax_input_grad_norm': 0.03007853776216507, 'softmax_input_pixels_with_gradient': 202065, 'softmax_input_pixels_total': 262144, 'raw_cost_grad_norm': 6.119652853041335e-13, 'epoch': 192, 'batch': 15420, 'total_norm': 22.727741241455078, 'matching_path_norm': 5.428692348161118}, {'softmax_input_median_top2_gap': 1.1727805137634277, 'softmax_input_min_top2_gap': 1.811981201171875e-05, 'fraction_pixels_gap_below_88': 1.0, 'exact_ties': 0, 'mean_softmax_entropy_nats': 1.5998678131797266, 'mean_max_softmax_weight': 0.5401623453749013, 'raw_cost_max_abs': 2375945289728.0, 'raw_cost_std': 250873801203.9606, 'softmax_input_grad_norm': 0.01926548406481743, 'softmax_input_pixels_with_gradient': 203934, 'softmax_input_pixels_total': 262144, 'raw_cost_grad_norm': 2.9758305737127844e-13, 'epoch': 193, 'batch': 15440, 'total_norm': 18.392736434936523, 'matching_path_norm': 4.144790053022815}, {'softmax_input_median_top2_gap': 1.0190539956092834, 'softmax_input_min_top2_gap': 6.079673767089844e-06, 'fraction_pixels_gap_below_88': 1.0, 'exact_ties': 0, 'mean_softmax_entropy_nats': 1.6301050469116642, 'mean_max_softmax_weight': 0.523055575529183, 'raw_cost_max_abs': 2296195317760.0, 'raw_cost_std': 236384739652.5151, 'softmax_input_grad_norm': 0.01832038164138794, 'softmax_input_pixels_with_gradient': 203237, 'softmax_input_pixels_total': 262144, 'raw_cost_grad_norm': 2.968323828921038e-13, 'epoch': 193, 'batch': 15460, 'total_norm': 7.907071113586426, 'matching_path_norm': 2.568003955577233}, {'softmax_input_median_top2_gap': 0.8798255920410156, 'softmax_input_min_top2_gap': 8.58306884765625e-06, 'fraction_pixels_gap_below_88': 1.0, 'exact_ties': 0, 'mean_softmax_entropy_nats': 1.7012168193347699, 'mean_max_softmax_weight': 0.4866492789123028, 'raw_cost_max_abs': 2190796521472.0, 'raw_cost_std': 210722116838.93118, 'softmax_input_grad_norm': 0.026731479912996292, 'softmax_input_pixels_with_gradient': 225908, 'softmax_input_pixels_total': 262144, 'raw_cost_grad_norm': 4.0069455999741654e-13, 'epoch': 193, 'batch': 15480, 'total_norm': 24.82266616821289, 'matching_path_norm': 6.5894765341539}, {'softmax_input_median_top2_gap': 1.1748734712600708, 'softmax_input_min_top2_gap': 3.337860107421875e-06, 'fraction_pixels_gap_below_88': 1.0, 'exact_ties': 0, 'mean_softmax_entropy_nats': 1.6167336518086528, 'mean_max_softmax_weight': 0.5319253401473178, 'raw_cost_max_abs': 2075027439616.0, 'raw_cost_std': 229273389126.63187, 'softmax_input_grad_norm': 0.024495568126440048, 'softmax_input_pixels_with_gradient': 193126, 'softmax_input_pixels_total': 262144, 'raw_cost_grad_norm': 2.5924867721321965e-13, 'epoch': 193, 'batch': 15500, 'total_norm': 9.512613296508789, 'matching_path_norm': 3.084270723054766}, {'softmax_input_median_top2_gap': 0.7849087715148926, 'softmax_input_min_top2_gap': 3.2186508178710938e-06, 'fraction_pixels_gap_below_88': 1.0, 'exact_ties': 0, 'mean_softmax_entropy_nats': 1.7113747175587035, 'mean_max_softmax_weight': 0.470365897248779, 'raw_cost_max_abs': 1531890761728.0, 'raw_cost_std': 173354671821.602, 'softmax_input_grad_norm': 0.02725355699658394, 'softmax_input_pixels_with_gradient': 175034, 'softmax_input_pixels_total': 262144, 'raw_cost_grad_norm': 3.2544737846480765e-13, 'epoch': 194, 'batch': 15520, 'total_norm': 11.42541217803955, 'matching_path_norm': 2.9690940543115234}, {'softmax_input_median_top2_gap': 1.0437952280044556, 'softmax_input_min_top2_gap': 7.152557373046875e-06, 'fraction_pixels_gap_below_88': 1.0, 'exact_ties': 0, 'mean_softmax_entropy_nats': 1.6466767410691898, 'mean_max_softmax_weight': 0.5134060167341075, 'raw_cost_max_abs': 1760351223808.0, 'raw_cost_std': 225568952222.82898, 'softmax_input_grad_norm': 0.02577229030430317, 'softmax_input_pixels_with_gradient': 217373, 'softmax_input_pixels_total': 262144, 'raw_cost_grad_norm': 3.7987988405971396e-13, 'epoch': 194, 'batch': 15540, 'total_norm': 20.775197982788086, 'matching_path_norm': 4.242762160634501}, {'softmax_input_median_top2_gap': 0.7303060293197632, 'softmax_input_min_top2_gap': 8.106231689453125e-06, 'fraction_pixels_gap_below_88': 1.0, 'exact_ties': 0, 'mean_softmax_entropy_nats': 1.741647082365274, 'mean_max_softmax_weight': 0.45923282649122193, 'raw_cost_max_abs': 1351293075456.0, 'raw_cost_std': 135787771208.49385, 'softmax_input_grad_norm': 0.028059542179107666, 'softmax_input_pixels_with_gradient': 191556, 'softmax_input_pixels_total': 262144, 'raw_cost_grad_norm': 6.818214070593298e-13, 'epoch': 194, 'batch': 15560, 'total_norm': 18.882116317749023, 'matching_path_norm': 4.539045813272527}, {'softmax_input_median_top2_gap': 1.0067516565322876, 'softmax_input_min_top2_gap': 3.814697265625e-06, 'fraction_pixels_gap_below_88': 1.0, 'exact_ties': 0, 'mean_softmax_entropy_nats': 1.6449512129126709, 'mean_max_softmax_weight': 0.5148994237937234, 'raw_cost_max_abs': 2267467218944.0, 'raw_cost_std': 211338305846.0023, 'softmax_input_grad_norm': 0.01933571696281433, 'softmax_input_pixels_with_gradient': 172431, 'softmax_input_pixels_total': 262144, 'raw_cost_grad_norm': 1.8211623073298433e-13, 'epoch': 194, 'batch': 15580, 'total_norm': 9.563905715942383, 'matching_path_norm': 2.301043826096179}, {'softmax_input_median_top2_gap': 0.9876762628555298, 'softmax_input_min_top2_gap': 0.0, 'fraction_pixels_gap_below_88': 1.0, 'exact_ties': 1, 'mean_softmax_entropy_nats': 1.641392650878474, 'mean_max_softmax_weight': 0.510706227302969, 'raw_cost_max_abs': 2988729958400.0, 'raw_cost_std': 255349691066.95813, 'softmax_input_grad_norm': 0.02665606699883938, 'softmax_input_pixels_with_gradient': 189519, 'softmax_input_pixels_total': 262144, 'raw_cost_grad_norm': 4.267123763709857e-13, 'epoch': 195, 'batch': 15600, 'total_norm': 14.739274978637695, 'matching_path_norm': 3.6652569931322545}, {'softmax_input_median_top2_gap': 1.2349493503570557, 'softmax_input_min_top2_gap': 1.049041748046875e-05, 'fraction_pixels_gap_below_88': 1.0, 'exact_ties': 0, 'mean_softmax_entropy_nats': 1.6374985973492322, 'mean_max_softmax_weight': 0.5245802209891921, 'raw_cost_max_abs': 1819576631296.0, 'raw_cost_std': 207289194758.6192, 'softmax_input_grad_norm': 0.020799238234758377, 'softmax_input_pixels_with_gradient': 185746, 'softmax_input_pixels_total': 262144, 'raw_cost_grad_norm': 2.252716784813258e-13, 'epoch': 195, 'batch': 15620, 'total_norm': 12.224693298339844, 'matching_path_norm': 3.0904893418368213}, {'softmax_input_median_top2_gap': 0.9627478122711182, 'softmax_input_min_top2_gap': 1.0251998901367188e-05, 'fraction_pixels_gap_below_88': 1.0, 'exact_ties': 0, 'mean_softmax_entropy_nats': 1.6804878657032705, 'mean_max_softmax_weight': 0.5015452810011498, 'raw_cost_max_abs': 2290987040768.0, 'raw_cost_std': 207687736052.24335, 'softmax_input_grad_norm': 0.019579969346523285, 'softmax_input_pixels_with_gradient': 227464, 'softmax_input_pixels_total': 262144, 'raw_cost_grad_norm': 5.511710337267883e-13, 'epoch': 195, 'batch': 15640, 'total_norm': 9.760022163391113, 'matching_path_norm': 3.6894288324316578}, {'softmax_input_median_top2_gap': 0.881816029548645, 'softmax_input_min_top2_gap': 3.0994415283203125e-06, 'fraction_pixels_gap_below_88': 1.0, 'exact_ties': 0, 'mean_softmax_entropy_nats': 1.730632423715292, 'mean_max_softmax_weight': 0.47308658481045673, 'raw_cost_max_abs': 1063785267200.0, 'raw_cost_std': 127697528643.74431, 'softmax_input_grad_norm': 0.024663779884576797, 'softmax_input_pixels_with_gradient': 256315, 'softmax_input_pixels_total': 262144, 'raw_cost_grad_norm': 6.375709422218323e-13, 'epoch': 195, 'batch': 15660, 'total_norm': 35.0068244934082, 'matching_path_norm': 9.635172516797297}, {'softmax_input_median_top2_gap': 1.0408798456192017, 'softmax_input_min_top2_gap': 5.0067901611328125e-06, 'fraction_pixels_gap_below_88': 1.0, 'exact_ties': 0, 'mean_softmax_entropy_nats': 1.620735298142331, 'mean_max_softmax_weight': 0.5266298242577824, 'raw_cost_max_abs': 2349142900736.0, 'raw_cost_std': 241403486984.8438, 'softmax_input_grad_norm': 0.019202476367354393, 'softmax_input_pixels_with_gradient': 185020, 'softmax_input_pixels_total': 262144, 'raw_cost_grad_norm': 3.5686015774361035e-13, 'epoch': 196, 'batch': 15680, 'total_norm': 5.3689494132995605, 'matching_path_norm': 1.9249983758450586}, {'softmax_input_median_top2_gap': 1.278646469116211, 'softmax_input_min_top2_gap': 2.5033950805664062e-06, 'fraction_pixels_gap_below_88': 1.0, 'exact_ties': 0, 'mean_softmax_entropy_nats': 1.593070811042086, 'mean_max_softmax_weight': 0.541591176781038, 'raw_cost_max_abs': 2623104090112.0, 'raw_cost_std': 287428622946.98553, 'softmax_input_grad_norm': 0.02786279283463955, 'softmax_input_pixels_with_gradient': 208439, 'softmax_input_pixels_total': 262144, 'raw_cost_grad_norm': 3.662571277079224e-13, 'epoch': 196, 'batch': 15700, 'total_norm': 46.172584533691406, 'matching_path_norm': 11.156090316107857}, {'softmax_input_median_top2_gap': 1.1041911840438843, 'softmax_input_min_top2_gap': 6.556510925292969e-06, 'fraction_pixels_gap_below_88': 1.0, 'exact_ties': 0, 'mean_softmax_entropy_nats': 1.6573647736945893, 'mean_max_softmax_weight': 0.5106051962575456, 'raw_cost_max_abs': 2334392844288.0, 'raw_cost_std': 201423153321.54175, 'softmax_input_grad_norm': 0.026927458122372627, 'softmax_input_pixels_with_gradient': 199030, 'softmax_input_pixels_total': 262144, 'raw_cost_grad_norm': 4.94287553595707e-13, 'epoch': 196, 'batch': 15720, 'total_norm': 19.587696075439453, 'matching_path_norm': 5.651686721704584}, {'softmax_input_median_top2_gap': 0.8779795169830322, 'softmax_input_min_top2_gap': 1.3113021850585938e-06, 'fraction_pixels_gap_below_88': 1.0, 'exact_ties': 0, 'mean_softmax_entropy_nats': 1.7038280427338228, 'mean_max_softmax_weight': 0.4830633007944086, 'raw_cost_max_abs': 2035477250048.0, 'raw_cost_std': 207704451708.0087, 'softmax_input_grad_norm': 0.03054116666316986, 'softmax_input_pixels_with_gradient': 199522, 'softmax_input_pixels_total': 262144, 'raw_cost_grad_norm': 4.799056659877954e-13, 'epoch': 196, 'batch': 15740, 'total_norm': 15.767425537109375, 'matching_path_norm': 5.175950286139271}, {'softmax_input_median_top2_gap': 0.9357591867446899, 'softmax_input_min_top2_gap': 9.5367431640625e-06, 'fraction_pixels_gap_below_88': 1.0, 'exact_ties': 0, 'mean_softmax_entropy_nats': 1.6311635429406461, 'mean_max_softmax_weight': 0.5136659747872455, 'raw_cost_max_abs': 2563341549568.0, 'raw_cost_std': 256400113241.3052, 'softmax_input_grad_norm': 0.024473730474710464, 'softmax_input_pixels_with_gradient': 165956, 'softmax_input_pixels_total': 262144, 'raw_cost_grad_norm': 2.0548723855297324e-13, 'epoch': 197, 'batch': 15760, 'total_norm': 5.411828994750977, 'matching_path_norm': 1.993468556856639}, {'softmax_input_median_top2_gap': 1.0872446298599243, 'softmax_input_min_top2_gap': 4.649162292480469e-06, 'fraction_pixels_gap_below_88': 1.0, 'exact_ties': 0, 'mean_softmax_entropy_nats': 1.6278126945165505, 'mean_max_softmax_weight': 0.5226935794071979, 'raw_cost_max_abs': 2660588322816.0, 'raw_cost_std': 251968856140.73465, 'softmax_input_grad_norm': 0.030226752161979675, 'softmax_input_pixels_with_gradient': 209317, 'softmax_input_pixels_total': 262144, 'raw_cost_grad_norm': 7.172558445615873e-13, 'epoch': 197, 'batch': 15780, 'total_norm': 27.025543212890625, 'matching_path_norm': 7.644714940280591}, {'softmax_input_median_top2_gap': 0.766147255897522, 'softmax_input_min_top2_gap': 1.1444091796875e-05, 'fraction_pixels_gap_below_88': 1.0, 'exact_ties': 0, 'mean_softmax_entropy_nats': 1.6935763432895539, 'mean_max_softmax_weight': 0.4826003108840136, 'raw_cost_max_abs': 2160747085824.0, 'raw_cost_std': 239426950475.14572, 'softmax_input_grad_norm': 0.027559490874409676, 'softmax_input_pixels_with_gradient': 202463, 'softmax_input_pixels_total': 262144, 'raw_cost_grad_norm': 4.545775648262529e-13, 'epoch': 197, 'batch': 15800, 'total_norm': 16.065107345581055, 'matching_path_norm': 5.1545147650662875}, {'softmax_input_median_top2_gap': 0.9654911756515503, 'softmax_input_min_top2_gap': 1.9073486328125e-06, 'fraction_pixels_gap_below_88': 1.0, 'exact_ties': 0, 'mean_softmax_entropy_nats': 1.6914984203386556, 'mean_max_softmax_weight': 0.495162276885526, 'raw_cost_max_abs': 2645030862848.0, 'raw_cost_std': 221186078201.86087, 'softmax_input_grad_norm': 0.02247636206448078, 'softmax_input_pixels_with_gradient': 219313, 'softmax_input_pixels_total': 262144, 'raw_cost_grad_norm': 5.478844374712244e-13, 'epoch': 197, 'batch': 15820, 'total_norm': 10.672160148620605, 'matching_path_norm': 3.683015240169626}, {'softmax_input_median_top2_gap': 1.1248095035552979, 'softmax_input_min_top2_gap': 2.1457672119140625e-06, 'fraction_pixels_gap_below_88': 1.0, 'exact_ties': 0, 'mean_softmax_entropy_nats': 1.6370513766613048, 'mean_max_softmax_weight': 0.5181879102364814, 'raw_cost_max_abs': 2025700196352.0, 'raw_cost_std': 185706990062.88205, 'softmax_input_grad_norm': 0.047847647219896317, 'softmax_input_pixels_with_gradient': 173360, 'softmax_input_pixels_total': 262144, 'raw_cost_grad_norm': 7.120097697196903e-13, 'epoch': 198, 'batch': 15840, 'total_norm': 35.57323455810547, 'matching_path_norm': 11.693327593374509}, {'softmax_input_median_top2_gap': 0.91107177734375, 'softmax_input_min_top2_gap': 7.152557373046875e-06, 'fraction_pixels_gap_below_88': 1.0, 'exact_ties': 0, 'mean_softmax_entropy_nats': 1.6769976860461444, 'mean_max_softmax_weight': 0.4975549060276712, 'raw_cost_max_abs': 2949060231168.0, 'raw_cost_std': 248498343180.64276, 'softmax_input_grad_norm': 0.019664254039525986, 'softmax_input_pixels_with_gradient': 199711, 'softmax_input_pixels_total': 262144, 'raw_cost_grad_norm': 3.6252427383816344e-13, 'epoch': 198, 'batch': 15860, 'total_norm': 11.482851028442383, 'matching_path_norm': 3.23151686828342}, {'softmax_input_median_top2_gap': 1.1033375263214111, 'softmax_input_min_top2_gap': 2.7418136596679688e-05, 'fraction_pixels_gap_below_88': 1.0, 'exact_ties': 0, 'mean_softmax_entropy_nats': 1.606319963938052, 'mean_max_softmax_weight': 0.5329818210007409, 'raw_cost_max_abs': 2921048309760.0, 'raw_cost_std': 275941611070.64404, 'softmax_input_grad_norm': 0.02164694480597973, 'softmax_input_pixels_with_gradient': 181574, 'softmax_input_pixels_total': 262144, 'raw_cost_grad_norm': 5.497501325696375e-13, 'epoch': 198, 'batch': 15880, 'total_norm': 11.445881843566895, 'matching_path_norm': 3.399449458181653}, {'softmax_input_median_top2_gap': 0.6627209186553955, 'softmax_input_min_top2_gap': 1.5497207641601562e-06, 'fraction_pixels_gap_below_88': 1.0, 'exact_ties': 0, 'mean_softmax_entropy_nats': 1.797528469282402, 'mean_max_softmax_weight': 0.43635582548387386, 'raw_cost_max_abs': 1648244162560.0, 'raw_cost_std': 137951560967.37665, 'softmax_input_grad_norm': 0.031098099425435066, 'softmax_input_pixels_with_gradient': 212566, 'softmax_input_pixels_total': 262144, 'raw_cost_grad_norm': 8.752030133604705e-13, 'epoch': 198, 'batch': 15900, 'total_norm': 16.060672760009766, 'matching_path_norm': 4.966212479986271}, {'softmax_input_median_top2_gap': 0.9268658757209778, 'softmax_input_min_top2_gap': 2.384185791015625e-07, 'fraction_pixels_gap_below_88': 1.0, 'exact_ties': 0, 'mean_softmax_entropy_nats': 1.6809627217330658, 'mean_max_softmax_weight': 0.49321886895446276, 'raw_cost_max_abs': 2012507406336.0, 'raw_cost_std': 210022593437.95544, 'softmax_input_grad_norm': 0.027175426483154297, 'softmax_input_pixels_with_gradient': 193378, 'softmax_input_pixels_total': 262144, 'raw_cost_grad_norm': 5.577505146105166e-13, 'epoch': 199, 'batch': 15920, 'total_norm': 15.943171501159668, 'matching_path_norm': 4.702536980223072}, {'softmax_input_median_top2_gap': 0.8220800161361694, 'softmax_input_min_top2_gap': 9.298324584960938e-06, 'fraction_pixels_gap_below_88': 1.0, 'exact_ties': 0, 'mean_softmax_entropy_nats': 1.7243563655176908, 'mean_max_softmax_weight': 0.47549031442121603, 'raw_cost_max_abs': 2107327905792.0, 'raw_cost_std': 196036577755.82, 'softmax_input_grad_norm': 0.017713580280542374, 'softmax_input_pixels_with_gradient': 220080, 'softmax_input_pixels_total': 262144, 'raw_cost_grad_norm': 2.5965780090300705e-13, 'epoch': 199, 'batch': 15940, 'total_norm': 5.376714706420898, 'matching_path_norm': 1.9078355001468377}, {'softmax_input_median_top2_gap': 1.577637791633606, 'softmax_input_min_top2_gap': 3.814697265625e-06, 'fraction_pixels_gap_below_88': 1.0, 'exact_ties': 0, 'mean_softmax_entropy_nats': 1.5230690176684432, 'mean_max_softmax_weight': 0.5759734719373264, 'raw_cost_max_abs': 2458113802240.0, 'raw_cost_std': 312764357995.78125, 'softmax_input_grad_norm': 0.021173028275370598, 'softmax_input_pixels_with_gradient': 164683, 'softmax_input_pixels_total': 262144, 'raw_cost_grad_norm': 1.7604442751652238e-13, 'epoch': 199, 'batch': 15960, 'total_norm': 9.555733680725098, 'matching_path_norm': 3.450203276800125}, {'softmax_input_median_top2_gap': 1.083314061164856, 'softmax_input_min_top2_gap': 1.4662742614746094e-05, 'fraction_pixels_gap_below_88': 1.0, 'exact_ties': 0, 'mean_softmax_entropy_nats': 1.6383002371952646, 'mean_max_softmax_weight': 0.5224796454792638, 'raw_cost_max_abs': 1754671349760.0, 'raw_cost_std': 228279581614.14108, 'softmax_input_grad_norm': 0.021478185430169106, 'softmax_input_pixels_with_gradient': 209875, 'softmax_input_pixels_total': 262144, 'raw_cost_grad_norm': 2.330386317944688e-13, 'epoch': 199, 'batch': 15980, 'total_norm': 5.159286022186279, 'matching_path_norm': 2.4502461633838566}]
EXP-H2-SOFTARGMIN-SCALE [13:53:30] metric parameter_count_unique = 423586
EXP-H2-SOFTARGMIN-SCALE [13:53:30] metric checkpoint = phase2\results\training\EXP-H2-SOFTARGMIN-SCALE_checkpoint.pth
EXP-H2-SOFTARGMIN-SCALE [13:53:30] metric validation_epe_series = [{'epoch': 0, 'val_epe': 17.184743986364964, 'val_d1': 88.25715043994855}, {'epoch': 5, 'val_epe': 16.5108468262236, 'val_d1': 88.43562267037865}, {'epoch': 10, 'val_epe': 10.535436723048326, 'val_d1': 78.55475100383914}, {'epoch': 15, 'val_epe': 7.547884930173564, 'val_d1': 53.71498382360368}, {'epoch': 20, 'val_epe': 8.070355737383021, 'val_d1': 58.537602197110274}, {'epoch': 25, 'val_epe': 6.633045926109011, 'val_d1': 49.64504333941851}, {'epoch': 30, 'val_epe': 6.29862800976691, 'val_d1': 41.96063725653476}, {'epoch': 35, 'val_epe': 6.265425195260281, 'val_d1': 41.759063563405995}, {'epoch': 40, 'val_epe': 5.826663144199716, 'val_d1': 43.24787224783679}, {'epoch': 45, 'val_epe': 5.6059524780429895, 'val_d1': 38.6900073817232}, {'epoch': 50, 'val_epe': 5.979761554643722, 'val_d1': 49.35772561264542}, {'epoch': 55, 'val_epe': 5.331097788621656, 'val_d1': 39.00934481028327}, {'epoch': 60, 'val_epe': 5.755364911303297, 'val_d1': 36.476564909200505}, {'epoch': 65, 'val_epe': 5.130678514683834, 'val_d1': 34.740516849562205}, {'epoch': 70, 'val_epe': 5.250731355463593, 'val_d1': 32.557804694861915}, {'epoch': 75, 'val_epe': 5.075168949714857, 'val_d1': 34.35037075161414}, {'epoch': 80, 'val_epe': 5.629124612323857, 'val_d1': 35.89053989730056}, {'epoch': 85, 'val_epe': 4.787812827084908, 'val_d1': 32.239219406947846}, {'epoch': 90, 'val_epe': 4.676089917388636, 'val_d1': 31.183428837287263}, {'epoch': 95, 'val_epe': 4.634501073673484, 'val_d1': 28.642805183753335}, {'epoch': 100, 'val_epe': 4.985229319634994, 'val_d1': 30.99679050841484}, {'epoch': 105, 'val_epe': 4.6010884956134825, 'val_d1': 29.600710020769828}, {'epoch': 110, 'val_epe': 4.407927329399685, 'val_d1': 26.433338311788084}, {'epoch': 115, 'val_epe': 4.568484700569685, 'val_d1': 27.02763687079406}, {'epoch': 120, 'val_epe': 4.508246556901525, 'val_d1': 26.84851994838166}, {'epoch': 125, 'val_epe': 4.313258471371362, 'val_d1': 26.42936271123064}, {'epoch': 130, 'val_epe': 4.285563743391514, 'val_d1': 25.198753165706258}, {'epoch': 135, 'val_epe': 4.220097577919361, 'val_d1': 24.62444005815122}, {'epoch': 140, 'val_epe': 4.106474628046052, 'val_d1': 24.92379203526035}, {'epoch': 145, 'val_epe': 4.394476477323915, 'val_d1': 25.867513648666506}, {'epoch': 150, 'val_epe': 4.2975839938740155, 'val_d1': 25.601793103300068}, {'epoch': 155, 'val_epe': 4.391576272070608, 'val_d1': 27.156252921260542}, {'epoch': 160, 'val_epe': 4.311843542214015, 'val_d1': 26.150211082899865}, {'epoch': 165, 'val_epe': 4.167640799348647, 'val_d1': 24.73876543634365}, {'epoch': 170, 'val_epe': 4.07668548440487, 'val_d1': 23.919254478191682}, {'epoch': 175, 'val_epe': 4.148845004076169, 'val_d1': 24.11287697020556}, {'epoch': 180, 'val_epe': 4.209426514592032, 'val_d1': 24.704059517963806}, {'epoch': 185, 'val_epe': 4.1754228725265525, 'val_d1': 24.227847040380283}, {'epoch': 190, 'val_epe': 4.133075398533087, 'val_d1': 24.028959563844385}, {'epoch': 195, 'val_epe': 4.139565882768113, 'val_d1': 23.962126495013845}, {'epoch': 199, 'val_epe': 4.14117068002523, 'val_d1': 24.0063953444643}]
EXP-H2-SOFTARGMIN-SCALE [13:53:30] metric validation_epe_initial = 17.184743986364964
EXP-H2-SOFTARGMIN-SCALE [13:53:30] metric validation_epe_final = 4.14117068002523
EXP-H2-SOFTARGMIN-SCALE [13:53:30] metric validation_epe_best = 4.07668548440487
EXP-H2-SOFTARGMIN-SCALE [13:53:30] metric validation_epe_best_epoch = 170
EXP-H2-SOFTARGMIN-SCALE [13:53:30] metric validation_change = improved
EXP-H2-SOFTARGMIN-SCALE [13:53:30] metric loss_change = improved
EXP-H2-SOFTARGMIN-SCALE [13:53:30] metric non_finite_gradient_count = 0
EXP-H2-SOFTARGMIN-SCALE [13:53:30] note: Matching-path gradient exceeded 1e-12 on 16000/16000 batches (100.0%); it was exactly zero on 0 batches. Median matching-path norm 6.852, max 306.7.
EXP-H2-SOFTARGMIN-SCALE [13:53:30] note: Validation EPE went from 17.185 px to 4.141 px, so validation improved. The best recorded value was 4.077 px at epoch 170.
EXP-H2-SOFTARGMIN-SCALE [13:53:30] conclusion: Training loss went from 10.6352 to 0.8709, so the loss decreased. All 16000 gradient norms were finite, with a maximum of 308.036. Validation EPE went from 17.185 px to 4.141 px, so validation improved. The best recorded value was 4.077 px at epoch 170. A checkpoint was written. Primary endpoint: the matching path received gradient on 100.0% of batches (control EXP-H1-WORKING-v2 measured at 5/150 crops at convergence). Accuracy is secondary and must be read against the control, not against Phase 1 numbers.

recorded as EXP-H2-SOFTARGMIN-SCALE
EXP-H2-SOFTARGMIN-SCALE [13:53:30] status: completed
