EXP-BLOCKCOUNT-FULL-001-ARM-C-SEED1 [08:17:34] WARNING config fields not supplied: split, resolution, disparity_range
EXP-BLOCKCOUNT-FULL-001-ARM-C-SEED1 [08:17:34] note: A refinement stack trained at 4 residual blocks matches six-block H2 at the same budget, seed and recipe, and stays stereo-functional.
EXP-BLOCKCOUNT-FULL-001-ARM-C-SEED1 [08:17:34] note: 160 training scenes from random initialisation: a capacity result here does NOT transfer to a pretrained model. MACs are arithmetic, not latency (Phase 1 measured 0.67x-142x misprediction on this stack). One seed in stage 1; no significance test and none claimed.
EXP-BLOCKCOUNT-FULL-001-ARM-C-SEED1 [08:17:34] note: Stereo dependence is RECORDED at epochs 10 and 100 and JUDGED only at epoch 200 -- never gated before epoch 20, per EXP-H2-EMERGENCE-001.
EXP-BLOCKCOUNT-FULL-001-ARM-C-SEED1 [08:17:40] checkpoint epoch   0 (untrained)  val EPE 35.105  D1 97.62%
EXP-BLOCKCOUNT-FULL-001-ARM-C-SEED1 [08:18:06] epoch   0  loss  11.1878  grad    36.344  match 1.011e+01 (100%)  lr 1.00e-03  val EPE 16.032  D1 89.06%
EXP-BLOCKCOUNT-FULL-001-ARM-C-SEED1 [08:18:12] metric checkpoint_epoch_1 = {'epoch': 1, 'val_epe': 16.031864940965352, 'val_d1': 89.06086644453445, 'val_loss': 14.960662841796875, 'stage_stats': {'entropy': 1.8004883443343587, 'max_weight': 0.4404620863556586, 'median_top2_gap': 0.8251872301101685, 'initial_std': 0.5340063036019824, 'initial_mean': 8.866825833848722, 'initial_corr_gt': -0.04268727365444212, 'residual_mean_abs': 24.47969496435363, 'residual_corr_final': 0.9957281535592889, 'final_std': 5.146591219459225, 'final_corr_gt': 0.1603875770265253}, 'train_loss_of_previous_epoch': 11.187826424837112, 'grad': {'median_total': 36.34448051452637, 'max_total': 619.0032348632812, 'median_matching': 10.107272770115188, 'matching_present_fraction': 1.0}}
EXP-BLOCKCOUNT-FULL-001-ARM-C-SEED1 [08:18:36] epoch   1  loss  10.0158  grad    29.760  match 1.161e+01 (100%)  lr 1.00e-03  val EPE 18.946  D1 87.00%
EXP-BLOCKCOUNT-FULL-001-ARM-C-SEED1 [08:18:42] metric checkpoint_epoch_2 = {'epoch': 2, 'val_epe': 18.94565264092234, 'val_d1': 87.00300963707065, 'val_loss': 17.97695198059082, 'stage_stats': {'entropy': 2.005404218660749, 'max_weight': 0.298804957454913, 'median_top2_gap': 0.15341763496398925, 'initial_std': 1.3480009388018153, 'initial_mean': 7.6238789507247855, 'initial_corr_gt': 0.06955113832532842, 'residual_mean_abs': 16.020621065647557, 'residual_corr_final': 0.9862318883601174, 'final_std': 5.4171813212561, 'final_corr_gt': 0.22574671621356562}, 'train_loss_of_previous_epoch': 10.015813875198365, 'grad': {'median_total': 31.28873634338379, 'max_total': 619.0032348632812, 'median_matching': 10.599582924370711, 'matching_present_fraction': 1.0}}
EXP-BLOCKCOUNT-FULL-001-ARM-C-SEED1 [08:19:04] epoch   2  loss   9.5734  grad    35.648  match 1.497e+01 (100%)  lr 9.99e-04
EXP-BLOCKCOUNT-FULL-001-ARM-C-SEED1 [08:19:27] epoch   3  loss   9.4818  grad    41.685  match 1.833e+01 (100%)  lr 9.99e-04
EXP-BLOCKCOUNT-FULL-001-ARM-C-SEED1 [08:19:52] epoch   4  loss   8.5530  grad    38.125  match 1.437e+01 (100%)  lr 9.98e-04  val EPE 18.339  D1 89.08%
EXP-BLOCKCOUNT-FULL-001-ARM-C-SEED1 [08:19:57] metric checkpoint_epoch_5 = {'epoch': 5, 'val_epe': 18.33921959194064, 'val_d1': 89.0771986414191, 'val_loss': 17.57388868331909, 'stage_stats': {'entropy': 2.0071348070233777, 'max_weight': 0.29620074510556055, 'median_top2_gap': 0.12253189682960511, 'initial_std': 1.8680276394386854, 'initial_mean': 6.194741322266602, 'initial_corr_gt': 0.5160273358823739, 'residual_mean_abs': 14.493465811100668, 'residual_corr_final': 0.9962839171315201, 'final_std': 7.170087229698512, 'final_corr_gt': 0.5448980130438945}, 'train_loss_of_previous_epoch': 8.55299822986126, 'grad': {'median_total': 37.03874588012695, 'max_total': 619.0032348632812, 'median_matching': 13.575834760644081, 'matching_present_fraction': 1.0}}
EXP-BLOCKCOUNT-FULL-001-ARM-C-SEED1 [08:20:20] epoch   5  loss   8.8122  grad    40.424  match 1.231e+01 (100%)  lr 9.98e-04
EXP-BLOCKCOUNT-FULL-001-ARM-C-SEED1 [08:20:43] epoch   6  loss   8.2685  grad    34.581  match 1.198e+01 (100%)  lr 9.97e-04
EXP-BLOCKCOUNT-FULL-001-ARM-C-SEED1 [08:21:05] epoch   7  loss   8.8023  grad    33.087  match 1.421e+01 (100%)  lr 9.96e-04
EXP-BLOCKCOUNT-FULL-001-ARM-C-SEED1 [08:21:27] epoch   8  loss   8.1277  grad    30.873  match 1.188e+01 (100%)  lr 9.95e-04
EXP-BLOCKCOUNT-FULL-001-ARM-C-SEED1 [08:21:51] epoch   9  loss   7.2448  grad    31.194  match 1.499e+01 (100%)  lr 9.94e-04  val EPE 18.365  D1 88.28%
EXP-BLOCKCOUNT-FULL-001-ARM-C-SEED1 [08:21:56] metric checkpoint_epoch_10 = {'epoch': 10, 'val_epe': 18.36530086611511, 'val_d1': 88.2830455679038, 'val_loss': 17.527426624298094, 'stage_stats': {'entropy': 2.06696297639979, 'max_weight': 0.26751844765382854, 'median_top2_gap': 0.1398353397846222, 'initial_std': 1.9768013401575153, 'initial_mean': 5.445246237443202, 'initial_corr_gt': 0.43604517151070715, 'residual_mean_abs': 15.867467585653813, 'residual_corr_final': 0.9987072252914905, 'final_std': 8.117227940656726, 'final_corr_gt': 0.44868934958572265}, 'train_loss_of_previous_epoch': 7.2447666227817535, 'grad': {'median_total': 35.18509864807129, 'max_total': 619.0032348632812, 'median_matching': 13.442584682089151, 'matching_present_fraction': 1.0}}
EXP-BLOCKCOUNT-FULL-001-ARM-C-SEED1 [08:21:59] metric stereo_ablation_epoch_10 = [{'scene': '000187_10.png', 'baseline': {'epe': 9.692145584786156, 'd1': 79.64099038922971}, 'softmax_entropy': 2.069664887643248, 'right_black': {'epe': 12.752966246068903, 'd1': 86.18694958560849, 'd1_penalty': 6.545959196378774, 'mean_abs_change_px': 4.823229212908654}, 'right_noise': {'epe': 13.092206473622708, 'd1': 85.72521757175653, 'd1_penalty': 6.084227182526817, 'mean_abs_change_px': 5.531751164412394}, 'right_equals_left': {'epe': 10.00799348420793, 'd1': 79.85369839561095, 'd1_penalty': 0.21270800638123433, 'mean_abs_change_px': 1.0828932495435404}, 'initial_constant_mean': {'epe': 13.93249563790424, 'd1': 80.86276442588294, 'd1_penalty': 1.2217740366532297, 'mean_abs_change_px': 6.583743104629138}, 'initial_shuffled': {'epe': 14.199014201498027, 'd1': 83.90033851701016, 'd1_penalty': 4.2593481277804415, 'mean_abs_change_px': 6.908568178147355}}, {'scene': '000160_10.png', 'baseline': {'epe': 11.2570910678663, 'd1': 84.85135863597341}, 'softmax_entropy': 2.0554446529724273, 'right_black': {'epe': 14.230306375442497, 'd1': 88.49102561542915, 'd1_penalty': 3.6396669794557397, 'mean_abs_change_px': 5.0714398034664745}, 'right_noise': {'epe': 14.358846567732263, 'd1': 87.7253578772935, 'd1_penalty': 2.8739992413200923, 'mean_abs_change_px': 5.415805444335917}, 'right_equals_left': {'epe': 11.64148298471242, 'd1': 85.44133208217701, 'd1_penalty': 0.5899734462036008, 'mean_abs_change_px': 0.9434453788808195}, 'initial_constant_mean': {'epe': 14.700753298951444, 'd1': 88.68967995687504, 'd1_penalty': 3.8383213209016276, 'mean_abs_change_px': 6.462857199435237}, 'initial_shuffled': {'epe': 14.815762561901332, 'd1': 87.38095713458583, 'd1_penalty': 2.5295984986124154, 'mean_abs_change_px': 6.780399859199781}}, {'scene': '000191_10.png', 'baseline': {'epe': 12.236323789836456, 'd1': 88.21707530756036}, 'softmax_entropy': 2.0963810287786555, 'right_black': {'epe': 13.515490949066377, 'd1': 80.75542009600079, 'd1_penalty': -7.461655211559574, 'mean_abs_change_px': 4.414936730644983}, 'right_noise': {'epe': 14.115094304365734, 'd1': 85.78867486827654, 'd1_penalty': -2.42840043928382, 'mean_abs_change_px': 4.855109932664666}, 'right_equals_left': {'epe': 12.536527413432607, 'd1': 88.77975345812614, 'd1_penalty': 0.5626781505657732, 'mean_abs_change_px': 0.7616983779039779}, 'initial_constant_mean': {'epe': 14.385223675429636, 'd1': 85.15812983551537, 'd1_penalty': -3.0589454720449964, 'mean_abs_change_px': 6.076659004075136}, 'initial_shuffled': {'epe': 14.502584511035096, 'd1': 84.69169926333583, 'd1_penalty': -3.5253760442245294, 'mean_abs_change_px': 6.354336966493839}}, {'scene': '000166_10.png', 'baseline': {'epe': 13.147865722686957, 'd1': 84.86951137336321}, 'softmax_entropy': 2.1118253143263384, 'right_black': {'epe': 15.51025300637824, 'd1': 88.12489755777742, 'd1_penalty': 3.2553861844142062, 'mean_abs_change_px': 4.110252433622131}, 'right_noise': {'epe': 18.014936015398767, 'd1': 91.7017246717296, 'd1_penalty': 6.8322132983663835, 'mean_abs_change_px': 6.034821780484731}, 'right_equals_left': {'epe': 13.85498423632715, 'd1': 87.00941557850261, 'd1_penalty': 2.139904205139402, 'mean_abs_change_px': 1.1604059106575138}, 'initial_constant_mean': {'epe': 15.525598133625714, 'd1': 90.91678959733377, 'd1_penalty': 6.047278223970565, 'mean_abs_change_px': 5.592345301426825}, 'initial_shuffled': {'epe': 15.60745178267831, 'd1': 90.39501721029339, 'd1_penalty': 5.525505836930179, 'mean_abs_change_px': 5.9002171014007}}]
EXP-BLOCKCOUNT-FULL-001-ARM-C-SEED1 [08:21:59] metric gate_epoch_10 = {'val_epe_start': 35.1054403688363, 'val_epe_at_gate': 18.36530086611511, 'val_epe_improvement': 16.74013950272119, 'learning': True, 'matching_gradient_fraction': 1.0, 'matching_gradient': True, 'right_image_d1_penalty': -7.461655211559574, 'matching_map_d1_penalty': -3.5253760442245294, 'stereo_dependence_at_this_epoch': False, 'stereo_dependence_enforced': False, 'PASS': True}
EXP-BLOCKCOUNT-FULL-001-ARM-C-SEED1 [08:21:59] GATE at epoch 10: PASS
EXP-BLOCKCOUNT-FULL-001-ARM-C-SEED1 [08:22:21] epoch  10  loss   7.9421  grad    27.201  match 1.240e+01 (100%)  lr 9.93e-04
EXP-BLOCKCOUNT-FULL-001-ARM-C-SEED1 [08:22:43] epoch  11  loss   7.9250  grad    30.704  match 1.516e+01 (100%)  lr 9.91e-04
EXP-BLOCKCOUNT-FULL-001-ARM-C-SEED1 [08:23:05] epoch  12  loss   7.3420  grad    35.465  match 1.491e+01 (100%)  lr 9.90e-04
EXP-BLOCKCOUNT-FULL-001-ARM-C-SEED1 [08:23:28] epoch  13  loss   7.1696  grad    30.039  match 1.543e+01 (100%)  lr 9.88e-04
EXP-BLOCKCOUNT-FULL-001-ARM-C-SEED1 [08:23:51] epoch  14  loss   7.0749  grad    30.920  match 1.459e+01 (100%)  lr 9.86e-04  val EPE 17.966  D1 89.31%
EXP-BLOCKCOUNT-FULL-001-ARM-C-SEED1 [08:24:14] epoch  15  loss   6.6238  grad    30.266  match 1.555e+01 (100%)  lr 9.84e-04
EXP-BLOCKCOUNT-FULL-001-ARM-C-SEED1 [08:24:36] epoch  16  loss   6.6106  grad    29.995  match 1.470e+01 (100%)  lr 9.82e-04
EXP-BLOCKCOUNT-FULL-001-ARM-C-SEED1 [08:24:58] epoch  17  loss   6.3524  grad    30.691  match 1.639e+01 (100%)  lr 9.80e-04
EXP-BLOCKCOUNT-FULL-001-ARM-C-SEED1 [08:25:20] epoch  18  loss   6.1748  grad    31.070  match 1.471e+01 (100%)  lr 9.78e-04
EXP-BLOCKCOUNT-FULL-001-ARM-C-SEED1 [08:25:44] epoch  19  loss   5.9612  grad    29.618  match 1.488e+01 (100%)  lr 9.76e-04  val EPE 12.079  D1 78.74%
EXP-BLOCKCOUNT-FULL-001-ARM-C-SEED1 [08:25:49] metric checkpoint_epoch_20 = {'epoch': 20, 'val_epe': 12.078822974549746, 'val_d1': 78.73558710487097, 'val_loss': 11.210457706451416, 'stage_stats': {'entropy': 1.9226639742010891, 'max_weight': 0.37192667683647507, 'median_top2_gap': 0.5423000693321228, 'initial_std': 1.908971662874371, 'initial_mean': 4.028218810834234, 'initial_corr_gt': 0.638925766816332, 'residual_mean_abs': 21.51177112624209, 'residual_corr_final': 0.9997265634826636, 'final_std': 12.161630147241343, 'final_corr_gt': 0.652798533820626}, 'train_loss_of_previous_epoch': 5.961229395866394, 'grad': {'median_total': 32.26473808288574, 'max_total': 619.0032348632812, 'median_matching': 14.249225743693842, 'matching_present_fraction': 1.0}}
EXP-BLOCKCOUNT-FULL-001-ARM-C-SEED1 [08:26:12] epoch  20  loss   5.3136  grad    27.401  match 1.383e+01 (100%)  lr 9.73e-04
EXP-BLOCKCOUNT-FULL-001-ARM-C-SEED1 [08:26:34] epoch  21  loss   5.5399  grad    26.923  match 1.348e+01 (100%)  lr 9.70e-04
EXP-BLOCKCOUNT-FULL-001-ARM-C-SEED1 [08:26:56] epoch  22  loss   5.0603  grad    30.829  match 1.432e+01 (100%)  lr 9.68e-04
EXP-BLOCKCOUNT-FULL-001-ARM-C-SEED1 [08:27:19] epoch  23  loss   5.0098  grad    26.478  match 1.367e+01 (100%)  lr 9.65e-04
EXP-BLOCKCOUNT-FULL-001-ARM-C-SEED1 [08:27:43] epoch  24  loss   4.7272  grad    30.714  match 1.394e+01 (100%)  lr 9.62e-04  val EPE 11.755  D1 76.04%
EXP-BLOCKCOUNT-FULL-001-ARM-C-SEED1 [08:28:06] epoch  25  loss   4.8198  grad    25.813  match 1.299e+01 (100%)  lr 9.59e-04
EXP-BLOCKCOUNT-FULL-001-ARM-C-SEED1 [08:28:29] epoch  26  loss   4.5438  grad    23.788  match 1.102e+01 (100%)  lr 9.56e-04
EXP-BLOCKCOUNT-FULL-001-ARM-C-SEED1 [08:28:52] epoch  27  loss   4.1353  grad    24.328  match 1.079e+01 (100%)  lr 9.52e-04
EXP-BLOCKCOUNT-FULL-001-ARM-C-SEED1 [08:29:16] epoch  28  loss   3.9249  grad    20.945  match 9.460e+00 (100%)  lr 9.49e-04
EXP-BLOCKCOUNT-FULL-001-ARM-C-SEED1 [08:29:41] epoch  29  loss   3.9559  grad    28.250  match 1.208e+01 (100%)  lr 9.46e-04  val EPE 8.791  D1 64.47%
EXP-BLOCKCOUNT-FULL-001-ARM-C-SEED1 [08:30:04] epoch  30  loss   3.8175  grad    22.136  match 1.032e+01 (100%)  lr 9.42e-04
EXP-BLOCKCOUNT-FULL-001-ARM-C-SEED1 [08:30:27] epoch  31  loss   3.5261  grad    21.930  match 9.975e+00 (100%)  lr 9.38e-04
EXP-BLOCKCOUNT-FULL-001-ARM-C-SEED1 [08:30:50] epoch  32  loss   3.5824  grad    20.452  match 1.006e+01 (100%)  lr 9.34e-04
EXP-BLOCKCOUNT-FULL-001-ARM-C-SEED1 [08:31:14] epoch  33  loss   3.5157  grad    25.830  match 9.912e+00 (100%)  lr 9.30e-04
EXP-BLOCKCOUNT-FULL-001-ARM-C-SEED1 [08:31:39] epoch  34  loss   3.6668  grad    28.370  match 1.114e+01 (100%)  lr 9.26e-04  val EPE 7.905  D1 57.09%
EXP-BLOCKCOUNT-FULL-001-ARM-C-SEED1 [08:32:02] epoch  35  loss   3.4412  grad    25.950  match 1.103e+01 (100%)  lr 9.22e-04
EXP-BLOCKCOUNT-FULL-001-ARM-C-SEED1 [08:32:25] epoch  36  loss   3.5073  grad    25.878  match 9.511e+00 (100%)  lr 9.18e-04
EXP-BLOCKCOUNT-FULL-001-ARM-C-SEED1 [08:32:48] epoch  37  loss   3.2699  grad    25.138  match 9.696e+00 (100%)  lr 9.14e-04
EXP-BLOCKCOUNT-FULL-001-ARM-C-SEED1 [08:33:11] epoch  38  loss   3.1990  grad    25.079  match 9.874e+00 (100%)  lr 9.09e-04
EXP-BLOCKCOUNT-FULL-001-ARM-C-SEED1 [08:33:35] epoch  39  loss   3.0919  grad    21.885  match 8.145e+00 (100%)  lr 9.05e-04  val EPE 7.866  D1 55.92%
EXP-BLOCKCOUNT-FULL-001-ARM-C-SEED1 [08:33:58] epoch  40  loss   3.0007  grad    21.758  match 8.274e+00 (100%)  lr 9.00e-04
EXP-BLOCKCOUNT-FULL-001-ARM-C-SEED1 [08:34:21] epoch  41  loss   3.0021  grad    20.382  match 9.468e+00 (100%)  lr 8.95e-04
EXP-BLOCKCOUNT-FULL-001-ARM-C-SEED1 [08:34:43] epoch  42  loss   3.0320  grad    21.401  match 8.807e+00 (100%)  lr 8.90e-04
EXP-BLOCKCOUNT-FULL-001-ARM-C-SEED1 [08:35:06] epoch  43  loss   2.6266  grad    24.278  match 9.687e+00 (100%)  lr 8.85e-04
EXP-BLOCKCOUNT-FULL-001-ARM-C-SEED1 [08:35:30] epoch  44  loss   2.7464  grad    21.719  match 8.557e+00 (100%)  lr 8.80e-04  val EPE 7.540  D1 53.35%
EXP-BLOCKCOUNT-FULL-001-ARM-C-SEED1 [08:35:53] epoch  45  loss   3.1245  grad    23.211  match 9.497e+00 (100%)  lr 8.75e-04
EXP-BLOCKCOUNT-FULL-001-ARM-C-SEED1 [08:36:16] epoch  46  loss   2.6835  grad    16.591  match 8.116e+00 (100%)  lr 8.70e-04
EXP-BLOCKCOUNT-FULL-001-ARM-C-SEED1 [08:36:39] epoch  47  loss   2.8731  grad    22.229  match 9.095e+00 (100%)  lr 8.64e-04
EXP-BLOCKCOUNT-FULL-001-ARM-C-SEED1 [08:37:02] epoch  48  loss   2.6835  grad    22.058  match 8.982e+00 (100%)  lr 8.59e-04
EXP-BLOCKCOUNT-FULL-001-ARM-C-SEED1 [08:37:26] epoch  49  loss   2.8453  grad    22.062  match 8.733e+00 (100%)  lr 8.54e-04  val EPE 6.742  D1 46.39%
EXP-BLOCKCOUNT-FULL-001-ARM-C-SEED1 [08:37:31] metric checkpoint_epoch_50 = {'epoch': 50, 'val_epe': 6.742134484915235, 'val_d1': 46.390208418173, 'val_loss': 6.0709915399551395, 'stage_stats': {'entropy': 1.78310949826664, 'max_weight': 0.4447829035470445, 'median_top2_gap': 0.9281789302825928, 'initial_std': 1.8263352291570218, 'initial_mean': 3.5595453154032746, 'initial_corr_gt': 0.8014281879536789, 'residual_mean_abs': 26.292459151825227, 'residual_corr_final': 0.99991195967271, 'final_std': 17.092303452111924, 'final_corr_gt': 0.809485232123224}, 'train_loss_of_previous_epoch': 2.845298503339291, 'grad': {'median_total': 26.971378326416016, 'max_total': 619.0032348632812, 'median_matching': 11.357538575431832, 'matching_present_fraction': 1.0}}
EXP-BLOCKCOUNT-FULL-001-ARM-C-SEED1 [08:37:54] epoch  50  loss   2.7180  grad    26.338  match 9.789e+00 (100%)  lr 8.48e-04
EXP-BLOCKCOUNT-FULL-001-ARM-C-SEED1 [08:38:17] epoch  51  loss   2.6586  grad    20.708  match 8.387e+00 (100%)  lr 8.42e-04
EXP-BLOCKCOUNT-FULL-001-ARM-C-SEED1 [08:38:40] epoch  52  loss   2.5853  grad    23.468  match 8.644e+00 (100%)  lr 8.37e-04
EXP-BLOCKCOUNT-FULL-001-ARM-C-SEED1 [08:39:03] epoch  53  loss   2.5117  grad    22.637  match 9.280e+00 (100%)  lr 8.31e-04
EXP-BLOCKCOUNT-FULL-001-ARM-C-SEED1 [08:39:27] epoch  54  loss   2.7025  grad    24.938  match 9.761e+00 (100%)  lr 8.25e-04  val EPE 6.354  D1 51.63%
EXP-BLOCKCOUNT-FULL-001-ARM-C-SEED1 [08:39:50] epoch  55  loss   2.5466  grad    22.022  match 9.012e+00 (100%)  lr 8.19e-04
EXP-BLOCKCOUNT-FULL-001-ARM-C-SEED1 [08:40:12] epoch  56  loss   2.7062  grad    21.282  match 9.284e+00 (100%)  lr 8.13e-04
EXP-BLOCKCOUNT-FULL-001-ARM-C-SEED1 [08:40:35] epoch  57  loss   2.3721  grad    27.302  match 1.014e+01 (100%)  lr 8.06e-04
EXP-BLOCKCOUNT-FULL-001-ARM-C-SEED1 [08:40:58] epoch  58  loss   2.2911  grad    23.257  match 8.699e+00 (100%)  lr 8.00e-04
EXP-BLOCKCOUNT-FULL-001-ARM-C-SEED1 [08:41:22] epoch  59  loss   2.2911  grad    16.739  match 7.498e+00 (100%)  lr 7.94e-04  val EPE 5.961  D1 42.34%
EXP-BLOCKCOUNT-FULL-001-ARM-C-SEED1 [08:41:45] epoch  60  loss   2.3113  grad    22.267  match 9.117e+00 (100%)  lr 7.88e-04
EXP-BLOCKCOUNT-FULL-001-ARM-C-SEED1 [08:42:08] epoch  61  loss   2.2388  grad    22.727  match 8.635e+00 (100%)  lr 7.81e-04
EXP-BLOCKCOUNT-FULL-001-ARM-C-SEED1 [08:42:30] epoch  62  loss   2.5110  grad    22.191  match 8.754e+00 (100%)  lr 7.75e-04
EXP-BLOCKCOUNT-FULL-001-ARM-C-SEED1 [08:42:53] epoch  63  loss   2.2064  grad    20.172  match 8.000e+00 (100%)  lr 7.68e-04
EXP-BLOCKCOUNT-FULL-001-ARM-C-SEED1 [08:43:17] epoch  64  loss   2.2065  grad    18.530  match 7.237e+00 (100%)  lr 7.61e-04  val EPE 6.486  D1 50.38%
EXP-BLOCKCOUNT-FULL-001-ARM-C-SEED1 [08:43:40] epoch  65  loss   2.0857  grad    22.389  match 7.836e+00 (100%)  lr 7.55e-04
EXP-BLOCKCOUNT-FULL-001-ARM-C-SEED1 [08:44:03] epoch  66  loss   1.9348  grad    18.659  match 7.385e+00 (100%)  lr 7.48e-04
EXP-BLOCKCOUNT-FULL-001-ARM-C-SEED1 [08:44:25] epoch  67  loss   2.0458  grad    23.689  match 8.766e+00 (100%)  lr 7.41e-04
EXP-BLOCKCOUNT-FULL-001-ARM-C-SEED1 [08:44:48] epoch  68  loss   2.0488  grad    19.700  match 7.956e+00 (100%)  lr 7.34e-04
EXP-BLOCKCOUNT-FULL-001-ARM-C-SEED1 [08:45:12] epoch  69  loss   2.0470  grad    22.365  match 8.386e+00 (100%)  lr 7.27e-04  val EPE 6.064  D1 42.41%
EXP-BLOCKCOUNT-FULL-001-ARM-C-SEED1 [08:45:35] epoch  70  loss   2.0044  grad    22.010  match 8.066e+00 (100%)  lr 7.20e-04
EXP-BLOCKCOUNT-FULL-001-ARM-C-SEED1 [08:45:58] epoch  71  loss   2.1424  grad    21.813  match 7.889e+00 (100%)  lr 7.13e-04
EXP-BLOCKCOUNT-FULL-001-ARM-C-SEED1 [08:46:21] epoch  72  loss   2.0100  grad    19.297  match 7.435e+00 (100%)  lr 7.06e-04
EXP-BLOCKCOUNT-FULL-001-ARM-C-SEED1 [08:46:44] epoch  73  loss   2.0075  grad    22.816  match 8.980e+00 (100%)  lr 6.99e-04
EXP-BLOCKCOUNT-FULL-001-ARM-C-SEED1 [08:47:08] epoch  74  loss   1.9553  grad    19.482  match 7.546e+00 (100%)  lr 6.91e-04  val EPE 5.452  D1 35.78%
EXP-BLOCKCOUNT-FULL-001-ARM-C-SEED1 [08:47:31] epoch  75  loss   2.0843  grad    25.032  match 9.010e+00 (100%)  lr 6.84e-04
EXP-BLOCKCOUNT-FULL-001-ARM-C-SEED1 [08:47:54] epoch  76  loss   2.0433  grad    21.404  match 7.638e+00 (100%)  lr 6.77e-04
EXP-BLOCKCOUNT-FULL-001-ARM-C-SEED1 [08:48:16] epoch  77  loss   1.9701  grad    21.643  match 8.073e+00 (100%)  lr 6.69e-04
EXP-BLOCKCOUNT-FULL-001-ARM-C-SEED1 [08:48:39] epoch  78  loss   2.0159  grad    20.773  match 7.807e+00 (100%)  lr 6.62e-04
EXP-BLOCKCOUNT-FULL-001-ARM-C-SEED1 [08:49:03] epoch  79  loss   1.9912  grad    23.543  match 7.287e+00 (100%)  lr 6.55e-04  val EPE 5.330  D1 35.14%
EXP-BLOCKCOUNT-FULL-001-ARM-C-SEED1 [08:49:26] epoch  80  loss   1.9190  grad    17.810  match 6.697e+00 (100%)  lr 6.47e-04
EXP-BLOCKCOUNT-FULL-001-ARM-C-SEED1 [08:49:49] epoch  81  loss   1.9187  grad    22.820  match 8.096e+00 (100%)  lr 6.39e-04
EXP-BLOCKCOUNT-FULL-001-ARM-C-SEED1 [08:50:12] epoch  82  loss   2.1067  grad    26.007  match 9.023e+00 (100%)  lr 6.32e-04
EXP-BLOCKCOUNT-FULL-001-ARM-C-SEED1 [08:50:34] epoch  83  loss   1.9343  grad    18.825  match 7.474e+00 (100%)  lr 6.24e-04
EXP-BLOCKCOUNT-FULL-001-ARM-C-SEED1 [08:50:59] epoch  84  loss   1.8984  grad    19.742  match 7.317e+00 (100%)  lr 6.17e-04  val EPE 5.328  D1 39.97%
EXP-BLOCKCOUNT-FULL-001-ARM-C-SEED1 [08:51:21] epoch  85  loss   1.8289  grad    25.369  match 8.743e+00 (100%)  lr 6.09e-04
EXP-BLOCKCOUNT-FULL-001-ARM-C-SEED1 [08:51:44] epoch  86  loss   1.8419  grad    16.340  match 6.508e+00 (100%)  lr 6.01e-04
EXP-BLOCKCOUNT-FULL-001-ARM-C-SEED1 [08:52:07] epoch  87  loss   1.7277  grad    21.718  match 7.285e+00 (100%)  lr 5.94e-04
EXP-BLOCKCOUNT-FULL-001-ARM-C-SEED1 [08:52:30] epoch  88  loss   1.7204  grad    18.794  match 6.580e+00 (100%)  lr 5.86e-04
EXP-BLOCKCOUNT-FULL-001-ARM-C-SEED1 [08:52:54] epoch  89  loss   1.7438  grad    18.750  match 6.904e+00 (100%)  lr 5.78e-04  val EPE 4.979  D1 35.39%
EXP-BLOCKCOUNT-FULL-001-ARM-C-SEED1 [08:53:17] epoch  90  loss   1.6015  grad    23.938  match 7.827e+00 (100%)  lr 5.70e-04
EXP-BLOCKCOUNT-FULL-001-ARM-C-SEED1 [08:53:39] epoch  91  loss   1.7818  grad    19.479  match 7.576e+00 (100%)  lr 5.63e-04
EXP-BLOCKCOUNT-FULL-001-ARM-C-SEED1 [08:54:02] epoch  92  loss   1.7481  grad    22.743  match 8.048e+00 (100%)  lr 5.55e-04
EXP-BLOCKCOUNT-FULL-001-ARM-C-SEED1 [08:54:25] epoch  93  loss   1.7217  grad    15.406  match 6.507e+00 (100%)  lr 5.47e-04
EXP-BLOCKCOUNT-FULL-001-ARM-C-SEED1 [08:54:49] epoch  94  loss   1.6883  grad    19.737  match 6.789e+00 (100%)  lr 5.39e-04  val EPE 4.701  D1 33.41%
EXP-BLOCKCOUNT-FULL-001-ARM-C-SEED1 [08:55:12] epoch  95  loss   1.5142  grad    15.203  match 5.845e+00 (100%)  lr 5.31e-04
EXP-BLOCKCOUNT-FULL-001-ARM-C-SEED1 [08:55:35] epoch  96  loss   1.6399  grad    20.008  match 6.472e+00 (100%)  lr 5.24e-04
EXP-BLOCKCOUNT-FULL-001-ARM-C-SEED1 [08:55:58] epoch  97  loss   1.5166  grad    20.582  match 7.303e+00 (100%)  lr 5.16e-04
EXP-BLOCKCOUNT-FULL-001-ARM-C-SEED1 [08:56:20] epoch  98  loss   1.6047  grad    21.579  match 7.256e+00 (100%)  lr 5.08e-04
EXP-BLOCKCOUNT-FULL-001-ARM-C-SEED1 [08:56:45] epoch  99  loss   1.6219  grad    16.965  match 6.838e+00 (100%)  lr 5.00e-04  val EPE 5.128  D1 34.45%
EXP-BLOCKCOUNT-FULL-001-ARM-C-SEED1 [08:56:50] metric checkpoint_epoch_100 = {'epoch': 100, 'val_epe': 5.1281793415721575, 'val_d1': 34.45427360942625, 'val_loss': 4.57363508939743, 'stage_stats': {'entropy': 1.822018436018065, 'max_weight': 0.42896967051522916, 'median_top2_gap': 0.8705217361450195, 'initial_std': 1.702266236101431, 'initial_mean': 3.4858877785685025, 'initial_corr_gt': 0.8627311146831167, 'residual_mean_abs': 26.862718753607755, 'residual_corr_final': 0.9999419810753668, 'final_std': 17.71576580528687, 'final_corr_gt': 0.8734251962216615}, 'train_loss_of_previous_epoch': 1.621923093497753, 'grad': {'median_total': 23.667165756225586, 'max_total': 619.0032348632812, 'median_matching': 9.373958940414585, 'matching_present_fraction': 1.0}}
EXP-BLOCKCOUNT-FULL-001-ARM-C-SEED1 [08:56:52] metric stereo_ablation_epoch_100 = [{'scene': '000187_10.png', 'baseline': {'epe': 1.6813771844156054, 'd1': 16.174887485246625}, 'softmax_entropy': 1.7495729863666567, 'right_black': {'epe': 24.72991133786966, 'd1': 94.79643584389308, 'd1_penalty': 78.62154835864645, 'mean_abs_change_px': 27.769551842165285}, 'right_noise': {'epe': 25.673859761590954, 'd1': 96.07657488229725, 'd1_penalty': 79.90168739705062, 'mean_abs_change_px': 26.83105853958111}, 'right_equals_left': {'epe': 22.28815038350675, 'd1': 92.8405597852168, 'd1_penalty': 76.66567229997017, 'mean_abs_change_px': 15.463179841131195}, 'initial_constant_mean': {'epe': 12.85724507663824, 'd1': 83.05339749160193, 'd1_penalty': 66.8785100063553, 'mean_abs_change_px': 12.865590025466787}, 'initial_shuffled': {'epe': 13.048946856654583, 'd1': 84.17270852518126, 'd1_penalty': 67.99782103993464, 'mean_abs_change_px': 12.976828700100308}}, {'scene': '000160_10.png', 'baseline': {'epe': 1.8191202042818588, 'd1': 15.775550542056822}, 'softmax_entropy': 1.7576114199635107, 'right_black': {'epe': 27.611310122057695, 'd1': 96.23654840577396, 'd1_penalty': 80.46099786371714, 'mean_abs_change_px': 30.69629218860123}, 'right_noise': {'epe': 27.78261294311521, 'd1': 96.0558627987302, 'd1_penalty': 80.28031225667338, 'mean_abs_change_px': 29.849718323052098}, 'right_equals_left': {'epe': 23.491031051983953, 'd1': 92.24549284245413, 'd1_penalty': 76.4699423003973, 'mean_abs_change_px': 16.31117981780985}, 'initial_constant_mean': {'epe': 13.487571354922634, 'd1': 86.90378740990677, 'd1_penalty': 71.12823686784995, 'mean_abs_change_px': 13.697166820919696}, 'initial_shuffled': {'epe': 13.693743408691397, 'd1': 86.29085391418931, 'd1_penalty': 70.5153033721325, 'mean_abs_change_px': 13.754400907819518}}, {'scene': '000191_10.png', 'baseline': {'epe': 1.7583244221374141, 'd1': 15.854937624165547}, 'softmax_entropy': 1.6759804583867663, 'right_black': {'epe': 26.74412632829923, 'd1': 96.67822460236177, 'd1_penalty': 80.82328697819622, 'mean_abs_change_px': 32.82046086515628}, 'right_noise': {'epe': 25.897024489103973, 'd1': 95.31841907182785, 'd1_penalty': 79.4634814476623, 'mean_abs_change_px': 28.587073326936462}, 'right_equals_left': {'epe': 24.06872849353152, 'd1': 96.34752779457312, 'd1_penalty': 80.49259017040758, 'mean_abs_change_px': 15.65137155862911}, 'initial_constant_mean': {'epe': 13.379942139065767, 'd1': 85.5640971853753, 'd1_penalty': 69.70915956120976, 'mean_abs_change_px': 14.12902808674984}, 'initial_shuffled': {'epe': 13.542891071419984, 'd1': 85.84913809059613, 'd1_penalty': 69.99420046643058, 'mean_abs_change_px': 14.239435665751163}}, {'scene': '000166_10.png', 'baseline': {'epe': 2.2477600218574145, 'd1': 21.88621173213863}, 'softmax_entropy': 1.7929970680721896, 'right_black': {'epe': 23.337672932220187, 'd1': 92.61050101076326, 'd1_penalty': 70.72428927862462, 'mean_abs_change_px': 24.56263054621194}, 'right_noise': {'epe': 23.1479559051517, 'd1': 91.7017246717296, 'd1_penalty': 69.81551293959096, 'mean_abs_change_px': 22.668115910643817}, 'right_equals_left': {'epe': 25.455163305450856, 'd1': 95.52077072975287, 'd1_penalty': 73.63455899761423, 'mean_abs_change_px': 20.869698192331075}, 'initial_constant_mean': {'epe': 11.081022619769076, 'd1': 81.02405798685098, 'd1_penalty': 59.13784625471234, 'mean_abs_change_px': 12.262052006801282}, 'initial_shuffled': {'epe': 11.330614508159016, 'd1': 81.82083082919011, 'd1_penalty': 59.93461909705148, 'mean_abs_change_px': 12.457691349777514}}]
EXP-BLOCKCOUNT-FULL-001-ARM-C-SEED1 [08:56:52] metric collapse_check_epoch_100 = {'epoch': 100, 'val_epe_at_epoch_10': 18.36530086611511, 'val_epe_now': 5.1281793415721575, 'no_regression_vs_epoch_10': True, 'matching_gradient_fraction': 1.0, 'matching_gradient': True, 'final_disparity_std': 17.71576580528687, 'not_collapsed': True, 'softmax_entropy': 1.822018436018065, 'entropy_ok': True, 'PASS': True}
EXP-BLOCKCOUNT-FULL-001-ARM-C-SEED1 [08:56:52] COLLAPSE CHECK at epoch 100: PASS
EXP-BLOCKCOUNT-FULL-001-ARM-C-SEED1 [08:57:15] epoch 100  loss   1.5641  grad    22.041  match 7.312e+00 (100%)  lr 4.92e-04
EXP-BLOCKCOUNT-FULL-001-ARM-C-SEED1 [08:57:38] epoch 101  loss   1.6734  grad    18.342  match 7.144e+00 (100%)  lr 4.84e-04
EXP-BLOCKCOUNT-FULL-001-ARM-C-SEED1 [08:58:01] epoch 102  loss   1.5178  grad    21.706  match 7.112e+00 (100%)  lr 4.76e-04
EXP-BLOCKCOUNT-FULL-001-ARM-C-SEED1 [08:58:24] epoch 103  loss   1.6446  grad    24.809  match 8.096e+00 (100%)  lr 4.69e-04
EXP-BLOCKCOUNT-FULL-001-ARM-C-SEED1 [08:58:48] epoch 104  loss   1.4468  grad    19.767  match 6.711e+00 (100%)  lr 4.61e-04  val EPE 5.160  D1 36.20%
EXP-BLOCKCOUNT-FULL-001-ARM-C-SEED1 [08:59:11] epoch 105  loss   1.6906  grad    23.954  match 7.790e+00 (100%)  lr 4.53e-04
EXP-BLOCKCOUNT-FULL-001-ARM-C-SEED1 [08:59:33] epoch 106  loss   1.6217  grad    19.901  match 6.391e+00 (100%)  lr 4.45e-04
EXP-BLOCKCOUNT-FULL-001-ARM-C-SEED1 [08:59:56] epoch 107  loss   1.4805  grad    22.745  match 7.068e+00 (100%)  lr 4.37e-04
EXP-BLOCKCOUNT-FULL-001-ARM-C-SEED1 [09:00:19] epoch 108  loss   1.5095  grad    21.377  match 7.486e+00 (100%)  lr 4.30e-04
EXP-BLOCKCOUNT-FULL-001-ARM-C-SEED1 [09:00:43] epoch 109  loss   1.4289  grad    20.677  match 6.393e+00 (100%)  lr 4.22e-04  val EPE 5.251  D1 36.74%
EXP-BLOCKCOUNT-FULL-001-ARM-C-SEED1 [09:01:06] epoch 110  loss   1.4232  grad    15.647  match 6.013e+00 (100%)  lr 4.14e-04
EXP-BLOCKCOUNT-FULL-001-ARM-C-SEED1 [09:01:29] epoch 111  loss   1.5305  grad    18.483  match 7.117e+00 (100%)  lr 4.06e-04
EXP-BLOCKCOUNT-FULL-001-ARM-C-SEED1 [09:01:51] epoch 112  loss   1.5769  grad    22.582  match 6.901e+00 (100%)  lr 3.99e-04
EXP-BLOCKCOUNT-FULL-001-ARM-C-SEED1 [09:02:14] epoch 113  loss   1.5887  grad    17.778  match 6.170e+00 (100%)  lr 3.91e-04
EXP-BLOCKCOUNT-FULL-001-ARM-C-SEED1 [09:02:38] epoch 114  loss   1.4359  grad    17.265  match 6.004e+00 (100%)  lr 3.83e-04  val EPE 4.800  D1 35.99%
EXP-BLOCKCOUNT-FULL-001-ARM-C-SEED1 [09:03:01] epoch 115  loss   1.3867  grad    15.684  match 5.758e+00 (100%)  lr 3.76e-04
EXP-BLOCKCOUNT-FULL-001-ARM-C-SEED1 [09:03:24] epoch 116  loss   1.3701  grad    17.480  match 6.183e+00 (100%)  lr 3.68e-04
EXP-BLOCKCOUNT-FULL-001-ARM-C-SEED1 [09:03:46] epoch 117  loss   1.4619  grad    19.366  match 6.892e+00 (100%)  lr 3.61e-04
EXP-BLOCKCOUNT-FULL-001-ARM-C-SEED1 [09:04:09] epoch 118  loss   1.4494  grad    18.683  match 6.364e+00 (100%)  lr 3.53e-04
EXP-BLOCKCOUNT-FULL-001-ARM-C-SEED1 [09:04:33] epoch 119  loss   1.2850  grad    16.290  match 5.535e+00 (100%)  lr 3.45e-04  val EPE 4.705  D1 32.20%
EXP-BLOCKCOUNT-FULL-001-ARM-C-SEED1 [09:04:56] epoch 120  loss   1.3857  grad    18.668  match 6.271e+00 (100%)  lr 3.38e-04
EXP-BLOCKCOUNT-FULL-001-ARM-C-SEED1 [09:05:19] epoch 121  loss   1.3159  grad    17.461  match 5.724e+00 (100%)  lr 3.31e-04
EXP-BLOCKCOUNT-FULL-001-ARM-C-SEED1 [09:05:42] epoch 122  loss   1.2975  grad    16.458  match 5.754e+00 (100%)  lr 3.23e-04
EXP-BLOCKCOUNT-FULL-001-ARM-C-SEED1 [09:06:05] epoch 123  loss   1.3649  grad    17.187  match 5.374e+00 (100%)  lr 3.16e-04
EXP-BLOCKCOUNT-FULL-001-ARM-C-SEED1 [09:06:29] epoch 124  loss   1.3930  grad    19.888  match 6.587e+00 (100%)  lr 3.09e-04  val EPE 4.666  D1 31.76%
EXP-BLOCKCOUNT-FULL-001-ARM-C-SEED1 [09:06:52] epoch 125  loss   1.4360  grad    16.854  match 6.143e+00 (100%)  lr 3.01e-04
EXP-BLOCKCOUNT-FULL-001-ARM-C-SEED1 [09:07:15] epoch 126  loss   1.2908  grad    18.483  match 6.400e+00 (100%)  lr 2.94e-04
EXP-BLOCKCOUNT-FULL-001-ARM-C-SEED1 [09:07:38] epoch 127  loss   1.3254  grad    17.183  match 5.736e+00 (100%)  lr 2.87e-04
EXP-BLOCKCOUNT-FULL-001-ARM-C-SEED1 [09:08:00] epoch 128  loss   1.3214  grad    17.475  match 6.738e+00 (100%)  lr 2.80e-04
EXP-BLOCKCOUNT-FULL-001-ARM-C-SEED1 [09:08:24] epoch 129  loss   1.4122  grad    21.784  match 7.297e+00 (100%)  lr 2.73e-04  val EPE 4.946  D1 36.63%
EXP-BLOCKCOUNT-FULL-001-ARM-C-SEED1 [09:08:46] epoch 130  loss   1.3071  grad    17.702  match 5.779e+00 (100%)  lr 2.66e-04
EXP-BLOCKCOUNT-FULL-001-ARM-C-SEED1 [09:09:08] epoch 131  loss   1.3975  grad    16.028  match 5.670e+00 (100%)  lr 2.59e-04
EXP-BLOCKCOUNT-FULL-001-ARM-C-SEED1 [09:09:31] epoch 132  loss   1.4256  grad    21.760  match 6.767e+00 (100%)  lr 2.52e-04
EXP-BLOCKCOUNT-FULL-001-ARM-C-SEED1 [09:09:53] epoch 133  loss   1.3200  grad    18.146  match 5.807e+00 (100%)  lr 2.45e-04
EXP-BLOCKCOUNT-FULL-001-ARM-C-SEED1 [09:10:17] epoch 134  loss   1.2604  grad    17.302  match 5.718e+00 (100%)  lr 2.39e-04  val EPE 4.772  D1 33.66%
EXP-BLOCKCOUNT-FULL-001-ARM-C-SEED1 [09:10:39] epoch 135  loss   1.3088  grad    18.970  match 5.961e+00 (100%)  lr 2.32e-04
EXP-BLOCKCOUNT-FULL-001-ARM-C-SEED1 [09:11:01] epoch 136  loss   1.2475  grad    16.197  match 5.575e+00 (100%)  lr 2.25e-04
EXP-BLOCKCOUNT-FULL-001-ARM-C-SEED1 [09:11:23] epoch 137  loss   1.4268  grad    16.509  match 5.984e+00 (100%)  lr 2.19e-04
EXP-BLOCKCOUNT-FULL-001-ARM-C-SEED1 [09:11:46] epoch 138  loss   1.3487  grad    16.138  match 5.771e+00 (100%)  lr 2.12e-04
EXP-BLOCKCOUNT-FULL-001-ARM-C-SEED1 [09:12:10] epoch 139  loss   1.1937  grad    15.427  match 5.214e+00 (100%)  lr 2.06e-04  val EPE 4.690  D1 32.67%
EXP-BLOCKCOUNT-FULL-001-ARM-C-SEED1 [09:12:33] epoch 140  loss   1.1527  grad    16.868  match 5.579e+00 (100%)  lr 2.00e-04
EXP-BLOCKCOUNT-FULL-001-ARM-C-SEED1 [09:12:56] epoch 141  loss   1.2171  grad    13.702  match 5.167e+00 (100%)  lr 1.94e-04
EXP-BLOCKCOUNT-FULL-001-ARM-C-SEED1 [09:13:18] epoch 142  loss   1.2109  grad    15.200  match 5.132e+00 (100%)  lr 1.87e-04
EXP-BLOCKCOUNT-FULL-001-ARM-C-SEED1 [09:13:41] epoch 143  loss   1.2120  grad    18.436  match 5.606e+00 (100%)  lr 1.81e-04
EXP-BLOCKCOUNT-FULL-001-ARM-C-SEED1 [09:14:05] epoch 144  loss   1.1744  grad    15.664  match 5.431e+00 (100%)  lr 1.75e-04  val EPE 4.470  D1 30.47%
EXP-BLOCKCOUNT-FULL-001-ARM-C-SEED1 [09:14:28] epoch 145  loss   1.2223  grad    15.629  match 5.519e+00 (100%)  lr 1.69e-04
EXP-BLOCKCOUNT-FULL-001-ARM-C-SEED1 [09:14:51] epoch 146  loss   1.1833  grad    15.001  match 5.321e+00 (100%)  lr 1.63e-04
EXP-BLOCKCOUNT-FULL-001-ARM-C-SEED1 [09:15:14] epoch 147  loss   1.1380  grad    15.186  match 5.702e+00 (100%)  lr 1.58e-04
EXP-BLOCKCOUNT-FULL-001-ARM-C-SEED1 [09:15:36] epoch 148  loss   1.1167  grad    12.864  match 4.627e+00 (100%)  lr 1.52e-04
EXP-BLOCKCOUNT-FULL-001-ARM-C-SEED1 [09:16:01] epoch 149  loss   1.1955  grad    18.666  match 5.483e+00 (100%)  lr 1.46e-04  val EPE 4.593  D1 30.77%
EXP-BLOCKCOUNT-FULL-001-ARM-C-SEED1 [09:16:06] metric checkpoint_epoch_150 = {'epoch': 150, 'val_epe': 4.592686136162402, 'val_d1': 30.76867699534855, 'val_loss': 4.0478992581367494, 'stage_stats': {'entropy': 1.838117013462151, 'max_weight': 0.4222201441089709, 'median_top2_gap': 0.8803554475307465, 'initial_std': 1.6806281607015205, 'initial_mean': 3.5015131944510722, 'initial_corr_gt': 0.8801892937851589, 'residual_mean_abs': 27.34976094557978, 'residual_corr_final': 0.9999234795070262, 'final_std': 17.80478660556648, 'final_corr_gt': 0.8917142134298899}, 'train_loss_of_previous_epoch': 1.1955027714371682, 'grad': {'median_total': 21.308443069458008, 'max_total': 619.0032348632812, 'median_matching': 8.06999992643436, 'matching_present_fraction': 1.0}}
EXP-BLOCKCOUNT-FULL-001-ARM-C-SEED1 [09:16:29] epoch 150  loss   1.2366  grad    15.137  match 5.282e+00 (100%)  lr 1.41e-04
EXP-BLOCKCOUNT-FULL-001-ARM-C-SEED1 [09:16:52] epoch 151  loss   1.2059  grad    18.387  match 5.974e+00 (100%)  lr 1.36e-04
EXP-BLOCKCOUNT-FULL-001-ARM-C-SEED1 [09:17:14] epoch 152  loss   1.1311  grad    15.846  match 5.251e+00 (100%)  lr 1.30e-04
EXP-BLOCKCOUNT-FULL-001-ARM-C-SEED1 [09:17:37] epoch 153  loss   1.1598  grad    14.721  match 4.921e+00 (100%)  lr 1.25e-04
EXP-BLOCKCOUNT-FULL-001-ARM-C-SEED1 [09:18:02] epoch 154  loss   1.1456  grad    16.859  match 5.561e+00 (100%)  lr 1.20e-04  val EPE 4.532  D1 29.44%
EXP-BLOCKCOUNT-FULL-001-ARM-C-SEED1 [09:18:25] epoch 155  loss   1.1045  grad    14.317  match 4.448e+00 (100%)  lr 1.15e-04
EXP-BLOCKCOUNT-FULL-001-ARM-C-SEED1 [09:18:48] epoch 156  loss   1.1991  grad    13.206  match 4.981e+00 (100%)  lr 1.10e-04
EXP-BLOCKCOUNT-FULL-001-ARM-C-SEED1 [09:19:10] epoch 157  loss   1.1203  grad    14.814  match 5.049e+00 (100%)  lr 1.05e-04
EXP-BLOCKCOUNT-FULL-001-ARM-C-SEED1 [09:19:33] epoch 158  loss   1.1117  grad    19.221  match 5.895e+00 (100%)  lr 1.00e-04
EXP-BLOCKCOUNT-FULL-001-ARM-C-SEED1 [09:19:58] epoch 159  loss   1.1164  grad    12.778  match 4.635e+00 (100%)  lr 9.55e-05  val EPE 4.537  D1 29.88%
EXP-BLOCKCOUNT-FULL-001-ARM-C-SEED1 [09:20:20] epoch 160  loss   1.1234  grad    13.033  match 4.487e+00 (100%)  lr 9.09e-05
EXP-BLOCKCOUNT-FULL-001-ARM-C-SEED1 [09:20:43] epoch 161  loss   1.1034  grad    15.090  match 4.981e+00 (100%)  lr 8.65e-05
EXP-BLOCKCOUNT-FULL-001-ARM-C-SEED1 [09:21:06] epoch 162  loss   1.1027  grad    12.342  match 4.769e+00 (100%)  lr 8.21e-05
EXP-BLOCKCOUNT-FULL-001-ARM-C-SEED1 [09:21:29] epoch 163  loss   1.1110  grad    17.139  match 5.796e+00 (100%)  lr 7.78e-05
EXP-BLOCKCOUNT-FULL-001-ARM-C-SEED1 [09:21:53] epoch 164  loss   1.0755  grad    13.796  match 4.649e+00 (100%)  lr 7.37e-05  val EPE 4.354  D1 28.58%
EXP-BLOCKCOUNT-FULL-001-ARM-C-SEED1 [09:22:16] epoch 165  loss   1.1220  grad    15.962  match 5.401e+00 (100%)  lr 6.96e-05
EXP-BLOCKCOUNT-FULL-001-ARM-C-SEED1 [09:22:39] epoch 166  loss   1.1071  grad    13.815  match 4.674e+00 (100%)  lr 6.57e-05
EXP-BLOCKCOUNT-FULL-001-ARM-C-SEED1 [09:23:01] epoch 167  loss   1.0800  grad    14.173  match 4.636e+00 (100%)  lr 6.18e-05
EXP-BLOCKCOUNT-FULL-001-ARM-C-SEED1 [09:23:24] epoch 168  loss   1.1236  grad    17.529  match 5.471e+00 (100%)  lr 5.81e-05
EXP-BLOCKCOUNT-FULL-001-ARM-C-SEED1 [09:23:48] epoch 169  loss   1.0860  grad    14.851  match 4.992e+00 (100%)  lr 5.45e-05  val EPE 4.345  D1 28.68%
EXP-BLOCKCOUNT-FULL-001-ARM-C-SEED1 [09:24:11] epoch 170  loss   1.1184  grad    17.120  match 5.249e+00 (100%)  lr 5.10e-05
EXP-BLOCKCOUNT-FULL-001-ARM-C-SEED1 [09:24:34] epoch 171  loss   1.0497  grad    15.922  match 4.921e+00 (100%)  lr 4.76e-05
EXP-BLOCKCOUNT-FULL-001-ARM-C-SEED1 [09:24:57] epoch 172  loss   1.0934  grad    14.167  match 4.591e+00 (100%)  lr 4.43e-05
EXP-BLOCKCOUNT-FULL-001-ARM-C-SEED1 [09:25:19] epoch 173  loss   1.0488  grad    13.903  match 5.104e+00 (100%)  lr 4.11e-05
EXP-BLOCKCOUNT-FULL-001-ARM-C-SEED1 [09:25:44] epoch 174  loss   1.1241  grad    14.532  match 4.744e+00 (100%)  lr 3.81e-05  val EPE 4.470  D1 29.36%
EXP-BLOCKCOUNT-FULL-001-ARM-C-SEED1 [09:26:06] epoch 175  loss   1.1344  grad    13.801  match 4.731e+00 (100%)  lr 3.51e-05
EXP-BLOCKCOUNT-FULL-001-ARM-C-SEED1 [09:26:29] epoch 176  loss   1.0954  grad    15.424  match 4.440e+00 (100%)  lr 3.23e-05
EXP-BLOCKCOUNT-FULL-001-ARM-C-SEED1 [09:26:52] epoch 177  loss   1.0479  grad    14.557  match 4.610e+00 (100%)  lr 2.96e-05
EXP-BLOCKCOUNT-FULL-001-ARM-C-SEED1 [09:27:15] epoch 178  loss   1.0105  grad    14.642  match 4.593e+00 (100%)  lr 2.70e-05
EXP-BLOCKCOUNT-FULL-001-ARM-C-SEED1 [09:27:39] epoch 179  loss   1.0624  grad    16.310  match 5.205e+00 (100%)  lr 2.45e-05  val EPE 4.303  D1 28.43%
EXP-BLOCKCOUNT-FULL-001-ARM-C-SEED1 [09:28:02] epoch 180  loss   1.0546  grad    15.532  match 5.160e+00 (100%)  lr 2.21e-05
EXP-BLOCKCOUNT-FULL-001-ARM-C-SEED1 [09:28:25] epoch 181  loss   1.0154  grad    16.925  match 5.221e+00 (100%)  lr 1.99e-05
EXP-BLOCKCOUNT-FULL-001-ARM-C-SEED1 [09:28:47] epoch 182  loss   1.0489  grad    13.701  match 4.616e+00 (100%)  lr 1.77e-05
EXP-BLOCKCOUNT-FULL-001-ARM-C-SEED1 [09:29:10] epoch 183  loss   0.9503  grad    12.371  match 4.604e+00 (100%)  lr 1.57e-05
EXP-BLOCKCOUNT-FULL-001-ARM-C-SEED1 [09:29:34] epoch 184  loss   1.0215  grad    13.539  match 4.029e+00 (100%)  lr 1.38e-05  val EPE 4.424  D1 29.37%
EXP-BLOCKCOUNT-FULL-001-ARM-C-SEED1 [09:29:57] epoch 185  loss   0.9984  grad    14.143  match 4.285e+00 (100%)  lr 1.20e-05
EXP-BLOCKCOUNT-FULL-001-ARM-C-SEED1 [09:30:20] epoch 186  loss   1.1096  grad    14.151  match 4.248e+00 (100%)  lr 1.04e-05
EXP-BLOCKCOUNT-FULL-001-ARM-C-SEED1 [09:30:43] epoch 187  loss   1.0056  grad    12.189  match 4.424e+00 (100%)  lr 8.86e-06
EXP-BLOCKCOUNT-FULL-001-ARM-C-SEED1 [09:31:05] epoch 188  loss   1.0990  grad    13.536  match 4.408e+00 (100%)  lr 7.45e-06
EXP-BLOCKCOUNT-FULL-001-ARM-C-SEED1 [09:31:30] epoch 189  loss   1.0103  grad    14.019  match 4.605e+00 (100%)  lr 6.16e-06  val EPE 4.348  D1 28.38%
EXP-BLOCKCOUNT-FULL-001-ARM-C-SEED1 [09:31:53] epoch 190  loss   1.0528  grad    12.511  match 4.299e+00 (100%)  lr 4.99e-06
EXP-BLOCKCOUNT-FULL-001-ARM-C-SEED1 [09:32:15] epoch 191  loss   0.9983  grad    14.465  match 4.346e+00 (100%)  lr 3.94e-06
EXP-BLOCKCOUNT-FULL-001-ARM-C-SEED1 [09:32:38] epoch 192  loss   1.1853  grad    14.999  match 4.827e+00 (100%)  lr 3.02e-06
EXP-BLOCKCOUNT-FULL-001-ARM-C-SEED1 [09:33:01] epoch 193  loss   1.0844  grad    13.776  match 4.540e+00 (100%)  lr 2.22e-06
EXP-BLOCKCOUNT-FULL-001-ARM-C-SEED1 [09:33:25] epoch 194  loss   1.0422  grad    13.993  match 4.554e+00 (100%)  lr 1.54e-06  val EPE 4.362  D1 28.50%
EXP-BLOCKCOUNT-FULL-001-ARM-C-SEED1 [09:33:48] epoch 195  loss   1.0293  grad    12.618  match 4.331e+00 (100%)  lr 9.87e-07
EXP-BLOCKCOUNT-FULL-001-ARM-C-SEED1 [09:34:11] epoch 196  loss   1.0235  grad    14.559  match 4.622e+00 (100%)  lr 5.55e-07
EXP-BLOCKCOUNT-FULL-001-ARM-C-SEED1 [09:34:33] epoch 197  loss   1.0503  grad    13.526  match 4.510e+00 (100%)  lr 2.47e-07
EXP-BLOCKCOUNT-FULL-001-ARM-C-SEED1 [09:34:56] epoch 198  loss   0.9919  grad    12.989  match 4.385e+00 (100%)  lr 6.17e-08
EXP-BLOCKCOUNT-FULL-001-ARM-C-SEED1 [09:35:21] epoch 199  loss   0.9867  grad    15.179  match 4.628e+00 (100%)  lr 0.00e+00  val EPE 4.352  D1 28.42%
EXP-BLOCKCOUNT-FULL-001-ARM-C-SEED1 [09:35:26] metric checkpoint_epoch_200 = {'epoch': 200, 'val_epe': 4.351742285224181, 'val_d1': 28.42070879585506, 'val_loss': 3.8122951984405518, 'stage_stats': {'entropy': 1.8412148048881871, 'max_weight': 0.42147602308946325, 'median_top2_gap': 0.9033510148525238, 'initial_std': 1.6688281788575945, 'initial_mean': 3.512302633955783, 'initial_corr_gt': 0.8903898978044594, 'residual_mean_abs': 27.560669051764485, 'residual_corr_final': 0.9998982661425453, 'final_std': 17.909515400606118, 'final_corr_gt': 0.9024016848971035}, 'train_loss_of_previous_epoch': 0.9866615980863571, 'grad': {'median_total': 18.998300552368164, 'max_total': 619.0032348632812, 'median_matching': 7.010949089924644, 'matching_present_fraction': 1.0}}
EXP-BLOCKCOUNT-FULL-001-ARM-C-SEED1 [09:35:28] metric stereo_ablation_epoch_200 = [{'scene': '000187_10.png', 'baseline': {'epe': 1.418221351851474, 'd1': 11.963528358905851}, 'softmax_entropy': 1.7534097088327125, 'right_black': {'epe': 30.980730206330534, 'd1': 99.04929897147898, 'd1_penalty': 87.08577061257313, 'mean_abs_change_px': 32.03597885604321}, 'right_noise': {'epe': 31.16521259524371, 'd1': 99.09599097287973, 'd1_penalty': 87.13246261397389, 'mean_abs_change_px': 32.4754389391582}, 'right_equals_left': {'epe': 22.727437505721923, 'd1': 93.38919080167572, 'd1_penalty': 81.42566244276988, 'mean_abs_change_px': 15.680804019115492}, 'initial_constant_mean': {'epe': 12.85964037215802, 'd1': 83.09360449280814, 'd1_penalty': 71.13007613390229, 'mean_abs_change_px': 13.260626935064035}, 'initial_shuffled': {'epe': 13.045130953878619, 'd1': 84.22069752662092, 'd1_penalty': 72.25716916771508, 'mean_abs_change_px': 13.306764821527722}}, {'scene': '000160_10.png', 'baseline': {'epe': 1.4870636124389747, 'd1': 10.955936670193863}, 'softmax_entropy': 1.7767774152288078, 'right_black': {'epe': 32.4378463670022, 'd1': 97.01120051111066, 'd1_penalty': 86.0552638409168, 'mean_abs_change_px': 33.57284054233109}, 'right_noise': {'epe': 32.45515822560755, 'd1': 96.61688661728593, 'd1_penalty': 85.66094994709206, 'mean_abs_change_px': 33.922658434323864}, 'right_equals_left': {'epe': 23.161732767161727, 'd1': 93.43741889112943, 'd1_penalty': 82.48148222093556, 'mean_abs_change_px': 16.26289522768283}, 'initial_constant_mean': {'epe': 13.403968104276178, 'd1': 85.44033381915467, 'd1_penalty': 74.48439714896081, 'mean_abs_change_px': 14.032904918328189}, 'initial_shuffled': {'epe': 13.64430111637489, 'd1': 86.12913530457004, 'd1_penalty': 75.17319863437618, 'mean_abs_change_px': 14.022432599347116}}, {'scene': '000191_10.png', 'baseline': {'epe': 1.5868904865708444, 'd1': 12.833010451499858}, 'softmax_entropy': 1.7045495774487052, 'right_black': {'epe': 32.42817558773125, 'd1': 99.71495909477919, 'd1_penalty': 86.88194864327933, 'mean_abs_change_px': 35.66938625317685}, 'right_noise': {'epe': 31.60762617514818, 'd1': 99.73100035784356, 'd1_penalty': 86.8979899063437, 'mean_abs_change_px': 34.3129700508462}, 'right_equals_left': {'epe': 23.926013108736417, 'd1': 96.9496921311435, 'd1_penalty': 84.11668167964363, 'mean_abs_change_px': 16.234292758485687}, 'initial_constant_mean': {'epe': 13.296867905004824, 'd1': 85.42959736429708, 'd1_penalty': 72.59658691279722, 'mean_abs_change_px': 14.266714096331746}, 'initial_shuffled': {'epe': 13.478392350347265, 'd1': 85.77263360521218, 'd1_penalty': 72.93962315371232, 'mean_abs_change_px': 14.320573279527366}}, {'scene': '000166_10.png', 'baseline': {'epe': 1.8434415837121358, 'd1': 17.30499553807208}, 'softmax_entropy': 1.804371618897079, 'right_black': {'epe': 27.94232886293776, 'd1': 94.33608333788632, 'd1_penalty': 77.03108779981424, 'mean_abs_change_px': 26.665976223897637}, 'right_noise': {'epe': 27.5703582432459, 'd1': 94.14303666065672, 'd1_penalty': 76.83804112258464, 'mean_abs_change_px': 27.130321203138866}, 'right_equals_left': {'epe': 25.18801150075939, 'd1': 96.30934819428509, 'd1_penalty': 79.00435265621302, 'mean_abs_change_px': 20.311301906383846}, 'initial_constant_mean': {'epe': 10.962060500407931, 'd1': 80.63796463239179, 'd1_penalty': 63.33296909431971, 'mean_abs_change_px': 12.10202153852627}, 'initial_shuffled': {'epe': 11.21653650475177, 'd1': 81.92828133821413, 'd1_penalty': 64.62328580014206, 'mean_abs_change_px': 12.29298715528736}}]
EXP-BLOCKCOUNT-FULL-001-ARM-C-SEED1 [09:35:28] metric stereo_verdict_epoch_200 = {'threshold_d1_points': 20.0, 'right_image_min_d1_penalty': 76.83804112258464, 'right_image_dependence': True, 'matching_map_min_d1_penalty': 63.33296909431971, 'matching_map_dependence': True, 'matching_gradient_fraction': 1.0, 'matching_gradient': True, 'softmax_entropy': 1.8412148048881871, 'entropy_ok': True, 'final_disparity_std': 17.909515400606118, 'not_collapsed': True, 'STEREO_FUNCTIONAL': True}
EXP-BLOCKCOUNT-FULL-001-ARM-C-SEED1 [09:35:28] STEREO VERDICT at epoch 200: STEREO-FUNCTIONAL
EXP-BLOCKCOUNT-FULL-001-ARM-C-SEED1 [09:35:28] metric history = [{'epoch': 0, 'mean_loss': 11.187826424837112, 'lr': 0.0009999383162408303, 'median_grad_norm': 36.34448051452637, 'median_matching_grad_norm': 10.107272770115188, 'matching_present_fraction_this_epoch': 1.0, 'val_epe': 16.031864940965352, 'val_d1': 89.06086644453445}, {'epoch': 1, 'mean_loss': 10.015813875198365, 'lr': 0.0009997532801828658, 'median_grad_norm': 29.760064125061035, 'median_matching_grad_norm': 11.611989347874822, 'matching_present_fraction_this_epoch': 1.0, 'val_epe': 18.94565264092234, 'val_d1': 87.00300963707065}, {'epoch': 2, 'mean_loss': 9.573390185832977, 'lr': 0.0009994449374809851, 'median_grad_norm': 35.64820861816406, 'median_matching_grad_norm': 14.965810102917818, 'matching_present_fraction_this_epoch': 1.0}, {'epoch': 3, 'mean_loss': 9.481836122274398, 'lr': 0.0009990133642141358, 'median_grad_norm': 41.6848258972168, 'median_matching_grad_norm': 18.327663051220902, 'matching_present_fraction_this_epoch': 1.0}, {'epoch': 4, 'mean_loss': 8.55299822986126, 'lr': 0.000998458666866564, 'median_grad_norm': 38.1253776550293, 'median_matching_grad_norm': 14.365701538464123, 'matching_present_fraction_this_epoch': 1.0, 'val_epe': 18.33921959194064, 'val_d1': 89.0771986414191}, {'epoch': 5, 'mean_loss': 8.812211880087853, 'lr': 0.00099778098230154, 'median_grad_norm': 40.4237174987793, 'median_matching_grad_norm': 12.309209021826947, 'matching_present_fraction_this_epoch': 1.0}, {'epoch': 6, 'mean_loss': 8.268490743637084, 'lr': 0.0009969804777275899, 'median_grad_norm': 34.58057403564453, 'median_matching_grad_norm': 11.984301575189747, 'matching_present_fraction_this_epoch': 1.0}, {'epoch': 7, 'mean_loss': 8.802290067076683, 'lr': 0.000996057350657239, 'median_grad_norm': 33.08687782287598, 'median_matching_grad_norm': 14.211038147481613, 'matching_present_fraction_this_epoch': 1.0}, {'epoch': 8, 'mean_loss': 8.127712005376816, 'lr': 0.0009950118288582787, 'median_grad_norm': 30.87332248687744, 'median_matching_grad_norm': 11.878640404343242, 'matching_present_fraction_this_epoch': 1.0}, {'epoch': 9, 'mean_loss': 7.2447666227817535, 'lr': 0.0009938441702975688, 'median_grad_norm': 31.193655014038086, 'median_matching_grad_norm': 14.98511805779096, 'matching_present_fraction_this_epoch': 1.0, 'val_epe': 18.36530086611511, 'val_d1': 88.2830455679038}, {'epoch': 10, 'mean_loss': 7.942062556743622, 'lr': 0.000992554663077387, 'median_grad_norm': 27.200712203979492, 'median_matching_grad_norm': 12.40145527787918, 'matching_present_fraction_this_epoch': 1.0}, {'epoch': 11, 'mean_loss': 7.925047692656517, 'lr': 0.0009911436253643444, 'median_grad_norm': 30.703516006469727, 'median_matching_grad_norm': 15.160181342336873, 'matching_present_fraction_this_epoch': 1.0}, {'epoch': 12, 'mean_loss': 7.341991454362869, 'lr': 0.0009896114053108828, 'median_grad_norm': 35.46475028991699, 'median_matching_grad_norm': 14.914113661987908, 'matching_present_fraction_this_epoch': 1.0}, {'epoch': 13, 'mean_loss': 7.169587269425392, 'lr': 0.0009879583809693736, 'median_grad_norm': 30.038613319396973, 'median_matching_grad_norm': 15.427428454808581, 'matching_present_fraction_this_epoch': 1.0}, {'epoch': 14, 'mean_loss': 7.074854674935341, 'lr': 0.0009861849601988382, 'median_grad_norm': 30.92037582397461, 'median_matching_grad_norm': 14.593266996501129, 'matching_present_fraction_this_epoch': 1.0, 'val_epe': 17.966159232924216, 'val_d1': 89.31315590693656}, {'epoch': 15, 'mean_loss': 6.623774233460426, 'lr': 0.0009842915805643154, 'median_grad_norm': 30.26602554321289, 'median_matching_grad_norm': 15.551104659299675, 'matching_present_fraction_this_epoch': 1.0}, {'epoch': 16, 'mean_loss': 6.610562083125115, 'lr': 0.000982278709228899, 'median_grad_norm': 29.99459171295166, 'median_matching_grad_norm': 14.698370635328484, 'matching_present_fraction_this_epoch': 1.0}, {'epoch': 17, 'mean_loss': 6.3523679912090305, 'lr': 0.0009801468428384714, 'median_grad_norm': 30.691146850585938, 'median_matching_grad_norm': 16.38913411922873, 'matching_present_fraction_this_epoch': 1.0}, {'epoch': 18, 'mean_loss': 6.174801135063172, 'lr': 0.0009778965073991648, 'median_grad_norm': 31.070232391357422, 'median_matching_grad_norm': 14.705239213941136, 'matching_present_fraction_this_epoch': 1.0}, {'epoch': 19, 'mean_loss': 5.961229395866394, 'lr': 0.0009755282581475766, 'median_grad_norm': 29.617547035217285, 'median_matching_grad_norm': 14.876938148257194, 'matching_present_fraction_this_epoch': 1.0, 'val_epe': 12.078822974549746, 'val_d1': 78.73558710487097}, {'epoch': 20, 'mean_loss': 5.313562241196633, 'lr': 0.0009730426794137723, 'median_grad_norm': 27.401098251342773, 'median_matching_grad_norm': 13.832973873103185, 'matching_present_fraction_this_epoch': 1.0}, {'epoch': 21, 'mean_loss': 5.539909470081329, 'lr': 0.0009704403844771124, 'median_grad_norm': 26.922996520996094, 'median_matching_grad_norm': 13.483741068219063, 'matching_present_fraction_this_epoch': 1.0}, {'epoch': 22, 'mean_loss': 5.06033636033535, 'lr': 0.0009677220154149334, 'median_grad_norm': 30.829087257385254, 'median_matching_grad_norm': 14.32251979914445, 'matching_present_fraction_this_epoch': 1.0}, {'epoch': 23, 'mean_loss': 5.009800627827644, 'lr': 0.0009648882429441253, 'median_grad_norm': 26.478321075439453, 'median_matching_grad_norm': 13.665423533800652, 'matching_present_fraction_this_epoch': 1.0}, {'epoch': 24, 'mean_loss': 4.727249181270599, 'lr': 0.000961939766255643, 'median_grad_norm': 30.71355628967285, 'median_matching_grad_norm': 13.94400937301858, 'matching_present_fraction_this_epoch': 1.0, 'val_epe': 11.7552021024151, 'val_d1': 76.03583198037558}, {'epoch': 25, 'mean_loss': 4.819753120839596, 'lr': 0.0009588773128419901, 'median_grad_norm': 25.813278198242188, 'median_matching_grad_norm': 12.986878566560787, 'matching_present_fraction_this_epoch': 1.0}, {'epoch': 26, 'mean_loss': 4.54379211962223, 'lr': 0.0009557016383177221, 'median_grad_norm': 23.788229942321777, 'median_matching_grad_norm': 11.022297289106348, 'matching_present_fraction_this_epoch': 1.0}, {'epoch': 27, 'mean_loss': 4.135290256142616, 'lr': 0.0009524135262330093, 'median_grad_norm': 24.32776641845703, 'median_matching_grad_norm': 10.790511386012437, 'matching_present_fraction_this_epoch': 1.0}, {'epoch': 28, 'mean_loss': 3.924906750023365, 'lr': 0.0009490137878803073, 'median_grad_norm': 20.945295333862305, 'median_matching_grad_norm': 9.45951941229408, 'matching_present_fraction_this_epoch': 1.0}, {'epoch': 29, 'mean_loss': 3.9559046924114227, 'lr': 0.0009455032620941834, 'median_grad_norm': 28.249573707580566, 'median_matching_grad_norm': 12.082386442997166, 'matching_present_fraction_this_epoch': 1.0, 'val_epe': 8.790706193517932, 'val_d1': 64.46812374217909}, {'epoch': 30, 'mean_loss': 3.8175240948796274, 'lr': 0.0009418828150443463, 'median_grad_norm': 22.135892868041992, 'median_matching_grad_norm': 10.320386380808394, 'matching_present_fraction_this_epoch': 1.0}, {'epoch': 31, 'mean_loss': 3.526078476011753, 'lr': 0.0009381533400219311, 'median_grad_norm': 21.9298734664917, 'median_matching_grad_norm': 9.975287673043457, 'matching_present_fraction_this_epoch': 1.0}, {'epoch': 32, 'mean_loss': 3.5824389085173607, 'lr': 0.0009343157572190951, 'median_grad_norm': 20.451513290405273, 'median_matching_grad_norm': 10.05926552576896, 'matching_present_fraction_this_epoch': 1.0}, {'epoch': 33, 'mean_loss': 3.5157452538609504, 'lr': 0.0009303710135019713, 'median_grad_norm': 25.829577445983887, 'median_matching_grad_norm': 9.911684938416833, 'matching_present_fraction_this_epoch': 1.0}, {'epoch': 34, 'mean_loss': 3.6668324172496796, 'lr': 0.0009263200821770456, 'median_grad_norm': 28.369635581970215, 'median_matching_grad_norm': 11.143963590034993, 'matching_present_fraction_this_epoch': 1.0, 'val_epe': 7.905284754975517, 'val_d1': 57.08801227493534}, {'epoch': 35, 'mean_loss': 3.441180443763733, 'lr': 0.000922163962751007, 'median_grad_norm': 25.94979190826416, 'median_matching_grad_norm': 11.030547682403572, 'matching_present_fraction_this_epoch': 1.0}, {'epoch': 36, 'mean_loss': 3.5073207780718803, 'lr': 0.0009179036806841347, 'median_grad_norm': 25.87814998626709, 'median_matching_grad_norm': 9.51073661208292, 'matching_present_fraction_this_epoch': 1.0}, {'epoch': 37, 'mean_loss': 3.2698802977800367, 'lr': 0.0009135402871372803, 'median_grad_norm': 25.1380672454834, 'median_matching_grad_norm': 9.695796753912033, 'matching_present_fraction_this_epoch': 1.0}, {'epoch': 38, 'mean_loss': 3.1989647090435027, 'lr': 0.0009090748587125112, 'median_grad_norm': 25.078767776489258, 'median_matching_grad_norm': 9.873524096275293, 'matching_present_fraction_this_epoch': 1.0}, {'epoch': 39, 'mean_loss': 3.091872197389603, 'lr': 0.0009045084971874732, 'median_grad_norm': 21.884517669677734, 'median_matching_grad_norm': 8.144967851879954, 'matching_present_fraction_this_epoch': 1.0, 'val_epe': 7.865796686382241, 'val_d1': 55.91596225113547}, {'epoch': 40, 'mean_loss': 3.0006558790802957, 'lr': 0.0008998423292435448, 'median_grad_norm': 21.75755786895752, 'median_matching_grad_norm': 8.273742187865036, 'matching_present_fraction_this_epoch': 1.0}, {'epoch': 41, 'mean_loss': 3.0021405071020126, 'lr': 0.0008950775061878447, 'median_grad_norm': 20.381664276123047, 'median_matching_grad_norm': 9.467515991423337, 'matching_present_fraction_this_epoch': 1.0}, {'epoch': 42, 'mean_loss': 3.032048925757408, 'lr': 0.0008902152036691643, 'median_grad_norm': 21.40090560913086, 'median_matching_grad_norm': 8.80666318189727, 'matching_present_fraction_this_epoch': 1.0}, {'epoch': 43, 'mean_loss': 2.6266033917665483, 'lr': 0.000885256621387894, 'median_grad_norm': 24.278496742248535, 'median_matching_grad_norm': 9.687478480701003, 'matching_present_fraction_this_epoch': 1.0}, {'epoch': 44, 'mean_loss': 2.746411442756653, 'lr': 0.0008802029828000149, 'median_grad_norm': 21.71917152404785, 'median_matching_grad_norm': 8.557123447962407, 'matching_present_fraction_this_epoch': 1.0, 'val_epe': 7.540064451708903, 'val_d1': 53.3516998915843}, {'epoch': 45, 'mean_loss': 3.1244962617754934, 'lr': 0.0008750555348152292, 'median_grad_norm': 23.210735321044922, 'median_matching_grad_norm': 9.497234699063595, 'matching_present_fraction_this_epoch': 1.0}, {'epoch': 46, 'mean_loss': 2.683460009098053, 'lr': 0.0008698155474893041, 'median_grad_norm': 16.5909366607666, 'median_matching_grad_norm': 8.115820857158932, 'matching_present_fraction_this_epoch': 1.0}, {'epoch': 47, 'mean_loss': 2.8730871632695196, 'lr': 0.0008644843137107051, 'median_grad_norm': 22.228672981262207, 'median_matching_grad_norm': 9.095230334637435, 'matching_present_fraction_this_epoch': 1.0}, {'epoch': 48, 'mean_loss': 2.683463028073311, 'lr': 0.0008590631488815939, 'median_grad_norm': 22.057713508605957, 'median_matching_grad_norm': 8.981789645074038, 'matching_present_fraction_this_epoch': 1.0}, {'epoch': 49, 'mean_loss': 2.845298503339291, 'lr': 0.0008535533905932731, 'median_grad_norm': 22.062150955200195, 'median_matching_grad_norm': 8.732881737231597, 'matching_present_fraction_this_epoch': 1.0, 'val_epe': 6.742134484915235, 'val_d1': 46.390208418173}, {'epoch': 50, 'mean_loss': 2.718031108379364, 'lr': 0.0008479563982961564, 'median_grad_norm': 26.33767604827881, 'median_matching_grad_norm': 9.789075497950074, 'matching_present_fraction_this_epoch': 1.0}, {'epoch': 51, 'mean_loss': 2.6585976287722586, 'lr': 0.0008422735529643437, 'median_grad_norm': 20.70814323425293, 'median_matching_grad_norm': 8.387307267878892, 'matching_present_fraction_this_epoch': 1.0}, {'epoch': 52, 'mean_loss': 2.5852755427360536, 'lr': 0.000836506256754886, 'median_grad_norm': 23.46813678741455, 'median_matching_grad_norm': 8.644146678009133, 'matching_present_fraction_this_epoch': 1.0}, {'epoch': 53, 'mean_loss': 2.5116619735956194, 'lr': 0.0008306559326618253, 'median_grad_norm': 22.637076377868652, 'median_matching_grad_norm': 9.280356250076949, 'matching_present_fraction_this_epoch': 1.0}, {'epoch': 54, 'mean_loss': 2.702522946894169, 'lr': 0.0008247240241650912, 'median_grad_norm': 24.937735557556152, 'median_matching_grad_norm': 9.761329824927525, 'matching_present_fraction_this_epoch': 1.0, 'val_epe': 6.353873550617958, 'val_d1': 51.629512709565184}, {'epoch': 55, 'mean_loss': 2.5466138273477554, 'lr': 0.0008187119948743442, 'median_grad_norm': 22.02213191986084, 'median_matching_grad_norm': 9.012040652375152, 'matching_present_fraction_this_epoch': 1.0}, {'epoch': 56, 'mean_loss': 2.7061825290322306, 'lr': 0.000812621328167852, 'median_grad_norm': 21.282087326049805, 'median_matching_grad_norm': 9.283503629376694, 'matching_present_fraction_this_epoch': 1.0}, {'epoch': 57, 'mean_loss': 2.37210558205843, 'lr': 0.0008064535268264877, 'median_grad_norm': 27.30241584777832, 'median_matching_grad_norm': 10.137011731483351, 'matching_present_fraction_this_epoch': 1.0}, {'epoch': 58, 'mean_loss': 2.291053421795368, 'lr': 0.0008002101126629415, 'median_grad_norm': 23.25718402862549, 'median_matching_grad_norm': 8.699038251964367, 'matching_present_fraction_this_epoch': 1.0}, {'epoch': 59, 'mean_loss': 2.2911156594753264, 'lr': 0.000793892626146236, 'median_grad_norm': 16.73861312866211, 'median_matching_grad_norm': 7.497769946736286, 'matching_present_fraction_this_epoch': 1.0, 'val_epe': 5.961340629605279, 'val_d1': 42.33660013087247}, {'epoch': 60, 'mean_loss': 2.3112667560577393, 'lr': 0.0007875026260216388, 'median_grad_norm': 22.266738891601562, 'median_matching_grad_norm': 9.117494665847747, 'matching_present_fraction_this_epoch': 1.0}, {'epoch': 61, 'mean_loss': 2.2387750297784805, 'lr': 0.0007810416889260649, 'median_grad_norm': 22.726762771606445, 'median_matching_grad_norm': 8.635450449515513, 'matching_present_fraction_this_epoch': 1.0}, {'epoch': 62, 'mean_loss': 2.51102013066411, 'lr': 0.0007745114089990654, 'median_grad_norm': 22.19118309020996, 'median_matching_grad_norm': 8.753950792448538, 'matching_present_fraction_this_epoch': 1.0}, {'epoch': 63, 'mean_loss': 2.206369610875845, 'lr': 0.0007679133974894978, 'median_grad_norm': 20.17152214050293, 'median_matching_grad_norm': 7.999741628226585, 'matching_present_fraction_this_epoch': 1.0}, {'epoch': 64, 'mean_loss': 2.20645566880703, 'lr': 0.0007612492823579739, 'median_grad_norm': 18.52951145172119, 'median_matching_grad_norm': 7.236588999335085, 'matching_present_fraction_this_epoch': 1.0, 'val_epe': 6.4859847610727215, 'val_d1': 50.38095923720045}, {'epoch': 65, 'mean_loss': 2.0857074707746506, 'lr': 0.0007545207078751852, 'median_grad_norm': 22.388696670532227, 'median_matching_grad_norm': 7.836221570836197, 'matching_present_fraction_this_epoch': 1.0}, {'epoch': 66, 'mean_loss': 1.9348257400095463, 'lr': 0.0007477293342162034, 'median_grad_norm': 18.658793449401855, 'median_matching_grad_norm': 7.38486517012559, 'matching_present_fraction_this_epoch': 1.0}, {'epoch': 67, 'mean_loss': 2.045795625448227, 'lr': 0.0007408768370508571, 'median_grad_norm': 23.688807487487793, 'median_matching_grad_norm': 8.76616997168164, 'matching_present_fraction_this_epoch': 1.0}, {'epoch': 68, 'mean_loss': 2.048782226443291, 'lr': 0.0007339649071302863, 'median_grad_norm': 19.700193405151367, 'median_matching_grad_norm': 7.9558398441138625, 'matching_present_fraction_this_epoch': 1.0}, {'epoch': 69, 'mean_loss': 2.0469749949872496, 'lr': 0.0007269952498697729, 'median_grad_norm': 22.365278244018555, 'median_matching_grad_norm': 8.385616403844132, 'matching_present_fraction_this_epoch': 1.0, 'val_epe': 6.063987752561524, 'val_d1': 42.40525982698616}, {'epoch': 70, 'mean_loss': 2.0043547198176386, 'lr': 0.000719969584927957, 'median_grad_norm': 22.010135650634766, 'median_matching_grad_norm': 8.066043630508794, 'matching_present_fraction_this_epoch': 1.0}, {'epoch': 71, 'mean_loss': 2.142432411015034, 'lr': 0.0007128896457825358, 'median_grad_norm': 21.813345909118652, 'median_matching_grad_norm': 7.888726972363159, 'matching_present_fraction_this_epoch': 1.0}, {'epoch': 72, 'mean_loss': 2.0100001633167266, 'lr': 0.0007057571793025539, 'median_grad_norm': 19.297139167785645, 'median_matching_grad_norm': 7.434955484150693, 'matching_present_fraction_this_epoch': 1.0}, {'epoch': 73, 'mean_loss': 2.007484041899443, 'lr': 0.0006985739453173898, 'median_grad_norm': 22.81562328338623, 'median_matching_grad_norm': 8.980274978505374, 'matching_present_fraction_this_epoch': 1.0}, {'epoch': 74, 'mean_loss': 1.9553374543786048, 'lr': 0.0006913417161825444, 'median_grad_norm': 19.481603622436523, 'median_matching_grad_norm': 7.545925860047937, 'matching_present_fraction_this_epoch': 1.0, 'val_epe': 5.452175123271271, 'val_d1': 35.77621451910814}, {'epoch': 75, 'mean_loss': 2.0843119330704214, 'lr': 0.0006840622763423385, 'median_grad_norm': 25.031886100769043, 'median_matching_grad_norm': 9.010468163515814, 'matching_present_fraction_this_epoch': 1.0}, {'epoch': 76, 'mean_loss': 2.0432709641754627, 'lr': 0.000676737421889628, 'median_grad_norm': 21.40442180633545, 'median_matching_grad_norm': 7.638426097426587, 'matching_present_fraction_this_epoch': 1.0}, {'epoch': 77, 'mean_loss': 1.9701028011739254, 'lr': 0.0006693689601226452, 'median_grad_norm': 21.64289665222168, 'median_matching_grad_norm': 8.072912417658788, 'matching_present_fraction_this_epoch': 1.0}, {'epoch': 78, 'mean_loss': 2.0158674113452433, 'lr': 0.0006619587090990741, 'median_grad_norm': 20.772765159606934, 'median_matching_grad_norm': 7.807238237783005, 'matching_present_fraction_this_epoch': 1.0}, {'epoch': 79, 'mean_loss': 1.9911904647946357, 'lr': 0.0006545084971874731, 'median_grad_norm': 23.54330062866211, 'median_matching_grad_norm': 7.287010470744633, 'matching_present_fraction_this_epoch': 1.0, 'val_epe': 5.330069054114736, 'val_d1': 35.13818435397028}, {'epoch': 80, 'mean_loss': 1.9190187118947506, 'lr': 0.0006470201626161514, 'median_grad_norm': 17.810420036315918, 'median_matching_grad_norm': 6.697025636610936, 'matching_present_fraction_this_epoch': 1.0}, {'epoch': 81, 'mean_loss': 1.9187474258244037, 'lr': 0.0006394955530196142, 'median_grad_norm': 22.820261001586914, 'median_matching_grad_norm': 8.095618540820015, 'matching_present_fraction_this_epoch': 1.0}, {'epoch': 82, 'mean_loss': 2.1066934764385223, 'lr': 0.0006319365249826858, 'median_grad_norm': 26.007248878479004, 'median_matching_grad_norm': 9.02324615244617, 'matching_present_fraction_this_epoch': 1.0}, {'epoch': 83, 'mean_loss': 1.9342653773725034, 'lr': 0.0006243449435824268, 'median_grad_norm': 18.824928283691406, 'median_matching_grad_norm': 7.4743174139788255, 'matching_present_fraction_this_epoch': 1.0}, {'epoch': 84, 'mean_loss': 1.8983808629214765, 'lr': 0.0006167226819279523, 'median_grad_norm': 19.742438316345215, 'median_matching_grad_norm': 7.317449445958185, 'matching_present_fraction_this_epoch': 1.0, 'val_epe': 5.327543204913764, 'val_d1': 39.96542302001661}, {'epoch': 85, 'mean_loss': 1.8289428703486919, 'lr': 0.0006090716206982709, 'median_grad_norm': 25.368545532226562, 'median_matching_grad_norm': 8.74251815771645, 'matching_present_fraction_this_epoch': 1.0}, {'epoch': 86, 'mean_loss': 1.8419424653053285, 'lr': 0.0006013936476782558, 'median_grad_norm': 16.340449333190918, 'median_matching_grad_norm': 6.508374138134036, 'matching_present_fraction_this_epoch': 1.0}, {'epoch': 87, 'mean_loss': 1.727664814889431, 'lr': 0.000593690657292862, 'median_grad_norm': 21.717617988586426, 'median_matching_grad_norm': 7.285499900739054, 'matching_present_fraction_this_epoch': 1.0}, {'epoch': 88, 'mean_loss': 1.720403356105089, 'lr': 0.0005859645501397043, 'median_grad_norm': 18.79356575012207, 'median_matching_grad_norm': 6.58005810766446, 'matching_present_fraction_this_epoch': 1.0}, {'epoch': 89, 'mean_loss': 1.743768760561943, 'lr': 0.000578217232520115, 'median_grad_norm': 18.7501277923584, 'median_matching_grad_norm': 6.903563788365684, 'matching_present_fraction_this_epoch': 1.0, 'val_epe': 4.9792416918886, 'val_d1': 35.38939932973524}, {'epoch': 90, 'mean_loss': 1.6015187464654446, 'lr': 0.000570450615968791, 'median_grad_norm': 23.93787956237793, 'median_matching_grad_norm': 7.827486080246951, 'matching_present_fraction_this_epoch': 1.0}, {'epoch': 91, 'mean_loss': 1.7818041898310184, 'lr': 0.0005626666167821518, 'median_grad_norm': 19.47937774658203, 'median_matching_grad_norm': 7.576087857771773, 'matching_present_fraction_this_epoch': 1.0}, {'epoch': 92, 'mean_loss': 1.7480842247605324, 'lr': 0.0005548671555455222, 'median_grad_norm': 22.74264621734619, 'median_matching_grad_norm': 8.047839569559867, 'matching_present_fraction_this_epoch': 1.0}, {'epoch': 93, 'mean_loss': 1.7216872528195382, 'lr': 0.0005470541566592567, 'median_grad_norm': 15.40566110610962, 'median_matching_grad_norm': 6.506754281697239, 'matching_present_fraction_this_epoch': 1.0}, {'epoch': 94, 'mean_loss': 1.6882708348333835, 'lr': 0.000539229547863922, 'median_grad_norm': 19.73695468902588, 'median_matching_grad_norm': 6.789402633606935, 'matching_present_fraction_this_epoch': 1.0, 'val_epe': 4.700849803235168, 'val_d1': 33.408905560146}, {'epoch': 95, 'mean_loss': 1.5142166286706924, 'lr': 0.0005313952597646562, 'median_grad_norm': 15.203310012817383, 'median_matching_grad_norm': 5.84534192294047, 'matching_present_fraction_this_epoch': 1.0}, {'epoch': 96, 'mean_loss': 1.6398663476109505, 'lr': 0.0005235532253548208, 'median_grad_norm': 20.00814437866211, 'median_matching_grad_norm': 6.471886874954361, 'matching_present_fraction_this_epoch': 1.0}, {'epoch': 97, 'mean_loss': 1.5165588416159153, 'lr': 0.0005157053795390637, 'median_grad_norm': 20.582216262817383, 'median_matching_grad_norm': 7.303056960460205, 'matching_present_fraction_this_epoch': 1.0}, {'epoch': 98, 'mean_loss': 1.6047177910804749, 'lr': 0.0005078536586559099, 'median_grad_norm': 21.578657150268555, 'median_matching_grad_norm': 7.2559667271395565, 'matching_present_fraction_this_epoch': 1.0}, {'epoch': 99, 'mean_loss': 1.621923093497753, 'lr': 0.0004999999999999996, 'median_grad_norm': 16.96504783630371, 'median_matching_grad_norm': 6.837642153147069, 'matching_present_fraction_this_epoch': 1.0, 'val_epe': 5.1281793415721575, 'val_d1': 34.45427360942625}, {'epoch': 100, 'mean_loss': 1.564087025821209, 'lr': 0.0004921463413440893, 'median_grad_norm': 22.041312217712402, 'median_matching_grad_norm': 7.311531329923003, 'matching_present_fraction_this_epoch': 1.0}, {'epoch': 101, 'mean_loss': 1.6733877331018447, 'lr': 0.0004842946204609354, 'median_grad_norm': 18.34168243408203, 'median_matching_grad_norm': 7.144234351566569, 'matching_present_fraction_this_epoch': 1.0}, {'epoch': 102, 'mean_loss': 1.5177853398025036, 'lr': 0.00047644677464517824, 'median_grad_norm': 21.70627498626709, 'median_matching_grad_norm': 7.112157497533489, 'matching_present_fraction_this_epoch': 1.0}, {'epoch': 103, 'mean_loss': 1.644562876224518, 'lr': 0.00046860474023534287, 'median_grad_norm': 24.80916404724121, 'median_matching_grad_norm': 8.096021686396771, 'matching_present_fraction_this_epoch': 1.0}, {'epoch': 104, 'mean_loss': 1.446836456656456, 'lr': 0.00046077045213607716, 'median_grad_norm': 19.767464637756348, 'median_matching_grad_norm': 6.711461656362373, 'matching_present_fraction_this_epoch': 1.0, 'val_epe': 5.159832453854197, 'val_d1': 36.20386020069261}, {'epoch': 105, 'mean_loss': 1.6906066872179508, 'lr': 0.0004529458433407424, 'median_grad_norm': 23.953678131103516, 'median_matching_grad_norm': 7.789670402459259, 'matching_present_fraction_this_epoch': 1.0}, {'epoch': 106, 'mean_loss': 1.6217226788401604, 'lr': 0.000445132844454477, 'median_grad_norm': 19.900593757629395, 'median_matching_grad_norm': 6.390945091582215, 'matching_present_fraction_this_epoch': 1.0}, {'epoch': 107, 'mean_loss': 1.480539271235466, 'lr': 0.0004373333832178475, 'median_grad_norm': 22.74465560913086, 'median_matching_grad_norm': 7.067846013411273, 'matching_present_fraction_this_epoch': 1.0}, {'epoch': 108, 'mean_loss': 1.5094678409397602, 'lr': 0.0004295493840312084, 'median_grad_norm': 21.37744903564453, 'median_matching_grad_norm': 7.486237698218314, 'matching_present_fraction_this_epoch': 1.0}, {'epoch': 109, 'mean_loss': 1.428942897170782, 'lr': 0.0004217827674798842, 'median_grad_norm': 20.677125930786133, 'median_matching_grad_norm': 6.392758615635243, 'matching_present_fraction_this_epoch': 1.0, 'val_epe': 5.2510842704687075, 'val_d1': 36.74497167115981}, {'epoch': 110, 'mean_loss': 1.4231666047126055, 'lr': 0.00041403544986029484, 'median_grad_norm': 15.646751403808594, 'median_matching_grad_norm': 6.013044797913052, 'matching_present_fraction_this_epoch': 1.0}, {'epoch': 111, 'mean_loss': 1.5305493898689746, 'lr': 0.0004063093427071374, 'median_grad_norm': 18.48283576965332, 'median_matching_grad_norm': 7.116527029639405, 'matching_present_fraction_this_epoch': 1.0}, {'epoch': 112, 'mean_loss': 1.57691323235631, 'lr': 0.00039860635232174353, 'median_grad_norm': 22.58204936981201, 'median_matching_grad_norm': 6.901182359116438, 'matching_present_fraction_this_epoch': 1.0}, {'epoch': 113, 'mean_loss': 1.5887358523905277, 'lr': 0.0003909283793017286, 'median_grad_norm': 17.77803897857666, 'median_matching_grad_norm': 6.170078630869921, 'matching_present_fraction_this_epoch': 1.0}, {'epoch': 114, 'mean_loss': 1.4359050564467908, 'lr': 0.000383277318072047, 'median_grad_norm': 17.265119552612305, 'median_matching_grad_norm': 6.004322086042981, 'matching_present_fraction_this_epoch': 1.0, 'val_epe': 4.799709324885779, 'val_d1': 35.98670645132522}, {'epoch': 115, 'mean_loss': 1.3867304258048534, 'lr': 0.00037565505641757235, 'median_grad_norm': 15.684351444244385, 'median_matching_grad_norm': 5.757911885021371, 'matching_present_fraction_this_epoch': 1.0}, {'epoch': 116, 'mean_loss': 1.3700961269438268, 'lr': 0.0003680634750173133, 'median_grad_norm': 17.4800443649292, 'median_matching_grad_norm': 6.183455702295895, 'matching_present_fraction_this_epoch': 1.0}, {'epoch': 117, 'mean_loss': 1.4619124457240105, 'lr': 0.00036050444698038515, 'median_grad_norm': 19.36623477935791, 'median_matching_grad_norm': 6.8915201251520095, 'matching_present_fraction_this_epoch': 1.0}, {'epoch': 118, 'mean_loss': 1.4493964344263077, 'lr': 0.0003529798373838478, 'median_grad_norm': 18.683053016662598, 'median_matching_grad_norm': 6.364421249412362, 'matching_present_fraction_this_epoch': 1.0}, {'epoch': 119, 'mean_loss': 1.2850114449858665, 'lr': 0.0003454915028125262, 'median_grad_norm': 16.290173530578613, 'median_matching_grad_norm': 5.53526791759388, 'matching_present_fraction_this_epoch': 1.0, 'val_epe': 4.704970922013784, 'val_d1': 32.204513488568}, {'epoch': 120, 'mean_loss': 1.3856682486832141, 'lr': 0.00033804129090092506, 'median_grad_norm': 18.66791534423828, 'median_matching_grad_norm': 6.270722943204491, 'matching_present_fraction_this_epoch': 1.0}, {'epoch': 121, 'mean_loss': 1.3159306343644857, 'lr': 0.0003306310398773541, 'median_grad_norm': 17.461103439331055, 'median_matching_grad_norm': 5.723649851955743, 'matching_present_fraction_this_epoch': 1.0}, {'epoch': 122, 'mean_loss': 1.297491916269064, 'lr': 0.00032326257811037126, 'median_grad_norm': 16.458176612854004, 'median_matching_grad_norm': 5.75350163011274, 'matching_present_fraction_this_epoch': 1.0}, {'epoch': 123, 'mean_loss': 1.3648649781942368, 'lr': 0.0003159377236576609, 'median_grad_norm': 17.186695098876953, 'median_matching_grad_norm': 5.373747394024478, 'matching_present_fraction_this_epoch': 1.0}, {'epoch': 124, 'mean_loss': 1.3929723344743252, 'lr': 0.000308658283817455, 'median_grad_norm': 19.887962341308594, 'median_matching_grad_norm': 6.586766778026584, 'matching_present_fraction_this_epoch': 1.0, 'val_epe': 4.665715551617713, 'val_d1': 31.755055728249438}, {'epoch': 125, 'mean_loss': 1.4360330745577812, 'lr': 0.0003014260546826094, 'median_grad_norm': 16.853975296020508, 'median_matching_grad_norm': 6.143246880363989, 'matching_present_fraction_this_epoch': 1.0}, {'epoch': 126, 'mean_loss': 1.2907716564834117, 'lr': 0.0002942428206974454, 'median_grad_norm': 18.482577323913574, 'median_matching_grad_norm': 6.400074588079431, 'matching_present_fraction_this_epoch': 1.0}, {'epoch': 127, 'mean_loss': 1.3253919906914233, 'lr': 0.00028711035421746345, 'median_grad_norm': 17.182554244995117, 'median_matching_grad_norm': 5.736063301916075, 'matching_present_fraction_this_epoch': 1.0}, {'epoch': 128, 'mean_loss': 1.3213794767856597, 'lr': 0.0002800304150720422, 'median_grad_norm': 17.474751472473145, 'median_matching_grad_norm': 6.738119173457607, 'matching_present_fraction_this_epoch': 1.0}, {'epoch': 129, 'mean_loss': 1.4121574103832244, 'lr': 0.0002730047501302264, 'median_grad_norm': 21.783699989318848, 'median_matching_grad_norm': 7.2970399155841745, 'matching_present_fraction_this_epoch': 1.0, 'val_epe': 4.945855042397359, 'val_d1': 36.626133449091355}, {'epoch': 130, 'mean_loss': 1.307101534307003, 'lr': 0.0002660350928697132, 'median_grad_norm': 17.70205020904541, 'median_matching_grad_norm': 5.779340298216648, 'matching_present_fraction_this_epoch': 1.0}, {'epoch': 131, 'mean_loss': 1.3974959515035152, 'lr': 0.0002591231629491421, 'median_grad_norm': 16.027660369873047, 'median_matching_grad_norm': 5.669922019276713, 'matching_present_fraction_this_epoch': 1.0}, {'epoch': 132, 'mean_loss': 1.4255605053156615, 'lr': 0.00025227066578379596, 'median_grad_norm': 21.760114669799805, 'median_matching_grad_norm': 6.766821004871797, 'matching_present_fraction_this_epoch': 1.0}, {'epoch': 133, 'mean_loss': 1.3199700355529784, 'lr': 0.0002454792921248141, 'median_grad_norm': 18.145822525024414, 'median_matching_grad_norm': 5.807293057606971, 'matching_present_fraction_this_epoch': 1.0}, {'epoch': 134, 'mean_loss': 1.2603985026478768, 'lr': 0.00023875071764202534, 'median_grad_norm': 17.30170440673828, 'median_matching_grad_norm': 5.717609339454695, 'matching_present_fraction_this_epoch': 1.0, 'val_epe': 4.7723833863660445, 'val_d1': 33.66183971453039}, {'epoch': 135, 'mean_loss': 1.3088333528488874, 'lr': 0.0002320866025105013, 'median_grad_norm': 18.970459938049316, 'median_matching_grad_norm': 5.960938148399977, 'matching_present_fraction_this_epoch': 1.0}, {'epoch': 136, 'mean_loss': 1.2475022763013839, 'lr': 0.0002254885910009338, 'median_grad_norm': 16.19651985168457, 'median_matching_grad_norm': 5.575372152192751, 'matching_present_fraction_this_epoch': 1.0}, {'epoch': 137, 'mean_loss': 1.4267953421920538, 'lr': 0.0002189583110739344, 'median_grad_norm': 16.50885772705078, 'median_matching_grad_norm': 5.984039898190403, 'matching_present_fraction_this_epoch': 1.0}, {'epoch': 138, 'mean_loss': 1.3487404115498065, 'lr': 0.00021249737397836048, 'median_grad_norm': 16.138070106506348, 'median_matching_grad_norm': 5.771403775700737, 'matching_present_fraction_this_epoch': 1.0}, {'epoch': 139, 'mean_loss': 1.193742074072361, 'lr': 0.00020610737385376327, 'median_grad_norm': 15.426952362060547, 'median_matching_grad_norm': 5.213700118160093, 'matching_present_fraction_this_epoch': 1.0, 'val_epe': 4.6901524587741745, 'val_d1': 32.665790601895175}, {'epoch': 140, 'mean_loss': 1.1526857294142245, 'lr': 0.00019978988733705783, 'median_grad_norm': 16.868196487426758, 'median_matching_grad_norm': 5.579180115669908, 'matching_present_fraction_this_epoch': 1.0}, {'epoch': 141, 'mean_loss': 1.2170776687562466, 'lr': 0.00019354647317351147, 'median_grad_norm': 13.702064037322998, 'median_matching_grad_norm': 5.167208237353547, 'matching_present_fraction_this_epoch': 1.0}, {'epoch': 142, 'mean_loss': 1.2108552649617195, 'lr': 0.00018737867183214719, 'median_grad_norm': 15.199788570404053, 'median_matching_grad_norm': 5.131529910496335, 'matching_present_fraction_this_epoch': 1.0}, {'epoch': 143, 'mean_loss': 1.2119704596698284, 'lr': 0.0001812880051256549, 'median_grad_norm': 18.43619728088379, 'median_matching_grad_norm': 5.606403930276654, 'matching_present_fraction_this_epoch': 1.0}, {'epoch': 144, 'mean_loss': 1.174402042478323, 'lr': 0.00017527597583490801, 'median_grad_norm': 15.664074897766113, 'median_matching_grad_norm': 5.4306552583885, 'matching_present_fraction_this_epoch': 1.0, 'val_epe': 4.470308561103183, 'val_d1': 30.47201123483228}, {'epoch': 145, 'mean_loss': 1.2223179146647454, 'lr': 0.00016934406733817395, 'median_grad_norm': 15.629159450531006, 'median_matching_grad_norm': 5.519244067102594, 'matching_present_fraction_this_epoch': 1.0}, {'epoch': 146, 'mean_loss': 1.1833437275141478, 'lr': 0.0001634937432451131, 'median_grad_norm': 15.000948429107666, 'median_matching_grad_norm': 5.321362086664802, 'matching_present_fraction_this_epoch': 1.0}, {'epoch': 147, 'mean_loss': 1.137982925400138, 'lr': 0.00015772644703565544, 'median_grad_norm': 15.186051368713379, 'median_matching_grad_norm': 5.701516382777106, 'matching_present_fraction_this_epoch': 1.0}, {'epoch': 148, 'mean_loss': 1.1166780699044465, 'lr': 0.00015204360170384266, 'median_grad_norm': 12.864136695861816, 'median_matching_grad_norm': 4.626845025218396, 'matching_present_fraction_this_epoch': 1.0}, {'epoch': 149, 'mean_loss': 1.1955027714371682, 'lr': 0.0001464466094067261, 'median_grad_norm': 18.66618251800537, 'median_matching_grad_norm': 5.482731880174227, 'matching_present_fraction_this_epoch': 1.0, 'val_epe': 4.592686136162402, 'val_d1': 30.76867699534855}, {'epoch': 150, 'mean_loss': 1.2365853026509286, 'lr': 0.00014093685111840547, 'median_grad_norm': 15.136910915374756, 'median_matching_grad_norm': 5.282286211737116, 'matching_present_fraction_this_epoch': 1.0}, {'epoch': 151, 'mean_loss': 1.2059465639293194, 'lr': 0.00013551568628929414, 'median_grad_norm': 18.38669204711914, 'median_matching_grad_norm': 5.973522815624679, 'matching_present_fraction_this_epoch': 1.0}, {'epoch': 152, 'mean_loss': 1.1311065766960382, 'lr': 0.00013018445251069497, 'median_grad_norm': 15.845760822296143, 'median_matching_grad_norm': 5.251072593131658, 'matching_present_fraction_this_epoch': 1.0}, {'epoch': 153, 'mean_loss': 1.1598458025604486, 'lr': 0.0001249444651847701, 'median_grad_norm': 14.720759391784668, 'median_matching_grad_norm': 4.9208430756155215, 'matching_present_fraction_this_epoch': 1.0}, {'epoch': 154, 'mean_loss': 1.1456041146069764, 'lr': 0.00011979701719998438, 'median_grad_norm': 16.859267234802246, 'median_matching_grad_norm': 5.560641637081529, 'matching_present_fraction_this_epoch': 1.0, 'val_epe': 4.53173123416401, 'val_d1': 29.43545397597663}, {'epoch': 155, 'mean_loss': 1.1045243810862302, 'lr': 0.00011474337861210527, 'median_grad_norm': 14.31707763671875, 'median_matching_grad_norm': 4.448238617379497, 'matching_present_fraction_this_epoch': 1.0}, {'epoch': 156, 'mean_loss': 1.1990993075072764, 'lr': 0.00010978479633083506, 'median_grad_norm': 13.206171035766602, 'median_matching_grad_norm': 4.981223686441181, 'matching_present_fraction_this_epoch': 1.0}, {'epoch': 157, 'mean_loss': 1.1202918723225594, 'lr': 0.00010492249381215464, 'median_grad_norm': 14.814348697662354, 'median_matching_grad_norm': 5.0488334796622, 'matching_present_fraction_this_epoch': 1.0}, {'epoch': 158, 'mean_loss': 1.1116617791354657, 'lr': 0.00010015767075645462, 'median_grad_norm': 19.220991134643555, 'median_matching_grad_norm': 5.894782263074697, 'matching_present_fraction_this_epoch': 1.0}, {'epoch': 159, 'mean_loss': 1.1164329372346402, 'lr': 9.549150281252619e-05, 'median_grad_norm': 12.778450965881348, 'median_matching_grad_norm': 4.634604514790402, 'matching_present_fraction_this_epoch': 1.0, 'val_epe': 4.537328363421856, 'val_d1': 29.881473379056324}, {'epoch': 160, 'mean_loss': 1.1234223879873753, 'lr': 9.092514128748822e-05, 'median_grad_norm': 13.03342580795288, 'median_matching_grad_norm': 4.486550171902574, 'matching_present_fraction_this_epoch': 1.0}, {'epoch': 161, 'mean_loss': 1.103399246558547, 'lr': 8.645971286271907e-05, 'median_grad_norm': 15.089794158935547, 'median_matching_grad_norm': 4.980807544639472, 'matching_present_fraction_this_epoch': 1.0}, {'epoch': 162, 'mean_loss': 1.1026636574417352, 'lr': 8.209631931586485e-05, 'median_grad_norm': 12.341657638549805, 'median_matching_grad_norm': 4.7694640768898156, 'matching_present_fraction_this_epoch': 1.0}, {'epoch': 163, 'mean_loss': 1.1109515141695738, 'lr': 7.783603724899246e-05, 'median_grad_norm': 17.13870620727539, 'median_matching_grad_norm': 5.796324735373224, 'matching_present_fraction_this_epoch': 1.0}, {'epoch': 164, 'mean_loss': 1.075528086721897, 'lr': 7.367991782295392e-05, 'median_grad_norm': 13.79590654373169, 'median_matching_grad_norm': 4.649262124768295, 'matching_present_fraction_this_epoch': 1.0, 'val_epe': 4.353801184115457, 'val_d1': 28.58295627806425}, {'epoch': 165, 'mean_loss': 1.122016165778041, 'lr': 6.962898649802802e-05, 'median_grad_norm': 15.9624924659729, 'median_matching_grad_norm': 5.401173335593818, 'matching_present_fraction_this_epoch': 1.0}, {'epoch': 166, 'mean_loss': 1.1070676524192096, 'lr': 6.568424278090424e-05, 'median_grad_norm': 13.814585208892822, 'median_matching_grad_norm': 4.67420565493148, 'matching_present_fraction_this_epoch': 1.0}, {'epoch': 167, 'mean_loss': 1.079985649138689, 'lr': 6.184665997806812e-05, 'median_grad_norm': 14.173019886016846, 'median_matching_grad_norm': 4.63647913448348, 'matching_present_fraction_this_epoch': 1.0}, {'epoch': 168, 'mean_loss': 1.1235835254192352, 'lr': 5.811718495565318e-05, 'median_grad_norm': 17.52949333190918, 'median_matching_grad_norm': 5.471105464216501, 'matching_present_fraction_this_epoch': 1.0}, {'epoch': 169, 'mean_loss': 1.0860185634344817, 'lr': 5.449673790581603e-05, 'median_grad_norm': 14.850772380828857, 'median_matching_grad_norm': 4.991507657817826, 'matching_present_fraction_this_epoch': 1.0, 'val_epe': 4.345223473627614, 'val_d1': 28.675362128858882}, {'epoch': 170, 'mean_loss': 1.1183867745101452, 'lr': 5.098621211969216e-05, 'median_grad_norm': 17.11992645263672, 'median_matching_grad_norm': 5.248512225925706, 'matching_present_fraction_this_epoch': 1.0}, {'epoch': 171, 'mean_loss': 1.0497457094490528, 'lr': 4.7586473766990253e-05, 'median_grad_norm': 15.922340869903564, 'median_matching_grad_norm': 4.921062152135631, 'matching_present_fraction_this_epoch': 1.0}, {'epoch': 172, 'mean_loss': 1.093423269316554, 'lr': 4.4298361682277405e-05, 'median_grad_norm': 14.167072296142578, 'median_matching_grad_norm': 4.591452922196664, 'matching_present_fraction_this_epoch': 1.0}, {'epoch': 173, 'mean_loss': 1.0487650074064732, 'lr': 4.1122687158009486e-05, 'median_grad_norm': 13.90320634841919, 'median_matching_grad_norm': 5.103819494565471, 'matching_present_fraction_this_epoch': 1.0}, {'epoch': 174, 'mean_loss': 1.1241372540593146, 'lr': 3.8060233744356686e-05, 'median_grad_norm': 14.532400131225586, 'median_matching_grad_norm': 4.743628497303977, 'matching_present_fraction_this_epoch': 1.0, 'val_epe': 4.470063872029657, 'val_d1': 29.361529295340922}, {'epoch': 175, 'mean_loss': 1.1343715108931065, 'lr': 3.511175705587427e-05, 'median_grad_norm': 13.80127763748169, 'median_matching_grad_norm': 4.7309433988774074, 'matching_present_fraction_this_epoch': 1.0}, {'epoch': 176, 'mean_loss': 1.095419593155384, 'lr': 3.2277984585066264e-05, 'median_grad_norm': 15.42382001876831, 'median_matching_grad_norm': 4.440385442467216, 'matching_present_fraction_this_epoch': 1.0}, {'epoch': 177, 'mean_loss': 1.0479262366890907, 'lr': 2.955961552288723e-05, 'median_grad_norm': 14.556602001190186, 'median_matching_grad_norm': 4.609537908199925, 'matching_present_fraction_this_epoch': 1.0}, {'epoch': 178, 'mean_loss': 1.0105462826788425, 'lr': 2.6957320586227313e-05, 'median_grad_norm': 14.642469882965088, 'median_matching_grad_norm': 4.592515961517444, 'matching_present_fraction_this_epoch': 1.0}, {'epoch': 179, 'mean_loss': 1.0623533397912979, 'lr': 2.44717418524232e-05, 'median_grad_norm': 16.310182571411133, 'median_matching_grad_norm': 5.205260088757736, 'matching_present_fraction_this_epoch': 1.0, 'val_epe': 4.3030618662263285, 'val_d1': 28.432743046191106}, {'epoch': 180, 'mean_loss': 1.0545737128704786, 'lr': 2.210349260083491e-05, 'median_grad_norm': 15.531807899475098, 'median_matching_grad_norm': 5.160038848648027, 'matching_present_fraction_this_epoch': 1.0}, {'epoch': 181, 'mean_loss': 1.0153820186853408, 'lr': 1.9853157161528496e-05, 'median_grad_norm': 16.924884796142578, 'median_matching_grad_norm': 5.221275280117017, 'matching_present_fraction_this_epoch': 1.0}, {'epoch': 182, 'mean_loss': 1.0489146791398525, 'lr': 1.7721290771100992e-05, 'median_grad_norm': 13.701372623443604, 'median_matching_grad_norm': 4.616489723978945, 'matching_present_fraction_this_epoch': 1.0}, {'epoch': 183, 'mean_loss': 0.9502757597714663, 'lr': 1.5708419435684497e-05, 'median_grad_norm': 12.371038913726807, 'median_matching_grad_norm': 4.603780846835815, 'matching_present_fraction_this_epoch': 1.0}, {'epoch': 184, 'mean_loss': 1.0215170793235302, 'lr': 1.3815039801161704e-05, 'median_grad_norm': 13.539234161376953, 'median_matching_grad_norm': 4.029432404548616, 'matching_present_fraction_this_epoch': 1.0, 'val_epe': 4.423505117536064, 'val_d1': 29.372918853694674}, {'epoch': 185, 'mean_loss': 0.9983858019113541, 'lr': 1.2041619030626323e-05, 'median_grad_norm': 14.143212795257568, 'median_matching_grad_norm': 4.284630536501683, 'matching_present_fraction_this_epoch': 1.0}, {'epoch': 186, 'mean_loss': 1.1096444725990295, 'lr': 1.0388594689117057e-05, 'median_grad_norm': 14.150510311126709, 'median_matching_grad_norm': 4.2483747053782155, 'matching_present_fraction_this_epoch': 1.0}, {'epoch': 187, 'mean_loss': 1.0055572163313626, 'lr': 8.856374635655629e-06, 'median_grad_norm': 12.189023494720459, 'median_matching_grad_norm': 4.423721970224625, 'matching_present_fraction_this_epoch': 1.0}, {'epoch': 188, 'mean_loss': 1.0989752568304538, 'lr': 7.445336922613057e-06, 'median_grad_norm': 13.536340236663818, 'median_matching_grad_norm': 4.408190293102445, 'matching_present_fraction_this_epoch': 1.0}, {'epoch': 189, 'mean_loss': 1.010340965166688, 'lr': 6.155829702431163e-06, 'median_grad_norm': 14.019474983215332, 'median_matching_grad_norm': 4.604946079534422, 'matching_present_fraction_this_epoch': 1.0, 'val_epe': 4.347799658854361, 'val_d1': 28.382886866227487}, {'epoch': 190, 'mean_loss': 1.0528138171881438, 'lr': 4.988171141721226e-06, 'median_grad_norm': 12.510840892791748, 'median_matching_grad_norm': 4.298625459342267, 'matching_present_fraction_this_epoch': 1.0}, {'epoch': 191, 'mean_loss': 0.9983082599937916, 'lr': 3.942649342761113e-06, 'median_grad_norm': 14.465406894683838, 'median_matching_grad_norm': 4.345872498591309, 'matching_present_fraction_this_epoch': 1.0}, {'epoch': 192, 'mean_loss': 1.1852503973990678, 'lr': 3.0195222724101985e-06, 'median_grad_norm': 14.9992094039917, 'median_matching_grad_norm': 4.826729490652269, 'matching_present_fraction_this_epoch': 1.0}, {'epoch': 193, 'mean_loss': 1.0844113145023584, 'lr': 2.219017698459999e-06, 'median_grad_norm': 13.775514125823975, 'median_matching_grad_norm': 4.540452696279511, 'matching_present_fraction_this_epoch': 1.0}, {'epoch': 194, 'mean_loss': 1.0422176726162433, 'lr': 1.5413331334360161e-06, 'median_grad_norm': 13.992584228515625, 'median_matching_grad_norm': 4.554120062515366, 'matching_present_fraction_this_epoch': 1.0, 'val_epe': 4.362201936137291, 'val_d1': 28.50408895889766}, {'epoch': 195, 'mean_loss': 1.0293351858854294, 'lr': 9.866357858642194e-07, 'median_grad_norm': 12.618372917175293, 'median_matching_grad_norm': 4.3312650601288585, 'matching_present_fraction_this_epoch': 1.0}, {'epoch': 196, 'mean_loss': 1.0235098972916603, 'lr': 5.550625190150475e-07, 'median_grad_norm': 14.559473991394043, 'median_matching_grad_norm': 4.621662943242105, 'matching_present_fraction_this_epoch': 1.0}, {'epoch': 197, 'mean_loss': 1.050329275801778, 'lr': 2.4671981713419966e-07, 'median_grad_norm': 13.52555799484253, 'median_matching_grad_norm': 4.509921047245534, 'matching_present_fraction_this_epoch': 1.0}, {'epoch': 198, 'mean_loss': 0.9919415965676308, 'lr': 6.168375916970607e-08, 'median_grad_norm': 12.989336013793945, 'median_matching_grad_norm': 4.384662829044624, 'matching_present_fraction_this_epoch': 1.0}, {'epoch': 199, 'mean_loss': 0.9866615980863571, 'lr': 0.0, 'median_grad_norm': 15.179358959197998, 'median_matching_grad_norm': 4.628318244038821, 'matching_present_fraction_this_epoch': 1.0, 'val_epe': 4.351742285224181, 'val_d1': 28.42070879585506}]
EXP-BLOCKCOUNT-FULL-001-ARM-C-SEED1 [09:35:28] metric checkpoints = {'0': {'epoch': 0, 'val_epe': 35.1054403688363, 'val_d1': 97.6182929201001, 'val_loss': 34.20640468597412, 'stage_stats': {'entropy': 2.181539481126404, 'max_weight': 0.2534874143258889, 'median_top2_gap': 0.38053845167160033, 'initial_std': 1.2957790818916002, 'initial_mean': 5.101127783601624, 'initial_corr_gt': -0.04569838302281361, 'residual_mean_abs': 0.1686930854445272, 'residual_corr_final': 0.37096974691070633, 'final_std': 1.3337538323650255, 'final_corr_gt': -0.04865034959121245}, 'train_loss_of_previous_epoch': None}, '1': {'epoch': 1, 'val_epe': 16.031864940965352, 'val_d1': 89.06086644453445, 'val_loss': 14.960662841796875, 'stage_stats': {'entropy': 1.8004883443343587, 'max_weight': 0.4404620863556586, 'median_top2_gap': 0.8251872301101685, 'initial_std': 0.5340063036019824, 'initial_mean': 8.866825833848722, 'initial_corr_gt': -0.04268727365444212, 'residual_mean_abs': 24.47969496435363, 'residual_corr_final': 0.9957281535592889, 'final_std': 5.146591219459225, 'final_corr_gt': 0.1603875770265253}, 'train_loss_of_previous_epoch': 11.187826424837112, 'grad': {'median_total': 36.34448051452637, 'max_total': 619.0032348632812, 'median_matching': 10.107272770115188, 'matching_present_fraction': 1.0}}, '2': {'epoch': 2, 'val_epe': 18.94565264092234, 'val_d1': 87.00300963707065, 'val_loss': 17.97695198059082, 'stage_stats': {'entropy': 2.005404218660749, 'max_weight': 0.298804957454913, 'median_top2_gap': 0.15341763496398925, 'initial_std': 1.3480009388018153, 'initial_mean': 7.6238789507247855, 'initial_corr_gt': 0.06955113832532842, 'residual_mean_abs': 16.020621065647557, 'residual_corr_final': 0.9862318883601174, 'final_std': 5.4171813212561, 'final_corr_gt': 0.22574671621356562}, 'train_loss_of_previous_epoch': 10.015813875198365, 'grad': {'median_total': 31.28873634338379, 'max_total': 619.0032348632812, 'median_matching': 10.599582924370711, 'matching_present_fraction': 1.0}}, '5': {'epoch': 5, 'val_epe': 18.33921959194064, 'val_d1': 89.0771986414191, 'val_loss': 17.57388868331909, 'stage_stats': {'entropy': 2.0071348070233777, 'max_weight': 0.29620074510556055, 'median_top2_gap': 0.12253189682960511, 'initial_std': 1.8680276394386854, 'initial_mean': 6.194741322266602, 'initial_corr_gt': 0.5160273358823739, 'residual_mean_abs': 14.493465811100668, 'residual_corr_final': 0.9962839171315201, 'final_std': 7.170087229698512, 'final_corr_gt': 0.5448980130438945}, 'train_loss_of_previous_epoch': 8.55299822986126, 'grad': {'median_total': 37.03874588012695, 'max_total': 619.0032348632812, 'median_matching': 13.575834760644081, 'matching_present_fraction': 1.0}}, '10': {'epoch': 10, 'val_epe': 18.36530086611511, 'val_d1': 88.2830455679038, 'val_loss': 17.527426624298094, 'stage_stats': {'entropy': 2.06696297639979, 'max_weight': 0.26751844765382854, 'median_top2_gap': 0.1398353397846222, 'initial_std': 1.9768013401575153, 'initial_mean': 5.445246237443202, 'initial_corr_gt': 0.43604517151070715, 'residual_mean_abs': 15.867467585653813, 'residual_corr_final': 0.9987072252914905, 'final_std': 8.117227940656726, 'final_corr_gt': 0.44868934958572265}, 'train_loss_of_previous_epoch': 7.2447666227817535, 'grad': {'median_total': 35.18509864807129, 'max_total': 619.0032348632812, 'median_matching': 13.442584682089151, 'matching_present_fraction': 1.0}}, '20': {'epoch': 20, 'val_epe': 12.078822974549746, 'val_d1': 78.73558710487097, 'val_loss': 11.210457706451416, 'stage_stats': {'entropy': 1.9226639742010891, 'max_weight': 0.37192667683647507, 'median_top2_gap': 0.5423000693321228, 'initial_std': 1.908971662874371, 'initial_mean': 4.028218810834234, 'initial_corr_gt': 0.638925766816332, 'residual_mean_abs': 21.51177112624209, 'residual_corr_final': 0.9997265634826636, 'final_std': 12.161630147241343, 'final_corr_gt': 0.652798533820626}, 'train_loss_of_previous_epoch': 5.961229395866394, 'grad': {'median_total': 32.26473808288574, 'max_total': 619.0032348632812, 'median_matching': 14.249225743693842, 'matching_present_fraction': 1.0}}, '50': {'epoch': 50, 'val_epe': 6.742134484915235, 'val_d1': 46.390208418173, 'val_loss': 6.0709915399551395, 'stage_stats': {'entropy': 1.78310949826664, 'max_weight': 0.4447829035470445, 'median_top2_gap': 0.9281789302825928, 'initial_std': 1.8263352291570218, 'initial_mean': 3.5595453154032746, 'initial_corr_gt': 0.8014281879536789, 'residual_mean_abs': 26.292459151825227, 'residual_corr_final': 0.99991195967271, 'final_std': 17.092303452111924, 'final_corr_gt': 0.809485232123224}, 'train_loss_of_previous_epoch': 2.845298503339291, 'grad': {'median_total': 26.971378326416016, 'max_total': 619.0032348632812, 'median_matching': 11.357538575431832, 'matching_present_fraction': 1.0}}, '100': {'epoch': 100, 'val_epe': 5.1281793415721575, 'val_d1': 34.45427360942625, 'val_loss': 4.57363508939743, 'stage_stats': {'entropy': 1.822018436018065, 'max_weight': 0.42896967051522916, 'median_top2_gap': 0.8705217361450195, 'initial_std': 1.702266236101431, 'initial_mean': 3.4858877785685025, 'initial_corr_gt': 0.8627311146831167, 'residual_mean_abs': 26.862718753607755, 'residual_corr_final': 0.9999419810753668, 'final_std': 17.71576580528687, 'final_corr_gt': 0.8734251962216615}, 'train_loss_of_previous_epoch': 1.621923093497753, 'grad': {'median_total': 23.667165756225586, 'max_total': 619.0032348632812, 'median_matching': 9.373958940414585, 'matching_present_fraction': 1.0}}, '150': {'epoch': 150, 'val_epe': 4.592686136162402, 'val_d1': 30.76867699534855, 'val_loss': 4.0478992581367494, 'stage_stats': {'entropy': 1.838117013462151, 'max_weight': 0.4222201441089709, 'median_top2_gap': 0.8803554475307465, 'initial_std': 1.6806281607015205, 'initial_mean': 3.5015131944510722, 'initial_corr_gt': 0.8801892937851589, 'residual_mean_abs': 27.34976094557978, 'residual_corr_final': 0.9999234795070262, 'final_std': 17.80478660556648, 'final_corr_gt': 0.8917142134298899}, 'train_loss_of_previous_epoch': 1.1955027714371682, 'grad': {'median_total': 21.308443069458008, 'max_total': 619.0032348632812, 'median_matching': 8.06999992643436, 'matching_present_fraction': 1.0}}, '200': {'epoch': 200, 'val_epe': 4.351742285224181, 'val_d1': 28.42070879585506, 'val_loss': 3.8122951984405518, 'stage_stats': {'entropy': 1.8412148048881871, 'max_weight': 0.42147602308946325, 'median_top2_gap': 0.9033510148525238, 'initial_std': 1.6688281788575945, 'initial_mean': 3.512302633955783, 'initial_corr_gt': 0.8903898978044594, 'residual_mean_abs': 27.560669051764485, 'residual_corr_final': 0.9998982661425453, 'final_std': 17.909515400606118, 'final_corr_gt': 0.9024016848971035}, 'train_loss_of_previous_epoch': 0.9866615980863571, 'grad': {'median_total': 18.998300552368164, 'max_total': 619.0032348632812, 'median_matching': 7.010949089924644, 'matching_present_fraction': 1.0}}}
EXP-BLOCKCOUNT-FULL-001-ARM-C-SEED1 [09:35:28] metric stereo_ablations = {'10': [{'scene': '000187_10.png', 'baseline': {'epe': 9.692145584786156, 'd1': 79.64099038922971}, 'softmax_entropy': 2.069664887643248, 'right_black': {'epe': 12.752966246068903, 'd1': 86.18694958560849, 'd1_penalty': 6.545959196378774, 'mean_abs_change_px': 4.823229212908654}, 'right_noise': {'epe': 13.092206473622708, 'd1': 85.72521757175653, 'd1_penalty': 6.084227182526817, 'mean_abs_change_px': 5.531751164412394}, 'right_equals_left': {'epe': 10.00799348420793, 'd1': 79.85369839561095, 'd1_penalty': 0.21270800638123433, 'mean_abs_change_px': 1.0828932495435404}, 'initial_constant_mean': {'epe': 13.93249563790424, 'd1': 80.86276442588294, 'd1_penalty': 1.2217740366532297, 'mean_abs_change_px': 6.583743104629138}, 'initial_shuffled': {'epe': 14.199014201498027, 'd1': 83.90033851701016, 'd1_penalty': 4.2593481277804415, 'mean_abs_change_px': 6.908568178147355}}, {'scene': '000160_10.png', 'baseline': {'epe': 11.2570910678663, 'd1': 84.85135863597341}, 'softmax_entropy': 2.0554446529724273, 'right_black': {'epe': 14.230306375442497, 'd1': 88.49102561542915, 'd1_penalty': 3.6396669794557397, 'mean_abs_change_px': 5.0714398034664745}, 'right_noise': {'epe': 14.358846567732263, 'd1': 87.7253578772935, 'd1_penalty': 2.8739992413200923, 'mean_abs_change_px': 5.415805444335917}, 'right_equals_left': {'epe': 11.64148298471242, 'd1': 85.44133208217701, 'd1_penalty': 0.5899734462036008, 'mean_abs_change_px': 0.9434453788808195}, 'initial_constant_mean': {'epe': 14.700753298951444, 'd1': 88.68967995687504, 'd1_penalty': 3.8383213209016276, 'mean_abs_change_px': 6.462857199435237}, 'initial_shuffled': {'epe': 14.815762561901332, 'd1': 87.38095713458583, 'd1_penalty': 2.5295984986124154, 'mean_abs_change_px': 6.780399859199781}}, {'scene': '000191_10.png', 'baseline': {'epe': 12.236323789836456, 'd1': 88.21707530756036}, 'softmax_entropy': 2.0963810287786555, 'right_black': {'epe': 13.515490949066377, 'd1': 80.75542009600079, 'd1_penalty': -7.461655211559574, 'mean_abs_change_px': 4.414936730644983}, 'right_noise': {'epe': 14.115094304365734, 'd1': 85.78867486827654, 'd1_penalty': -2.42840043928382, 'mean_abs_change_px': 4.855109932664666}, 'right_equals_left': {'epe': 12.536527413432607, 'd1': 88.77975345812614, 'd1_penalty': 0.5626781505657732, 'mean_abs_change_px': 0.7616983779039779}, 'initial_constant_mean': {'epe': 14.385223675429636, 'd1': 85.15812983551537, 'd1_penalty': -3.0589454720449964, 'mean_abs_change_px': 6.076659004075136}, 'initial_shuffled': {'epe': 14.502584511035096, 'd1': 84.69169926333583, 'd1_penalty': -3.5253760442245294, 'mean_abs_change_px': 6.354336966493839}}, {'scene': '000166_10.png', 'baseline': {'epe': 13.147865722686957, 'd1': 84.86951137336321}, 'softmax_entropy': 2.1118253143263384, 'right_black': {'epe': 15.51025300637824, 'd1': 88.12489755777742, 'd1_penalty': 3.2553861844142062, 'mean_abs_change_px': 4.110252433622131}, 'right_noise': {'epe': 18.014936015398767, 'd1': 91.7017246717296, 'd1_penalty': 6.8322132983663835, 'mean_abs_change_px': 6.034821780484731}, 'right_equals_left': {'epe': 13.85498423632715, 'd1': 87.00941557850261, 'd1_penalty': 2.139904205139402, 'mean_abs_change_px': 1.1604059106575138}, 'initial_constant_mean': {'epe': 15.525598133625714, 'd1': 90.91678959733377, 'd1_penalty': 6.047278223970565, 'mean_abs_change_px': 5.592345301426825}, 'initial_shuffled': {'epe': 15.60745178267831, 'd1': 90.39501721029339, 'd1_penalty': 5.525505836930179, 'mean_abs_change_px': 5.9002171014007}}], '100': [{'scene': '000187_10.png', 'baseline': {'epe': 1.6813771844156054, 'd1': 16.174887485246625}, 'softmax_entropy': 1.7495729863666567, 'right_black': {'epe': 24.72991133786966, 'd1': 94.79643584389308, 'd1_penalty': 78.62154835864645, 'mean_abs_change_px': 27.769551842165285}, 'right_noise': {'epe': 25.673859761590954, 'd1': 96.07657488229725, 'd1_penalty': 79.90168739705062, 'mean_abs_change_px': 26.83105853958111}, 'right_equals_left': {'epe': 22.28815038350675, 'd1': 92.8405597852168, 'd1_penalty': 76.66567229997017, 'mean_abs_change_px': 15.463179841131195}, 'initial_constant_mean': {'epe': 12.85724507663824, 'd1': 83.05339749160193, 'd1_penalty': 66.8785100063553, 'mean_abs_change_px': 12.865590025466787}, 'initial_shuffled': {'epe': 13.048946856654583, 'd1': 84.17270852518126, 'd1_penalty': 67.99782103993464, 'mean_abs_change_px': 12.976828700100308}}, {'scene': '000160_10.png', 'baseline': {'epe': 1.8191202042818588, 'd1': 15.775550542056822}, 'softmax_entropy': 1.7576114199635107, 'right_black': {'epe': 27.611310122057695, 'd1': 96.23654840577396, 'd1_penalty': 80.46099786371714, 'mean_abs_change_px': 30.69629218860123}, 'right_noise': {'epe': 27.78261294311521, 'd1': 96.0558627987302, 'd1_penalty': 80.28031225667338, 'mean_abs_change_px': 29.849718323052098}, 'right_equals_left': {'epe': 23.491031051983953, 'd1': 92.24549284245413, 'd1_penalty': 76.4699423003973, 'mean_abs_change_px': 16.31117981780985}, 'initial_constant_mean': {'epe': 13.487571354922634, 'd1': 86.90378740990677, 'd1_penalty': 71.12823686784995, 'mean_abs_change_px': 13.697166820919696}, 'initial_shuffled': {'epe': 13.693743408691397, 'd1': 86.29085391418931, 'd1_penalty': 70.5153033721325, 'mean_abs_change_px': 13.754400907819518}}, {'scene': '000191_10.png', 'baseline': {'epe': 1.7583244221374141, 'd1': 15.854937624165547}, 'softmax_entropy': 1.6759804583867663, 'right_black': {'epe': 26.74412632829923, 'd1': 96.67822460236177, 'd1_penalty': 80.82328697819622, 'mean_abs_change_px': 32.82046086515628}, 'right_noise': {'epe': 25.897024489103973, 'd1': 95.31841907182785, 'd1_penalty': 79.4634814476623, 'mean_abs_change_px': 28.587073326936462}, 'right_equals_left': {'epe': 24.06872849353152, 'd1': 96.34752779457312, 'd1_penalty': 80.49259017040758, 'mean_abs_change_px': 15.65137155862911}, 'initial_constant_mean': {'epe': 13.379942139065767, 'd1': 85.5640971853753, 'd1_penalty': 69.70915956120976, 'mean_abs_change_px': 14.12902808674984}, 'initial_shuffled': {'epe': 13.542891071419984, 'd1': 85.84913809059613, 'd1_penalty': 69.99420046643058, 'mean_abs_change_px': 14.239435665751163}}, {'scene': '000166_10.png', 'baseline': {'epe': 2.2477600218574145, 'd1': 21.88621173213863}, 'softmax_entropy': 1.7929970680721896, 'right_black': {'epe': 23.337672932220187, 'd1': 92.61050101076326, 'd1_penalty': 70.72428927862462, 'mean_abs_change_px': 24.56263054621194}, 'right_noise': {'epe': 23.1479559051517, 'd1': 91.7017246717296, 'd1_penalty': 69.81551293959096, 'mean_abs_change_px': 22.668115910643817}, 'right_equals_left': {'epe': 25.455163305450856, 'd1': 95.52077072975287, 'd1_penalty': 73.63455899761423, 'mean_abs_change_px': 20.869698192331075}, 'initial_constant_mean': {'epe': 11.081022619769076, 'd1': 81.02405798685098, 'd1_penalty': 59.13784625471234, 'mean_abs_change_px': 12.262052006801282}, 'initial_shuffled': {'epe': 11.330614508159016, 'd1': 81.82083082919011, 'd1_penalty': 59.93461909705148, 'mean_abs_change_px': 12.457691349777514}}], '200': [{'scene': '000187_10.png', 'baseline': {'epe': 1.418221351851474, 'd1': 11.963528358905851}, 'softmax_entropy': 1.7534097088327125, 'right_black': {'epe': 30.980730206330534, 'd1': 99.04929897147898, 'd1_penalty': 87.08577061257313, 'mean_abs_change_px': 32.03597885604321}, 'right_noise': {'epe': 31.16521259524371, 'd1': 99.09599097287973, 'd1_penalty': 87.13246261397389, 'mean_abs_change_px': 32.4754389391582}, 'right_equals_left': {'epe': 22.727437505721923, 'd1': 93.38919080167572, 'd1_penalty': 81.42566244276988, 'mean_abs_change_px': 15.680804019115492}, 'initial_constant_mean': {'epe': 12.85964037215802, 'd1': 83.09360449280814, 'd1_penalty': 71.13007613390229, 'mean_abs_change_px': 13.260626935064035}, 'initial_shuffled': {'epe': 13.045130953878619, 'd1': 84.22069752662092, 'd1_penalty': 72.25716916771508, 'mean_abs_change_px': 13.306764821527722}}, {'scene': '000160_10.png', 'baseline': {'epe': 1.4870636124389747, 'd1': 10.955936670193863}, 'softmax_entropy': 1.7767774152288078, 'right_black': {'epe': 32.4378463670022, 'd1': 97.01120051111066, 'd1_penalty': 86.0552638409168, 'mean_abs_change_px': 33.57284054233109}, 'right_noise': {'epe': 32.45515822560755, 'd1': 96.61688661728593, 'd1_penalty': 85.66094994709206, 'mean_abs_change_px': 33.922658434323864}, 'right_equals_left': {'epe': 23.161732767161727, 'd1': 93.43741889112943, 'd1_penalty': 82.48148222093556, 'mean_abs_change_px': 16.26289522768283}, 'initial_constant_mean': {'epe': 13.403968104276178, 'd1': 85.44033381915467, 'd1_penalty': 74.48439714896081, 'mean_abs_change_px': 14.032904918328189}, 'initial_shuffled': {'epe': 13.64430111637489, 'd1': 86.12913530457004, 'd1_penalty': 75.17319863437618, 'mean_abs_change_px': 14.022432599347116}}, {'scene': '000191_10.png', 'baseline': {'epe': 1.5868904865708444, 'd1': 12.833010451499858}, 'softmax_entropy': 1.7045495774487052, 'right_black': {'epe': 32.42817558773125, 'd1': 99.71495909477919, 'd1_penalty': 86.88194864327933, 'mean_abs_change_px': 35.66938625317685}, 'right_noise': {'epe': 31.60762617514818, 'd1': 99.73100035784356, 'd1_penalty': 86.8979899063437, 'mean_abs_change_px': 34.3129700508462}, 'right_equals_left': {'epe': 23.926013108736417, 'd1': 96.9496921311435, 'd1_penalty': 84.11668167964363, 'mean_abs_change_px': 16.234292758485687}, 'initial_constant_mean': {'epe': 13.296867905004824, 'd1': 85.42959736429708, 'd1_penalty': 72.59658691279722, 'mean_abs_change_px': 14.266714096331746}, 'initial_shuffled': {'epe': 13.478392350347265, 'd1': 85.77263360521218, 'd1_penalty': 72.93962315371232, 'mean_abs_change_px': 14.320573279527366}}, {'scene': '000166_10.png', 'baseline': {'epe': 1.8434415837121358, 'd1': 17.30499553807208}, 'softmax_entropy': 1.804371618897079, 'right_black': {'epe': 27.94232886293776, 'd1': 94.33608333788632, 'd1_penalty': 77.03108779981424, 'mean_abs_change_px': 26.665976223897637}, 'right_noise': {'epe': 27.5703582432459, 'd1': 94.14303666065672, 'd1_penalty': 76.83804112258464, 'mean_abs_change_px': 27.130321203138866}, 'right_equals_left': {'epe': 25.18801150075939, 'd1': 96.30934819428509, 'd1_penalty': 79.00435265621302, 'mean_abs_change_px': 20.311301906383846}, 'initial_constant_mean': {'epe': 10.962060500407931, 'd1': 80.63796463239179, 'd1_penalty': 63.33296909431971, 'mean_abs_change_px': 12.10202153852627}, 'initial_shuffled': {'epe': 11.21653650475177, 'd1': 81.92828133821413, 'd1_penalty': 64.62328580014206, 'mean_abs_change_px': 12.29298715528736}}]}
EXP-BLOCKCOUNT-FULL-001-ARM-C-SEED1 [09:35:28] metric late_window = {'points': 10, 'epe_mean': 4.402645899133682, 'epe_sd': 0.07913141148707653, 'd1_mean': 28.905012157816298, 'd1_sd': 0.5205373021382199}
EXP-BLOCKCOUNT-FULL-001-ARM-C-SEED1 [09:35:28] metric aborted = None
EXP-BLOCKCOUNT-FULL-001-ARM-C-SEED1 [09:35:28] metric wall_clock_s = 4674.7219824790955
EXP-BLOCKCOUNT-FULL-001-ARM-C-SEED1 [09:35:28] metric epochs_completed = 200
EXP-BLOCKCOUNT-FULL-001-ARM-C-SEED1 [09:35:28] metric parameter_count_unique = 386594
EXP-BLOCKCOUNT-FULL-001-ARM-C-SEED1 [09:35:28] metric primary_endpoint_matching_gradient = {'batches': 16000, 'present_fraction': 1.0, 'norm': {'median': 7.010949089924644, 'max': 618.840523519304}}
EXP-BLOCKCOUNT-FULL-001-ARM-C-SEED1 [09:35:28] metric gradient_norms = {'median': 18.998300552368164, 'max': 619.0032348632812, 'any_nan': False, 'batches_above_1e4': 0}
EXP-BLOCKCOUNT-FULL-001-ARM-C-SEED1 [09:35:29] metric checkpoint = phase2\factorial\block_count_full\20260910T081501Z\checkpoints\EXP-BLOCKCOUNT-FULL-001-ARM-C-SEED1_checkpoint.pth
EXP-BLOCKCOUNT-FULL-001-ARM-C-SEED1 [09:35:29] metric checkpoint_sha256 = 7de305da0766b6ce86666d4e4743c3e1681d9ef29ff0a7f9f8402135ab910086
EXP-BLOCKCOUNT-FULL-001-ARM-C-SEED1 [09:35:29] conclusion: Arm C (4 blocks): 200 epochs; late-window EPE 4.402645899133682 D1 28.905012157816298; matching gradient 100.0% of 16000 batches; no abort.

recorded as EXP-BLOCKCOUNT-FULL-001-ARM-C-SEED1
EXP-BLOCKCOUNT-FULL-001-ARM-C-SEED1 [09:35:29] status: completed
EXP-BLOCKCOUNT-FULL-001-ARM-C-SEED1 done in 4678.8s; final weight sha 89caa83582ddbd39
