arm,aggregation,seed,axis,pair,scene_A,scene_B,tau,k_hat,hit,offset,I_min,I_second,margin,tie,n_at_min,amplitude
gate,H2_seed0,0,horizontal,0,000161_10.png,000162_10.png,1,2,0,1,-0.21012705564498901,-0.086773812770843506,0.12335324287414551,0,1,0.30773395299911499
gate,H2_seed0,0,horizontal,0,000161_10.png,000162_10.png,2,3,0,1,-0.23203927278518677,-0.073858693242073059,0.15818057954311371,0,1,0.33799323439598083
gate,H2_seed0,0,horizontal,0,000161_10.png,000162_10.png,3,4,0,1,-0.18718492984771729,-0.10670125484466553,0.080483675003051758,0,1,0.30350658297538757
gate,H2_seed0,0,horizontal,0,000161_10.png,000162_10.png,4,5,0,1,-0.26289840042591095,-0.12937147915363312,0.13352692127227783,0,1,0.38225787878036499
gate,H2_seed0,0,horizontal,0,000161_10.png,000162_10.png,5,6,0,1,-0.27757824957370758,-0.11314323544502258,0.164435014128685,0,1,0.43070490658283234
gate,H2_seed0,0,horizontal,0,000161_10.png,000162_10.png,6,7,0,1,-0.24031993746757507,-0.097031727433204651,0.14328821003437042,0,1,0.37730543315410614
gate,H2_seed0,1,horizontal,0,000161_10.png,000162_10.png,1,2,0,1,-0.21926115453243256,-0.095299616456031799,0.12396153807640076,0,1,0.38913825154304504
gate,H2_seed0,1,horizontal,0,000161_10.png,000162_10.png,2,3,0,1,-0.22397744655609131,-0.092040926218032837,0.13193652033805847,0,1,0.35745935142040253
gate,H2_seed0,1,horizontal,0,000161_10.png,000162_10.png,3,4,0,1,-0.21142365038394928,-0.089077450335025787,0.12234620004892349,0,1,0.45544718205928802
gate,H2_seed0,1,horizontal,0,000161_10.png,000162_10.png,4,5,0,1,-0.17771504819393158,-0.09540344774723053,0.08231160044670105,0,1,0.38258747756481171
gate,H2_seed0,1,horizontal,0,000161_10.png,000162_10.png,5,6,0,1,-0.20082199573516846,-0.11214485764503479,0.088677138090133667,0,1,0.37644067406654358
gate,H2_seed0,1,horizontal,0,000161_10.png,000162_10.png,6,7,0,1,-0.1632554903626442,-0.097580581903457642,0.065674908459186554,0,1,0.34405373781919479
gate,H2_seed0,2,horizontal,0,000161_10.png,000162_10.png,1,2,0,1,-0.2204667329788208,-0.12975111603736877,0.090715616941452026,0,1,0.36442571878433228
gate,H2_seed0,2,horizontal,0,000161_10.png,000162_10.png,2,4,0,2,-0.20894049853086472,-0.16861540079116821,0.040325097739696503,0,1,0.34398672729730606
gate,H2_seed0,2,horizontal,0,000161_10.png,000162_10.png,3,5,0,2,-0.24655404686927795,-0.22691195458173752,0.019642092287540436,0,1,0.46845868229866028
gate,H2_seed0,2,horizontal,0,000161_10.png,000162_10.png,4,6,0,2,-0.27329236268997192,-0.2425687164068222,0.030723646283149719,0,1,0.50066331028938293
gate,H2_seed0,2,horizontal,0,000161_10.png,000162_10.png,5,7,0,2,-0.2877059280872345,-0.23462456464767456,0.053081363439559937,0,1,0.54552051424980164
gate,H2_seed0,2,horizontal,0,000161_10.png,000162_10.png,6,8,0,2,-0.31194192171096802,-0.19992421567440033,0.11201770603656769,0,1,0.6390167772769928
gate,H2_seed0,3,horizontal,0,000161_10.png,000162_10.png,1,2,0,1,-0.18984629213809967,-0.1704472154378891,0.019399076700210571,0,1,0.30098678171634674
gate,H2_seed0,3,horizontal,0,000161_10.png,000162_10.png,2,5,0,3,-0.14649799466133118,-0.13956789672374725,0.0069300979375839233,0,1,0.26951513439416885
gate,H2_seed0,3,horizontal,0,000161_10.png,000162_10.png,3,6,0,3,-0.13674724102020264,-0.11917152255773544,0.017575718462467194,0,1,0.2791900709271431
gate,H2_seed0,3,horizontal,0,000161_10.png,000162_10.png,4,7,0,3,-0.16850176453590393,-0.11430203914642334,0.054199725389480591,0,1,0.32229180634021759
gate,H2_seed0,3,horizontal,0,000161_10.png,000162_10.png,5,8,0,3,-0.24187910556793213,-0.10921216011047363,0.1326669454574585,0,1,0.44205030798912048
gate,H2_seed0,3,horizontal,0,000161_10.png,000162_10.png,6,9,0,3,-0.16954181343317032,-0.10386922955513,0.065672583878040314,0,1,0.33520043641328812
gate,H2_seed0,4,horizontal,0,000161_10.png,000162_10.png,1,3,0,2,-0.16372892260551453,-0.14566963911056519,0.018059283494949341,0,1,0.29778009653091431
gate,H2_seed0,4,horizontal,0,000161_10.png,000162_10.png,2,2,1,0,-0.2174212634563446,-0.20292425155639648,0.01449701189994812,0,1,0.38007602095603943
gate,H2_seed0,4,horizontal,0,000161_10.png,000162_10.png,3,5,0,2,-0.20016992092132568,-0.17767465114593506,0.022495269775390625,0,1,0.4258008599281311
gate,H2_seed0,4,horizontal,0,000161_10.png,000162_10.png,4,6,0,2,-0.23927682638168335,-0.16006621718406677,0.079210609197616577,0,1,0.50312501192092896
gate,H2_seed0,4,horizontal,0,000161_10.png,000162_10.png,5,7,0,2,-0.25164034962654114,-0.14363878965377808,0.10800155997276306,0,1,0.56456387042999268
gate,H2_seed0,4,horizontal,0,000161_10.png,000162_10.png,6,8,0,2,-0.22912795841693878,-0.15663135051727295,0.072496607899665833,0,1,0.49500621855258942
gate,H2_seed0,5,horizontal,0,000161_10.png,000162_10.png,1,2,0,1,-0.22216035425662994,-0.065935343503952026,0.15622501075267792,0,1,0.32655642926692963
gate,H2_seed0,5,horizontal,0,000161_10.png,000162_10.png,2,3,0,1,-0.16109347343444824,-0.028554648160934448,0.13253882527351379,0,1,0.2769862487912178
gate,H2_seed0,5,horizontal,0,000161_10.png,000162_10.png,3,4,0,1,-0.16038915514945984,-0.031438887119293213,0.12895026803016663,0,1,0.21707142889499664
gate,H2_seed0,5,horizontal,0,000161_10.png,000162_10.png,4,5,0,1,-0.23388977348804474,-0.079576253890991211,0.15431351959705353,0,1,0.31666308641433716
gate,H2_seed0,5,horizontal,0,000161_10.png,000162_10.png,5,6,0,1,-0.26079817116260529,-0.11642228811979294,0.14437588304281235,0,1,0.42974348366260529
gate,H2_seed0,5,horizontal,0,000161_10.png,000162_10.png,6,7,0,1,-0.2849375456571579,-0.10527941584587097,0.17965812981128693,0,1,0.37851950898766518
gate,H2_seed0,6,horizontal,0,000161_10.png,000162_10.png,1,0,0,-1,-0.19971412420272827,-0.088911235332489014,0.11080288887023926,0,1,0.5769464522600174
gate,H2_seed0,6,horizontal,0,000161_10.png,000162_10.png,2,0,0,-2,-0.17126262187957764,-0.14008897542953491,0.031173646450042725,0,1,0.49171328544616699
gate,H2_seed0,6,horizontal,0,000161_10.png,000162_10.png,3,2,0,-1,-0.2207244485616684,-0.17315155267715454,0.047572895884513855,0,1,0.54541854560375214
gate,H2_seed0,6,horizontal,0,000161_10.png,000162_10.png,4,3,0,-1,-0.22251942753791809,-0.18211904913187027,0.040400378406047821,0,1,0.50885947048664093
gate,H2_seed0,6,horizontal,0,000161_10.png,000162_10.png,5,3,0,-2,-0.22565381228923798,-0.15763050317764282,0.068023309111595154,0,1,0.47795900702476501
gate,H2_seed0,6,horizontal,0,000161_10.png,000162_10.png,6,4,0,-2,-0.22251687198877335,-0.1842605322599411,0.038256339728832245,0,1,0.44794613867998123
gate,H2_seed0,7,horizontal,0,000161_10.png,000162_10.png,1,2,0,1,-0.13659746944904327,-0.13040741533041,0.0061900541186332703,0,1,0.27520239353179932
gate,H2_seed0,7,horizontal,0,000161_10.png,000162_10.png,2,3,0,1,-0.24990211427211761,-0.11689368262887001,0.1330084316432476,0,1,0.35650204122066498
gate,H2_seed0,7,horizontal,0,000161_10.png,000162_10.png,3,4,0,1,-0.2071320116519928,-0.16030868887901306,0.046823322772979736,0,1,0.35089431703090668
gate,H2_seed0,7,horizontal,0,000161_10.png,000162_10.png,4,5,0,1,-0.20982111245393753,-0.16554403305053711,0.044277079403400421,0,1,0.38430733233690262
gate,H2_seed0,7,horizontal,0,000161_10.png,000162_10.png,5,6,0,1,-0.23201156407594681,-0.16082847118377686,0.071183092892169952,0,1,0.41250521689653397
gate,H2_seed0,7,horizontal,0,000161_10.png,000162_10.png,6,7,0,1,-0.22166956961154938,-0.1428636908531189,0.078805878758430481,0,1,0.43627168238162994
gate,H2_seed0,8,horizontal,0,000161_10.png,000162_10.png,1,0,0,-1,-0.17711141705513,-0.1349218338727951,0.0421895831823349,0,1,0.36127132177352905
gate,H2_seed0,8,horizontal,0,000161_10.png,000162_10.png,2,6,0,4,-0.17648309469223022,-0.074744805693626404,0.10173828899860382,0,1,0.34697882831096649
gate,H2_seed0,8,horizontal,0,000161_10.png,000162_10.png,3,7,0,4,-0.17181994020938873,-0.062766686081886292,0.10905325412750244,0,1,0.3293028324842453
gate,H2_seed0,8,horizontal,0,000161_10.png,000162_10.png,4,8,0,4,-0.14201589673757553,-0.09335741400718689,0.048658482730388641,0,1,0.28803747147321701
gate,H2_seed0,8,horizontal,0,000161_10.png,000162_10.png,5,8,0,3,-0.14159037172794342,-0.074609264731407166,0.066981106996536255,0,1,0.30171874910593033
gate,H2_seed0,8,horizontal,0,000161_10.png,000162_10.png,6,9,0,3,-0.1635189950466156,-0.092177122831344604,0.071341872215270996,0,1,0.3015303909778595
gate,H2_seed0,9,horizontal,0,000161_10.png,000162_10.png,1,10,0,9,-0.10563021898269653,-0.087084636092185974,0.018545582890510559,0,1,0.32471650838851929
gate,H2_seed0,9,horizontal,0,000161_10.png,000162_10.png,2,2,1,0,-0.12604092061519623,-0.082900717854499817,0.043140202760696411,0,1,0.55669550597667694
gate,H2_seed0,9,horizontal,0,000161_10.png,000162_10.png,3,1,0,-2,-0.17075955867767334,-0.070417821407318115,0.10034173727035522,0,1,0.45385177433490753
gate,H2_seed0,9,horizontal,0,000161_10.png,000162_10.png,4,7,0,3,-0.10130785405635834,-0.097502574324607849,0.0038052797317504883,0,1,0.3357982411980629
gate,H2_seed0,9,horizontal,0,000161_10.png,000162_10.png,5,3,0,-2,-0.1343357264995575,-0.12283983826637268,0.011495888233184814,0,1,0.37211228162050247
gate,H2_seed0,9,horizontal,0,000161_10.png,000162_10.png,6,4,0,-2,-0.1545674204826355,-0.075503505766391754,0.079063914716243744,0,1,0.39129440486431122
gate,H2_seed0,10,horizontal,0,000161_10.png,000162_10.png,1,11,0,10,-0.13334950804710388,-0.11860020458698273,0.014749303460121155,0,1,0.41593413054943085
gate,H2_seed0,10,horizontal,0,000161_10.png,000162_10.png,2,8,0,6,-0.17618073523044586,-0.10164377838373184,0.07453695684671402,0,1,0.42188671976327896
gate,H2_seed0,10,horizontal,0,000161_10.png,000162_10.png,3,9,0,6,-0.20927053689956665,-0.098212480545043945,0.11105805635452271,0,1,0.43799155950546265
gate,H2_seed0,10,horizontal,0,000161_10.png,000162_10.png,4,10,0,6,-0.21524549275636673,-0.089376389980316162,0.12586910277605057,0,1,0.46950312703847885
gate,H2_seed0,10,horizontal,0,000161_10.png,000162_10.png,5,11,0,6,-0.14509403705596924,-0.13910919427871704,0.0059848427772521973,0,1,0.40389373898506165
gate,H2_seed0,10,horizontal,0,000161_10.png,000162_10.png,6,2,0,-4,-0.16757535934448242,-0.1046936884522438,0.062881670892238617,0,1,0.44441652297973633
gate,H2_seed0,11,horizontal,0,000161_10.png,000162_10.png,1,2,0,1,-0.17334748059511185,-0.14935135841369629,0.023996122181415558,0,1,0.29280132427811623
gate,H2_seed0,11,horizontal,0,000161_10.png,000162_10.png,2,3,0,1,-0.19634100794792175,-0.061550606042146683,0.13479040190577507,0,1,0.29761576652526855
gate,H2_seed0,11,horizontal,0,000161_10.png,000162_10.png,3,4,0,1,-0.17133236676454544,-0.12621164321899414,0.0451207235455513,0,1,0.50513894110918045
gate,H2_seed0,11,horizontal,0,000161_10.png,000162_10.png,4,5,0,1,-0.1834561824798584,-0.11383913457393646,0.069617047905921936,0,1,0.46263855695724487
gate,H2_seed0,11,horizontal,0,000161_10.png,000162_10.png,5,6,0,1,-0.20124509185552597,-0.086888629943132401,0.11435646191239357,0,1,0.46806422621011734
gate,H2_seed0,11,horizontal,0,000161_10.png,000162_10.png,6,7,0,1,-0.19437122344970703,-0.0899924635887146,0.10437875986099243,0,1,0.42045330256223679
gate,H2_seed0,12,horizontal,0,000161_10.png,000162_10.png,1,2,0,1,-0.24075384438037872,-0.085156947374343872,0.15559689700603485,0,1,0.39740531146526337
gate,H2_seed0,12,horizontal,0,000161_10.png,000162_10.png,2,3,0,1,-0.22083882242441177,-0.18675103783607483,0.034087784588336945,0,1,0.36851837486028671
gate,H2_seed0,12,horizontal,0,000161_10.png,000162_10.png,3,3,1,0,-0.20134066045284271,-0.11449708044528961,0.086843580007553101,0,1,0.38246109336614609
gate,H2_seed0,12,horizontal,0,000161_10.png,000162_10.png,4,4,1,0,-0.23601660132408142,-0.066998347640037537,0.16901825368404388,0,1,0.4607967734336853
gate,H2_seed0,12,horizontal,0,000161_10.png,000162_10.png,5,5,1,0,-0.1996721625328064,-0.11903144419193268,0.080640718340873718,0,1,0.43144914507865906
gate,H2_seed0,12,horizontal,0,000161_10.png,000162_10.png,6,6,1,0,-0.19241398572921753,-0.060691341757774353,0.13172264397144318,0,1,0.41014421731233597
gate,H2_seed0,13,horizontal,0,000161_10.png,000162_10.png,1,11,0,10,-0.071817159652709961,-0.068821251392364502,0.002995908260345459,0,1,0.24248924851417542
gate,H2_seed0,13,horizontal,0,000161_10.png,000162_10.png,2,1,0,-1,-0.17572270333766937,-0.070114687085151672,0.1056080162525177,0,1,0.43500955402851105
gate,H2_seed0,13,horizontal,0,000161_10.png,000162_10.png,3,0,0,-3,-0.12197926640510559,-0.071491837501525879,0.050487428903579712,0,1,0.29523142427206039
gate,H2_seed0,13,horizontal,0,000161_10.png,000162_10.png,4,3,0,-1,-0.11280219256877899,-0.10841149091720581,0.0043907016515731812,0,1,0.25287006795406342
gate,H2_seed0,13,horizontal,0,000161_10.png,000162_10.png,5,4,0,-1,-0.14167213439941406,-0.09539419412612915,0.046277940273284912,0,1,0.26746088266372681
gate,H2_seed0,13,horizontal,0,000161_10.png,000162_10.png,6,5,0,-1,-0.18206214904785156,-0.098921418190002441,0.083140730857849121,0,1,0.34206771850585938
gate,H2_seed0,14,horizontal,0,000161_10.png,000162_10.png,1,3,0,2,-0.13706324994564056,-0.094484731554985046,0.042578518390655518,0,1,0.39574210345745087
gate,H2_seed0,14,horizontal,0,000161_10.png,000162_10.png,2,0,0,-2,-0.24443645775318146,-0.12872783839702606,0.1157086193561554,0,1,0.44042287766933441
gate,H2_seed0,14,horizontal,0,000161_10.png,000162_10.png,3,1,0,-2,-0.23101708292961121,-0.11703823506832123,0.11397884786128998,0,1,0.46552935242652893
gate,H2_seed0,14,horizontal,0,000161_10.png,000162_10.png,4,2,0,-2,-0.27198484539985657,-0.073813438415527344,0.19817140698432922,0,1,0.52017858624458313
gate,H2_seed0,14,horizontal,0,000161_10.png,000162_10.png,5,3,0,-2,-0.2285236269235611,-0.12149427831172943,0.10702934861183167,0,1,0.50374121963977814
gate,H2_seed0,14,horizontal,0,000161_10.png,000162_10.png,6,4,0,-2,-0.29609765112400055,-0.11504292488098145,0.1810547262430191,0,1,0.56219455599784851
gate,H2_seed0,15,horizontal,0,000161_10.png,000162_10.png,1,0,0,-1,-0.15549120306968689,-0.13409922271966934,0.021391980350017548,0,1,0.24151545763015747
gate,H2_seed0,15,horizontal,0,000161_10.png,000162_10.png,2,3,0,1,-0.18004818260669708,-0.11141094565391541,0.068637236952781677,0,1,0.30642277002334595
gate,H2_seed0,15,horizontal,0,000161_10.png,000162_10.png,3,4,0,1,-0.15353121608495712,-0.1387183889746666,0.014812827110290527,0,1,0.30653860419988632
gate,H2_seed0,15,horizontal,0,000161_10.png,000162_10.png,4,4,1,0,-0.14595405757427216,-0.13777191191911697,0.0081821456551551819,0,1,0.30594538152217865
gate,H2_seed0,15,horizontal,0,000161_10.png,000162_10.png,5,5,1,0,-0.17996013164520264,-0.13269157707691193,0.04726855456829071,0,1,0.2939208596944809
gate,H2_seed0,15,horizontal,0,000161_10.png,000162_10.png,6,6,1,0,-0.12504731863737106,-0.11253388226032257,0.012513436377048492,0,1,0.22075360640883446
gate,H2_seed0,16,horizontal,0,000161_10.png,000162_10.png,1,8,0,7,-0.14696334302425385,-0.13241750001907349,0.014545843005180359,0,1,0.36534479260444641
gate,H2_seed0,16,horizontal,0,000161_10.png,000162_10.png,2,1,0,-1,-0.21048098802566528,-0.19044919312000275,0.020031794905662537,0,1,0.52631151676177979
gate,H2_seed0,16,horizontal,0,000161_10.png,000162_10.png,3,2,0,-1,-0.24382545053958893,-0.18366919457912445,0.060156255960464478,0,1,0.46229083836078644
gate,H2_seed0,16,horizontal,0,000161_10.png,000162_10.png,4,1,0,-3,-0.26527240872383118,-0.23432351648807526,0.03094889223575592,0,1,0.47095849364995956
gate,H2_seed0,16,horizontal,0,000161_10.png,000162_10.png,5,2,0,-3,-0.38766288757324219,-0.282358318567276,0.10530456900596619,0,1,0.62103566527366638
gate,H2_seed0,16,horizontal,0,000161_10.png,000162_10.png,6,3,0,-3,-0.39015960693359375,-0.29730412364006042,0.092855483293533325,0,1,0.68084661662578583
gate,H2_seed0,17,horizontal,0,000161_10.png,000162_10.png,1,1,1,0,-0.25231042504310608,-0.13605004549026489,0.11626037955284119,0,1,0.49367436766624451
gate,H2_seed0,17,horizontal,0,000161_10.png,000162_10.png,2,2,1,0,-0.30326825380325317,-0.18046039342880249,0.12280786037445068,0,1,0.61054538190364838
gate,H2_seed0,17,horizontal,0,000161_10.png,000162_10.png,3,3,1,0,-0.29733727872371674,-0.15688440203666687,0.14045287668704987,0,1,0.60964177548885345
gate,H2_seed0,17,horizontal,0,000161_10.png,000162_10.png,4,4,1,0,-0.33690166473388672,-0.22145770490169525,0.11544395983219147,0,1,0.6188284307718277
gate,H2_seed0,17,horizontal,0,000161_10.png,000162_10.png,5,5,1,0,-0.39192058145999908,-0.27157464623451233,0.12034593522548676,0,1,0.63695205748081207
gate,H2_seed0,17,horizontal,0,000161_10.png,000162_10.png,6,6,1,0,-0.46432052552700043,-0.28784187138080597,0.17647865414619446,0,1,0.73114664852619171
gate,H2_seed0,18,horizontal,0,000161_10.png,000162_10.png,1,0,0,-1,-0.23064231872558594,-0.12098222970962524,0.10966008901596069,0,1,0.39144384860992432
gate,H2_seed0,18,horizontal,0,000161_10.png,000162_10.png,2,1,0,-1,-0.15274897217750549,-0.1322794109582901,0.020469561219215393,0,1,0.32681472599506378
gate,H2_seed0,18,horizontal,0,000161_10.png,000162_10.png,3,2,0,-1,-0.19713221490383148,-0.13461880385875702,0.062513411045074463,0,1,0.38064377009868622
gate,H2_seed0,18,horizontal,0,000161_10.png,000162_10.png,4,3,0,-1,-0.21068894863128662,-0.11810792237520218,0.092581026256084442,0,1,0.36080394685268402
gate,H2_seed0,18,horizontal,0,000161_10.png,000162_10.png,5,4,0,-1,-0.22901344299316406,-0.1271735280752182,0.10183991491794586,0,1,0.3700384795665741
gate,H2_seed0,18,horizontal,0,000161_10.png,000162_10.png,6,5,0,-1,-0.23141274601221085,-0.14219575375318527,0.089216992259025574,0,1,0.41868797689676285
gate,H2_seed0,19,horizontal,0,000161_10.png,000162_10.png,1,2,0,1,-0.33342453837394714,-0.12163237482309341,0.21179216355085373,0,1,0.56218229234218597
gate,H2_seed0,19,horizontal,0,000161_10.png,000162_10.png,2,3,0,1,-0.31092822551727295,-0.11830427497625351,0.19262395054101944,0,1,0.48812729865312576
gate,H2_seed0,19,horizontal,0,000161_10.png,000162_10.png,3,4,0,1,-0.34451939165592194,-0.1042146161198616,0.24030477553606033,0,1,0.49863848090171814
gate,H2_seed0,19,horizontal,0,000161_10.png,000162_10.png,4,5,0,1,-0.32135705649852753,-0.13465741276741028,0.18669964373111725,0,1,0.45776157081127167
gate,H2_seed0,19,horizontal,0,000161_10.png,000162_10.png,5,6,0,1,-0.3157602995634079,-0.13845473527908325,0.17730556428432465,0,1,0.44708716869354248
gate,H2_seed0,19,horizontal,0,000161_10.png,000162_10.png,6,7,0,1,-0.24836932122707367,-0.16880473494529724,0.079564586281776428,0,1,0.38348774611949921
gate,H2_seed0,20,horizontal,0,000161_10.png,000162_10.png,1,2,0,1,-0.31437382102012634,-0.18029038608074188,0.13408343493938446,0,1,0.60304629802703857
gate,H2_seed0,20,horizontal,0,000161_10.png,000162_10.png,2,3,0,1,-0.33645939826965332,-0.21231795102357864,0.12414144724607468,0,1,0.58763158321380615
gate,H2_seed0,20,horizontal,0,000161_10.png,000162_10.png,3,4,0,1,-0.35549725592136383,-0.18144713342189789,0.17405012249946594,0,1,0.61989898979663849
gate,H2_seed0,20,horizontal,0,000161_10.png,000162_10.png,4,5,0,1,-0.30191706120967865,-0.25287997722625732,0.049037083983421326,0,1,0.57741363346576691
gate,H2_seed0,20,horizontal,0,000161_10.png,000162_10.png,5,10,0,5,-0.27860167622566223,-0.27293188869953156,0.0056697875261306763,0,1,0.60691586136817932
gate,H2_seed0,20,horizontal,0,000161_10.png,000162_10.png,6,7,0,1,-0.28936958312988281,-0.19680655002593994,0.092563033103942871,0,1,0.5484091192483902
gate,H2_seed0,21,horizontal,0,000161_10.png,000162_10.png,1,7,0,6,-0.16186228394508362,-0.16109217703342438,0.00077010691165924072,0,1,0.38802777230739594
gate,H2_seed0,21,horizontal,0,000161_10.png,000162_10.png,2,6,0,4,-0.17427411675453186,-0.16211758553981781,0.01215653121471405,0,1,0.51840563118457794
gate,H2_seed0,21,horizontal,0,000161_10.png,000162_10.png,3,7,0,4,-0.16239796578884125,-0.1237843930721283,0.038613572716712952,0,1,0.43818745017051697
gate,H2_seed0,21,horizontal,0,000161_10.png,000162_10.png,4,10,0,6,-0.15844370424747467,-0.15102255344390869,0.007421150803565979,0,1,0.39434786885976791
gate,H2_seed0,21,horizontal,0,000161_10.png,000162_10.png,5,9,0,4,-0.13808345794677734,-0.097510062158107758,0.040573395788669586,0,1,0.3678506463766098
gate,H2_seed0,21,horizontal,0,000161_10.png,000162_10.png,6,10,0,4,-0.15340442955493927,-0.093526080250740051,0.059878349304199219,0,1,0.3848150372505188
gate,H2_seed0,22,horizontal,0,000161_10.png,000162_10.png,1,1,1,0,-0.35364106297492981,-0.20944029092788696,0.14420077204704285,0,1,0.47230410575866699
gate,H2_seed0,22,horizontal,0,000161_10.png,000162_10.png,2,2,1,0,-0.2726738452911377,-0.26578080654144287,0.0068930387496948242,0,1,0.44894646108150482
gate,H2_seed0,22,horizontal,0,000161_10.png,000162_10.png,3,2,0,-1,-0.26287177205085754,-0.25513817369937897,0.0077335983514785767,0,1,0.52026398479938507
gate,H2_seed0,22,horizontal,0,000161_10.png,000162_10.png,4,3,0,-1,-0.24482765793800354,-0.21654340624809265,0.028284251689910889,0,1,0.4885529950261116
gate,H2_seed0,22,horizontal,0,000161_10.png,000162_10.png,5,4,0,-1,-0.29578065872192383,-0.22020245343446732,0.075578205287456512,0,1,0.45106486976146698
gate,H2_seed0,22,horizontal,0,000161_10.png,000162_10.png,6,5,0,-1,-0.25887282192707062,-0.15737790614366531,0.1014949157834053,0,1,0.38541015237569809
gate,H2_seed0,23,horizontal,0,000161_10.png,000162_10.png,1,10,0,9,-0.12090429663658142,-0.092860430479049683,0.028043866157531738,0,1,0.31283900141716003
gate,H2_seed0,23,horizontal,0,000161_10.png,000162_10.png,2,11,0,9,-0.12659668922424316,-0.11535786092281342,0.011238828301429749,0,1,0.32122105360031128
gate,H2_seed0,23,horizontal,0,000161_10.png,000162_10.png,3,1,0,-2,-0.11951068043708801,-0.10327300429344177,0.01623767614364624,0,1,0.26232658326625824
gate,H2_seed0,23,horizontal,0,000161_10.png,000162_10.png,4,2,0,-2,-0.17000564932823181,-0.12293240427970886,0.047073245048522949,0,1,0.32602411508560181
gate,H2_seed0,23,horizontal,0,000161_10.png,000162_10.png,5,3,0,-2,-0.15587699413299561,-0.11417031288146973,0.041706681251525879,0,1,0.30422188341617584
gate,H2_seed0,23,horizontal,0,000161_10.png,000162_10.png,6,4,0,-2,-0.14381469786167145,-0.11823686584830284,0.025577832013368607,0,1,0.27497165650129318
gate,H2_seed0,24,horizontal,0,000161_10.png,000162_10.png,1,4,0,3,-0.23639997094869614,-0.19497035443782806,0.041429616510868073,0,1,0.63662046939134598
gate,H2_seed0,24,horizontal,0,000161_10.png,000162_10.png,2,5,0,3,-0.25944097340106964,-0.11724868416786194,0.1421922892332077,0,1,0.51279830932617188
gate,H2_seed0,24,horizontal,0,000161_10.png,000162_10.png,3,6,0,3,-0.24561746418476105,-0.13886287063360214,0.10675459355115891,0,1,0.50782063603401184
gate,H2_seed0,24,horizontal,0,000161_10.png,000162_10.png,4,7,0,3,-0.17801284790039062,-0.15284068882465363,0.025172159075737,0,1,0.49477365612983704
gate,H2_seed0,24,horizontal,0,000161_10.png,000162_10.png,5,8,0,3,-0.22149625420570374,-0.13288212567567825,0.088614128530025482,0,1,0.52240362763404846
gate,H2_seed0,24,horizontal,0,000161_10.png,000162_10.png,6,9,0,3,-0.16709266602993011,-0.14577701687812805,0.021315649151802063,0,1,0.5083579421043396
gate,H2_seed0,25,horizontal,0,000161_10.png,000162_10.png,1,3,0,2,-0.23167869448661804,-0.046540111303329468,0.18513858318328857,0,1,0.32933402433991432
gate,H2_seed0,25,horizontal,0,000161_10.png,000162_10.png,2,4,0,2,-0.24865336716175079,-0.11201152205467224,0.13664184510707855,0,1,0.40864480286836624
gate,H2_seed0,25,horizontal,0,000161_10.png,000162_10.png,3,5,0,2,-0.28435666859149933,-0.094113767147064209,0.19024290144443512,0,1,0.5661148875951767
gate,H2_seed0,25,horizontal,0,000161_10.png,000162_10.png,4,6,0,2,-0.20599094033241272,-0.15346047282218933,0.052530467510223389,0,1,0.37887492775917053
gate,H2_seed0,25,horizontal,0,000161_10.png,000162_10.png,5,7,0,2,-0.15181133896112442,-0.12508782744407654,0.026723511517047882,0,1,0.32938980311155319
gate,H2_seed0,25,horizontal,0,000161_10.png,000162_10.png,6,8,0,2,-0.1203579306602478,-0.1022072359919548,0.018150694668292999,0,1,0.29795306921005249
gate,H2_seed0,26,horizontal,0,000161_10.png,000162_10.png,1,5,0,4,-0.25158470869064331,-0.16722872853279114,0.084355980157852173,0,1,0.41613072156906128
gate,H2_seed0,26,horizontal,0,000161_10.png,000162_10.png,2,1,0,-1,-0.24231491982936859,-0.23150649666786194,0.010808423161506653,0,1,0.43253831565380096
gate,H2_seed0,26,horizontal,0,000161_10.png,000162_10.png,3,7,0,4,-0.26226285099983215,-0.22275149822235107,0.039511352777481079,0,1,0.50917088985443115
gate,H2_seed0,26,horizontal,0,000161_10.png,000162_10.png,4,8,0,4,-0.23445126414299011,-0.1642107218503952,0.07024054229259491,0,1,0.49736537039279938
gate,H2_seed0,26,horizontal,0,000161_10.png,000162_10.png,5,9,0,4,-0.29053014516830444,-0.12237188220024109,0.16815826296806335,0,1,0.54587724804878235
gate,H2_seed0,26,horizontal,0,000161_10.png,000162_10.png,6,10,0,4,-0.2750287652015686,-0.13334514200687408,0.14168362319469452,0,1,0.56427817046642303
gate,H2_seed0,27,horizontal,0,000161_10.png,000162_10.png,1,2,0,1,-0.1798643171787262,-0.15010915696620941,0.029755160212516785,0,1,0.31979212164878845
gate,H2_seed0,27,horizontal,0,000161_10.png,000162_10.png,2,1,0,-1,-0.26705920696258545,-0.18220897018909454,0.084850236773490906,0,1,0.43135488778352737
gate,H2_seed0,27,horizontal,0,000161_10.png,000162_10.png,3,2,0,-1,-0.46418455243110657,-0.16352666914463043,0.30065788328647614,0,1,0.61442074179649353
gate,H2_seed0,27,horizontal,0,000161_10.png,000162_10.png,4,3,0,-1,-0.3956184983253479,-0.15174591541290283,0.24387258291244507,0,1,0.51803235709667206
gate,H2_seed0,27,horizontal,0,000161_10.png,000162_10.png,5,4,0,-1,-0.40432217717170715,-0.17433322966098785,0.2299889475107193,0,1,0.60183587670326233
gate,H2_seed0,27,horizontal,0,000161_10.png,000162_10.png,6,5,0,-1,-0.40453162789344788,-0.17397924512624741,0.23055238276720047,0,1,0.64920730888843536
gate,H2_seed0,28,horizontal,0,000161_10.png,000162_10.png,1,1,1,0,-0.39131884276866913,-0.31015175580978394,0.081167086958885193,0,1,0.73998923599720001
gate,H2_seed0,28,horizontal,0,000161_10.png,000162_10.png,2,4,0,2,-0.35214845836162567,-0.2896360456943512,0.062512412667274475,0,1,0.73685677349567413
gate,H2_seed0,28,horizontal,0,000161_10.png,000162_10.png,3,5,0,2,-0.38433137536048889,-0.26441729068756104,0.11991408467292786,0,1,0.69901403784751892
gate,H2_seed0,28,horizontal,0,000161_10.png,000162_10.png,4,6,0,2,-0.34813781082630157,-0.32530803978443146,0.022829771041870117,0,1,0.66063626110553741
gate,H2_seed0,28,horizontal,0,000161_10.png,000162_10.png,5,7,0,2,-0.32628285884857178,-0.26613873243331909,0.060144126415252686,0,1,0.68885232508182526
gate,H2_seed0,28,horizontal,0,000161_10.png,000162_10.png,6,8,0,2,-0.34869790077209473,-0.21688012033700943,0.1318177804350853,0,1,0.63034561276435852
gate,H2_seed0,29,horizontal,0,000161_10.png,000162_10.png,1,1,1,0,-0.20787005126476288,-0.083165138959884644,0.12470491230487823,0,1,0.29813000559806824
gate,H2_seed0,29,horizontal,0,000161_10.png,000162_10.png,2,3,0,1,-0.26018558442592621,-0.058174371719360352,0.20201121270656586,0,1,0.51505547761917114
gate,H2_seed0,29,horizontal,0,000161_10.png,000162_10.png,3,4,0,1,-0.18399503827095032,-0.066451661288738251,0.11754337698221207,0,1,0.29760409891605377
gate,H2_seed0,29,horizontal,0,000161_10.png,000162_10.png,4,5,0,1,-0.24335265904664993,-0.049408972263336182,0.19394368678331375,0,1,0.37677430361509323
gate,H2_seed0,29,horizontal,0,000161_10.png,000162_10.png,5,6,0,1,-0.17131964862346649,-0.12530346214771271,0.046016186475753784,0,1,0.36075966060161591
gate,H2_seed0,29,horizontal,0,000161_10.png,000162_10.png,6,7,0,1,-0.20727987587451935,-0.12287779152393341,0.084402084350585938,0,1,0.35249224305152893
gate,H2_seed0,30,horizontal,0,000161_10.png,000162_10.png,1,0,0,-1,-0.18005156517028809,-0.17700681090354919,0.0030447542667388916,0,1,0.35668998956680298
gate,H2_seed0,30,horizontal,0,000161_10.png,000162_10.png,2,0,0,-2,-0.2316424772143364,-0.13550904393196106,0.096133433282375336,0,1,0.43363667279481888
gate,H2_seed0,30,horizontal,0,000161_10.png,000162_10.png,3,1,0,-2,-0.13634836673736572,-0.12443114817142487,0.011917218565940857,0,1,0.30999496579170227
gate,H2_seed0,30,horizontal,0,000161_10.png,000162_10.png,4,3,0,-1,-0.15511899441480637,-0.095052361488342285,0.060066632926464081,0,1,0.27528398483991623
gate,H2_seed0,30,horizontal,0,000161_10.png,000162_10.png,5,4,0,-1,-0.1804669201374054,-0.088483236730098724,0.091983683407306671,0,1,0.29586230218410492
gate,H2_seed0,30,horizontal,0,000161_10.png,000162_10.png,6,5,0,-1,-0.18408216536045074,-0.10747629404067993,0.076605871319770813,0,1,0.28855685889720917
gate,H2_seed0,31,horizontal,0,000161_10.png,000162_10.png,1,1,1,0,-0.33506126701831818,-0.22825275361537933,0.10680851340293884,0,1,0.48325906693935394
gate,H2_seed0,31,horizontal,0,000161_10.png,000162_10.png,2,3,0,1,-0.25631070137023926,-0.25433236360549927,0.0019783377647399902,0,1,0.42270199954509735
gate,H2_seed0,31,horizontal,0,000161_10.png,000162_10.png,3,4,0,1,-0.26093307137489319,-0.2220880538225174,0.038845017552375793,0,1,0.40244913846254349
gate,H2_seed0,31,horizontal,0,000161_10.png,000162_10.png,4,5,0,1,-0.29150289297103882,-0.1890103667974472,0.10249252617359161,0,1,0.46220722794532776
gate,H2_seed0,31,horizontal,0,000161_10.png,000162_10.png,5,6,0,1,-0.31056228280067444,-0.30093450844287872,0.0096277743577957153,0,1,0.51319406926631927
gate,H2_seed0,31,horizontal,0,000161_10.png,000162_10.png,6,7,0,1,-0.2849428802728653,-0.27646511793136597,0.0084777623414993286,0,1,0.46690410375595093
gate,H2_seed0,0,horizontal,1,000163_10.png,000164_10.png,1,0,0,-1,-0.079351663589477539,-0.077008515596389771,0.0023431479930877686,0,1,0.13246923685073853
gate,H2_seed0,0,horizontal,1,000163_10.png,000164_10.png,2,3,0,1,-0.13413044810295105,-0.055989861488342285,0.078140586614608765,0,1,0.22314294427633286
gate,H2_seed0,0,horizontal,1,000163_10.png,000164_10.png,3,4,0,1,-0.12353744730353355,-0.091745972633361816,0.031791474670171738,0,1,0.31879393383860588
gate,H2_seed0,0,horizontal,1,000163_10.png,000164_10.png,4,5,0,1,-0.16498523950576782,-0.078704275190830231,0.086280964314937592,0,1,0.33153028786182404
gate,H2_seed0,0,horizontal,1,000163_10.png,000164_10.png,5,6,0,1,-0.16201939433813095,-0.056358516216278076,0.10566087812185287,0,1,0.32004594057798386
gate,H2_seed0,0,horizontal,1,000163_10.png,000164_10.png,6,7,0,1,-0.14594024419784546,-0.041055932641029358,0.1048843115568161,0,1,0.29350258409976959
gate,H2_seed0,1,horizontal,1,000163_10.png,000164_10.png,1,5,0,4,-0.11023981496691704,-0.062639743089675903,0.047600071877241135,0,1,0.22563347592949867
gate,H2_seed0,1,horizontal,1,000163_10.png,000164_10.png,2,6,0,4,-0.12131942808628082,-0.075586438179016113,0.045732989907264709,0,1,0.25480853021144867
gate,H2_seed0,1,horizontal,1,000163_10.png,000164_10.png,3,7,0,4,-0.11236090213060379,-0.061758391559123993,0.050602510571479797,0,1,0.25217727571725845
gate,H2_seed0,1,horizontal,1,000163_10.png,000164_10.png,4,8,0,4,-0.098362892866134644,-0.089783176779747009,0.0085797160863876343,0,1,0.26113492250442505
gate,H2_seed0,1,horizontal,1,000163_10.png,000164_10.png,5,6,0,1,-0.11559563875198364,-0.089100360870361328,0.026495277881622314,0,1,0.25553074479103088
gate,H2_seed0,1,horizontal,1,000163_10.png,000164_10.png,6,7,0,1,-0.11574102193117142,-0.075154960155487061,0.040586061775684357,0,1,0.22876813262701035
gate,H2_seed0,2,horizontal,1,000163_10.png,000164_10.png,1,3,0,2,-0.17740242928266525,-0.089238107204437256,0.088164322078227997,0,1,0.23911386728286743
gate,H2_seed0,2,horizontal,1,000163_10.png,000164_10.png,2,4,0,2,-0.22756481170654297,-0.067567288875579834,0.15999752283096313,0,1,0.40014414489269257
gate,H2_seed0,2,horizontal,1,000163_10.png,000164_10.png,3,5,0,2,-0.19111037254333496,-0.095378443598747253,0.095731928944587708,0,1,0.28003846853971481
gate,H2_seed0,2,horizontal,1,000163_10.png,000164_10.png,4,6,0,2,-0.18854051828384399,-0.091743975877761841,0.096796542406082153,0,1,0.33572877198457718
gate,H2_seed0,2,horizontal,1,000163_10.png,000164_10.png,5,7,0,2,-0.14272119849920273,-0.058208227157592773,0.084512971341609955,0,1,0.26761036366224289
gate,H2_seed0,2,horizontal,1,000163_10.png,000164_10.png,6,8,0,2,-0.15989664196968079,-0.071033798158168793,0.088862843811511993,0,1,0.3152310848236084
gate,H2_seed0,3,horizontal,1,000163_10.png,000164_10.png,1,2,0,1,-0.10581398010253906,-0.094898268580436707,0.010915711522102356,0,1,0.19017726182937622
gate,H2_seed0,3,horizontal,1,000163_10.png,000164_10.png,2,4,0,2,-0.071177929639816284,-0.070943795144557953,0.0002341344952583313,0,1,0.14804813265800476
gate,H2_seed0,3,horizontal,1,000163_10.png,000164_10.png,3,5,0,2,-0.084957540035247803,-0.058088541030883789,0.026868999004364014,0,1,0.18704947829246521
gate,H2_seed0,3,horizontal,1,000163_10.png,000164_10.png,4,6,0,2,-0.095509938895702362,-0.056205898523330688,0.039304040372371674,0,1,0.18828834593296051
gate,H2_seed0,3,horizontal,1,000163_10.png,000164_10.png,5,7,0,2,-0.095990851521492004,-0.058520317077636719,0.037470534443855286,0,1,0.16324767470359802
gate,H2_seed0,3,horizontal,1,000163_10.png,000164_10.png,6,8,0,2,-0.078271567821502686,-0.072627171874046326,0.0056443959474563599,0,1,0.18736810982227325
gate,H2_seed0,4,horizontal,1,000163_10.png,000164_10.png,1,3,0,2,-0.1246771514415741,-0.11300433427095413,0.011672817170619965,0,1,0.26186497509479523
gate,H2_seed0,4,horizontal,1,000163_10.png,000164_10.png,2,3,0,1,-0.10685839876532555,-0.10152485966682434,0.0053335390985012054,0,1,0.22389647737145424
gate,H2_seed0,4,horizontal,1,000163_10.png,000164_10.png,3,6,0,3,-0.11169194430112839,-0.092907041311264038,0.018784902989864349,0,1,0.24295292049646378
gate,H2_seed0,4,horizontal,1,000163_10.png,000164_10.png,4,7,0,3,-0.1105964332818985,-0.07230837270617485,0.038288060575723648,0,1,0.19170071184635162
gate,H2_seed0,4,horizontal,1,000163_10.png,000164_10.png,5,7,0,2,-0.096627525985240936,-0.075545132160186768,0.021082393825054169,0,1,0.24052530527114868
gate,H2_seed0,4,horizontal,1,000163_10.png,000164_10.png,6,9,0,3,-0.12788606435060501,-0.088367264717817307,0.039518799632787704,0,1,0.21681983023881912
gate,H2_seed0,5,horizontal,1,000163_10.png,000164_10.png,1,2,0,1,-0.12038621306419373,-0.056062549352645874,0.064323663711547852,0,1,0.22495484352111816
gate,H2_seed0,5,horizontal,1,000163_10.png,000164_10.png,2,3,0,1,-0.16603934764862061,-0.057876810431480408,0.1081625372171402,0,1,0.27625107765197754
gate,H2_seed0,5,horizontal,1,000163_10.png,000164_10.png,3,4,0,1,-0.17343838512897491,-0.064289189875125885,0.10914919525384903,0,1,0.28203693032264709
gate,H2_seed0,5,horizontal,1,000163_10.png,000164_10.png,4,5,0,1,-0.18491724133491516,-0.057417571544647217,0.12749966979026794,0,1,0.27035047113895416
gate,H2_seed0,5,horizontal,1,000163_10.png,000164_10.png,5,6,0,1,-0.17152399569749832,-0.051626682281494141,0.11989731341600418,0,1,0.25615174323320389
gate,H2_seed0,5,horizontal,1,000163_10.png,000164_10.png,6,7,0,1,-0.13716087490320206,-0.038624055683612823,0.098536819219589233,0,1,0.2118438258767128
gate,H2_seed0,6,horizontal,1,000163_10.png,000164_10.png,1,0,0,-1,-0.12068212032318115,-0.078215017914772034,0.042467102408409119,0,1,0.29896403849124908
gate,H2_seed0,6,horizontal,1,000163_10.png,000164_10.png,2,0,0,-2,-0.15378934144973755,-0.088774442672729492,0.065014898777008057,0,1,0.31804782152175903
gate,H2_seed0,6,horizontal,1,000163_10.png,000164_10.png,3,1,0,-2,-0.098936498165130615,-0.081938356161117554,0.016998142004013062,0,1,0.26106931269168854
gate,H2_seed0,6,horizontal,1,000163_10.png,000164_10.png,4,2,0,-2,-0.10399337112903595,-0.06182551383972168,0.04216785728931427,0,1,0.28383921086788177
gate,H2_seed0,6,horizontal,1,000163_10.png,000164_10.png,5,2,0,-3,-0.13415335863828659,-0.11516287177801132,0.018990486860275269,0,1,0.31481993198394775
gate,H2_seed0,6,horizontal,1,000163_10.png,000164_10.png,6,3,0,-3,-0.12841150164604187,-0.089675828814506531,0.038735672831535339,0,1,0.29905737936496735
gate,H2_seed0,7,horizontal,1,000163_10.png,000164_10.png,1,4,0,3,-0.15758900344371796,-0.10574730485677719,0.051841698586940765,0,1,0.31454658508300781
gate,H2_seed0,7,horizontal,1,000163_10.png,000164_10.png,2,5,0,3,-0.19467456638813019,-0.086797181516885757,0.10787738487124443,0,1,0.34730663895606995
gate,H2_seed0,7,horizontal,1,000163_10.png,000164_10.png,3,6,0,3,-0.19014535844326019,-0.14138753712177277,0.048757821321487427,0,1,0.33805660903453827
gate,H2_seed0,7,horizontal,1,000163_10.png,000164_10.png,4,7,0,3,-0.18341889977455139,-0.11297081783413887,0.070448081940412521,0,1,0.30154111981391907
gate,H2_seed0,7,horizontal,1,000163_10.png,000164_10.png,5,8,0,3,-0.14764869213104248,-0.097311720252037048,0.050336971879005432,0,1,0.24110160768032074
gate,H2_seed0,7,horizontal,1,000163_10.png,000164_10.png,6,9,0,3,-0.086054816842079163,-0.080089867115020752,0.0059649497270584106,0,1,0.1955670565366745
gate,H2_seed0,8,horizontal,1,000163_10.png,000164_10.png,1,5,0,4,-0.091135799884796143,-0.074439533054828644,0.016696266829967499,0,1,0.35175547003746033
gate,H2_seed0,8,horizontal,1,000163_10.png,000164_10.png,2,0,0,-2,-0.11295919865369797,-0.07679450511932373,0.036164693534374237,0,1,0.31736801564693451
gate,H2_seed0,8,horizontal,1,000163_10.png,000164_10.png,3,0,0,-3,-0.088366858661174774,-0.0765058733522892,0.011860985308885574,0,1,0.2617938295006752
gate,H2_seed0,8,horizontal,1,000163_10.png,000164_10.png,4,8,0,4,-0.13597264885902405,-0.076965391635894775,0.059007257223129272,0,1,0.27553661167621613
gate,H2_seed0,8,horizontal,1,000163_10.png,000164_10.png,5,10,0,5,-0.076025158166885376,-0.074738919734954834,0.001286238431930542,0,1,0.2090635821223259
gate,H2_seed0,8,horizontal,1,000163_10.png,000164_10.png,6,10,0,4,-0.095388948917388916,-0.068796977400779724,0.026591971516609192,0,1,0.25922706723213196
gate,H2_seed0,9,horizontal,1,000163_10.png,000164_10.png,1,5,0,4,-0.11125251278281212,-0.09267127513885498,0.018581237643957138,0,1,0.30971523001790047
gate,H2_seed0,9,horizontal,1,000163_10.png,000164_10.png,2,7,0,5,-0.11097356677055359,-0.1035321056842804,0.0074414610862731934,0,1,0.42892903089523315
gate,H2_seed0,9,horizontal,1,000163_10.png,000164_10.png,3,7,0,4,-0.1038447842001915,-0.097734425216913223,0.0061103589832782745,0,1,0.31927226483821869
gate,H2_seed0,9,horizontal,1,000163_10.png,000164_10.png,4,6,0,2,-0.10498044267296791,-0.081920206546783447,0.023060236126184464,0,1,0.23463677242398262
gate,H2_seed0,9,horizontal,1,000163_10.png,000164_10.png,5,7,0,2,-0.13899444043636322,-0.047324061393737793,0.091670379042625427,0,1,0.24550054967403412
gate,H2_seed0,9,horizontal,1,000163_10.png,000164_10.png,6,8,0,2,-0.15057036280632019,-0.062521636486053467,0.088048726320266724,0,1,0.24077491462230682
gate,H2_seed0,10,horizontal,1,000163_10.png,000164_10.png,1,11,0,10,-0.153289794921875,-0.064332328736782074,0.088957466185092926,0,1,0.4145427942276001
gate,H2_seed0,10,horizontal,1,000163_10.png,000164_10.png,2,8,0,6,-0.090404849499464035,-0.089554786682128906,0.00085006281733512878,0,1,0.2763364277780056
gate,H2_seed0,10,horizontal,1,000163_10.png,000164_10.png,3,7,0,4,-0.073410481214523315,-0.060957819223403931,0.012452661991119385,0,1,0.2221854031085968
gate,H2_seed0,10,horizontal,1,000163_10.png,000164_10.png,4,8,0,4,-0.064110621809959412,-0.04566037654876709,0.018450245261192322,0,1,0.20260369777679443
gate,H2_seed0,10,horizontal,1,000163_10.png,000164_10.png,5,9,0,4,-0.055648438632488251,-0.055210452526807785,0.0004379861056804657,0,1,0.19206037372350693
gate,H2_seed0,10,horizontal,1,000163_10.png,000164_10.png,6,2,0,-4,-0.10749541223049164,-0.049234211444854736,0.058261200785636902,0,1,0.25014406442642212
gate,H2_seed0,11,horizontal,1,000163_10.png,000164_10.png,1,1,1,0,-0.13839857280254364,-0.098882675170898438,0.039515897631645203,0,1,0.24622408300638199
gate,H2_seed0,11,horizontal,1,000163_10.png,000164_10.png,2,5,0,3,-0.069107502698898315,-0.068865180015563965,0.00024232268333435059,0,1,0.19902773201465607
gate,H2_seed0,11,horizontal,1,000163_10.png,000164_10.png,3,4,0,1,-0.09246864914894104,-0.083318080753087997,0.0091505683958530426,0,1,0.23157091438770294
gate,H2_seed0,11,horizontal,1,000163_10.png,000164_10.png,4,5,0,1,-0.079798102378845215,-0.077985323965549469,0.0018127784132957458,0,1,0.23753714561462402
gate,H2_seed0,11,horizontal,1,000163_10.png,000164_10.png,5,6,0,1,-0.1034114733338356,-0.079569950699806213,0.023841522634029388,0,1,0.26115139573812485
gate,H2_seed0,11,horizontal,1,000163_10.png,000164_10.png,6,8,0,2,-0.084535539150238037,-0.076236657798290253,0.0082988813519477844,0,1,0.28472916781902313
gate,H2_seed0,12,horizontal,1,000163_10.png,000164_10.png,1,1,1,0,-0.09536106139421463,-0.065225929021835327,0.030135132372379303,0,1,0.1977754682302475
gate,H2_seed0,12,horizontal,1,000163_10.png,000164_10.png,2,2,1,0,-0.074247092008590698,-0.051813960075378418,0.02243313193321228,0,1,0.19699481129646301
gate,H2_seed0,12,horizontal,1,000163_10.png,000164_10.png,3,3,1,0,-0.11969494819641113,-0.059684418141841888,0.060010530054569244,0,1,0.22708120942115784
gate,H2_seed0,12,horizontal,1,000163_10.png,000164_10.png,4,4,1,0,-0.13546095043420792,-0.082340981811285019,0.053119968622922897,0,1,0.25816934555768967
gate,H2_seed0,12,horizontal,1,000163_10.png,000164_10.png,5,5,1,0,-0.1095089316368103,-0.054009884595870972,0.055499047040939331,0,1,0.19562901556491852
gate,H2_seed0,12,horizontal,1,000163_10.png,000164_10.png,6,6,1,0,-0.090015571564435959,-0.077453479170799255,0.012562092393636703,0,1,0.18766311183571815
gate,H2_seed0,13,horizontal,1,000163_10.png,000164_10.png,1,8,0,7,-0.12862342596054077,-0.076384663581848145,0.052238762378692627,0,1,0.19698575139045715
gate,H2_seed0,13,horizontal,1,000163_10.png,000164_10.png,2,9,0,7,-0.12826678156852722,-0.062727063894271851,0.065539717674255371,0,1,0.27061107754707336
gate,H2_seed0,13,horizontal,1,000163_10.png,000164_10.png,3,0,0,-3,-0.076523065567016602,-0.070380821824073792,0.0061422437429428101,0,1,0.16768153011798859
gate,H2_seed0,13,horizontal,1,000163_10.png,000164_10.png,4,9,0,5,-0.092038519680500031,-0.078766204416751862,0.013272315263748169,0,1,0.2166040763258934
gate,H2_seed0,13,horizontal,1,000163_10.png,000164_10.png,5,8,0,3,-0.072750188410282135,-0.053589761257171631,0.019160427153110504,0,1,0.1887219175696373
gate,H2_seed0,13,horizontal,1,000163_10.png,000164_10.png,6,3,0,-3,-0.067494511604309082,-0.067008610814809799,0.00048590078949928284,0,1,0.21858152747154236
gate,H2_seed0,14,horizontal,1,000163_10.png,000164_10.png,1,1,1,0,-0.13007386028766632,-0.082835555076599121,0.0472383052110672,0,1,0.32277144491672516
gate,H2_seed0,14,horizontal,1,000163_10.png,000164_10.png,2,0,0,-2,-0.1731436550617218,-0.06746586412191391,0.10567779093980789,0,1,0.34703090786933899
gate,H2_seed0,14,horizontal,1,000163_10.png,000164_10.png,3,1,0,-2,-0.13929098844528198,-0.090325728058815002,0.04896526038646698,0,1,0.30960339307785034
gate,H2_seed0,14,horizontal,1,000163_10.png,000164_10.png,4,2,0,-2,-0.11387550830841064,-0.11370368301868439,0.00017182528972625732,0,1,0.23511667549610138
gate,H2_seed0,14,horizontal,1,000163_10.png,000164_10.png,5,3,0,-2,-0.11395548284053802,-0.10705763101577759,0.006897851824760437,0,1,0.22935108840465546
gate,H2_seed0,14,horizontal,1,000163_10.png,000164_10.png,6,4,0,-2,-0.11642235517501831,-0.09585832804441452,0.02056402713060379,0,1,0.24146600067615509
gate,H2_seed0,15,horizontal,1,000163_10.png,000164_10.png,1,1,1,0,-0.16542458534240723,-0.1524159163236618,0.013008669018745422,0,1,0.24924767017364502
gate,H2_seed0,15,horizontal,1,000163_10.png,000164_10.png,2,2,1,0,-0.22667546570301056,-0.11084416508674622,0.11583130061626434,0,1,0.29873235523700714
gate,H2_seed0,15,horizontal,1,000163_10.png,000164_10.png,3,3,1,0,-0.17968988418579102,-0.14883917570114136,0.030850708484649658,0,1,0.28173911571502686
gate,H2_seed0,15,horizontal,1,000163_10.png,000164_10.png,4,5,0,1,-0.16663698107004166,-0.16225840151309967,0.0043785795569419861,0,1,0.26282043755054474
gate,H2_seed0,15,horizontal,1,000163_10.png,000164_10.png,5,6,0,1,-0.14499756693840027,-0.1252693384885788,0.019728228449821472,0,1,0.27388310432434082
gate,H2_seed0,15,horizontal,1,000163_10.png,000164_10.png,6,6,1,0,-0.14477992057800293,-0.12049897760152817,0.024280942976474762,0,1,0.25817544758319855
gate,H2_seed0,16,horizontal,1,000163_10.png,000164_10.png,1,8,0,7,-0.15393497049808502,-0.079392284154891968,0.074542686343193054,0,1,0.40056690573692322
gate,H2_seed0,16,horizontal,1,000163_10.png,000164_10.png,2,1,0,-1,-0.15712325274944305,-0.10743475705385208,0.049688495695590973,0,1,0.38276673853397369
gate,H2_seed0,16,horizontal,1,000163_10.png,000164_10.png,3,2,0,-1,-0.1131289154291153,-0.077557504177093506,0.03557141125202179,0,1,0.3151983842253685
gate,H2_seed0,16,horizontal,1,000163_10.png,000164_10.png,4,3,0,-1,-0.16346230357885361,-0.11189768835902214,0.051564615219831467,0,1,0.30127064138650894
gate,H2_seed0,16,horizontal,1,000163_10.png,000164_10.png,5,2,0,-3,-0.17297765612602234,-0.13293410837650299,0.040043547749519348,0,1,0.32976844906806946
gate,H2_seed0,16,horizontal,1,000163_10.png,000164_10.png,6,3,0,-3,-0.17655020952224731,-0.12555128335952759,0.050998926162719727,0,1,0.33020806312561035
gate,H2_seed0,17,horizontal,1,000163_10.png,000164_10.png,1,0,0,-1,-0.1590476781129837,-0.15394033491611481,0.0051073431968688965,0,1,0.33377562463283539
gate,H2_seed0,17,horizontal,1,000163_10.png,000164_10.png,2,2,1,0,-0.18414287269115448,-0.16899389028549194,0.015148982405662537,0,1,0.38197812438011169
gate,H2_seed0,17,horizontal,1,000163_10.png,000164_10.png,3,2,0,-1,-0.16706392168998718,-0.15975208580493927,0.0073118358850479126,0,1,0.37380537390708923
gate,H2_seed0,17,horizontal,1,000163_10.png,000164_10.png,4,4,1,0,-0.18476736545562744,-0.12826010584831238,0.056507259607315063,0,1,0.373360276222229
gate,H2_seed0,17,horizontal,1,000163_10.png,000164_10.png,5,5,1,0,-0.16896790266036987,-0.094169445335865021,0.074798457324504852,0,1,0.37228305637836456
gate,H2_seed0,17,horizontal,1,000163_10.png,000164_10.png,6,6,1,0,-0.18728069961071014,-0.11413311958312988,0.073147580027580261,0,1,0.37197671830654144
gate,H2_seed0,18,horizontal,1,000163_10.png,000164_10.png,1,0,0,-1,-0.13679620623588562,-0.073904998600482941,0.062891207635402679,0,1,0.23823544383049011
gate,H2_seed0,18,horizontal,1,000163_10.png,000164_10.png,2,2,1,0,-0.076630167663097382,-0.065655045211315155,0.010975122451782227,0,1,0.16434677690267563
gate,H2_seed0,18,horizontal,1,000163_10.png,000164_10.png,3,2,0,-1,-0.095979169011116028,-0.079535424709320068,0.016443744301795959,0,1,0.17359274625778198
gate,H2_seed0,18,horizontal,1,000163_10.png,000164_10.png,4,3,0,-1,-0.087862476706504822,-0.072779417037963867,0.015083059668540955,0,1,0.18465014174580574
gate,H2_seed0,18,horizontal,1,000163_10.png,000164_10.png,5,4,0,-1,-0.08239138126373291,-0.069285228848457336,0.013106152415275574,0,1,0.1465180516242981
gate,H2_seed0,18,horizontal,1,000163_10.png,000164_10.png,6,8,0,2,-0.0887908935546875,-0.086493194103240967,0.0022976994514465332,0,1,0.17917750775814056
gate,H2_seed0,19,horizontal,1,000163_10.png,000164_10.png,1,2,0,1,-0.27282032370567322,-0.11964401602745056,0.15317630767822266,0,1,0.42587748169898987
gate,H2_seed0,19,horizontal,1,000163_10.png,000164_10.png,2,3,0,1,-0.1665925532579422,-0.11067625880241394,0.055916294455528259,0,1,0.24576736986637115
gate,H2_seed0,19,horizontal,1,000163_10.png,000164_10.png,3,4,0,1,-0.16902567446231842,-0.10073935985565186,0.068286314606666565,0,1,0.2272566556930542
gate,H2_seed0,19,horizontal,1,000163_10.png,000164_10.png,4,5,0,1,-0.16531959176063538,-0.11498548090457916,0.050334110856056213,0,1,0.27800671383738518
gate,H2_seed0,19,horizontal,1,000163_10.png,000164_10.png,5,6,0,1,-0.15055256336927414,-0.1015368327498436,0.049015730619430542,0,1,0.23973499983549118
gate,H2_seed0,19,horizontal,1,000163_10.png,000164_10.png,6,7,0,1,-0.13809849321842194,-0.11885470151901245,0.019243791699409485,0,1,0.25484753400087357
gate,H2_seed0,20,horizontal,1,000163_10.png,000164_10.png,1,0,0,-1,-0.15644015371799469,-0.070793092250823975,0.085647061467170715,0,1,0.26964543759822845
gate,H2_seed0,20,horizontal,1,000163_10.png,000164_10.png,2,3,0,1,-0.10914672911167145,-0.069156445562839508,0.03999028354883194,0,1,0.22632630169391632
gate,H2_seed0,20,horizontal,1,000163_10.png,000164_10.png,3,0,0,-3,-0.11867684125900269,-0.081505671143531799,0.037171170115470886,0,1,0.23470747470855713
gate,H2_seed0,20,horizontal,1,000163_10.png,000164_10.png,4,5,0,1,-0.10001102089881897,-0.097708500921726227,0.0023025199770927429,0,1,0.23994597792625427
gate,H2_seed0,20,horizontal,1,000163_10.png,000164_10.png,5,3,0,-2,-0.095928110182285309,-0.074999518692493439,0.02092859148979187,0,1,0.19432470947504044
gate,H2_seed0,20,horizontal,1,000163_10.png,000164_10.png,6,7,0,1,-0.11635032296180725,-0.093239977955818176,0.023110345005989075,0,1,0.20489588379859924
gate,H2_seed0,21,horizontal,1,000163_10.png,000164_10.png,1,6,0,5,-0.15340102463960648,-0.096729829907417297,0.056671194732189178,0,1,0.29958982020616531
gate,H2_seed0,21,horizontal,1,000163_10.png,000164_10.png,2,7,0,5,-0.146844282746315,-0.075762242078781128,0.071082040667533875,0,1,0.34483171999454498
gate,H2_seed0,21,horizontal,1,000163_10.png,000164_10.png,3,8,0,5,-0.14407719671726227,-0.069972902536392212,0.074104294180870056,0,1,0.31830736249685287
gate,H2_seed0,21,horizontal,1,000163_10.png,000164_10.png,4,9,0,5,-0.10561426728963852,-0.030849901959300041,0.074764365330338478,0,1,0.21450874954462051
gate,H2_seed0,21,horizontal,1,000163_10.png,000164_10.png,5,10,0,5,-0.06749308854341507,-0.067292466759681702,0.00020062178373336792,0,1,0.18668484687805176
gate,H2_seed0,21,horizontal,1,000163_10.png,000164_10.png,6,1,0,-5,-0.08402232825756073,-0.033884167671203613,0.050138160586357117,0,1,0.21910502016544342
gate,H2_seed0,22,horizontal,1,000163_10.png,000164_10.png,1,1,1,0,-0.21749351173639297,-0.10587775707244873,0.11161575466394424,0,1,0.32784398645162582
gate,H2_seed0,22,horizontal,1,000163_10.png,000164_10.png,2,2,1,0,-0.18410225957632065,-0.093824893236160278,0.09027736634016037,0,1,0.2773253545165062
gate,H2_seed0,22,horizontal,1,000163_10.png,000164_10.png,3,3,1,0,-0.14609725028276443,-0.12076780200004578,0.025329448282718658,0,1,0.25730716437101364
gate,H2_seed0,22,horizontal,1,000163_10.png,000164_10.png,4,4,1,0,-0.14378362894058228,-0.11969178915023804,0.024091839790344238,0,1,0.25418992340564728
gate,H2_seed0,22,horizontal,1,000163_10.png,000164_10.png,5,5,1,0,-0.16427052021026611,-0.12291112542152405,0.041359394788742065,0,1,0.26657670736312866
gate,H2_seed0,22,horizontal,1,000163_10.png,000164_10.png,6,6,1,0,-0.15259619057178497,-0.10262178629636765,0.049974404275417328,0,1,0.23597587645053864
gate,H2_seed0,23,horizontal,1,000163_10.png,000164_10.png,1,10,0,9,-0.07778438925743103,-0.075263738632202148,0.0025206506252288818,0,1,0.22439353168010712
gate,H2_seed0,23,horizontal,1,000163_10.png,000164_10.png,2,11,0,9,-0.075218796730041504,-0.071717351675033569,0.0035014450550079346,0,1,0.17143027484416962
gate,H2_seed0,23,horizontal,1,000163_10.png,000164_10.png,3,10,0,7,-0.075490206480026245,-0.050584554672241211,0.024905651807785034,0,1,0.16897197067737579
gate,H2_seed0,23,horizontal,1,000163_10.png,000164_10.png,4,11,0,7,-0.079406872391700745,-0.075311422348022461,0.0040954500436782837,0,1,0.18056850135326385
gate,H2_seed0,23,horizontal,1,000163_10.png,000164_10.png,5,10,0,5,-0.063922256231307983,-0.058824412524700165,0.0050978437066078186,0,1,0.1740654855966568
gate,H2_seed0,23,horizontal,1,000163_10.png,000164_10.png,6,3,0,-3,-0.092384651303291321,-0.052350617945194244,0.040034033358097076,0,1,0.18187630921602249
gate,H2_seed0,24,horizontal,1,000163_10.png,000164_10.png,1,11,0,10,-0.11308357119560242,-0.085634246468544006,0.027449324727058411,0,1,0.31989777088165283
gate,H2_seed0,24,horizontal,1,000163_10.png,000164_10.png,2,9,0,7,-0.11160320043563843,-0.098730228841304779,0.012872971594333649,0,1,0.38628388941287994
gate,H2_seed0,24,horizontal,1,000163_10.png,000164_10.png,3,1,0,-2,-0.16811597347259521,-0.0935172438621521,0.074598729610443115,0,1,0.48315237462520599
gate,H2_seed0,24,horizontal,1,000163_10.png,000164_10.png,4,2,0,-2,-0.15256226807832718,-0.091723524034023285,0.060838744044303894,0,1,0.3975294902920723
gate,H2_seed0,24,horizontal,1,000163_10.png,000164_10.png,5,3,0,-2,-0.11075401306152344,-0.089952811598777771,0.020801201462745667,0,1,0.33642876148223877
gate,H2_seed0,24,horizontal,1,000163_10.png,000164_10.png,6,4,0,-2,-0.13644737005233765,-0.097543671727180481,0.038903698325157166,0,1,0.3187420666217804
gate,H2_seed0,25,horizontal,1,000163_10.png,000164_10.png,1,3,0,2,-0.034993128851056099,-0.022066228091716766,0.012926900759339333,0,1,0.10037698037922382
gate,H2_seed0,25,horizontal,1,000163_10.png,000164_10.png,2,4,0,2,-0.060405746102333069,-0.057774350047111511,0.0026313960552215576,0,1,0.20433209836483002
gate,H2_seed0,25,horizontal,1,000163_10.png,000164_10.png,3,8,0,5,-0.056826099753379822,-0.047253727912902832,0.0095723718404769897,0,1,0.21915994584560394
gate,H2_seed0,25,horizontal,1,000163_10.png,000164_10.png,4,8,0,4,-0.061685167253017426,-0.047438353300094604,0.014246813952922821,0,1,0.15739056468009949
gate,H2_seed0,25,horizontal,1,000163_10.png,000164_10.png,5,9,0,4,-0.062589913606643677,-0.062216460704803467,0.00037345290184020996,0,1,0.25117156654596329
gate,H2_seed0,25,horizontal,1,000163_10.png,000164_10.png,6,10,0,4,-0.077211260795593262,-0.07226523756980896,0.0049460232257843018,0,1,0.17517304420471191
gate,H2_seed0,26,horizontal,1,000163_10.png,000164_10.png,1,6,0,5,-0.03756396472454071,-0.037397682666778564,0.000166282057762146,0,1,0.14723050594329834
gate,H2_seed0,26,horizontal,1,000163_10.png,000164_10.png,2,1,0,-1,-0.1157098188996315,-0.035744071006774902,0.079965747892856598,0,1,0.25178427249193192
gate,H2_seed0,26,horizontal,1,000163_10.png,000164_10.png,3,2,0,-1,-0.073651693761348724,-0.041973903775215149,0.031677789986133575,0,1,0.17394008487462997
gate,H2_seed0,26,horizontal,1,000163_10.png,000164_10.png,4,3,0,-1,-0.080974102020263672,-0.057079404592514038,0.023894697427749634,0,1,0.19845853745937347
gate,H2_seed0,26,horizontal,1,000163_10.png,000164_10.png,5,4,0,-1,-0.11510245501995087,-0.063427098095417023,0.051675356924533844,0,1,0.23864217102527618
gate,H2_seed0,26,horizontal,1,000163_10.png,000164_10.png,6,5,0,-1,-0.11669647693634033,-0.052099317312240601,0.064597159624099731,0,1,0.23273012042045593
gate,H2_seed0,27,horizontal,1,000163_10.png,000164_10.png,1,3,0,2,-0.096407070755958557,-0.084657728672027588,0.011749342083930969,0,1,0.21353735029697418
gate,H2_seed0,27,horizontal,1,000163_10.png,000164_10.png,2,1,0,-1,-0.230735182762146,-0.056759752333164215,0.17397543042898178,0,1,0.32599352300167084
gate,H2_seed0,27,horizontal,1,000163_10.png,000164_10.png,3,2,0,-1,-0.37423598766326904,-0.034553349018096924,0.33968263864517212,0,1,0.45530595257878304
gate,H2_seed0,27,horizontal,1,000163_10.png,000164_10.png,4,3,0,-1,-0.32344630360603333,-0.044759534299373627,0.2786867693066597,0,1,0.42587625980377197
gate,H2_seed0,27,horizontal,1,000163_10.png,000164_10.png,5,4,0,-1,-0.29759056866168976,-0.052102170884609222,0.24548839777708054,0,1,0.38763363659381866
gate,H2_seed0,27,horizontal,1,000163_10.png,000164_10.png,6,5,0,-1,-0.28284689784049988,-0.037904590368270874,0.244942307472229,0,1,0.37201402336359024
gate,H2_seed0,28,horizontal,1,000163_10.png,000164_10.png,1,2,0,1,-0.34749488532543182,-0.19037321954965591,0.15712166577577591,0,1,0.58337779343128204
gate,H2_seed0,28,horizontal,1,000163_10.png,000164_10.png,2,3,0,1,-0.26627971231937408,-0.22753888368606567,0.038740828633308411,0,1,0.51808041334152222
gate,H2_seed0,28,horizontal,1,000163_10.png,000164_10.png,3,3,1,0,-0.22236298769712448,-0.21426534652709961,0.0080976411700248718,0,1,0.43125475198030472
gate,H2_seed0,28,horizontal,1,000163_10.png,000164_10.png,4,5,0,1,-0.19901274144649506,-0.16275082528591156,0.036261916160583496,0,1,0.36580517888069153
gate,H2_seed0,28,horizontal,1,000163_10.png,000164_10.png,5,6,0,1,-0.15866320580244064,-0.1393197700381279,0.019343435764312744,0,1,0.25338619202375412
gate,H2_seed0,28,horizontal,1,000163_10.png,000164_10.png,6,7,0,1,-0.165859654545784,-0.16424658894538879,0.0016130656003952026,0,1,0.28511025756597519
gate,H2_seed0,29,horizontal,1,000163_10.png,000164_10.png,1,1,1,0,-0.15818843245506287,-0.074122264981269836,0.08406616747379303,0,1,0.23187075555324554
gate,H2_seed0,29,horizontal,1,000163_10.png,000164_10.png,2,3,0,1,-0.15553046762943268,-0.077813729643821716,0.077716737985610962,0,1,0.33741262555122375
gate,H2_seed0,29,horizontal,1,000163_10.png,000164_10.png,3,4,0,1,-0.1306469738483429,-0.060446813702583313,0.070200160145759583,0,1,0.22302061319351196
gate,H2_seed0,29,horizontal,1,000163_10.png,000164_10.png,4,5,0,1,-0.10215567052364349,-0.039807774126529694,0.0623478963971138,0,1,0.24074028432369232
gate,H2_seed0,29,horizontal,1,000163_10.png,000164_10.png,5,6,0,1,-0.12921673059463501,-0.078693479299545288,0.050523251295089722,0,1,0.21803215146064758
gate,H2_seed0,29,horizontal,1,000163_10.png,000164_10.png,6,7,0,1,-0.090301599353551865,-0.054959952831268311,0.035341646522283554,0,1,0.17171492800116539
gate,H2_seed0,30,horizontal,1,000163_10.png,000164_10.png,1,2,0,1,-0.15105956792831421,-0.10614651441574097,0.044913053512573242,0,1,0.24308490008115768
gate,H2_seed0,30,horizontal,1,000163_10.png,000164_10.png,2,0,0,-2,-0.15526381134986877,-0.10526686161756516,0.049996949732303619,0,1,0.2491290271282196
gate,H2_seed0,30,horizontal,1,000163_10.png,000164_10.png,3,2,0,-1,-0.13384047150611877,-0.085702106356620789,0.048138365149497986,0,1,0.22709861397743225
gate,H2_seed0,30,horizontal,1,000163_10.png,000164_10.png,4,3,0,-1,-0.093353793025016785,-0.053589507937431335,0.039764285087585449,0,1,0.20924602448940277
gate,H2_seed0,30,horizontal,1,000163_10.png,000164_10.png,5,4,0,-1,-0.1025175042450428,-0.088105723261833191,0.01441178098320961,0,1,0.21936522796750069
gate,H2_seed0,30,horizontal,1,000163_10.png,000164_10.png,6,5,0,-1,-0.11681599915027618,-0.084893137216567993,0.031922861933708191,0,1,0.22041478753089905
gate,H2_seed0,31,horizontal,1,000163_10.png,000164_10.png,1,1,1,0,-0.19397927820682526,-0.088986605405807495,0.10499267280101776,0,1,0.32377442717552185
gate,H2_seed0,31,horizontal,1,000163_10.png,000164_10.png,2,3,0,1,-0.11457341909408569,-0.080458581447601318,0.034114837646484375,0,1,0.2448716014623642
gate,H2_seed0,31,horizontal,1,000163_10.png,000164_10.png,3,4,0,1,-0.10774794220924377,-0.092318147420883179,0.015429794788360596,0,1,0.18946161866188049
gate,H2_seed0,31,horizontal,1,000163_10.png,000164_10.png,4,5,0,1,-0.11619581282138824,-0.095020025968551636,0.021175786852836609,0,1,0.19028811529278755
gate,H2_seed0,31,horizontal,1,000163_10.png,000164_10.png,5,5,1,0,-0.099472213536500931,-0.098352916538715363,0.0011192969977855682,0,1,0.177259411662817
gate,H2_seed0,31,horizontal,1,000163_10.png,000164_10.png,6,8,0,2,-0.092598330229520798,-0.091326035559177399,0.001272294670343399,0,1,0.17017890140414238
gate,H2_seed0,0,horizontal,2,000170_10.png,000171_10.png,1,5,0,4,-0.22474683821201324,-0.16112643480300903,0.063620403409004211,0,1,0.42402713000774384
gate,H2_seed0,0,horizontal,2,000170_10.png,000171_10.png,2,3,0,1,-0.26648786664009094,-0.19707344472408295,0.069414421916007996,0,1,0.43182589113712311
gate,H2_seed0,0,horizontal,2,000170_10.png,000171_10.png,3,4,0,1,-0.23926147818565369,-0.17082029581069946,0.068441182374954224,0,1,0.41939240694046021
gate,H2_seed0,0,horizontal,2,000170_10.png,000171_10.png,4,3,0,-1,-0.23775847256183624,-0.1708298921585083,0.066928580403327942,0,1,0.48678483068943024
gate,H2_seed0,0,horizontal,2,000170_10.png,000171_10.png,5,4,0,-1,-0.17492866516113281,-0.16157089173793793,0.013357773423194885,0,1,0.35602903366088867
gate,H2_seed0,0,horizontal,2,000170_10.png,000171_10.png,6,7,0,1,-0.19577392935752869,-0.16681181639432907,0.028962112963199615,0,1,0.38828849792480469
gate,H2_seed0,1,horizontal,2,000170_10.png,000171_10.png,1,2,0,1,-0.24535495787858963,-0.14697445929050446,0.098380498588085175,0,1,0.43325967341661453
gate,H2_seed0,1,horizontal,2,000170_10.png,000171_10.png,2,6,0,4,-0.18256908655166626,-0.17958350479602814,0.0029855817556381226,0,1,0.38113236427307129
gate,H2_seed0,1,horizontal,2,000170_10.png,000171_10.png,3,1,0,-2,-0.24856604635715485,-0.13218756765127182,0.11637847870588303,0,1,0.44305522739887238
gate,H2_seed0,1,horizontal,2,000170_10.png,000171_10.png,4,7,0,3,-0.13448835909366608,-0.075207799673080444,0.059280559420585632,0,1,0.25607939064502716
gate,H2_seed0,1,horizontal,2,000170_10.png,000171_10.png,5,8,0,3,-0.14182955026626587,-0.13436940312385559,0.0074601471424102783,0,1,0.39900685846805573
gate,H2_seed0,1,horizontal,2,000170_10.png,000171_10.png,6,2,0,-4,-0.21128265559673309,-0.11284169182181358,0.09844096377491951,0,1,0.57453325390815735
gate,H2_seed0,2,horizontal,2,000170_10.png,000171_10.png,1,2,0,1,-0.2101878821849823,-0.15424437820911407,0.055943503975868225,0,1,0.38514388352632523
gate,H2_seed0,2,horizontal,2,000170_10.png,000171_10.png,2,4,0,2,-0.17730429768562317,-0.16846833378076553,0.0088359639048576355,0,1,0.36589417606592178
gate,H2_seed0,2,horizontal,2,000170_10.png,000171_10.png,3,4,0,1,-0.26046785712242126,-0.21483652293682098,0.045631334185600281,0,1,0.53111213445663452
gate,H2_seed0,2,horizontal,2,000170_10.png,000171_10.png,4,5,0,1,-0.29508784413337708,-0.19047285616397858,0.1046149879693985,0,1,0.67167344689369202
gate,H2_seed0,2,horizontal,2,000170_10.png,000171_10.png,5,6,0,1,-0.30677852034568787,-0.2514236718416214,0.055354848504066467,0,1,0.74863390624523163
gate,H2_seed0,2,horizontal,2,000170_10.png,000171_10.png,6,7,0,1,-0.33787000179290771,-0.25611157715320587,0.081758424639701843,0,1,0.8255542516708374
gate,H2_seed0,3,horizontal,2,000170_10.png,000171_10.png,1,2,0,1,-0.23673257231712341,-0.16919706761837006,0.067535504698753357,0,1,0.45199820399284363
gate,H2_seed0,3,horizontal,2,000170_10.png,000171_10.png,2,3,0,1,-0.27450571954250336,-0.22051602602005005,0.053989693522453308,0,1,0.45584948360919952
gate,H2_seed0,3,horizontal,2,000170_10.png,000171_10.png,3,2,0,-1,-0.21575093269348145,-0.20234367251396179,0.013407260179519653,0,1,0.44927370548248291
gate,H2_seed0,3,horizontal,2,000170_10.png,000171_10.png,4,3,0,-1,-0.21459179371595383,-0.17126005887985229,0.043331734836101532,0,1,0.43480820208787918
gate,H2_seed0,3,horizontal,2,000170_10.png,000171_10.png,5,6,0,1,-0.15225349366664886,-0.14521878212690353,0.0070347115397453308,0,1,0.30086836218833923
gate,H2_seed0,3,horizontal,2,000170_10.png,000171_10.png,6,9,0,3,-0.17142531275749207,-0.16276605427265167,0.0086592584848403931,0,1,0.31893639266490936
gate,H2_seed0,4,horizontal,2,000170_10.png,000171_10.png,1,4,0,3,-0.27602759003639221,-0.18668963015079498,0.089337959885597229,0,1,0.49006852507591248
gate,H2_seed0,4,horizontal,2,000170_10.png,000171_10.png,2,3,0,1,-0.28227637708187103,-0.25629051029682159,0.025985866785049438,0,1,0.58917982876300812
gate,H2_seed0,4,horizontal,2,000170_10.png,000171_10.png,3,2,0,-1,-0.28759671747684479,-0.23856120556592941,0.049035511910915375,0,1,0.66024808585643768
gate,H2_seed0,4,horizontal,2,000170_10.png,000171_10.png,4,3,0,-1,-0.26569256186485291,-0.23160611093044281,0.034086450934410095,0,1,0.74343767762184143
gate,H2_seed0,4,horizontal,2,000170_10.png,000171_10.png,5,4,0,-1,-0.2497653067111969,-0.20795038342475891,0.041814923286437988,0,1,0.72018495202064514
gate,H2_seed0,4,horizontal,2,000170_10.png,000171_10.png,6,5,0,-1,-0.2495494931936264,-0.19228258728981018,0.057266905903816223,0,1,0.71688060462474823
gate,H2_seed0,5,horizontal,2,000170_10.png,000171_10.png,1,2,0,1,-0.40802858769893646,-0.18742704391479492,0.22060154378414154,0,1,0.66692601144313812
gate,H2_seed0,5,horizontal,2,000170_10.png,000171_10.png,2,1,0,-1,-0.46193048357963562,-0.40658973157405853,0.055340752005577087,0,1,0.67481687664985657
gate,H2_seed0,5,horizontal,2,000170_10.png,000171_10.png,3,4,0,1,-0.35189160704612732,-0.30982309579849243,0.042068511247634888,0,1,0.51600825786590576
gate,H2_seed0,5,horizontal,2,000170_10.png,000171_10.png,4,5,0,1,-0.34820994734764099,-0.30017563700675964,0.048034310340881348,0,1,0.55642957985401154
gate,H2_seed0,5,horizontal,2,000170_10.png,000171_10.png,5,6,0,1,-0.3870384693145752,-0.2828841358423233,0.10415433347225189,0,1,0.56602206081151962
gate,H2_seed0,5,horizontal,2,000170_10.png,000171_10.png,6,7,0,1,-0.33326424658298492,-0.27789546549320221,0.055368781089782715,0,1,0.52079575508832932
gate,H2_seed0,6,horizontal,2,000170_10.png,000171_10.png,1,0,0,-1,-0.35342127084732056,-0.20067188888788223,0.15274938195943832,0,1,0.74076193571090698
gate,H2_seed0,6,horizontal,2,000170_10.png,000171_10.png,2,1,0,-1,-0.24940621852874756,-0.21485716104507446,0.034549057483673096,0,1,0.5951029360294342
gate,H2_seed0,6,horizontal,2,000170_10.png,000171_10.png,3,2,0,-1,-0.29180058836936951,-0.27130752801895142,0.020493060350418091,0,1,0.6430613100528717
gate,H2_seed0,6,horizontal,2,000170_10.png,000171_10.png,4,3,0,-1,-0.33416455984115601,-0.2426273450255394,0.091537214815616608,0,1,0.6977984607219696
gate,H2_seed0,6,horizontal,2,000170_10.png,000171_10.png,5,4,0,-1,-0.28302319347858429,-0.27228827774524689,0.010734915733337402,0,1,0.67532815039157867
gate,H2_seed0,6,horizontal,2,000170_10.png,000171_10.png,6,4,0,-2,-0.35050538182258606,-0.29594957828521729,0.054555803537368774,0,1,0.72221159934997559
gate,H2_seed0,7,horizontal,2,000170_10.png,000171_10.png,1,2,0,1,-0.15209953486919403,-0.065735608339309692,0.086363926529884338,0,1,0.29727502167224884
gate,H2_seed0,7,horizontal,2,000170_10.png,000171_10.png,2,1,0,-1,-0.23800267279148102,-0.18482732772827148,0.053175345063209534,0,1,0.38862989842891693
gate,H2_seed0,7,horizontal,2,000170_10.png,000171_10.png,3,2,0,-1,-0.2420734167098999,-0.22852542996406555,0.013547986745834351,0,1,0.44397932291030884
gate,H2_seed0,7,horizontal,2,000170_10.png,000171_10.png,4,5,0,1,-0.21891758590936661,-0.15737254917621613,0.061545036733150482,0,1,0.44951220601797104
gate,H2_seed0,7,horizontal,2,000170_10.png,000171_10.png,5,6,0,1,-0.24092700332403183,-0.20661858469247818,0.03430841863155365,0,1,0.48566246032714844
gate,H2_seed0,7,horizontal,2,000170_10.png,000171_10.png,6,7,0,1,-0.30231417715549469,-0.16879062354564667,0.13352355360984802,0,1,0.57241199910640717
gate,H2_seed0,8,horizontal,2,000170_10.png,000171_10.png,1,1,1,0,-0.14979054033756256,-0.13665522634983063,0.013135313987731934,0,1,0.38597491383552551
gate,H2_seed0,8,horizontal,2,000170_10.png,000171_10.png,2,2,1,0,-0.11292546987533569,-0.090799182653427124,0.022126287221908569,0,1,0.2859330028295517
gate,H2_seed0,8,horizontal,2,000170_10.png,000171_10.png,3,1,0,-2,-0.30285258591175079,-0.055132597684860229,0.24771998822689056,0,1,0.4233865886926651
gate,H2_seed0,8,horizontal,2,000170_10.png,000171_10.png,4,2,0,-2,-0.28429454565048218,-0.067088209092617035,0.21720633655786514,0,1,0.39607299864292145
gate,H2_seed0,8,horizontal,2,000170_10.png,000171_10.png,5,3,0,-2,-0.15501287579536438,-0.1346060186624527,0.020406857132911682,0,1,0.35359358787536621
gate,H2_seed0,8,horizontal,2,000170_10.png,000171_10.png,6,9,0,3,-0.14969697594642639,-0.14892514050006866,0.00077183544635772705,0,1,0.32987579703330994
gate,H2_seed0,9,horizontal,2,000170_10.png,000171_10.png,1,4,0,3,-0.21264202147722244,-0.097922086715698242,0.1147199347615242,0,1,0.52854210883378983
gate,H2_seed0,9,horizontal,2,000170_10.png,000171_10.png,2,5,0,3,-0.22178728878498077,-0.14885532110929489,0.072931967675685883,0,1,0.70370826125144958
gate,H2_seed0,9,horizontal,2,000170_10.png,000171_10.png,3,6,0,3,-0.21778889745473862,-0.20564109086990356,0.012147806584835052,0,1,0.51168439537286758
gate,H2_seed0,9,horizontal,2,000170_10.png,000171_10.png,4,9,0,5,-0.23702288419008255,-0.23061937093734741,0.0064035132527351379,0,1,0.46856776624917984
gate,H2_seed0,9,horizontal,2,000170_10.png,000171_10.png,5,8,0,3,-0.25782647728919983,-0.086755901575088501,0.17107057571411133,0,1,0.47716161608695984
gate,H2_seed0,9,horizontal,2,000170_10.png,000171_10.png,6,9,0,3,-0.27226501703262329,-0.077757276594638824,0.19450774043798447,0,1,0.45989115536212921
gate,H2_seed0,10,horizontal,2,000170_10.png,000171_10.png,1,10,0,9,-0.22201246023178101,-0.20222550630569458,0.019786953926086426,0,1,0.6352383941411972
gate,H2_seed0,10,horizontal,2,000170_10.png,000171_10.png,2,9,0,7,-0.31566989421844482,-0.24686978757381439,0.068800106644630432,0,1,0.84415909647941589
gate,H2_seed0,10,horizontal,2,000170_10.png,000171_10.png,3,9,0,6,-0.32457694411277771,-0.27682381868362427,0.047753125429153442,0,1,0.77208048105239868
gate,H2_seed0,10,horizontal,2,000170_10.png,000171_10.png,4,10,0,6,-0.32674321532249451,-0.15944623947143555,0.16729697585105896,0,1,0.73743481934070587
gate,H2_seed0,10,horizontal,2,000170_10.png,000171_10.png,5,10,0,5,-0.15263552963733673,-0.14769077301025391,0.0049447566270828247,0,1,0.53185543417930603
gate,H2_seed0,10,horizontal,2,000170_10.png,000171_10.png,6,2,0,-4,-0.20897883176803589,-0.16768908500671387,0.041289746761322021,0,1,0.58048588037490845
gate,H2_seed0,11,horizontal,2,000170_10.png,000171_10.png,1,2,0,1,-0.45435410737991333,-0.12349855899810791,0.33085554838180542,0,1,0.67045365273952484
gate,H2_seed0,11,horizontal,2,000170_10.png,000171_10.png,2,3,0,1,-0.49407550692558289,-0.14249864220619202,0.35157686471939087,0,1,0.75314944982528687
gate,H2_seed0,11,horizontal,2,000170_10.png,000171_10.png,3,4,0,1,-0.49984027445316315,-0.12579204142093658,0.37404823303222656,0,1,0.82071340084075928
gate,H2_seed0,11,horizontal,2,000170_10.png,000171_10.png,4,5,0,1,-0.46150937676429749,-0.20373004674911499,0.2577793300151825,0,1,0.8395591527223587
gate,H2_seed0,11,horizontal,2,000170_10.png,000171_10.png,5,6,0,1,-0.49315239489078522,-0.17264442145824432,0.32050797343254089,0,1,0.77013705670833588
gate,H2_seed0,11,horizontal,2,000170_10.png,000171_10.png,6,7,0,1,-0.45842327177524567,-0.26876908540725708,0.18965418636798859,0,1,0.82172109186649323
gate,H2_seed0,12,horizontal,2,000170_10.png,000171_10.png,1,2,0,1,-0.1785646453499794,-0.055478870868682861,0.12308577448129654,0,1,0.26086697727441788
gate,H2_seed0,12,horizontal,2,000170_10.png,000171_10.png,2,3,0,1,-0.22842220216989517,-0.18401047587394714,0.044411726295948029,0,1,0.40773705393075943
gate,H2_seed0,12,horizontal,2,000170_10.png,000171_10.png,3,4,0,1,-0.28217500448226929,-0.1367628276348114,0.14541217684745789,0,1,0.44794726371765137
gate,H2_seed0,12,horizontal,2,000170_10.png,000171_10.png,4,5,0,1,-0.27878712117671967,-0.17268354445695877,0.10610357671976089,0,1,0.49874895811080933
gate,H2_seed0,12,horizontal,2,000170_10.png,000171_10.png,5,6,0,1,-0.3005950003862381,-0.1656453013420105,0.1349496990442276,0,1,0.57242178916931152
gate,H2_seed0,12,horizontal,2,000170_10.png,000171_10.png,6,7,0,1,-0.27785922586917877,-0.22780175507068634,0.050057470798492432,0,1,0.48527444154024124
gate,H2_seed0,13,horizontal,2,000170_10.png,000171_10.png,1,7,0,6,-0.24359399080276489,-0.11923861503601074,0.12435537576675415,0,1,0.40516707301139832
gate,H2_seed0,13,horizontal,2,000170_10.png,000171_10.png,2,8,0,6,-0.20352494716644287,-0.14817184209823608,0.055353105068206787,0,1,0.53926464915275574
gate,H2_seed0,13,horizontal,2,000170_10.png,000171_10.png,3,9,0,6,-0.2012096643447876,-0.11982272565364838,0.081386938691139221,0,1,0.44096469134092331
gate,H2_seed0,13,horizontal,2,000170_10.png,000171_10.png,4,11,0,7,-0.18792391568422318,-0.10490860044956207,0.083015315234661102,0,1,0.403616763651371
gate,H2_seed0,13,horizontal,2,000170_10.png,000171_10.png,5,1,0,-4,-0.20302316546440125,-0.084611803293228149,0.1184113621711731,0,1,0.38823629170656204
gate,H2_seed0,13,horizontal,2,000170_10.png,000171_10.png,6,2,0,-4,-0.25147965550422668,-0.088908284902572632,0.16257137060165405,0,1,0.42076006531715393
gate,H2_seed0,14,horizontal,2,000170_10.png,000171_10.png,1,1,1,0,-0.18259844183921814,-0.12747563421726227,0.055122807621955872,0,1,0.40261116623878479
gate,H2_seed0,14,horizontal,2,000170_10.png,000171_10.png,2,2,1,0,-0.14795686304569244,-0.14134442061185837,0.0066124424338340759,0,1,0.3257049173116684
gate,H2_seed0,14,horizontal,2,000170_10.png,000171_10.png,3,1,0,-2,-0.33859732747077942,-0.10649532079696655,0.23210200667381287,0,1,0.5534278079867363
gate,H2_seed0,14,horizontal,2,000170_10.png,000171_10.png,4,2,0,-2,-0.42421442270278931,-0.15371748805046082,0.27049693465232849,0,1,0.57793246209621429
gate,H2_seed0,14,horizontal,2,000170_10.png,000171_10.png,5,3,0,-2,-0.31612706184387207,-0.10208094120025635,0.21404612064361572,0,1,0.57682746648788452
gate,H2_seed0,14,horizontal,2,000170_10.png,000171_10.png,6,4,0,-2,-0.30566322803497314,-0.10015419870615005,0.20550902932882309,0,1,0.58201155066490173
gate,H2_seed0,15,horizontal,2,000170_10.png,000171_10.png,1,2,0,1,-0.34515263140201569,-0.24382345378398895,0.10132917761802673,0,1,0.66582351922988892
gate,H2_seed0,15,horizontal,2,000170_10.png,000171_10.png,2,3,0,1,-0.2921794056892395,-0.2740376889705658,0.018141716718673706,0,1,0.52972573041915894
gate,H2_seed0,15,horizontal,2,000170_10.png,000171_10.png,3,4,0,1,-0.25566788017749786,-0.23083597421646118,0.024831905961036682,0,1,0.46051348745822906
gate,H2_seed0,15,horizontal,2,000170_10.png,000171_10.png,4,5,0,1,-0.28571906685829163,-0.18993139266967773,0.095787674188613892,0,1,0.48266070336103439
gate,H2_seed0,15,horizontal,2,000170_10.png,000171_10.png,5,6,0,1,-0.29989136755466461,-0.19994952529668808,0.099941842257976532,0,1,0.53064526617527008
gate,H2_seed0,15,horizontal,2,000170_10.png,000171_10.png,6,7,0,1,-0.30977548658847809,-0.18787716329097748,0.12189832329750061,0,1,0.52229751646518707
gate,H2_seed0,16,horizontal,2,000170_10.png,000171_10.png,1,9,0,8,-0.21338437497615814,-0.14822064340114594,0.065163731575012207,0,1,0.49702537059783936
gate,H2_seed0,16,horizontal,2,000170_10.png,000171_10.png,2,10,0,8,-0.28207822144031525,-0.19081717729568481,0.091261044144630432,0,1,0.59720446169376373
gate,H2_seed0,16,horizontal,2,000170_10.png,000171_10.png,3,10,0,7,-0.14403551071882248,-0.1398279145359993,0.0042075961828231812,0,1,0.41212204843759537
gate,H2_seed0,16,horizontal,2,000170_10.png,000171_10.png,4,7,0,3,-0.21075078845024109,-0.15903513133525848,0.051715657114982605,0,1,0.51232871413230896
gate,H2_seed0,16,horizontal,2,000170_10.png,000171_10.png,5,0,0,-5,-0.2476402223110199,-0.22705544531345367,0.020584776997566223,0,1,0.46992149949073792
gate,H2_seed0,16,horizontal,2,000170_10.png,000171_10.png,6,5,0,-1,-0.23236879706382751,-0.19335304200649261,0.0390157550573349,0,1,0.46495640277862549
gate,H2_seed0,17,horizontal,2,000170_10.png,000171_10.png,1,1,1,0,-0.46367946267127991,-0.26290562748908997,0.20077383518218994,0,1,0.69805024564266205
gate,H2_seed0,17,horizontal,2,000170_10.png,000171_10.png,2,2,1,0,-0.56594035029411316,-0.34150168299674988,0.22443866729736328,0,1,0.86700449883937836
gate,H2_seed0,17,horizontal,2,000170_10.png,000171_10.png,3,2,0,-1,-0.52992403507232666,-0.48733866214752197,0.042585372924804688,0,1,0.93724164366722107
gate,H2_seed0,17,horizontal,2,000170_10.png,000171_10.png,4,4,1,0,-0.55829453468322754,-0.48766930401325226,0.070625230669975281,0,1,0.99935066699981689
gate,H2_seed0,17,horizontal,2,000170_10.png,000171_10.png,5,5,1,0,-0.52027446031570435,-0.44686682522296906,0.073407635092735291,0,1,0.96558919548988342
gate,H2_seed0,17,horizontal,2,000170_10.png,000171_10.png,6,6,1,0,-0.5190902054309845,-0.47873677313327789,0.040353432297706604,0,1,0.9800887405872345
gate,H2_seed0,18,horizontal,2,000170_10.png,000171_10.png,1,1,1,0,-0.25389891862869263,-0.20594048500061035,0.047958433628082275,0,1,0.51228195428848267
gate,H2_seed0,18,horizontal,2,000170_10.png,000171_10.png,2,2,1,0,-0.29751987755298615,-0.18612734228372574,0.11139253526926041,0,1,0.5166216641664505
gate,H2_seed0,18,horizontal,2,000170_10.png,000171_10.png,3,3,1,0,-0.25831000506877899,-0.25357644259929657,0.0047335624694824219,0,1,0.45425719767808914
gate,H2_seed0,18,horizontal,2,000170_10.png,000171_10.png,4,3,0,-1,-0.25779382884502411,-0.21972539275884628,0.038068436086177826,0,1,0.44950652867555618
gate,H2_seed0,18,horizontal,2,000170_10.png,000171_10.png,5,4,0,-1,-0.25123614072799683,-0.21671490371227264,0.034521237015724182,0,1,0.3803565502166748
gate,H2_seed0,18,horizontal,2,000170_10.png,000171_10.png,6,5,0,-1,-0.27611678838729858,-0.19103769958019257,0.085079088807106018,0,1,0.45322942733764648
gate,H2_seed0,19,horizontal,2,000170_10.png,000171_10.png,1,2,0,1,-0.31897471845149994,-0.083139091730117798,0.23583562672138214,0,1,0.62498866021633148
gate,H2_seed0,19,horizontal,2,000170_10.png,000171_10.png,2,3,0,1,-0.29063156247138977,-0.1031787097454071,0.18745285272598267,0,1,0.49162325263023376
gate,H2_seed0,19,horizontal,2,000170_10.png,000171_10.png,3,4,0,1,-0.35279551148414612,-0.14094940572977066,0.21184610575437546,0,1,0.47795689851045609
gate,H2_seed0,19,horizontal,2,000170_10.png,000171_10.png,4,5,0,1,-0.33732163906097412,-0.14657920598983765,0.19074243307113647,0,1,0.53319968283176422
gate,H2_seed0,19,horizontal,2,000170_10.png,000171_10.png,5,6,0,1,-0.31787233054637909,-0.12774123251438141,0.19013109803199768,0,1,0.55557742714881897
gate,H2_seed0,19,horizontal,2,000170_10.png,000171_10.png,6,7,0,1,-0.31649060547351837,-0.14373669773340225,0.17275390774011612,0,1,0.47229096293449402
gate,H2_seed0,20,horizontal,2,000170_10.png,000171_10.png,1,4,0,3,-0.15491154044866562,-0.11784637719392776,0.037065163254737854,0,1,0.48616906255483627
gate,H2_seed0,20,horizontal,2,000170_10.png,000171_10.png,2,5,0,3,-0.21471089124679565,-0.1495136171579361,0.065197274088859558,0,1,0.55107706785202026
gate,H2_seed0,20,horizontal,2,000170_10.png,000171_10.png,3,8,0,5,-0.19317927956581116,-0.19127396494150162,0.0019053146243095398,0,1,0.55273091793060303
gate,H2_seed0,20,horizontal,2,000170_10.png,000171_10.png,4,9,0,5,-0.17353397607803345,-0.16352637112140656,0.010007604956626892,0,1,0.52757805585861206
gate,H2_seed0,20,horizontal,2,000170_10.png,000171_10.png,5,2,0,-3,-0.17594969272613525,-0.13005074858665466,0.045898944139480591,0,1,0.520469069480896
gate,H2_seed0,20,horizontal,2,000170_10.png,000171_10.png,6,3,0,-3,-0.35746932029724121,-0.12628001719713211,0.2311893031001091,0,1,0.77805677056312561
gate,H2_seed0,21,horizontal,2,000170_10.png,000171_10.png,1,9,0,8,-0.30994880199432373,-0.22331811487674713,0.086630687117576599,0,1,0.56978252530097961
gate,H2_seed0,21,horizontal,2,000170_10.png,000171_10.png,2,10,0,8,-0.26796233654022217,-0.10961583256721497,0.1583465039730072,0,1,0.52507159113883972
gate,H2_seed0,21,horizontal,2,000170_10.png,000171_10.png,3,9,0,6,-0.15843632817268372,-0.13774505257606506,0.020691275596618652,0,1,0.32564643025398254
gate,H2_seed0,21,horizontal,2,000170_10.png,000171_10.png,4,2,0,-2,-0.24477133899927139,-0.15527232736349106,0.089499011635780334,0,1,0.45267845690250397
gate,H2_seed0,21,horizontal,2,000170_10.png,000171_10.png,5,3,0,-2,-0.16740346699953079,-0.096154019236564636,0.071249447762966156,0,1,0.35243602842092514
gate,H2_seed0,21,horizontal,2,000170_10.png,000171_10.png,6,4,0,-2,-0.20164743065834045,-0.14812156558036804,0.053525865077972412,0,1,0.48938742280006409
gate,H2_seed0,22,horizontal,2,000170_10.png,000171_10.png,1,1,1,0,-0.53782719373703003,-0.20205020904541016,0.33577698469161987,0,1,0.73647807538509369
gate,H2_seed0,22,horizontal,2,000170_10.png,000171_10.png,2,2,1,0,-0.41947329044342041,-0.35387098789215088,0.065602302551269531,0,1,0.6563897579908371
gate,H2_seed0,22,horizontal,2,000170_10.png,000171_10.png,3,3,1,0,-0.43181136250495911,-0.30198323726654053,0.12982812523841858,0,1,0.67846305668354034
gate,H2_seed0,22,horizontal,2,000170_10.png,000171_10.png,4,4,1,0,-0.43890079855918884,-0.38534307479858398,0.053557723760604858,0,1,0.70358291268348694
gate,H2_seed0,22,horizontal,2,000170_10.png,000171_10.png,5,4,0,-1,-0.41743670403957367,-0.38389143347740173,0.033545270562171936,0,1,0.61810144782066345
gate,H2_seed0,22,horizontal,2,000170_10.png,000171_10.png,6,6,1,0,-0.36413168907165527,-0.35955168306827545,0.0045800060033798218,0,1,0.59104002267122269
gate,H2_seed0,23,horizontal,2,000170_10.png,000171_10.png,1,9,0,8,-0.18297375738620758,-0.16958706825971603,0.013386689126491547,0,1,0.60794302821159363
gate,H2_seed0,23,horizontal,2,000170_10.png,000171_10.png,2,10,0,8,-0.2311079204082489,-0.22643467783927917,0.0046732425689697266,0,1,0.59875363111495972
gate,H2_seed0,23,horizontal,2,000170_10.png,000171_10.png,3,9,0,6,-0.27864354848861694,-0.23766931891441345,0.040974229574203491,0,1,0.61202196776866913
gate,H2_seed0,23,horizontal,2,000170_10.png,000171_10.png,4,10,0,6,-0.29991978406906128,-0.20461112260818481,0.095308661460876465,0,1,0.65600089728832245
gate,H2_seed0,23,horizontal,2,000170_10.png,000171_10.png,5,2,0,-3,-0.22267591208219528,-0.16346298158168793,0.059212930500507355,0,1,0.56779710203409195
gate,H2_seed0,23,horizontal,2,000170_10.png,000171_10.png,6,3,0,-3,-0.26187075674533844,-0.14324742555618286,0.11862333118915558,0,1,0.62020130455493927
gate,H2_seed0,24,horizontal,2,000170_10.png,000171_10.png,1,11,0,10,-0.23867601156234741,-0.20783276855945587,0.030843243002891541,0,1,0.65423475205898285
gate,H2_seed0,24,horizontal,2,000170_10.png,000171_10.png,2,11,0,9,-0.20459461212158203,-0.17173774540424347,0.032856866717338562,0,1,0.58151666820049286
gate,H2_seed0,24,horizontal,2,000170_10.png,000171_10.png,3,1,0,-2,-0.24962426722049713,-0.21096614003181458,0.038658127188682556,0,1,0.66982956230640411
gate,H2_seed0,24,horizontal,2,000170_10.png,000171_10.png,4,11,0,7,-0.31055943667888641,-0.24961261451244354,0.060946822166442871,0,1,0.76624487340450287
gate,H2_seed0,24,horizontal,2,000170_10.png,000171_10.png,5,3,0,-2,-0.26499833166599274,-0.24667459726333618,0.018323734402656555,0,1,0.68174982070922852
gate,H2_seed0,24,horizontal,2,000170_10.png,000171_10.png,6,11,0,5,-0.26603949069976807,-0.22066989541053772,0.045369595289230347,0,1,0.6933925449848175
gate,H2_seed0,25,horizontal,2,000170_10.png,000171_10.png,1,3,0,2,-0.27543064951896667,-0.15374413132667542,0.12168651819229126,0,1,0.59329965710639954
gate,H2_seed0,25,horizontal,2,000170_10.png,000171_10.png,2,4,0,2,-0.31938990950584412,-0.16093746572732925,0.15845244377851486,0,1,0.83403047919273376
gate,H2_seed0,25,horizontal,2,000170_10.png,000171_10.png,3,5,0,2,-0.40445978939533234,-0.1818174421787262,0.22264234721660614,0,1,0.87380936741828918
gate,H2_seed0,25,horizontal,2,000170_10.png,000171_10.png,4,6,0,2,-0.40362885594367981,-0.15860444307327271,0.2450244128704071,0,1,0.7915797084569931
gate,H2_seed0,25,horizontal,2,000170_10.png,000171_10.png,5,7,0,2,-0.40430554747581482,-0.10094553977251053,0.30336000770330429,0,1,0.7542857825756073
gate,H2_seed0,25,horizontal,2,000170_10.png,000171_10.png,6,8,0,2,-0.3242354542016983,-0.19468618184328079,0.12954927235841751,0,1,0.70037178695201874
gate,H2_seed0,26,horizontal,2,000170_10.png,000171_10.png,1,2,0,1,-0.20527401566505432,-0.076273150742053986,0.12900086492300034,0,1,0.42548172175884247
gate,H2_seed0,26,horizontal,2,000170_10.png,000171_10.png,2,1,0,-1,-0.32457877695560455,-0.1605682298541069,0.16401054710149765,0,1,0.56845633685588837
gate,H2_seed0,26,horizontal,2,000170_10.png,000171_10.png,3,2,0,-1,-0.25127570331096649,-0.17279805243015289,0.078477650880813599,0,1,0.44854889810085297
gate,H2_seed0,26,horizontal,2,000170_10.png,000171_10.png,4,0,0,-4,-0.20069906115531921,-0.15419042110443115,0.046508640050888062,0,1,0.47452959418296814
gate,H2_seed0,26,horizontal,2,000170_10.png,000171_10.png,5,1,0,-4,-0.19295927882194519,-0.16319540143013,0.029763877391815186,0,1,0.45542630553245544
gate,H2_seed0,26,horizontal,2,000170_10.png,000171_10.png,6,2,0,-4,-0.16123263537883759,-0.11335140466690063,0.047881230711936951,0,1,0.38288599252700806
gate,H2_seed0,27,horizontal,2,000170_10.png,000171_10.png,1,5,0,4,-0.25510041415691376,-0.19539448618888855,0.059705927968025208,0,1,0.47133757174015045
gate,H2_seed0,27,horizontal,2,000170_10.png,000171_10.png,2,1,0,-1,-0.34855714440345764,-0.23256656527519226,0.11599057912826538,0,1,0.5994320809841156
gate,H2_seed0,27,horizontal,2,000170_10.png,000171_10.png,3,2,0,-1,-0.48900583386421204,-0.18239685893058777,0.30660897493362427,0,1,0.84709177911281586
gate,H2_seed0,27,horizontal,2,000170_10.png,000171_10.png,4,3,0,-1,-0.59704455733299255,-0.17305600643157959,0.42398855090141296,0,1,0.92988257110118866
gate,H2_seed0,27,horizontal,2,000170_10.png,000171_10.png,5,4,0,-1,-0.61453056335449219,-0.15192987769842148,0.46260068565607071,0,1,0.8342459574341774
gate,H2_seed0,27,horizontal,2,000170_10.png,000171_10.png,6,5,0,-1,-0.5452791154384613,-0.1520998477935791,0.3931792676448822,0,1,0.75077854096889496
gate,H2_seed0,28,horizontal,2,000170_10.png,000171_10.png,1,2,0,1,-0.54632717370986938,-0.17016229033470154,0.37616488337516785,0,1,0.79392629116773605
gate,H2_seed0,28,horizontal,2,000170_10.png,000171_10.png,2,3,0,1,-0.34563767910003662,-0.31606289744377136,0.029574781656265259,0,1,0.65485557913780212
gate,H2_seed0,28,horizontal,2,000170_10.png,000171_10.png,3,4,0,1,-0.43996721506118774,-0.2292596697807312,0.21070754528045654,0,1,0.74184304475784302
gate,H2_seed0,28,horizontal,2,000170_10.png,000171_10.png,4,5,0,1,-0.47828531265258789,-0.31981213390827179,0.1584731787443161,0,1,0.70839765667915344
gate,H2_seed0,28,horizontal,2,000170_10.png,000171_10.png,5,6,0,1,-0.43038360774517059,-0.31875687837600708,0.11162672936916351,0,1,0.6478276401758194
gate,H2_seed0,28,horizontal,2,000170_10.png,000171_10.png,6,7,0,1,-0.39888481795787811,-0.37673521041870117,0.022149607539176941,0,1,0.7690594345331192
gate,H2_seed0,29,horizontal,2,000170_10.png,000171_10.png,1,1,1,0,-0.34351614117622375,-0.10594923794269562,0.23756690323352814,0,1,0.47198566794395447
gate,H2_seed0,29,horizontal,2,000170_10.png,000171_10.png,2,7,0,5,-0.19817850738763809,-0.11730176210403442,0.080876745283603668,0,1,0.51534201949834824
gate,H2_seed0,29,horizontal,2,000170_10.png,000171_10.png,3,0,0,-3,-0.076722472906112671,-0.067803069949150085,0.0089194029569625854,0,1,0.18950420618057251
gate,H2_seed0,29,horizontal,2,000170_10.png,000171_10.png,4,3,0,-1,-0.17834216356277466,-0.052431425079703331,0.12591073848307133,0,1,0.31849651038646698
gate,H2_seed0,29,horizontal,2,000170_10.png,000171_10.png,5,4,0,-1,-0.16078957915306091,-0.11074277758598328,0.050046801567077637,0,1,0.29232257604598999
gate,H2_seed0,29,horizontal,2,000170_10.png,000171_10.png,6,2,0,-4,-0.170444056391716,-0.14315208792686462,0.027291968464851379,0,1,0.28050379455089569
gate,H2_seed0,30,horizontal,2,000170_10.png,000171_10.png,1,2,0,1,-0.42343434691429138,-0.20344939827919006,0.21998494863510132,0,1,0.62358501553535461
gate,H2_seed0,30,horizontal,2,000170_10.png,000171_10.png,2,1,0,-1,-0.33172614872455597,-0.32294265925884247,0.008783489465713501,0,1,0.58970032632350922
gate,H2_seed0,30,horizontal,2,000170_10.png,000171_10.png,3,2,0,-1,-0.31175969541072845,-0.25130665302276611,0.060453042387962341,0,1,0.58439485728740692
gate,H2_seed0,30,horizontal,2,000170_10.png,000171_10.png,4,5,0,1,-0.26480028033256531,-0.24473001062870026,0.020070269703865051,0,1,0.52376048266887665
gate,H2_seed0,30,horizontal,2,000170_10.png,000171_10.png,5,6,0,1,-0.26487405598163605,-0.22872713208198547,0.036146923899650574,0,1,0.56161406636238098
gate,H2_seed0,30,horizontal,2,000170_10.png,000171_10.png,6,7,0,1,-0.27059578895568848,-0.21669793874025345,0.053897850215435028,0,1,0.47570635378360748
gate,H2_seed0,31,horizontal,2,000170_10.png,000171_10.png,1,1,1,0,-0.46049222350120544,-0.28075812757015228,0.17973409593105316,0,1,0.67282666265964508
gate,H2_seed0,31,horizontal,2,000170_10.png,000171_10.png,2,1,0,-1,-0.2756531685590744,-0.21673694252967834,0.058916226029396057,0,1,0.50088313966989517
gate,H2_seed0,31,horizontal,2,000170_10.png,000171_10.png,3,5,0,2,-0.21659553050994873,-0.19722314178943634,0.01937238872051239,0,1,0.47227072715759277
gate,H2_seed0,31,horizontal,2,000170_10.png,000171_10.png,4,4,1,0,-0.25919972360134125,-0.21894405782222748,0.04025566577911377,0,1,0.46081346273422241
gate,H2_seed0,31,horizontal,2,000170_10.png,000171_10.png,5,5,1,0,-0.28480304777622223,-0.24237924814224243,0.042423799633979797,0,1,0.66913686692714691
gate,H2_seed0,31,horizontal,2,000170_10.png,000171_10.png,6,6,1,0,-0.32542124390602112,-0.18893600255250931,0.13648524135351181,0,1,0.73027262091636658
gate,H2_seed0,0,horizontal,3,000172_10.png,000173_10.png,1,0,0,-1,-0.11448122560977936,-0.11057283729314804,0.0039083883166313171,0,1,0.2645406648516655
gate,H2_seed0,0,horizontal,3,000172_10.png,000173_10.png,2,3,0,1,-0.14139793068170547,-0.1282983124256134,0.013099618256092072,0,1,0.28474243730306625
gate,H2_seed0,0,horizontal,3,000172_10.png,000173_10.png,3,4,0,1,-0.16744250059127808,-0.15225353837013245,0.01518896222114563,0,1,0.33678989112377167
gate,H2_seed0,0,horizontal,3,000172_10.png,000173_10.png,4,5,0,1,-0.14997666329145432,-0.14009749889373779,0.0098791643977165222,0,1,0.38170310109853745
gate,H2_seed0,0,horizontal,3,000172_10.png,000173_10.png,5,6,0,1,-0.17543447017669678,-0.17032851278781891,0.0051059573888778687,0,1,0.38644392043352127
gate,H2_seed0,0,horizontal,3,000172_10.png,000173_10.png,6,7,0,1,-0.17392639815807343,-0.12568333745002747,0.048243060708045959,0,1,0.40057817101478577
gate,H2_seed0,1,horizontal,3,000172_10.png,000173_10.png,1,0,0,-1,-0.19897834956645966,-0.15520061552524567,0.043777734041213989,0,1,0.36838804185390472
gate,H2_seed0,1,horizontal,3,000172_10.png,000173_10.png,2,3,0,1,-0.19574858993291855,-0.13271141052246094,0.063037179410457611,0,1,0.39288166910409927
gate,H2_seed0,1,horizontal,3,000172_10.png,000173_10.png,3,4,0,1,-0.16510829329490662,-0.094420343637466431,0.070687949657440186,0,1,0.30940493196249008
gate,H2_seed0,1,horizontal,3,000172_10.png,000173_10.png,4,5,0,1,-0.16270993649959564,-0.10342719033360481,0.059282746165990829,0,1,0.35152910649776459
gate,H2_seed0,1,horizontal,3,000172_10.png,000173_10.png,5,6,0,1,-0.17545198649168015,-0.14504215121269226,0.030409835278987885,0,1,0.32495525479316711
gate,H2_seed0,1,horizontal,3,000172_10.png,000173_10.png,6,11,0,5,-0.19098749756813049,-0.17420241236686707,0.016785085201263428,0,1,0.36317950487136841
gate,H2_seed0,2,horizontal,3,000172_10.png,000173_10.png,1,3,0,2,-0.30837303400039673,-0.23456259071826935,0.07381044328212738,0,1,0.54323726892471313
gate,H2_seed0,2,horizontal,3,000172_10.png,000173_10.png,2,4,0,2,-0.35470415651798248,-0.27923078835010529,0.075473368167877197,0,1,0.70740383863449097
gate,H2_seed0,2,horizontal,3,000172_10.png,000173_10.png,3,5,0,2,-0.34637719392776489,-0.30984610319137573,0.03653109073638916,0,1,0.69385509192943573
gate,H2_seed0,2,horizontal,3,000172_10.png,000173_10.png,4,6,0,2,-0.39946302771568298,-0.27478250861167908,0.12468051910400391,0,1,0.71784579753875732
gate,H2_seed0,2,horizontal,3,000172_10.png,000173_10.png,5,7,0,2,-0.4209040105342865,-0.30057534575462341,0.12032866477966309,0,1,0.70961211621761322
gate,H2_seed0,2,horizontal,3,000172_10.png,000173_10.png,6,8,0,2,-0.44124092161655426,-0.23214308172464371,0.20909783989191055,0,1,0.78094366192817688
gate,H2_seed0,3,horizontal,3,000172_10.png,000173_10.png,1,4,0,3,-0.22303216159343719,-0.19613540172576904,0.026896759867668152,0,1,0.4252515584230423
gate,H2_seed0,3,horizontal,3,000172_10.png,000173_10.png,2,5,0,3,-0.21453074365854263,-0.18821491301059723,0.026315830647945404,0,1,0.42196781188249588
gate,H2_seed0,3,horizontal,3,000172_10.png,000173_10.png,3,2,0,-1,-0.19549109041690826,-0.17372122406959534,0.021769866347312927,0,1,0.47091084718704224
gate,H2_seed0,3,horizontal,3,000172_10.png,000173_10.png,4,3,0,-1,-0.2048913910984993,-0.14744679629802704,0.05744459480047226,0,1,0.38459660112857819
gate,H2_seed0,3,horizontal,3,000172_10.png,000173_10.png,5,4,0,-1,-0.17244085669517517,-0.14845959842205048,0.023981258273124695,0,1,0.28937599062919617
gate,H2_seed0,3,horizontal,3,000172_10.png,000173_10.png,6,5,0,-1,-0.17550619691610336,-0.13382139801979065,0.041684798896312714,0,1,0.35354890674352646
gate,H2_seed0,4,horizontal,3,000172_10.png,000173_10.png,1,1,1,0,-0.18586510419845581,-0.16686692833900452,0.018998175859451294,0,1,0.34129486978054047
gate,H2_seed0,4,horizontal,3,000172_10.png,000173_10.png,2,2,1,0,-0.26706507802009583,-0.12724686414003372,0.1398182138800621,0,1,0.39320570230484009
gate,H2_seed0,4,horizontal,3,000172_10.png,000173_10.png,3,3,1,0,-0.17625539749860764,-0.15299788117408752,0.023257516324520111,0,1,0.41237252205610275
gate,H2_seed0,4,horizontal,3,000172_10.png,000173_10.png,4,4,1,0,-0.17922823131084442,-0.13402466475963593,0.045203566551208496,0,1,0.40362206101417542
gate,H2_seed0,4,horizontal,3,000172_10.png,000173_10.png,5,5,1,0,-0.19799119979143143,-0.14832791686058044,0.049663282930850983,0,1,0.46234215050935745
gate,H2_seed0,4,horizontal,3,000172_10.png,000173_10.png,6,6,1,0,-0.20608416199684143,-0.16628731787204742,0.039796844124794006,0,1,0.45661154389381409
gate,H2_seed0,5,horizontal,3,000172_10.png,000173_10.png,1,2,0,1,-0.26063045859336853,-0.11586040258407593,0.1447700560092926,0,1,0.45239469408988953
gate,H2_seed0,5,horizontal,3,000172_10.png,000173_10.png,2,3,0,1,-0.22633526474237442,-0.17750394344329834,0.04883132129907608,0,1,0.43380054086446762
gate,H2_seed0,5,horizontal,3,000172_10.png,000173_10.png,3,0,0,-3,-0.21509656310081482,-0.20488672703504562,0.010209836065769196,0,1,0.39779546856880188
gate,H2_seed0,5,horizontal,3,000172_10.png,000173_10.png,4,5,0,1,-0.21333830058574677,-0.15576630830764771,0.05757199227809906,0,1,0.4052174836397171
gate,H2_seed0,5,horizontal,3,000172_10.png,000173_10.png,5,6,0,1,-0.20610225200653076,-0.19468174129724503,0.011420510709285736,0,1,0.41212020814418793
gate,H2_seed0,5,horizontal,3,000172_10.png,000173_10.png,6,5,0,-1,-0.1914103627204895,-0.16511377692222595,0.02629658579826355,0,1,0.3845461905002594
gate,H2_seed0,6,horizontal,3,000172_10.png,000173_10.png,1,0,0,-1,-0.19902533292770386,-0.12485778331756592,0.074167549610137939,0,1,0.47720928490161896
gate,H2_seed0,6,horizontal,3,000172_10.png,000173_10.png,2,0,0,-2,-0.24804693460464478,-0.18037450313568115,0.067672431468963623,0,1,0.51518276333808899
gate,H2_seed0,6,horizontal,3,000172_10.png,000173_10.png,3,1,0,-2,-0.21082401275634766,-0.16810065507888794,0.042723357677459717,0,1,0.46391034126281738
gate,H2_seed0,6,horizontal,3,000172_10.png,000173_10.png,4,2,0,-2,-0.2433716356754303,-0.15023592859506607,0.093135707080364227,0,1,0.50972327589988708
gate,H2_seed0,6,horizontal,3,000172_10.png,000173_10.png,5,3,0,-2,-0.33040004968643188,-0.21692725270986557,0.11347279697656631,0,1,0.60372526943683624
gate,H2_seed0,6,horizontal,3,000172_10.png,000173_10.png,6,4,0,-2,-0.35496373474597931,-0.21255658566951752,0.14240714907646179,0,1,0.62822888791561127
gate,H2_seed0,7,horizontal,3,000172_10.png,000173_10.png,1,2,0,1,-0.17437627911567688,-0.14690998941659927,0.027466289699077606,0,1,0.44390663504600525
gate,H2_seed0,7,horizontal,3,000172_10.png,000173_10.png,2,7,0,5,-0.17965929210186005,-0.16886782646179199,0.010791465640068054,0,1,0.33062642067670822
gate,H2_seed0,7,horizontal,3,000172_10.png,000173_10.png,3,8,0,5,-0.20607320219278336,-0.16050869226455688,0.045564509928226471,0,1,0.38482231646776199
gate,H2_seed0,7,horizontal,3,000172_10.png,000173_10.png,4,9,0,5,-0.19063246250152588,-0.12996300309896469,0.060669459402561188,0,1,0.26493194699287415
gate,H2_seed0,7,horizontal,3,000172_10.png,000173_10.png,5,6,0,1,-0.13788625597953796,-0.1243697851896286,0.013516470789909363,0,1,0.28969231247901917
gate,H2_seed0,7,horizontal,3,000172_10.png,000173_10.png,6,7,0,1,-0.10354198515415192,-0.077549740672111511,0.025992244482040405,0,1,0.20270335674285889
gate,H2_seed0,8,horizontal,3,000172_10.png,000173_10.png,1,0,0,-1,-0.19142508506774902,-0.18944202363491058,0.0019830614328384399,0,1,0.5211031585931778
gate,H2_seed0,8,horizontal,3,000172_10.png,000173_10.png,2,6,0,4,-0.17575313150882721,-0.13392792642116547,0.041825205087661743,0,1,0.33652757108211517
gate,H2_seed0,8,horizontal,3,000172_10.png,000173_10.png,3,0,0,-3,-0.24696603417396545,-0.1102660670876503,0.13669996708631516,0,1,0.46997851133346558
gate,H2_seed0,8,horizontal,3,000172_10.png,000173_10.png,4,10,0,6,-0.10761607065796852,-0.097939595580101013,0.0096764750778675079,0,1,0.26598024740815163
gate,H2_seed0,8,horizontal,3,000172_10.png,000173_10.png,5,10,0,5,-0.13260065019130707,-0.098709776997566223,0.033890873193740845,0,1,0.28793042898178101
gate,H2_seed0,8,horizontal,3,000172_10.png,000173_10.png,6,8,0,2,-0.15965254604816437,-0.12583708763122559,0.033815458416938782,0,1,0.26069357991218567
gate,H2_seed0,9,horizontal,3,000172_10.png,000173_10.png,1,4,0,3,-0.19809316098690033,-0.13601736724376678,0.062075793743133545,0,1,0.35953938961029053
gate,H2_seed0,9,horizontal,3,000172_10.png,000173_10.png,2,5,0,3,-0.23106344789266586,-0.19522342085838318,0.035840027034282684,0,1,0.70807912200689316
gate,H2_seed0,9,horizontal,3,000172_10.png,000173_10.png,3,10,0,7,-0.21407639980316162,-0.18784162402153015,0.02623477578163147,0,1,0.44379064440727234
gate,H2_seed0,9,horizontal,3,000172_10.png,000173_10.png,4,7,0,3,-0.1771542876958847,-0.15190866589546204,0.025245621800422668,0,1,0.33918067812919617
gate,H2_seed0,9,horizontal,3,000172_10.png,000173_10.png,5,8,0,3,-0.20164236426353455,-0.14444267749786377,0.057199686765670776,0,1,0.38806791603565216
gate,H2_seed0,9,horizontal,3,000172_10.png,000173_10.png,6,9,0,3,-0.1835457980632782,-0.17250633239746094,0.011039465665817261,0,1,0.31725051999092102
gate,H2_seed0,10,horizontal,3,000172_10.png,000173_10.png,1,7,0,6,-0.24919182062149048,-0.20456060767173767,0.044631212949752808,0,1,0.6617991179227829
gate,H2_seed0,10,horizontal,3,000172_10.png,000173_10.png,2,8,0,6,-0.3373824805021286,-0.236451156437397,0.1009313240647316,0,1,0.73134580254554749
gate,H2_seed0,10,horizontal,3,000172_10.png,000173_10.png,3,9,0,6,-0.35911239683628082,-0.25690191984176636,0.10221047699451447,0,1,0.71226546168327332
gate,H2_seed0,10,horizontal,3,000172_10.png,000173_10.png,4,10,0,6,-0.28264482319355011,-0.24995872378349304,0.032686099410057068,0,1,0.60058353841304779
gate,H2_seed0,10,horizontal,3,000172_10.png,000173_10.png,5,1,0,-4,-0.27536278963088989,-0.19440729916095734,0.080955490469932556,0,1,0.57840266823768616
gate,H2_seed0,10,horizontal,3,000172_10.png,000173_10.png,6,2,0,-4,-0.2689211368560791,-0.12404842674732208,0.14487271010875702,0,1,0.56598037481307983
gate,H2_seed0,11,horizontal,3,000172_10.png,000173_10.png,1,1,1,0,-0.16297249495983124,-0.16032421588897705,0.002648279070854187,0,1,0.40764549374580383
gate,H2_seed0,11,horizontal,3,000172_10.png,000173_10.png,2,2,1,0,-0.22039669752120972,-0.15116162598133087,0.069235071539878845,0,1,0.50507989525794983
gate,H2_seed0,11,horizontal,3,000172_10.png,000173_10.png,3,3,1,0,-0.19659777730703354,-0.14997655153274536,0.046621225774288177,0,1,0.51050011068582535
gate,H2_seed0,11,horizontal,3,000172_10.png,000173_10.png,4,4,1,0,-0.19390060007572174,-0.17075544595718384,0.023145154118537903,0,1,0.64415267109870911
gate,H2_seed0,11,horizontal,3,000172_10.png,000173_10.png,5,6,0,1,-0.17246402055025101,-0.17227326333522797,0.00019075721502304077,0,1,0.66984694451093674
gate,H2_seed0,11,horizontal,3,000172_10.png,000173_10.png,6,6,1,0,-0.22990892827510834,-0.22850319743156433,0.0014057308435440063,0,1,0.64336109161376953
gate,H2_seed0,12,horizontal,3,000172_10.png,000173_10.png,1,2,0,1,-0.31471630930900574,-0.26981636881828308,0.044899940490722656,0,1,0.53971721231937408
gate,H2_seed0,12,horizontal,3,000172_10.png,000173_10.png,2,3,0,1,-0.31903994083404541,-0.25033716857433319,0.068702772259712219,0,1,0.59264037013053894
gate,H2_seed0,12,horizontal,3,000172_10.png,000173_10.png,3,4,0,1,-0.34404735267162323,-0.28513088822364807,0.058916464447975159,0,1,0.59051074087619781
gate,H2_seed0,12,horizontal,3,000172_10.png,000173_10.png,4,5,0,1,-0.30289706587791443,-0.28722517192363739,0.015671893954277039,0,1,0.63090789318084717
gate,H2_seed0,12,horizontal,3,000172_10.png,000173_10.png,5,6,0,1,-0.36651268601417542,-0.30403769016265869,0.062474995851516724,0,1,0.62635008990764618
gate,H2_seed0,12,horizontal,3,000172_10.png,000173_10.png,6,7,0,1,-0.38279996812343597,-0.29976043105125427,0.083039537072181702,0,1,0.70495179295539856
gate,H2_seed0,13,horizontal,3,000172_10.png,000173_10.png,1,7,0,6,-0.22663286328315735,-0.12742634117603302,0.099206522107124329,0,1,0.40375456213951111
gate,H2_seed0,13,horizontal,3,000172_10.png,000173_10.png,2,8,0,6,-0.25589698553085327,-0.2072083055973053,0.048688679933547974,0,1,0.42583650350570679
gate,H2_seed0,13,horizontal,3,000172_10.png,000173_10.png,3,9,0,6,-0.2207116037607193,-0.18264389038085938,0.038067713379859924,0,1,0.44655755907297134
gate,H2_seed0,13,horizontal,3,000172_10.png,000173_10.png,4,10,0,6,-0.32090669870376587,-0.15261812508106232,0.16828857362270355,0,1,0.51251226663589478
gate,H2_seed0,13,horizontal,3,000172_10.png,000173_10.png,5,2,0,-3,-0.29964108765125275,-0.11717990040779114,0.18246118724346161,0,1,0.55549396574497223
gate,H2_seed0,13,horizontal,3,000172_10.png,000173_10.png,6,3,0,-3,-0.13852120935916901,-0.11518228799104691,0.023338921368122101,0,1,0.3796820268034935
gate,H2_seed0,14,horizontal,3,000172_10.png,000173_10.png,1,1,1,0,-0.36889088153839111,-0.093913853168487549,0.27497702836990356,0,1,0.57369767129421234
gate,H2_seed0,14,horizontal,3,000172_10.png,000173_10.png,2,0,0,-2,-0.29061715304851532,-0.14040270447731018,0.15021444857120514,0,1,0.4813394621014595
gate,H2_seed0,14,horizontal,3,000172_10.png,000173_10.png,3,1,0,-2,-0.34491902589797974,-0.16149991750717163,0.18341910839080811,0,1,0.65866883099079132
gate,H2_seed0,14,horizontal,3,000172_10.png,000173_10.png,4,2,0,-2,-0.37358647584915161,-0.22374658286571503,0.14983989298343658,0,1,0.7537381649017334
gate,H2_seed0,14,horizontal,3,000172_10.png,000173_10.png,5,2,0,-3,-0.32111676037311554,-0.26805701851844788,0.053059741854667664,0,1,0.65093724429607391
gate,H2_seed0,14,horizontal,3,000172_10.png,000173_10.png,6,3,0,-3,-0.25840702652931213,-0.24490360915660858,0.013503417372703552,0,1,0.54208356142044067
gate,H2_seed0,15,horizontal,3,000172_10.png,000173_10.png,1,2,0,1,-0.30121538043022156,-0.20097970962524414,0.10023567080497742,0,1,0.61760337650775909
gate,H2_seed0,15,horizontal,3,000172_10.png,000173_10.png,2,3,0,1,-0.31322081387042999,-0.18152990192174911,0.13169091194868088,0,1,0.62948150932788849
gate,H2_seed0,15,horizontal,3,000172_10.png,000173_10.png,3,4,0,1,-0.2947356104850769,-0.19977711141109467,0.094958499073982239,0,1,0.55938437581062317
gate,H2_seed0,15,horizontal,3,000172_10.png,000173_10.png,4,5,0,1,-0.32772053778171539,-0.13144269585609436,0.19627784192562103,0,1,0.55846996605396271
gate,H2_seed0,15,horizontal,3,000172_10.png,000173_10.png,5,6,0,1,-0.26569533348083496,-0.1709505021572113,0.094744831323623657,0,1,0.46202683448791504
gate,H2_seed0,15,horizontal,3,000172_10.png,000173_10.png,6,7,0,1,-0.25048951804637909,-0.15010862052440643,0.10038089752197266,0,1,0.39065210521221161
gate,H2_seed0,16,horizontal,3,000172_10.png,000173_10.png,1,8,0,7,-0.098835647106170654,-0.090046122670173645,0.0087895244359970093,0,1,0.26118171215057373
gate,H2_seed0,16,horizontal,3,000172_10.png,000173_10.png,2,8,0,6,-0.14984899759292603,-0.14701396226882935,0.0028350353240966797,0,1,0.48067772388458252
gate,H2_seed0,16,horizontal,3,000172_10.png,000173_10.png,3,9,0,6,-0.14181616902351379,-0.11863040924072266,0.023185759782791138,0,1,0.30071809142827988
gate,H2_seed0,16,horizontal,3,000172_10.png,000173_10.png,4,10,0,6,-0.12064768373966217,-0.10963931679725647,0.011008366942405701,0,1,0.3816392570734024
gate,H2_seed0,16,horizontal,3,000172_10.png,000173_10.png,5,4,0,-1,-0.11908718943595886,-0.11908145248889923,5.7369470596313477e-06,0,1,0.32498167455196381
gate,H2_seed0,16,horizontal,3,000172_10.png,000173_10.png,6,5,0,-1,-0.17421282827854156,-0.087171152234077454,0.087041676044464111,0,1,0.39086812734603882
gate,H2_seed0,17,horizontal,3,000172_10.png,000173_10.png,1,1,1,0,-0.47855642437934875,-0.3920215368270874,0.086534887552261353,0,1,0.93105009198188782
gate,H2_seed0,17,horizontal,3,000172_10.png,000173_10.png,2,1,0,-1,-0.50519508123397827,-0.44953620433807373,0.055658876895904541,0,1,1.0453314483165741
gate,H2_seed0,17,horizontal,3,000172_10.png,000173_10.png,3,2,0,-1,-0.57639014720916748,-0.37061040103435516,0.20577974617481232,0,1,1.1402579545974731
gate,H2_seed0,17,horizontal,3,000172_10.png,000173_10.png,4,3,0,-1,-0.52910500764846802,-0.398185133934021,0.13091987371444702,0,1,1.1651570796966553
gate,H2_seed0,17,horizontal,3,000172_10.png,000173_10.png,5,4,0,-1,-0.51461330056190491,-0.38908207416534424,0.12553122639656067,0,1,1.1553873717784882
gate,H2_seed0,17,horizontal,3,000172_10.png,000173_10.png,6,5,0,-1,-0.46334126591682434,-0.36820712685585022,0.095134139060974121,0,1,1.032960444688797
gate,H2_seed0,18,horizontal,3,000172_10.png,000173_10.png,1,0,0,-1,-0.26339685916900635,-0.24737841635942459,0.016018442809581757,0,1,0.47116208076477051
gate,H2_seed0,18,horizontal,3,000172_10.png,000173_10.png,2,1,0,-1,-0.22172558307647705,-0.16762907058000565,0.054096512496471405,0,1,0.43128082156181335
gate,H2_seed0,18,horizontal,3,000172_10.png,000173_10.png,3,2,0,-1,-0.2535313218832016,-0.24139994382858276,0.012131378054618835,0,1,0.49134755879640579
gate,H2_seed0,18,horizontal,3,000172_10.png,000173_10.png,4,3,0,-1,-0.25784125924110413,-0.19340291619300842,0.064438343048095703,0,1,0.51445326209068298
gate,H2_seed0,18,horizontal,3,000172_10.png,000173_10.png,5,4,0,-1,-0.27661566436290741,-0.18396642804145813,0.09264923632144928,0,1,0.48451746255159378
gate,H2_seed0,18,horizontal,3,000172_10.png,000173_10.png,6,5,0,-1,-0.27719199657440186,-0.21962825953960419,0.057563737034797668,0,1,0.42615287005901337
gate,H2_seed0,19,horizontal,3,000172_10.png,000173_10.png,1,2,0,1,-0.33443127572536469,-0.14996758103370667,0.18446369469165802,0,1,0.60800980031490326
gate,H2_seed0,19,horizontal,3,000172_10.png,000173_10.png,2,3,0,1,-0.24003832042217255,-0.16264744102954865,0.077390879392623901,0,1,0.39195398986339569
gate,H2_seed0,19,horizontal,3,000172_10.png,000173_10.png,3,4,0,1,-0.21951289474964142,-0.16287851333618164,0.056634381413459778,0,1,0.38197661936283112
gate,H2_seed0,19,horizontal,3,000172_10.png,000173_10.png,4,5,0,1,-0.23038146644830704,-0.17294098436832428,0.057440482079982758,0,1,0.42962098866701126
gate,H2_seed0,19,horizontal,3,000172_10.png,000173_10.png,5,7,0,2,-0.19940644502639771,-0.19480542838573456,0.004601016640663147,0,1,0.41324310004711151
gate,H2_seed0,19,horizontal,3,000172_10.png,000173_10.png,6,8,0,2,-0.22600600123405457,-0.20544063299894333,0.020565368235111237,0,1,0.45276294648647308
gate,H2_seed0,20,horizontal,3,000172_10.png,000173_10.png,1,2,0,1,-0.20708167552947998,-0.14944928884506226,0.057632386684417725,0,1,0.41054795682430267
gate,H2_seed0,20,horizontal,3,000172_10.png,000173_10.png,2,3,0,1,-0.17333672195672989,-0.16612280905246735,0.0072139129042625427,0,1,0.41476177424192429
gate,H2_seed0,20,horizontal,3,000172_10.png,000173_10.png,3,0,0,-3,-0.285643070936203,-0.1948205828666687,0.090822488069534302,0,1,0.53679764270782471
gate,H2_seed0,20,horizontal,3,000172_10.png,000173_10.png,4,1,0,-3,-0.23450560867786407,-0.15036599338054657,0.084139615297317505,0,1,0.42002959549427032
gate,H2_seed0,20,horizontal,3,000172_10.png,000173_10.png,5,2,0,-3,-0.1965118944644928,-0.12901277840137482,0.067499116063117981,0,1,0.40788812190294266
gate,H2_seed0,20,horizontal,3,000172_10.png,000173_10.png,6,3,0,-3,-0.19552640616893768,-0.17346745729446411,0.022058948874473572,0,1,0.4004090279340744
gate,H2_seed0,21,horizontal,3,000172_10.png,000173_10.png,1,4,0,3,-0.20728544890880585,-0.10877512395381927,0.098510324954986572,0,1,0.43162119388580322
gate,H2_seed0,21,horizontal,3,000172_10.png,000173_10.png,2,5,0,3,-0.2499803900718689,-0.083833858370780945,0.16614653170108795,0,1,0.65238243341445923
gate,H2_seed0,21,horizontal,3,000172_10.png,000173_10.png,3,6,0,3,-0.268077552318573,-0.13302893936634064,0.13504861295223236,0,1,0.68747495114803314
gate,H2_seed0,21,horizontal,3,000172_10.png,000173_10.png,4,4,1,0,-0.18228086829185486,-0.17435604333877563,0.0079248249530792236,0,1,0.56627292931079865
gate,H2_seed0,21,horizontal,3,000172_10.png,000173_10.png,5,5,1,0,-0.19227982312440872,-0.18398606777191162,0.0082937553524971008,0,1,0.56956712156534195
gate,H2_seed0,21,horizontal,3,000172_10.png,000173_10.png,6,1,0,-5,-0.20056545734405518,-0.15686432272195816,0.043701134622097015,0,1,0.56436893343925476
gate,H2_seed0,22,horizontal,3,000172_10.png,000173_10.png,1,1,1,0,-0.46138612926006317,-0.26743040978908539,0.19395571947097778,0,1,0.62155769765377045
gate,H2_seed0,22,horizontal,3,000172_10.png,000173_10.png,2,1,0,-1,-0.3782825767993927,-0.36720381677150726,0.011078760027885437,0,1,0.57103236019611359
gate,H2_seed0,22,horizontal,3,000172_10.png,000173_10.png,3,3,1,0,-0.3724682629108429,-0.35948306322097778,0.012985199689865112,0,1,0.56555904448032379
gate,H2_seed0,22,horizontal,3,000172_10.png,000173_10.png,4,3,0,-1,-0.37517178058624268,-0.36740371584892273,0.0077680647373199463,0,1,0.574546217918396
gate,H2_seed0,22,horizontal,3,000172_10.png,000173_10.png,5,5,1,0,-0.3982413113117218,-0.38520669937133789,0.013034611940383911,0,1,0.58064542710781097
gate,H2_seed0,22,horizontal,3,000172_10.png,000173_10.png,6,6,1,0,-0.36730170249938965,-0.34671717882156372,0.020584523677825928,0,1,0.54006883502006531
gate,H2_seed0,23,horizontal,3,000172_10.png,000173_10.png,1,9,0,8,-0.25647161900997162,-0.17216727137565613,0.084304347634315491,0,1,0.6668802797794342
gate,H2_seed0,23,horizontal,3,000172_10.png,000173_10.png,2,10,0,8,-0.31603124737739563,-0.2409968227148056,0.075034424662590027,0,1,0.69389082491397858
gate,H2_seed0,23,horizontal,3,000172_10.png,000173_10.png,3,10,0,7,-0.36268480122089386,-0.23282404243946075,0.12986075878143311,0,1,0.70342421531677246
gate,H2_seed0,23,horizontal,3,000172_10.png,000173_10.png,4,10,0,6,-0.31462526321411133,-0.21057063341140747,0.10405462980270386,0,1,0.64868068695068359
gate,H2_seed0,23,horizontal,3,000172_10.png,000173_10.png,5,3,0,-2,-0.3010716438293457,-0.25650045275688171,0.044571191072463989,0,1,0.66006946563720703
gate,H2_seed0,23,horizontal,3,000172_10.png,000173_10.png,6,4,0,-2,-0.34086692333221436,-0.17037114500999451,0.17049577832221985,0,1,0.67248266935348511
gate,H2_seed0,24,horizontal,3,000172_10.png,000173_10.png,1,6,0,5,-0.32673372328281403,-0.21340431272983551,0.11332941055297852,0,1,0.81078608334064484
gate,H2_seed0,24,horizontal,3,000172_10.png,000173_10.png,2,9,0,7,-0.27959336340427399,-0.27196952700614929,0.0076238363981246948,0,1,0.6314932107925415
gate,H2_seed0,24,horizontal,3,000172_10.png,000173_10.png,3,8,0,5,-0.30972777307033539,-0.21459467709064484,0.095133095979690552,0,1,0.64195716381072998
gate,H2_seed0,24,horizontal,3,000172_10.png,000173_10.png,4,9,0,5,-0.3252071738243103,-0.19076622277498245,0.13444095104932785,0,1,0.67316070199012756
gate,H2_seed0,24,horizontal,3,000172_10.png,000173_10.png,5,10,0,5,-0.34199103713035583,-0.12884051352739334,0.21315052360296249,0,1,0.70755335688591003
gate,H2_seed0,24,horizontal,3,000172_10.png,000173_10.png,6,11,0,5,-0.15499967336654663,-0.15356692671775818,0.0014327466487884521,0,1,0.49167017638683319
gate,H2_seed0,25,horizontal,3,000172_10.png,000173_10.png,1,3,0,2,-0.24107903242111206,-0.11839169263839722,0.12268733978271484,0,1,0.37150353193283081
gate,H2_seed0,25,horizontal,3,000172_10.png,000173_10.png,2,4,0,2,-0.28551653027534485,-0.13076959550380707,0.15474693477153778,0,1,0.59389506280422211
gate,H2_seed0,25,horizontal,3,000172_10.png,000173_10.png,3,5,0,2,-0.29163679480552673,-0.18970932066440582,0.10192747414112091,0,1,0.67730921506881714
gate,H2_seed0,25,horizontal,3,000172_10.png,000173_10.png,4,6,0,2,-0.2853873074054718,-0.18590301275253296,0.099484294652938843,0,1,0.65075543522834778
gate,H2_seed0,25,horizontal,3,000172_10.png,000173_10.png,5,7,0,2,-0.27836155891418457,-0.18132773041725159,0.097033828496932983,0,1,0.59072789549827576
gate,H2_seed0,25,horizontal,3,000172_10.png,000173_10.png,6,8,0,2,-0.27715760469436646,-0.15803035348653793,0.11912725120782852,0,1,0.57678598165512085
gate,H2_seed0,26,horizontal,3,000172_10.png,000173_10.png,1,5,0,4,-0.24181097745895386,-0.16725456714630127,0.074556410312652588,0,1,0.46438500285148621
gate,H2_seed0,26,horizontal,3,000172_10.png,000173_10.png,2,1,0,-1,-0.31825323402881622,-0.19342445582151413,0.12482877820730209,0,1,0.58588632941246033
gate,H2_seed0,26,horizontal,3,000172_10.png,000173_10.png,3,2,0,-1,-0.2324492484331131,-0.21117584407329559,0.021273404359817505,0,1,0.43697258830070496
gate,H2_seed0,26,horizontal,3,000172_10.png,000173_10.png,4,8,0,4,-0.16677813977003098,-0.16078990697860718,0.0059882327914237976,0,1,0.42395316809415817
gate,H2_seed0,26,horizontal,3,000172_10.png,000173_10.png,5,4,0,-1,-0.21766868978738785,-0.15302301943302155,0.064645670354366302,0,1,0.47566332668066025
gate,H2_seed0,26,horizontal,3,000172_10.png,000173_10.png,6,5,0,-1,-0.21894105523824692,-0.1571442186832428,0.06179683655500412,0,1,0.51740642637014389
gate,H2_seed0,27,horizontal,3,000172_10.png,000173_10.png,1,1,1,0,-0.22112078219652176,-0.14903944730758667,0.072081334888935089,0,1,0.42769566923379898
gate,H2_seed0,27,horizontal,3,000172_10.png,000173_10.png,2,1,0,-1,-0.49370661377906799,-0.14256072789430618,0.35114588588476181,0,1,0.73417560011148453
gate,H2_seed0,27,horizontal,3,000172_10.png,000173_10.png,3,2,0,-1,-0.68382933735847473,-0.16651299595832825,0.51731634140014648,0,1,0.9437238872051239
gate,H2_seed0,27,horizontal,3,000172_10.png,000173_10.png,4,3,0,-1,-0.70646268129348755,-0.13190498203039169,0.57455769926309586,0,1,0.96932615339756012
gate,H2_seed0,27,horizontal,3,000172_10.png,000173_10.png,5,4,0,-1,-0.67359179258346558,-0.12393298745155334,0.54965880513191223,0,1,0.84106595814228058
gate,H2_seed0,27,horizontal,3,000172_10.png,000173_10.png,6,5,0,-1,-0.68732792139053345,-0.15128679573535919,0.53604112565517426,0,1,0.94192224740982056
gate,H2_seed0,28,horizontal,3,000172_10.png,000173_10.png,1,1,1,0,-0.48775747418403625,-0.46019871532917023,0.027558758854866028,0,1,0.89864873886108398
gate,H2_seed0,28,horizontal,3,000172_10.png,000173_10.png,2,2,1,0,-0.4641852080821991,-0.44203956425189972,0.022145643830299377,0,1,0.92869070172309875
gate,H2_seed0,28,horizontal,3,000172_10.png,000173_10.png,3,5,0,2,-0.3673984557390213,-0.34323453903198242,0.024163916707038879,0,1,0.75271680951118469
gate,H2_seed0,28,horizontal,3,000172_10.png,000173_10.png,4,6,0,2,-0.39106711745262146,-0.34873948991298676,0.042327627539634705,0,1,0.8112054169178009
gate,H2_seed0,28,horizontal,3,000172_10.png,000173_10.png,5,7,0,2,-0.39593116939067841,-0.33153924345970154,0.064391925930976868,0,1,0.7643863707780838
gate,H2_seed0,28,horizontal,3,000172_10.png,000173_10.png,6,7,0,1,-0.3936421275138855,-0.3695586621761322,0.024083465337753296,0,1,0.65872430801391602
gate,H2_seed0,29,horizontal,3,000172_10.png,000173_10.png,1,6,0,5,-0.16777866333723068,-0.14676439762115479,0.021014265716075897,0,1,0.38273598998785019
gate,H2_seed0,29,horizontal,3,000172_10.png,000173_10.png,2,7,0,5,-0.24348878860473633,-0.18412548303604126,0.059363305568695068,0,1,0.56536620855331421
gate,H2_seed0,29,horizontal,3,000172_10.png,000173_10.png,3,4,0,1,-0.23409367352724075,-0.20700611174106598,0.027087561786174774,0,1,0.44047123938798904
gate,H2_seed0,29,horizontal,3,000172_10.png,000173_10.png,4,5,0,1,-0.27484536170959473,-0.17855141311883926,0.096293948590755463,0,1,0.49826760590076447
gate,H2_seed0,29,horizontal,3,000172_10.png,000173_10.png,5,6,0,1,-0.29655791819095612,-0.20258568972349167,0.093972228467464447,0,1,0.6047644168138504
gate,H2_seed0,29,horizontal,3,000172_10.png,000173_10.png,6,7,0,1,-0.29961813986301422,-0.2764575183391571,0.023160621523857117,0,1,0.60395601391792297
gate,H2_seed0,30,horizontal,3,000172_10.png,000173_10.png,1,2,0,1,-0.3240395188331604,-0.30069386959075928,0.023345649242401123,0,1,0.5174483060836792
gate,H2_seed0,30,horizontal,3,000172_10.png,000173_10.png,2,0,0,-2,-0.27718192338943481,-0.27430908381938934,0.0028728395700454712,0,1,0.50980672240257263
gate,H2_seed0,30,horizontal,3,000172_10.png,000173_10.png,3,1,0,-2,-0.22733516246080399,-0.19555668532848358,0.031778477132320404,0,1,0.48424828797578812
gate,H2_seed0,30,horizontal,3,000172_10.png,000173_10.png,4,5,0,1,-0.18642248213291168,-0.1858675479888916,0.00055493414402008057,0,1,0.42304129153490067
gate,H2_seed0,30,horizontal,3,000172_10.png,000173_10.png,5,4,0,-1,-0.22571263462305069,-0.22376813739538193,0.0019444972276687622,0,1,0.51083485037088394
gate,H2_seed0,30,horizontal,3,000172_10.png,000173_10.png,6,5,0,-1,-0.24985260516405106,-0.20332483202219009,0.046527773141860962,0,1,0.53809655457735062
gate,H2_seed0,31,horizontal,3,000172_10.png,000173_10.png,1,1,1,0,-0.4677119255065918,-0.3812621682882309,0.086449757218360901,0,1,0.68213176727294922
gate,H2_seed0,31,horizontal,3,000172_10.png,000173_10.png,2,3,0,1,-0.43613132834434509,-0.38995134830474854,0.046179980039596558,0,1,0.65075049549341202
gate,H2_seed0,31,horizontal,3,000172_10.png,000173_10.png,3,4,0,1,-0.37643814086914062,-0.3119436651468277,0.064494475722312927,0,1,0.61391680687665939
gate,H2_seed0,31,horizontal,3,000172_10.png,000173_10.png,4,5,0,1,-0.4195079505443573,-0.29458293318748474,0.12492501735687256,0,1,0.68002527952194214
gate,H2_seed0,31,horizontal,3,000172_10.png,000173_10.png,5,6,0,1,-0.46355420351028442,-0.32517534494400024,0.13837885856628418,0,1,0.70958192646503448
gate,H2_seed0,31,horizontal,3,000172_10.png,000173_10.png,6,7,0,1,-0.44247809052467346,-0.33385945856571198,0.10861863195896149,0,1,0.72334340214729309
gate,H2_seed0,0,horizontal,4,000174_10.png,000175_10.png,1,2,0,1,-0.21397840976715088,-0.047135159373283386,0.16684325039386749,0,1,0.35166588425636292
gate,H2_seed0,0,horizontal,4,000174_10.png,000175_10.png,2,3,0,1,-0.2092813178896904,-0.031262367963790894,0.17801894992589951,0,1,0.38995299488306046
gate,H2_seed0,0,horizontal,4,000174_10.png,000175_10.png,3,0,0,-3,-0.16449220478534698,-0.15415019541978836,0.010342009365558624,0,1,0.39759939908981323
gate,H2_seed0,0,horizontal,4,000174_10.png,000175_10.png,4,1,0,-3,-0.15783041715621948,-0.13437184691429138,0.023458570241928101,0,1,0.38278389722108841
gate,H2_seed0,0,horizontal,4,000174_10.png,000175_10.png,5,6,0,1,-0.15575198829174042,-0.11257915198802948,0.043172836303710938,0,1,0.34103047847747803
gate,H2_seed0,0,horizontal,4,000174_10.png,000175_10.png,6,3,0,-3,-0.10854345560073853,-0.10589946806430817,0.0026439875364303589,0,1,0.25152396410703659
gate,H2_seed0,1,horizontal,4,000174_10.png,000175_10.png,1,0,0,-1,-0.13503207266330719,-0.11842672526836395,0.016605347394943237,0,1,0.39333751797676086
gate,H2_seed0,1,horizontal,4,000174_10.png,000175_10.png,2,3,0,1,-0.17760338634252548,-0.081133760511875153,0.09646962583065033,0,1,0.45613690465688705
gate,H2_seed0,1,horizontal,4,000174_10.png,000175_10.png,3,4,0,1,-0.17403288185596466,-0.11217093467712402,0.061861947178840637,0,1,0.42684823274612427
gate,H2_seed0,1,horizontal,4,000174_10.png,000175_10.png,4,5,0,1,-0.19388887286186218,-0.11231344938278198,0.0815754234790802,0,1,0.4226604551076889
gate,H2_seed0,1,horizontal,4,000174_10.png,000175_10.png,5,9,0,4,-0.18990606069564819,-0.15551652014255524,0.034389540553092957,0,1,0.39446729421615601
gate,H2_seed0,1,horizontal,4,000174_10.png,000175_10.png,6,7,0,1,-0.19204631447792053,-0.1700940877199173,0.021952226758003235,0,1,0.40402017533779144
gate,H2_seed0,2,horizontal,4,000174_10.png,000175_10.png,1,2,0,1,-0.36622543632984161,-0.33371397852897644,0.032511457800865173,0,1,0.59407231211662292
gate,H2_seed0,2,horizontal,4,000174_10.png,000175_10.png,2,4,0,2,-0.41866445541381836,-0.30783596634864807,0.11082848906517029,0,1,0.82730996608734131
gate,H2_seed0,2,horizontal,4,000174_10.png,000175_10.png,3,5,0,2,-0.38320568203926086,-0.35826343297958374,0.024942249059677124,0,1,0.8158537745475769
gate,H2_seed0,2,horizontal,4,000174_10.png,000175_10.png,4,6,0,2,-0.39333188533782959,-0.37957695126533508,0.013754934072494507,0,1,0.73418498039245605
gate,H2_seed0,2,horizontal,4,000174_10.png,000175_10.png,5,7,0,2,-0.37745405733585358,-0.3627241849899292,0.014729872345924377,0,1,0.7079300582408905
gate,H2_seed0,2,horizontal,4,000174_10.png,000175_10.png,6,7,0,1,-0.38446998596191406,-0.31177930533885956,0.072690680623054504,0,1,0.74170048534870148
gate,H2_seed0,3,horizontal,4,000174_10.png,000175_10.png,1,2,0,1,-0.29110534489154816,-0.21655510365962982,0.074550241231918335,0,1,0.49316701292991638
gate,H2_seed0,3,horizontal,4,000174_10.png,000175_10.png,2,3,0,1,-0.25523766875267029,-0.10929945111274719,0.1459382176399231,0,1,0.46736745536327362
gate,H2_seed0,3,horizontal,4,000174_10.png,000175_10.png,3,3,1,0,-0.17816022038459778,-0.14604584872722626,0.032114371657371521,0,1,0.37617017328739166
gate,H2_seed0,3,horizontal,4,000174_10.png,000175_10.png,4,4,1,0,-0.20953509211540222,-0.18045493960380554,0.02908015251159668,0,1,0.37302705645561218
gate,H2_seed0,3,horizontal,4,000174_10.png,000175_10.png,5,5,1,0,-0.17697621881961823,-0.15671926736831665,0.020256951451301575,0,1,0.31616885215044022
gate,H2_seed0,3,horizontal,4,000174_10.png,000175_10.png,6,6,1,0,-0.21679099649190903,-0.1980607807636261,0.018730215728282928,0,1,0.39097438007593155
gate,H2_seed0,4,horizontal,4,000174_10.png,000175_10.png,1,2,0,1,-0.27338536083698273,-0.19290372729301453,0.080481633543968201,0,1,0.45397096872329712
gate,H2_seed0,4,horizontal,4,000174_10.png,000175_10.png,2,2,1,0,-0.22496390342712402,-0.1804819330573082,0.044481970369815826,0,1,0.4166456013917923
gate,H2_seed0,4,horizontal,4,000174_10.png,000175_10.png,3,2,0,-1,-0.19499336183071136,-0.18141202628612518,0.013581335544586182,0,1,0.37852180004119873
gate,H2_seed0,4,horizontal,4,000174_10.png,000175_10.png,4,3,0,-1,-0.23584040999412537,-0.19850188493728638,0.037338525056838989,0,1,0.51358239352703094
gate,H2_seed0,4,horizontal,4,000174_10.png,000175_10.png,5,4,0,-1,-0.21183796226978302,-0.18243692070245743,0.029401041567325592,0,1,0.50673803687095642
gate,H2_seed0,4,horizontal,4,000174_10.png,000175_10.png,6,5,0,-1,-0.21292088180780411,-0.1730429083108902,0.03987797349691391,0,1,0.52673167735338211
gate,H2_seed0,5,horizontal,4,000174_10.png,000175_10.png,1,2,0,1,-0.28292909264564514,-0.056102767586708069,0.22682632505893707,0,1,0.47064507752656937
gate,H2_seed0,5,horizontal,4,000174_10.png,000175_10.png,2,1,0,-1,-0.29472349584102631,-0.1939709335565567,0.1007525622844696,0,1,0.51087688654661179
gate,H2_seed0,5,horizontal,4,000174_10.png,000175_10.png,3,4,0,1,-0.25905171036720276,-0.20738817751407623,0.051663532853126526,0,1,0.41737149655818939
gate,H2_seed0,5,horizontal,4,000174_10.png,000175_10.png,4,5,0,1,-0.29054789245128632,-0.27459576725959778,0.015952125191688538,0,1,0.52262668311595917
gate,H2_seed0,5,horizontal,4,000174_10.png,000175_10.png,5,4,0,-1,-0.28613981604576111,-0.25685948133468628,0.029280334711074829,0,1,0.453199602663517
gate,H2_seed0,5,horizontal,4,000174_10.png,000175_10.png,6,5,0,-1,-0.26010164618492126,-0.24594040215015411,0.014161244034767151,0,1,0.39758631587028503
gate,H2_seed0,6,horizontal,4,000174_10.png,000175_10.png,1,0,0,-1,-0.21448338031768799,-0.14298689365386963,0.071496486663818359,0,1,0.54087409377098083
gate,H2_seed0,6,horizontal,4,000174_10.png,000175_10.png,2,0,0,-2,-0.26825600862503052,-0.19526369869709015,0.072992309927940369,0,1,0.63741077482700348
gate,H2_seed0,6,horizontal,4,000174_10.png,000175_10.png,3,2,0,-1,-0.22970107942819595,-0.21517717838287354,0.014523901045322418,0,1,0.59859815984964371
gate,H2_seed0,6,horizontal,4,000174_10.png,000175_10.png,4,3,0,-1,-0.22084631770849228,-0.2186809778213501,0.0021653398871421814,0,1,0.57160740345716476
gate,H2_seed0,6,horizontal,4,000174_10.png,000175_10.png,5,3,0,-2,-0.39463223516941071,-0.31504595279693604,0.07958628237247467,0,1,0.74583140015602112
gate,H2_seed0,6,horizontal,4,000174_10.png,000175_10.png,6,4,0,-2,-0.38199616968631744,-0.22881374508142471,0.15318242460489273,0,1,0.74714048206806183
gate,H2_seed0,7,horizontal,4,000174_10.png,000175_10.png,1,2,0,1,-0.26151132583618164,-0.12327246367931366,0.13823886215686798,0,1,0.39890384674072266
gate,H2_seed0,7,horizontal,4,000174_10.png,000175_10.png,2,1,0,-1,-0.19645459204912186,-0.17048175632953644,0.025972835719585419,0,1,0.36806333810091019
gate,H2_seed0,7,horizontal,4,000174_10.png,000175_10.png,3,2,0,-1,-0.2097112238407135,-0.14867550879716873,0.061035715043544769,0,1,0.46308368444442749
gate,H2_seed0,7,horizontal,4,000174_10.png,000175_10.png,4,3,0,-1,-0.22057260572910309,-0.14686501026153564,0.073707595467567444,0,1,0.40752400457859039
gate,H2_seed0,7,horizontal,4,000174_10.png,000175_10.png,5,4,0,-1,-0.17087545990943909,-0.16557362675666809,0.0053018331527709961,0,1,0.34196402132511139
gate,H2_seed0,7,horizontal,4,000174_10.png,000175_10.png,6,5,0,-1,-0.17115715146064758,-0.13002234697341919,0.041134804487228394,0,1,0.35408993810415268
gate,H2_seed0,8,horizontal,4,000174_10.png,000175_10.png,1,0,0,-1,-0.12510653585195541,-0.072748355567455292,0.052358180284500122,0,1,0.36281482130289078
gate,H2_seed0,8,horizontal,4,000174_10.png,000175_10.png,2,1,0,-1,-0.12244465202093124,-0.065881192684173584,0.05656345933675766,0,1,0.28738611936569214
gate,H2_seed0,8,horizontal,4,000174_10.png,000175_10.png,3,10,0,7,-0.14706887304782867,-0.12057198584079742,0.02649688720703125,0,1,0.33446620404720306
gate,H2_seed0,8,horizontal,4,000174_10.png,000175_10.png,4,2,0,-2,-0.1942138671875,-0.045502975583076477,0.14871089160442352,0,1,0.3791966512799263
gate,H2_seed0,8,horizontal,4,000174_10.png,000175_10.png,5,3,0,-2,-0.17406494915485382,-0.060927815735340118,0.1131371334195137,0,1,0.33310303837060928
gate,H2_seed0,8,horizontal,4,000174_10.png,000175_10.png,6,4,0,-2,-0.11710791289806366,-0.061151117086410522,0.055956795811653137,0,1,0.30205637216567993
gate,H2_seed0,9,horizontal,4,000174_10.png,000175_10.png,1,4,0,3,-0.39791485667228699,-0.17485412955284119,0.2230607271194458,0,1,0.60934318602085114
gate,H2_seed0,9,horizontal,4,000174_10.png,000175_10.png,2,5,0,3,-0.3948044627904892,-0.14946849644184113,0.24533596634864807,0,1,0.79980877041816711
gate,H2_seed0,9,horizontal,4,000174_10.png,000175_10.png,3,6,0,3,-0.34676589071750641,-0.079790413379669189,0.26697547733783722,0,1,0.60831798613071442
gate,H2_seed0,9,horizontal,4,000174_10.png,000175_10.png,4,7,0,3,-0.35393363237380981,-0.079949468374252319,0.2739841639995575,0,1,0.57945335656404495
gate,H2_seed0,9,horizontal,4,000174_10.png,000175_10.png,5,8,0,3,-0.27563060820102692,-0.15209068357944489,0.12353992462158203,0,1,0.44693625718355179
gate,H2_seed0,9,horizontal,4,000174_10.png,000175_10.png,6,9,0,3,-0.32166250050067902,-0.095556497573852539,0.22610600292682648,0,1,0.50104823708534241
gate,H2_seed0,10,horizontal,4,000174_10.png,000175_10.png,1,8,0,7,-0.251179039478302,-0.21685989201068878,0.03431914746761322,0,1,0.70674175024032593
gate,H2_seed0,10,horizontal,4,000174_10.png,000175_10.png,2,9,0,7,-0.32599698007106781,-0.21762073040008545,0.10837624967098236,0,1,0.80520735681056976
gate,H2_seed0,10,horizontal,4,000174_10.png,000175_10.png,3,8,0,5,-0.26375001668930054,-0.21179252862930298,0.051957488059997559,0,1,0.72276575863361359
gate,H2_seed0,10,horizontal,4,000174_10.png,000175_10.png,4,10,0,6,-0.26639500260353088,-0.18580887466669083,0.080586127936840057,0,1,0.72442023456096649
gate,H2_seed0,10,horizontal,4,000174_10.png,000175_10.png,5,8,0,3,-0.13050976395606995,-0.12937410175800323,0.0011356621980667114,0,1,0.56993000209331512
gate,H2_seed0,10,horizontal,4,000174_10.png,000175_10.png,6,1,0,-5,-0.26306194067001343,-0.24357542395591736,0.019486516714096069,0,1,0.72198060154914856
gate,H2_seed0,11,horizontal,4,000174_10.png,000175_10.png,1,1,1,0,-0.26121759414672852,-0.12692858278751373,0.13428901135921478,0,1,0.41305741667747498
gate,H2_seed0,11,horizontal,4,000174_10.png,000175_10.png,2,2,1,0,-0.11779673397541046,-0.10761120915412903,0.010185524821281433,0,1,0.18361161649227142
gate,H2_seed0,11,horizontal,4,000174_10.png,000175_10.png,3,3,1,0,-0.16747567057609558,-0.15391163527965546,0.013564035296440125,0,1,0.4479663074016571
gate,H2_seed0,11,horizontal,4,000174_10.png,000175_10.png,4,4,1,0,-0.18332219123840332,-0.1678246408700943,0.015497550368309021,0,1,0.49843287467956543
gate,H2_seed0,11,horizontal,4,000174_10.png,000175_10.png,5,5,1,0,-0.23099126666784286,-0.17095692455768585,0.060034342110157013,0,1,0.57023336738348007
gate,H2_seed0,11,horizontal,4,000174_10.png,000175_10.png,6,6,1,0,-0.21822613477706909,-0.167364701628685,0.050861433148384094,0,1,0.5450482964515686
gate,H2_seed0,12,horizontal,4,000174_10.png,000175_10.png,1,1,1,0,-0.12821412086486816,-0.097341239452362061,0.030872881412506104,0,1,0.34485176205635071
gate,H2_seed0,12,horizontal,4,000174_10.png,000175_10.png,2,5,0,3,-0.16406175494194031,-0.1446869820356369,0.019374772906303406,0,1,0.38093008100986481
gate,H2_seed0,12,horizontal,4,000174_10.png,000175_10.png,3,3,1,0,-0.24295943975448608,-0.14490258693695068,0.0980568528175354,0,1,0.43993381410837173
gate,H2_seed0,12,horizontal,4,000174_10.png,000175_10.png,4,4,1,0,-0.312203049659729,-0.12161010503768921,0.19059294462203979,0,1,0.52529183775186539
gate,H2_seed0,12,horizontal,4,000174_10.png,000175_10.png,5,5,1,0,-0.29442444443702698,-0.12978421896696091,0.16464022547006607,0,1,0.57006199657917023
gate,H2_seed0,12,horizontal,4,000174_10.png,000175_10.png,6,6,1,0,-0.3485623300075531,-0.23250344395637512,0.11605888605117798,0,1,0.66380542516708374
gate,H2_seed0,13,horizontal,4,000174_10.png,000175_10.png,1,0,0,-1,-0.18888095021247864,-0.16434937715530396,0.024531573057174683,0,1,0.38664346188306808
gate,H2_seed0,13,horizontal,4,000174_10.png,000175_10.png,2,8,0,6,-0.1846671849489212,-0.17099303007125854,0.013674154877662659,0,1,0.35079385340213776
gate,H2_seed0,13,horizontal,4,000174_10.png,000175_10.png,3,0,0,-3,-0.22482693195343018,-0.11209285259246826,0.11273407936096191,0,1,0.40168309211730957
gate,H2_seed0,13,horizontal,4,000174_10.png,000175_10.png,4,1,0,-3,-0.18940478563308716,-0.15784581005573273,0.031558975577354431,0,1,0.36338351666927338
gate,H2_seed0,13,horizontal,4,000174_10.png,000175_10.png,5,2,0,-3,-0.23721691966056824,-0.13574402779340744,0.1014728918671608,0,1,0.39741802215576172
gate,H2_seed0,13,horizontal,4,000174_10.png,000175_10.png,6,3,0,-3,-0.11502824723720551,-0.1111873984336853,0.0038408488035202026,0,1,0.24961526691913605
gate,H2_seed0,14,horizontal,4,000174_10.png,000175_10.png,1,1,1,0,-0.2590751051902771,-0.10976236313581467,0.14931274205446243,0,1,0.59724494814872742
gate,H2_seed0,14,horizontal,4,000174_10.png,000175_10.png,2,0,0,-2,-0.35018247365951538,-0.18915895372629166,0.16102351993322372,0,1,0.67817854881286621
gate,H2_seed0,14,horizontal,4,000174_10.png,000175_10.png,3,1,0,-2,-0.29703640937805176,-0.15871185064315796,0.1383245587348938,0,1,0.65054166316986084
gate,H2_seed0,14,horizontal,4,000174_10.png,000175_10.png,4,2,0,-2,-0.32271641492843628,-0.12308580428361893,0.19963061064481735,0,1,0.67860309779644012
gate,H2_seed0,14,horizontal,4,000174_10.png,000175_10.png,5,3,0,-2,-0.34167240560054779,-0.19812819361686707,0.14354421198368073,0,1,0.6810758113861084
gate,H2_seed0,14,horizontal,4,000174_10.png,000175_10.png,6,4,0,-2,-0.29819728434085846,-0.23134623467922211,0.066851049661636353,0,1,0.61706127226352692
gate,H2_seed0,15,horizontal,4,000174_10.png,000175_10.png,1,2,0,1,-0.28256633877754211,-0.198912113904953,0.083654224872589111,0,1,0.4682965874671936
gate,H2_seed0,15,horizontal,4,000174_10.png,000175_10.png,2,3,0,1,-0.27015490829944611,-0.15321673452854156,0.11693817377090454,0,1,0.39350121095776558
gate,H2_seed0,15,horizontal,4,000174_10.png,000175_10.png,3,4,0,1,-0.29806831479072571,-0.15202122181653976,0.14604709297418594,0,1,0.45645606517791748
gate,H2_seed0,15,horizontal,4,000174_10.png,000175_10.png,4,5,0,1,-0.32019290328025818,-0.21394577622413635,0.10624712705612183,0,1,0.50842199474573135
gate,H2_seed0,15,horizontal,4,000174_10.png,000175_10.png,5,6,0,1,-0.31356328725814819,-0.25922450423240662,0.054338783025741577,0,1,0.48289462924003601
gate,H2_seed0,15,horizontal,4,000174_10.png,000175_10.png,6,7,0,1,-0.29004934430122375,-0.2522183358669281,0.037831008434295654,0,1,0.5539841502904892
gate,H2_seed0,16,horizontal,4,000174_10.png,000175_10.png,1,9,0,8,-0.23157870769500732,-0.19466941058635712,0.036909297108650208,0,1,0.38816973567008972
gate,H2_seed0,16,horizontal,4,000174_10.png,000175_10.png,2,8,0,6,-0.19785436987876892,-0.17829790711402893,0.01955646276473999,0,1,0.4944881796836853
gate,H2_seed0,16,horizontal,4,000174_10.png,000175_10.png,3,9,0,6,-0.27941133081912994,-0.092819705605506897,0.18659162521362305,0,1,0.49513154476881027
gate,H2_seed0,16,horizontal,4,000174_10.png,000175_10.png,4,10,0,6,-0.25492624938488007,-0.080934047698974609,0.17399220168590546,0,1,0.45374360680580139
gate,H2_seed0,16,horizontal,4,000174_10.png,000175_10.png,5,0,0,-5,-0.17604796588420868,-0.10263574123382568,0.073412224650382996,0,1,0.34686793386936188
gate,H2_seed0,16,horizontal,4,000174_10.png,000175_10.png,6,1,0,-5,-0.19173680245876312,-0.12910710275173187,0.06262969970703125,0,1,0.35252874344587326
gate,H2_seed0,17,horizontal,4,000174_10.png,000175_10.png,1,1,1,0,-0.47509239614009857,-0.26110997796058655,0.21398241817951202,0,1,0.85838295519351959
gate,H2_seed0,17,horizontal,4,000174_10.png,000175_10.png,2,2,1,0,-0.45631930232048035,-0.37140709161758423,0.084912210702896118,0,1,0.85786111652851105
gate,H2_seed0,17,horizontal,4,000174_10.png,000175_10.png,3,2,0,-1,-0.41405735909938812,-0.36854682862758636,0.045510530471801758,0,1,0.8317750096321106
gate,H2_seed0,17,horizontal,4,000174_10.png,000175_10.png,4,4,1,0,-0.38864737749099731,-0.38621588051319122,0.0024314969778060913,0,1,0.82710918784141541
gate,H2_seed0,17,horizontal,4,000174_10.png,000175_10.png,5,5,1,0,-0.44730170071125031,-0.39999233186244965,0.047309368848800659,0,1,0.84827467799186707
gate,H2_seed0,17,horizontal,4,000174_10.png,000175_10.png,6,6,1,0,-0.46974694728851318,-0.39711922407150269,0.072627723217010498,0,1,0.903238445520401
gate,H2_seed0,18,horizontal,4,000174_10.png,000175_10.png,1,4,0,3,-0.1788712739944458,-0.16680255532264709,0.012068718671798706,0,1,0.42029404640197754
gate,H2_seed0,18,horizontal,4,000174_10.png,000175_10.png,2,2,1,0,-0.28385840356349945,-0.19911646842956543,0.084741935133934021,0,1,0.5011926144361496
gate,H2_seed0,18,horizontal,4,000174_10.png,000175_10.png,3,2,0,-1,-0.28464819490909576,-0.25923854112625122,0.025409653782844543,0,1,0.47315064817667007
gate,H2_seed0,18,horizontal,4,000174_10.png,000175_10.png,4,3,0,-1,-0.2757532000541687,-0.24522846937179565,0.030524730682373047,0,1,0.46868893504142761
gate,H2_seed0,18,horizontal,4,000174_10.png,000175_10.png,5,4,0,-1,-0.25137524306774139,-0.23078814148902893,0.020587101578712463,0,1,0.44180430471897125
gate,H2_seed0,18,horizontal,4,000174_10.png,000175_10.png,6,5,0,-1,-0.27394567430019379,-0.24586766958236694,0.028078004717826843,0,1,0.53074312210083008
gate,H2_seed0,19,horizontal,4,000174_10.png,000175_10.png,1,2,0,1,-0.34910699725151062,-0.1877044215798378,0.16140257567167282,0,1,0.54109665751457214
gate,H2_seed0,19,horizontal,4,000174_10.png,000175_10.png,2,3,0,1,-0.29667781293392181,-0.1798902302980423,0.11678758263587952,0,1,0.42756564915180206
gate,H2_seed0,19,horizontal,4,000174_10.png,000175_10.png,3,4,0,1,-0.28067117929458618,-0.1480986624956131,0.13257251679897308,0,1,0.42476848512887955
gate,H2_seed0,19,horizontal,4,000174_10.png,000175_10.png,4,5,0,1,-0.30112957954406738,-0.14970153570175171,0.15142804384231567,0,1,0.43661347776651382
gate,H2_seed0,19,horizontal,4,000174_10.png,000175_10.png,5,6,0,1,-0.25371603667736053,-0.1336977556347847,0.12001828104257584,0,1,0.4047292172908783
gate,H2_seed0,19,horizontal,4,000174_10.png,000175_10.png,6,7,0,1,-0.2772698849439621,-0.14505503326654434,0.13221485167741776,0,1,0.52134158462285995
gate,H2_seed0,20,horizontal,4,000174_10.png,000175_10.png,1,0,0,-1,-0.12557722628116608,-0.1164710521697998,0.009106174111366272,0,1,0.27120010554790497
gate,H2_seed0,20,horizontal,4,000174_10.png,000175_10.png,2,0,0,-2,-0.19213351607322693,-0.15933103859424591,0.032802477478981018,0,1,0.40292714536190033
gate,H2_seed0,20,horizontal,4,000174_10.png,000175_10.png,3,3,1,0,-0.17959189414978027,-0.15788733959197998,0.021704554557800293,0,1,0.3848116397857666
gate,H2_seed0,20,horizontal,4,000174_10.png,000175_10.png,4,2,0,-2,-0.18483176827430725,-0.13161532580852509,0.053216442465782166,0,1,0.38506567478179932
gate,H2_seed0,20,horizontal,4,000174_10.png,000175_10.png,5,1,0,-4,-0.21657922863960266,-0.21285031735897064,0.003728911280632019,0,1,0.4768688976764679
gate,H2_seed0,20,horizontal,4,000174_10.png,000175_10.png,6,2,0,-4,-0.15141351521015167,-0.12703388184309006,0.024379633367061615,0,1,0.40699885785579681
gate,H2_seed0,21,horizontal,4,000174_10.png,000175_10.png,1,5,0,4,-0.16436760127544403,-0.11344993114471436,0.050917670130729675,0,1,0.39421228319406509
gate,H2_seed0,21,horizontal,4,000174_10.png,000175_10.png,2,6,0,4,-0.20555452257394791,-0.088096350431442261,0.11745817214250565,0,1,0.63598661869764328
gate,H2_seed0,21,horizontal,4,000174_10.png,000175_10.png,3,7,0,4,-0.20962390303611755,-0.12995480746030807,0.079669095575809479,0,1,0.61045520007610321
gate,H2_seed0,21,horizontal,4,000174_10.png,000175_10.png,4,2,0,-2,-0.18099313974380493,-0.15004158765077591,0.030951552093029022,0,1,0.6028875857591629
gate,H2_seed0,21,horizontal,4,000174_10.png,000175_10.png,5,3,0,-2,-0.17154985666275024,-0.11176654696464539,0.059783309698104858,0,1,0.60907691717147827
gate,H2_seed0,21,horizontal,4,000174_10.png,000175_10.png,6,4,0,-2,-0.21162569522857666,-0.20030087977647781,0.011324815452098846,0,1,0.6560608297586441
gate,H2_seed0,22,horizontal,4,000174_10.png,000175_10.png,1,1,1,0,-0.42580114305019379,-0.29475207626819611,0.13104906678199768,0,1,0.70959404110908508
gate,H2_seed0,22,horizontal,4,000174_10.png,000175_10.png,2,1,0,-1,-0.38121622800827026,-0.36752626299858093,0.013689965009689331,0,1,0.65624019503593445
gate,H2_seed0,22,horizontal,4,000174_10.png,000175_10.png,3,2,0,-1,-0.39098042249679565,-0.37561061978340149,0.015369802713394165,0,1,0.61971554160118103
gate,H2_seed0,22,horizontal,4,000174_10.png,000175_10.png,4,3,0,-1,-0.42173968255519867,-0.39035293459892273,0.03138674795627594,0,1,0.70212233066558838
gate,H2_seed0,22,horizontal,4,000174_10.png,000175_10.png,5,4,0,-1,-0.39718939363956451,-0.34444208443164825,0.05274730920791626,0,1,0.61275956779718399
gate,H2_seed0,22,horizontal,4,000174_10.png,000175_10.png,6,5,0,-1,-0.40122729539871216,-0.341536745429039,0.059690549969673157,0,1,0.67322865128517151
gate,H2_seed0,23,horizontal,4,000174_10.png,000175_10.png,1,10,0,9,-0.26952245831489563,-0.19732072949409485,0.072201728820800781,0,1,0.61050044000148773
gate,H2_seed0,23,horizontal,4,000174_10.png,000175_10.png,2,9,0,7,-0.26776821911334991,-0.24806378781795502,0.019704431295394897,0,1,0.59910157322883606
gate,H2_seed0,23,horizontal,4,000174_10.png,000175_10.png,3,10,0,7,-0.26186591386795044,-0.21874235570430756,0.043123558163642883,0,1,0.54758746922016144
gate,H2_seed0,23,horizontal,4,000174_10.png,000175_10.png,4,9,0,5,-0.25616744160652161,-0.19197410345077515,0.06419333815574646,0,1,0.52579928934574127
gate,H2_seed0,23,horizontal,4,000174_10.png,000175_10.png,5,10,0,5,-0.26094859838485718,-0.17555101215839386,0.085397586226463318,0,1,0.52019123733043671
gate,H2_seed0,23,horizontal,4,000174_10.png,000175_10.png,6,4,0,-2,-0.20755857229232788,-0.20301401615142822,0.0045445561408996582,0,1,0.45518501847982407
gate,H2_seed0,24,horizontal,4,000174_10.png,000175_10.png,1,10,0,9,-0.22181612253189087,-0.20418110489845276,0.01763501763343811,0,1,0.6639835387468338
gate,H2_seed0,24,horizontal,4,000174_10.png,000175_10.png,2,5,0,3,-0.26538990437984467,-0.23121665418148041,0.034173250198364258,0,1,0.73262859880924225
gate,H2_seed0,24,horizontal,4,000174_10.png,000175_10.png,3,6,0,3,-0.25961042940616608,-0.20377007126808167,0.055840358138084412,0,1,0.77145825326442719
gate,H2_seed0,24,horizontal,4,000174_10.png,000175_10.png,4,7,0,3,-0.29370898008346558,-0.27089479565620422,0.022814184427261353,0,1,0.7787768691778183
gate,H2_seed0,24,horizontal,4,000174_10.png,000175_10.png,5,8,0,3,-0.27812880277633667,-0.23692640662193298,0.041202396154403687,0,1,0.75097605586051941
gate,H2_seed0,24,horizontal,4,000174_10.png,000175_10.png,6,9,0,3,-0.20844569802284241,-0.173552006483078,0.034893691539764404,0,1,0.64147175848484039
gate,H2_seed0,25,horizontal,4,000174_10.png,000175_10.png,1,3,0,2,-0.32605473697185516,-0.13421326875686646,0.19184146821498871,0,1,0.51164393126964569
gate,H2_seed0,25,horizontal,4,000174_10.png,000175_10.png,2,4,0,2,-0.3371463268995285,-0.17441605031490326,0.16273027658462524,0,1,0.55992396175861359
gate,H2_seed0,25,horizontal,4,000174_10.png,000175_10.png,3,5,0,2,-0.30933603644371033,-0.12381830811500549,0.18551772832870483,0,1,0.64673972129821777
gate,H2_seed0,25,horizontal,4,000174_10.png,000175_10.png,4,6,0,2,-0.25028091669082642,-0.12403041124343872,0.1262505054473877,0,1,0.47996523976325989
gate,H2_seed0,25,horizontal,4,000174_10.png,000175_10.png,5,7,0,2,-0.2360580712556839,-0.13287407159805298,0.10318399965763092,0,1,0.51862397789955139
gate,H2_seed0,25,horizontal,4,000174_10.png,000175_10.png,6,8,0,2,-0.18379907310009003,-0.14594143629074097,0.03785763680934906,0,1,0.39445501565933228
gate,H2_seed0,26,horizontal,4,000174_10.png,000175_10.png,1,5,0,4,-0.17956343293190002,-0.10794931277632713,0.071614120155572891,0,1,0.24865955114364624
gate,H2_seed0,26,horizontal,4,000174_10.png,000175_10.png,2,6,0,4,-0.13515552878379822,-0.12603345513343811,0.0091220736503601074,0,1,0.29805167019367218
gate,H2_seed0,26,horizontal,4,000174_10.png,000175_10.png,3,7,0,4,-0.20412874221801758,-0.065976224839687347,0.13815251737833023,0,1,0.37880590558052063
gate,H2_seed0,26,horizontal,4,000174_10.png,000175_10.png,4,8,0,4,-0.19149443507194519,-0.040087178349494934,0.15140725672245026,0,1,0.35631366074085236
gate,H2_seed0,26,horizontal,4,000174_10.png,000175_10.png,5,10,0,5,-0.20285293459892273,-0.076157465577125549,0.12669546902179718,0,1,0.32290019094944
gate,H2_seed0,26,horizontal,4,000174_10.png,000175_10.png,6,10,0,4,-0.163441002368927,-0.063690304756164551,0.099750697612762451,0,1,0.31890154629945755
gate,H2_seed0,27,horizontal,4,000174_10.png,000175_10.png,1,1,1,0,-0.19397139549255371,-0.15179790556430817,0.042173489928245544,0,1,0.4215053915977478
gate,H2_seed0,27,horizontal,4,000174_10.png,000175_10.png,2,1,0,-1,-0.47871506214141846,-0.13081718981266022,0.34789787232875824,0,1,0.66601493209600449
gate,H2_seed0,27,horizontal,4,000174_10.png,000175_10.png,3,2,0,-1,-0.65490081906318665,-0.18922848254442215,0.4656723365187645,0,1,0.84390169382095337
gate,H2_seed0,27,horizontal,4,000174_10.png,000175_10.png,4,3,0,-1,-0.70006340742111206,-0.21310735493898392,0.48695605248212814,0,1,0.90279252827167511
gate,H2_seed0,27,horizontal,4,000174_10.png,000175_10.png,5,4,0,-1,-0.64853918552398682,-0.22428798675537109,0.42425119876861572,0,1,0.86878633499145508
gate,H2_seed0,27,horizontal,4,000174_10.png,000175_10.png,6,5,0,-1,-0.68675845861434937,-0.24486082792282104,0.44189763069152832,0,1,0.90793144702911377
gate,H2_seed0,28,horizontal,4,000174_10.png,000175_10.png,1,2,0,1,-0.58477157354354858,-0.36958685517311096,0.21518471837043762,0,1,0.91594874858856201
gate,H2_seed0,28,horizontal,4,000174_10.png,000175_10.png,2,3,0,1,-0.50386738777160645,-0.36660632491111755,0.13726106286048889,0,1,0.88210855424404144
gate,H2_seed0,28,horizontal,4,000174_10.png,000175_10.png,3,4,0,1,-0.49469280242919922,-0.38331449031829834,0.11137831211090088,0,1,0.86741600930690765
gate,H2_seed0,28,horizontal,4,000174_10.png,000175_10.png,4,5,0,1,-0.55595198273658752,-0.38922218978404999,0.16672979295253754,0,1,0.87816247344017029
gate,H2_seed0,28,horizontal,4,000174_10.png,000175_10.png,5,6,0,1,-0.60259550809860229,-0.40586821734905243,0.19672729074954987,0,1,0.97642979025840759
gate,H2_seed0,28,horizontal,4,000174_10.png,000175_10.png,6,7,0,1,-0.56365370750427246,-0.41398660838603973,0.14966709911823273,0,1,0.9117225706577301
gate,H2_seed0,29,horizontal,4,000174_10.png,000175_10.png,1,1,1,0,-0.3127252608537674,-0.12755002081394196,0.18517524003982544,0,1,0.56072378158569336
gate,H2_seed0,29,horizontal,4,000174_10.png,000175_10.png,2,7,0,5,-0.19251130521297455,-0.17679113149642944,0.015720173716545105,0,1,0.442774698138237
gate,H2_seed0,29,horizontal,4,000174_10.png,000175_10.png,3,8,0,5,-0.16066569089889526,-0.14188942313194275,0.018776267766952515,0,1,0.32980258762836456
gate,H2_seed0,29,horizontal,4,000174_10.png,000175_10.png,4,5,0,1,-0.16029666364192963,-0.10867525637149811,0.051621407270431519,0,1,0.30431613326072693
gate,H2_seed0,29,horizontal,4,000174_10.png,000175_10.png,5,2,0,-3,-0.32346042990684509,-0.17571257054805756,0.14774785935878754,0,1,0.50983709096908569
gate,H2_seed0,29,horizontal,4,000174_10.png,000175_10.png,6,3,0,-3,-0.32480582594871521,-0.23159147799015045,0.093214347958564758,0,1,0.62128449976444244
gate,H2_seed0,30,horizontal,4,000174_10.png,000175_10.png,1,2,0,1,-0.32693453133106232,-0.21677571535110474,0.11015881597995758,0,1,0.53059302270412445
gate,H2_seed0,30,horizontal,4,000174_10.png,000175_10.png,2,0,0,-2,-0.24167221784591675,-0.20152311772108078,0.040149100124835968,0,1,0.4670741856098175
gate,H2_seed0,30,horizontal,4,000174_10.png,000175_10.png,3,2,0,-1,-0.2322700023651123,-0.20423433184623718,0.028035670518875122,0,1,0.44112825393676758
gate,H2_seed0,30,horizontal,4,000174_10.png,000175_10.png,4,3,0,-1,-0.233453169465065,-0.23248815536499023,0.00096501410007476807,0,1,0.57019047439098358
gate,H2_seed0,30,horizontal,4,000174_10.png,000175_10.png,5,6,0,1,-0.26351591944694519,-0.26190212368965149,0.0016137957572937012,0,1,0.4666290283203125
gate,H2_seed0,30,horizontal,4,000174_10.png,000175_10.png,6,7,0,1,-0.28887824714183807,-0.22838085889816284,0.060497388243675232,0,1,0.48912571370601654
gate,H2_seed0,31,horizontal,4,000174_10.png,000175_10.png,1,1,1,0,-0.57794451713562012,-0.34632900357246399,0.23161551356315613,0,1,0.79831817746162415
gate,H2_seed0,31,horizontal,4,000174_10.png,000175_10.png,2,3,0,1,-0.41106708347797394,-0.39753341674804688,0.013533666729927063,0,1,0.64012324064970016
gate,H2_seed0,31,horizontal,4,000174_10.png,000175_10.png,3,4,0,1,-0.41112115979194641,-0.3002500981092453,0.11087106168270111,0,1,0.63431933522224426
gate,H2_seed0,31,horizontal,4,000174_10.png,000175_10.png,4,5,0,1,-0.35020402073860168,-0.34520089626312256,0.005003124475479126,0,1,0.54676993191242218
gate,H2_seed0,31,horizontal,4,000174_10.png,000175_10.png,5,5,1,0,-0.35821367800235748,-0.32669918239116669,0.031514495611190796,0,1,0.57582563161849976
gate,H2_seed0,31,horizontal,4,000174_10.png,000175_10.png,6,6,1,0,-0.40560001134872437,-0.3406326025724411,0.064967408776283264,0,1,0.70813815295696259
gate,H2_seed0,0,horizontal,5,000176_10.png,000177_10.png,1,6,0,5,-0.19983667135238647,-0.13033151626586914,0.069505155086517334,0,1,0.44396604597568512
gate,H2_seed0,0,horizontal,5,000176_10.png,000177_10.png,2,1,0,-1,-0.1740594208240509,-0.16052702069282532,0.013532400131225586,0,1,0.42055591940879822
gate,H2_seed0,0,horizontal,5,000176_10.png,000177_10.png,3,4,0,1,-0.19023260474205017,-0.15145367383956909,0.038778930902481079,0,1,0.41341263055801392
gate,H2_seed0,0,horizontal,5,000176_10.png,000177_10.png,4,5,0,1,-0.1717848926782608,-0.13930392265319824,0.032480970025062561,0,1,0.39116905629634857
gate,H2_seed0,0,horizontal,5,000176_10.png,000177_10.png,5,3,0,-2,-0.15538680553436279,-0.13476705551147461,0.020619750022888184,0,1,0.35496693849563599
gate,H2_seed0,0,horizontal,5,000176_10.png,000177_10.png,6,4,0,-2,-0.12535591423511505,-0.11665570735931396,0.0087002068758010864,0,1,0.32153074443340302
gate,H2_seed0,1,horizontal,5,000176_10.png,000177_10.png,1,2,0,1,-0.26129016280174255,-0.1366250216960907,0.12466514110565186,0,1,0.39804902672767639
gate,H2_seed0,1,horizontal,5,000176_10.png,000177_10.png,2,3,0,1,-0.29136191308498383,-0.063528925180435181,0.22783298790454865,0,1,0.42307408154010773
gate,H2_seed0,1,horizontal,5,000176_10.png,000177_10.png,3,4,0,1,-0.28971241414546967,-0.097576379776000977,0.19213603436946869,0,1,0.45176795125007629
gate,H2_seed0,1,horizontal,5,000176_10.png,000177_10.png,4,5,0,1,-0.3204759955406189,-0.087618835270404816,0.23285716027021408,0,1,0.5358673632144928
gate,H2_seed0,1,horizontal,5,000176_10.png,000177_10.png,5,6,0,1,-0.30814391374588013,-0.065938383340835571,0.24220553040504456,0,1,0.49550288915634155
gate,H2_seed0,1,horizontal,5,000176_10.png,000177_10.png,6,7,0,1,-0.29243229329586029,-0.075828790664672852,0.21660350263118744,0,1,0.43759743869304657
gate,H2_seed0,2,horizontal,5,000176_10.png,000177_10.png,1,3,0,2,-0.25473007559776306,-0.15476826578378677,0.099961809813976288,0,1,0.41875514388084412
gate,H2_seed0,2,horizontal,5,000176_10.png,000177_10.png,2,4,0,2,-0.22096109390258789,-0.14792896807193756,0.07303212583065033,0,1,0.44507110118865967
gate,H2_seed0,2,horizontal,5,000176_10.png,000177_10.png,3,5,0,2,-0.20522083342075348,-0.18005035817623138,0.025170475244522095,0,1,0.50537379086017609
gate,H2_seed0,2,horizontal,5,000176_10.png,000177_10.png,4,6,0,2,-0.21373873949050903,-0.16715535521507263,0.046583384275436401,0,1,0.55273988842964172
gate,H2_seed0,2,horizontal,5,000176_10.png,000177_10.png,5,1,0,-4,-0.27929794788360596,-0.19840008765459061,0.08089786022901535,0,1,0.59553362429141998
gate,H2_seed0,2,horizontal,5,000176_10.png,000177_10.png,6,1,0,-5,-0.20263824611902237,-0.17753969877958298,0.025098547339439392,0,1,0.47465305775403976
gate,H2_seed0,3,horizontal,5,000176_10.png,000177_10.png,1,2,0,1,-0.35773426294326782,-0.11178097128868103,0.24595329165458679,0,1,0.47627820074558258
gate,H2_seed0,3,horizontal,5,000176_10.png,000177_10.png,2,3,0,1,-0.23238611966371536,-0.13166585564613342,0.10072026401758194,0,1,0.39116416871547699
gate,H2_seed0,3,horizontal,5,000176_10.png,000177_10.png,3,2,0,-1,-0.12212178111076355,-0.12158825993537903,0.00053352117538452148,0,1,0.25016796588897705
gate,H2_seed0,3,horizontal,5,000176_10.png,000177_10.png,4,3,0,-1,-0.10566528886556625,-0.078756622970104218,0.026908665895462036,0,1,0.20902711525559425
gate,H2_seed0,3,horizontal,5,000176_10.png,000177_10.png,5,2,0,-3,-0.13330879807472229,-0.080550514161586761,0.052758283913135529,0,1,0.2539207711815834
gate,H2_seed0,3,horizontal,5,000176_10.png,000177_10.png,6,7,0,1,-0.11620544642210007,-0.095262881368398666,0.020942565053701401,0,1,0.28833702206611633
gate,H2_seed0,4,horizontal,5,000176_10.png,000177_10.png,1,2,0,1,-0.20968537032604218,-0.20300832390785217,0.0066770464181900024,0,1,0.46321888267993927
gate,H2_seed0,4,horizontal,5,000176_10.png,000177_10.png,2,2,1,0,-0.27739822864532471,-0.19595850259065628,0.081439726054668427,0,1,0.53319936990737915
gate,H2_seed0,4,horizontal,5,000176_10.png,000177_10.png,3,6,0,3,-0.23757526278495789,-0.22588656842708588,0.011688694357872009,0,1,0.44842590391635895
gate,H2_seed0,4,horizontal,5,000176_10.png,000177_10.png,4,7,0,3,-0.25442937016487122,-0.21721343696117401,0.037215933203697205,0,1,0.48527903109788895
gate,H2_seed0,4,horizontal,5,000176_10.png,000177_10.png,5,8,0,3,-0.26421532034873962,-0.19508138298988342,0.069133937358856201,0,1,0.53783836960792542
gate,H2_seed0,4,horizontal,5,000176_10.png,000177_10.png,6,9,0,3,-0.29836013913154602,-0.18381918966770172,0.1145409494638443,0,1,0.5607040673494339
gate,H2_seed0,5,horizontal,5,000176_10.png,000177_10.png,1,2,0,1,-0.23358234763145447,-0.11970719695091248,0.11387515068054199,0,1,0.33114813268184662
gate,H2_seed0,5,horizontal,5,000176_10.png,000177_10.png,2,3,0,1,-0.22227761149406433,-0.20165285468101501,0.020624756813049316,0,1,0.38011848926544189
gate,H2_seed0,5,horizontal,5,000176_10.png,000177_10.png,3,2,0,-1,-0.20101957768201828,-0.18801021575927734,0.013009361922740936,0,1,0.36026539653539658
gate,H2_seed0,5,horizontal,5,000176_10.png,000177_10.png,4,3,0,-1,-0.22338393330574036,-0.17780247330665588,0.045581459999084473,0,1,0.37916001677513123
gate,H2_seed0,5,horizontal,5,000176_10.png,000177_10.png,5,4,0,-1,-0.26469126343727112,-0.21468449383974075,0.050006769597530365,0,1,0.46746325492858887
gate,H2_seed0,5,horizontal,5,000176_10.png,000177_10.png,6,5,0,-1,-0.2576773464679718,-0.25092138350009918,0.0067559629678726196,0,1,0.43372803926467896
gate,H2_seed0,6,horizontal,5,000176_10.png,000177_10.png,1,0,0,-1,-0.24915033578872681,-0.1884821355342865,0.060668200254440308,0,1,0.68412655591964722
gate,H2_seed0,6,horizontal,5,000176_10.png,000177_10.png,2,0,0,-2,-0.32027262449264526,-0.16626423597335815,0.15400838851928711,0,1,0.7271142452955246
gate,H2_seed0,6,horizontal,5,000176_10.png,000177_10.png,3,1,0,-2,-0.28818497061729431,-0.23911193758249283,0.049073033034801483,0,1,0.70459656417369843
gate,H2_seed0,6,horizontal,5,000176_10.png,000177_10.png,4,2,0,-2,-0.32085973024368286,-0.22304509580135345,0.097814634442329407,0,1,0.76134395599365234
gate,H2_seed0,6,horizontal,5,000176_10.png,000177_10.png,5,3,0,-2,-0.39504219591617584,-0.3066779226064682,0.088364273309707642,0,1,0.82427679002285004
gate,H2_seed0,6,horizontal,5,000176_10.png,000177_10.png,6,4,0,-2,-0.40395937860012054,-0.26937262713909149,0.13458675146102905,0,1,0.79780128598213196
gate,H2_seed0,7,horizontal,5,000176_10.png,000177_10.png,1,4,0,3,-0.14090195298194885,-0.13498547673225403,0.0059164762496948242,0,1,0.27018925547599792
gate,H2_seed0,7,horizontal,5,000176_10.png,000177_10.png,2,3,0,1,-0.14810307323932648,-0.10362508520483971,0.044477988034486771,0,1,0.31097342073917389
gate,H2_seed0,7,horizontal,5,000176_10.png,000177_10.png,3,2,0,-1,-0.19754665344953537,-0.13202479481697083,0.065521858632564545,0,1,0.35183318704366684
gate,H2_seed0,7,horizontal,5,000176_10.png,000177_10.png,4,5,0,1,-0.11043344438076019,-0.10589265078306198,0.0045407935976982117,0,1,0.35293138772249222
gate,H2_seed0,7,horizontal,5,000176_10.png,000177_10.png,5,6,0,1,-0.12381055951118469,-0.12173433229327202,0.002076227217912674,0,1,0.30101683735847473
gate,H2_seed0,7,horizontal,5,000176_10.png,000177_10.png,6,0,0,-6,-0.11599680036306381,-0.093472123146057129,0.022524677217006683,0,1,0.29405084252357483
gate,H2_seed0,8,horizontal,5,000176_10.png,000177_10.png,1,1,1,0,-0.20668914914131165,-0.20221820473670959,0.0044709444046020508,0,1,0.45557628571987152
gate,H2_seed0,8,horizontal,5,000176_10.png,000177_10.png,2,1,0,-1,-0.14014703035354614,-0.11935782432556152,0.020789206027984619,0,1,0.28257334232330322
gate,H2_seed0,8,horizontal,5,000176_10.png,000177_10.png,3,9,0,6,-0.086783528327941895,-0.053429283201694489,0.033354245126247406,0,1,0.15386030077934265
gate,H2_seed0,8,horizontal,5,000176_10.png,000177_10.png,4,1,0,-3,-0.15198343992233276,-0.14117822051048279,0.010805219411849976,0,1,0.29992801696062088
gate,H2_seed0,8,horizontal,5,000176_10.png,000177_10.png,5,9,0,4,-0.13363483548164368,-0.11670611053705215,0.016928724944591522,0,1,0.32415726780891418
gate,H2_seed0,8,horizontal,5,000176_10.png,000177_10.png,6,10,0,4,-0.16163825988769531,-0.084657609462738037,0.076980650424957275,0,1,0.30506044626235962
gate,H2_seed0,9,horizontal,5,000176_10.png,000177_10.png,1,4,0,3,-0.22651329636573792,-0.082196205854415894,0.14431709051132202,0,1,0.47966589033603668
gate,H2_seed0,9,horizontal,5,000176_10.png,000177_10.png,2,5,0,3,-0.24838212132453918,-0.17757932841777802,0.070802792906761169,0,1,0.62375350296497345
gate,H2_seed0,9,horizontal,5,000176_10.png,000177_10.png,3,6,0,3,-0.22286954522132874,-0.19236095249652863,0.03050859272480011,0,1,0.51937142014503479
gate,H2_seed0,9,horizontal,5,000176_10.png,000177_10.png,4,7,0,3,-0.20087204128503799,-0.18843217194080353,0.012439869344234467,0,1,0.42414448410272598
gate,H2_seed0,9,horizontal,5,000176_10.png,000177_10.png,5,8,0,3,-0.18466028571128845,-0.174722820520401,0.0099374651908874512,0,1,0.42969933897256851
gate,H2_seed0,9,horizontal,5,000176_10.png,000177_10.png,6,9,0,3,-0.18214404582977295,-0.16891059279441833,0.013233453035354614,0,1,0.45023798942565918
gate,H2_seed0,10,horizontal,5,000176_10.png,000177_10.png,1,10,0,9,-0.21173162758350372,-0.1783890575170517,0.033342570066452026,0,1,0.69987557828426361
gate,H2_seed0,10,horizontal,5,000176_10.png,000177_10.png,2,7,0,5,-0.22158530354499817,-0.19168734550476074,0.029897958040237427,0,1,0.69960981607437134
gate,H2_seed0,10,horizontal,5,000176_10.png,000177_10.png,3,9,0,6,-0.29116494953632355,-0.25222210586071014,0.038942843675613403,0,1,0.6778891384601593
gate,H2_seed0,10,horizontal,5,000176_10.png,000177_10.png,4,10,0,6,-0.32730104029178619,-0.25760586559772491,0.069695174694061279,0,1,0.71109865605831146
gate,H2_seed0,10,horizontal,5,000176_10.png,000177_10.png,5,1,0,-4,-0.28462514281272888,-0.21145722270011902,0.073167920112609863,0,1,0.67907640337944031
gate,H2_seed0,10,horizontal,5,000176_10.png,000177_10.png,6,2,0,-4,-0.33117742836475372,-0.21831685304641724,0.11286057531833649,0,1,0.74615518748760223
gate,H2_seed0,11,horizontal,5,000176_10.png,000177_10.png,1,1,1,0,-0.21806061267852783,-0.10711929202079773,0.1109413206577301,0,1,0.4348587840795517
gate,H2_seed0,11,horizontal,5,000176_10.png,000177_10.png,2,1,0,-1,-0.13316464424133301,-0.11753678321838379,0.015627861022949219,0,1,0.24660837650299072
gate,H2_seed0,11,horizontal,5,000176_10.png,000177_10.png,3,6,0,3,-0.14766111969947815,-0.13866376131772995,0.0089973583817481995,0,1,0.47798912227153778
gate,H2_seed0,11,horizontal,5,000176_10.png,000177_10.png,4,7,0,3,-0.170394666492939,-0.11796326190233231,0.052431404590606689,0,1,0.40160616487264633
gate,H2_seed0,11,horizontal,5,000176_10.png,000177_10.png,5,6,0,1,-0.15941876918077469,-0.15213941037654877,0.0072793588042259216,0,1,0.32642342150211334
gate,H2_seed0,11,horizontal,5,000176_10.png,000177_10.png,6,0,0,-6,-0.15957286953926086,-0.14534149318933487,0.014231376349925995,0,1,0.38630115985870361
gate,H2_seed0,12,horizontal,5,000176_10.png,000177_10.png,1,2,0,1,-0.29228562116622925,-0.20611227303743362,0.086173348128795624,0,1,0.4432433545589447
gate,H2_seed0,12,horizontal,5,000176_10.png,000177_10.png,2,3,0,1,-0.32163535058498383,-0.30688533186912537,0.014750018715858459,0,1,0.4979916587471962
gate,H2_seed0,12,horizontal,5,000176_10.png,000177_10.png,3,4,0,1,-0.39003223180770874,-0.34268291294574738,0.047349318861961365,0,1,0.67419624328613281
gate,H2_seed0,12,horizontal,5,000176_10.png,000177_10.png,4,5,0,1,-0.38420766592025757,-0.31134326756000519,0.07286439836025238,0,1,0.68640094995498657
gate,H2_seed0,12,horizontal,5,000176_10.png,000177_10.png,5,6,0,1,-0.43300086259841919,-0.27240552008152008,0.16059534251689911,0,1,0.77066293358802795
gate,H2_seed0,12,horizontal,5,000176_10.png,000177_10.png,6,7,0,1,-0.41621214151382446,-0.3092547208070755,0.10695742070674896,0,1,0.70377433300018311
gate,H2_seed0,13,horizontal,5,000176_10.png,000177_10.png,1,8,0,7,-0.3109734058380127,-0.12642832845449448,0.18454507738351822,0,1,0.45910438895225525
gate,H2_seed0,13,horizontal,5,000176_10.png,000177_10.png,2,9,0,7,-0.29157757759094238,-0.22150421887636185,0.070073358714580536,0,1,0.56030906736850739
gate,H2_seed0,13,horizontal,5,000176_10.png,000177_10.png,3,0,0,-3,-0.24010254442691803,-0.19051824510097504,0.049584299325942993,0,1,0.48725186288356781
gate,H2_seed0,13,horizontal,5,000176_10.png,000177_10.png,4,10,0,6,-0.17071977257728577,-0.1627238541841507,0.0079959183931350708,0,1,0.3965783417224884
gate,H2_seed0,13,horizontal,5,000176_10.png,000177_10.png,5,2,0,-3,-0.24714275449514389,-0.18300448358058929,0.064138270914554596,0,1,0.45639010518789291
gate,H2_seed0,13,horizontal,5,000176_10.png,000177_10.png,6,2,0,-4,-0.26730386912822723,-0.21505473554134369,0.052249133586883545,0,1,0.48764466494321823
gate,H2_seed0,14,horizontal,5,000176_10.png,000177_10.png,1,0,0,-1,-0.12225381657481194,-0.091990679502487183,0.030263137072324753,0,1,0.33187386021018028
gate,H2_seed0,14,horizontal,5,000176_10.png,000177_10.png,2,1,0,-1,-0.19655174762010574,-0.18878313153982162,0.0077686160802841187,0,1,0.40142970532178879
gate,H2_seed0,14,horizontal,5,000176_10.png,000177_10.png,3,1,0,-2,-0.25701519846916199,-0.15146884322166443,0.10554635524749756,0,1,0.4692242443561554
gate,H2_seed0,14,horizontal,5,000176_10.png,000177_10.png,4,2,0,-2,-0.28346447646617889,-0.15194656699895859,0.13151790946722031,0,1,0.50130003690719604
gate,H2_seed0,14,horizontal,5,000176_10.png,000177_10.png,5,3,0,-2,-0.21886962652206421,-0.15890133380889893,0.059968292713165283,0,1,0.42508859932422638
gate,H2_seed0,14,horizontal,5,000176_10.png,000177_10.png,6,3,0,-3,-0.18079957365989685,-0.17308640480041504,0.0077131688594818115,0,1,0.39289328455924988
gate,H2_seed0,15,horizontal,5,000176_10.png,000177_10.png,1,2,0,1,-0.25785796344280243,-0.1904570460319519,0.067400917410850525,0,1,0.48151873797178268
gate,H2_seed0,15,horizontal,5,000176_10.png,000177_10.png,2,3,0,1,-0.26883949339389801,-0.16670152544975281,0.1021379679441452,0,1,0.54927210509777069
gate,H2_seed0,15,horizontal,5,000176_10.png,000177_10.png,3,4,0,1,-0.24606598913669586,-0.18282100558280945,0.063244983553886414,0,1,0.42072997987270355
gate,H2_seed0,15,horizontal,5,000176_10.png,000177_10.png,4,5,0,1,-0.28394994139671326,-0.16431586444377899,0.11963407695293427,0,1,0.44905433058738708
gate,H2_seed0,15,horizontal,5,000176_10.png,000177_10.png,5,6,0,1,-0.27881079912185669,-0.15062564611434937,0.12818515300750732,0,1,0.46588805317878723
gate,H2_seed0,15,horizontal,5,000176_10.png,000177_10.png,6,7,0,1,-0.28476335108280182,-0.22259122133255005,0.06217212975025177,0,1,0.49103669822216034
gate,H2_seed0,16,horizontal,5,000176_10.png,000177_10.png,1,9,0,8,-0.195536769926548,-0.12329019606113434,0.072246573865413666,0,1,0.45884750038385391
gate,H2_seed0,16,horizontal,5,000176_10.png,000177_10.png,2,10,0,8,-0.26750081777572632,-0.16448506712913513,0.10301575064659119,0,1,0.58206529915332794
gate,H2_seed0,16,horizontal,5,000176_10.png,000177_10.png,3,5,0,2,-0.17585894465446472,-0.17252069711685181,0.003338247537612915,0,1,0.38236590474843979
gate,H2_seed0,16,horizontal,5,000176_10.png,000177_10.png,4,8,0,4,-0.18457453697919846,-0.13395385444164276,0.050620682537555695,0,1,0.35655757784843445
gate,H2_seed0,16,horizontal,5,000176_10.png,000177_10.png,5,0,0,-5,-0.19714359194040298,-0.13622443377971649,0.060919158160686493,0,1,0.34239546209573746
gate,H2_seed0,16,horizontal,5,000176_10.png,000177_10.png,6,1,0,-5,-0.17740526795387268,-0.17311966419219971,0.0042856037616729736,0,1,0.33641325682401657
gate,H2_seed0,17,horizontal,5,000176_10.png,000177_10.png,1,1,1,0,-0.38429194688796997,-0.12851223349571228,0.25577971339225769,0,1,0.65844178199768066
gate,H2_seed0,17,horizontal,5,000176_10.png,000177_10.png,2,2,1,0,-0.44250296056270599,-0.31910689175128937,0.12339606881141663,0,1,0.74401375651359558
gate,H2_seed0,17,horizontal,5,000176_10.png,000177_10.png,3,3,1,0,-0.43972279131412506,-0.35070304572582245,0.089019745588302612,0,1,0.7809612900018692
gate,H2_seed0,17,horizontal,5,000176_10.png,000177_10.png,4,4,1,0,-0.49290710687637329,-0.2781200110912323,0.21478709578514099,0,1,0.87951111793518066
gate,H2_seed0,17,horizontal,5,000176_10.png,000177_10.png,5,5,1,0,-0.47659815847873688,-0.29436592757701874,0.18223223090171814,0,1,0.88552697002887726
gate,H2_seed0,17,horizontal,5,000176_10.png,000177_10.png,6,6,1,0,-0.48038272559642792,-0.30759933590888977,0.17278338968753815,0,1,0.90487033128738403
gate,H2_seed0,18,horizontal,5,000176_10.png,000177_10.png,1,0,0,-1,-0.21967113018035889,-0.18951866775751114,0.030152462422847748,0,1,0.47302967309951782
gate,H2_seed0,18,horizontal,5,000176_10.png,000177_10.png,2,2,1,0,-0.29004290699958801,-0.23904186487197876,0.051001042127609253,0,1,0.56327131390571594
gate,H2_seed0,18,horizontal,5,000176_10.png,000177_10.png,3,2,0,-1,-0.33552411198616028,-0.30266030132770538,0.032863810658454895,0,1,0.58785466849803925
gate,H2_seed0,18,horizontal,5,000176_10.png,000177_10.png,4,3,0,-1,-0.296756312251091,-0.29315286874771118,0.0036034435033798218,0,1,0.5535898357629776
gate,H2_seed0,18,horizontal,5,000176_10.png,000177_10.png,5,4,0,-1,-0.30419838428497314,-0.28604942560195923,0.018148958683013916,0,1,0.57043230533599854
gate,H2_seed0,18,horizontal,5,000176_10.png,000177_10.png,6,5,0,-1,-0.34355747699737549,-0.3106229156255722,0.032934561371803284,0,1,0.71681267023086548
gate,H2_seed0,19,horizontal,5,000176_10.png,000177_10.png,1,2,0,1,-0.26463028788566589,-0.16888993978500366,0.095740348100662231,0,1,0.61933603882789612
gate,H2_seed0,19,horizontal,5,000176_10.png,000177_10.png,2,3,0,1,-0.16983643919229507,-0.16294203698635101,0.0068944022059440613,0,1,0.36690381914377213
gate,H2_seed0,19,horizontal,5,000176_10.png,000177_10.png,3,4,0,1,-0.22920353710651398,-0.16255542635917664,0.066648110747337341,0,1,0.4420347660779953
gate,H2_seed0,19,horizontal,5,000176_10.png,000177_10.png,4,5,0,1,-0.19913455098867416,-0.15899926424026489,0.040135286748409271,0,1,0.47597046941518784
gate,H2_seed0,19,horizontal,5,000176_10.png,000177_10.png,5,6,0,1,-0.17952364683151245,-0.16050161421298981,0.019022032618522644,0,1,0.43663609027862549
gate,H2_seed0,19,horizontal,5,000176_10.png,000177_10.png,6,7,0,1,-0.19533944129943848,-0.16922213137149811,0.026117309927940369,0,1,0.42992608994245529
gate,H2_seed0,20,horizontal,5,000176_10.png,000177_10.png,1,2,0,1,-0.37725111842155457,-0.17035380005836487,0.2068973183631897,0,1,0.77380746603012085
gate,H2_seed0,20,horizontal,5,000176_10.png,000177_10.png,2,3,0,1,-0.3710349053144455,-0.13674271106719971,0.23429219424724579,0,1,0.71685461699962616
gate,H2_seed0,20,horizontal,5,000176_10.png,000177_10.png,3,4,0,1,-0.34454932808876038,-0.18204677104949951,0.16250255703926086,0,1,0.71781972050666809
gate,H2_seed0,20,horizontal,5,000176_10.png,000177_10.png,4,5,0,1,-0.35251554846763611,-0.21837183833122253,0.13414371013641357,0,1,0.7100859135389328
gate,H2_seed0,20,horizontal,5,000176_10.png,000177_10.png,5,6,0,1,-0.31159014999866486,-0.16576807200908661,0.14582207798957825,0,1,0.70479987561702728
gate,H2_seed0,20,horizontal,5,000176_10.png,000177_10.png,6,7,0,1,-0.26007963716983795,-0.13433247804641724,0.12574715912342072,0,1,0.63832315802574158
gate,H2_seed0,21,horizontal,5,000176_10.png,000177_10.png,1,6,0,5,-0.22098668664693832,-0.12496301531791687,0.096023671329021454,0,1,0.50123829394578934
gate,H2_seed0,21,horizontal,5,000176_10.png,000177_10.png,2,7,0,5,-0.27625977993011475,-0.15306743979454041,0.12319234013557434,0,1,0.63152498006820679
gate,H2_seed0,21,horizontal,5,000176_10.png,000177_10.png,3,8,0,5,-0.25880128145217896,-0.12192720174789429,0.13687407970428467,0,1,0.56798900663852692
gate,H2_seed0,21,horizontal,5,000176_10.png,000177_10.png,4,9,0,5,-0.21462893486022949,-0.2064274400472641,0.0082014948129653931,0,1,0.53162853419780731
gate,H2_seed0,21,horizontal,5,000176_10.png,000177_10.png,5,3,0,-2,-0.18424496054649353,-0.14941376447677612,0.034831196069717407,0,1,0.52309960126876831
gate,H2_seed0,21,horizontal,5,000176_10.png,000177_10.png,6,4,0,-2,-0.21071783453226089,-0.18387892842292786,0.026838906109333038,0,1,0.55646473914384842
gate,H2_seed0,22,horizontal,5,000176_10.png,000177_10.png,1,1,1,0,-0.45174349844455719,-0.20684008300304413,0.24490341544151306,0,1,0.60582849383354187
gate,H2_seed0,22,horizontal,5,000176_10.png,000177_10.png,2,2,1,0,-0.3129613846540451,-0.24959245324134827,0.063368931412696838,0,1,0.50171419233083725
gate,H2_seed0,22,horizontal,5,000176_10.png,000177_10.png,3,3,1,0,-0.35457709431648254,-0.29316787421703339,0.061409220099449158,0,1,0.62655462324619293
gate,H2_seed0,22,horizontal,5,000176_10.png,000177_10.png,4,3,0,-1,-0.37424641847610474,-0.33902496099472046,0.035221457481384277,0,1,0.68003998696804047
gate,H2_seed0,22,horizontal,5,000176_10.png,000177_10.png,5,5,1,0,-0.34837779402732849,-0.34257900714874268,0.0057987868785858154,0,1,0.54646404087543488
gate,H2_seed0,22,horizontal,5,000176_10.png,000177_10.png,6,6,1,0,-0.363664910197258,-0.30450569093227386,0.059159219264984131,0,1,0.65431170165538788
gate,H2_seed0,23,horizontal,5,000176_10.png,000177_10.png,1,11,0,10,-0.17798984050750732,-0.1765129566192627,0.0014768838882446289,0,1,0.51920460164546967
gate,H2_seed0,23,horizontal,5,000176_10.png,000177_10.png,2,10,0,8,-0.20530140399932861,-0.1839594841003418,0.021341919898986816,0,1,0.45474722981452942
gate,H2_seed0,23,horizontal,5,000176_10.png,000177_10.png,3,10,0,7,-0.19811218976974487,-0.18601451814174652,0.012097671627998352,0,1,0.41616722941398621
gate,H2_seed0,23,horizontal,5,000176_10.png,000177_10.png,4,10,0,6,-0.1995270848274231,-0.18555192649364471,0.013975158333778381,0,1,0.41204050183296204
gate,H2_seed0,23,horizontal,5,000176_10.png,000177_10.png,5,10,0,5,-0.15783265233039856,-0.12685828655958176,0.030974365770816803,0,1,0.33951650559902191
gate,H2_seed0,23,horizontal,5,000176_10.png,000177_10.png,6,4,0,-2,-0.096621483564376831,-0.075025685131549835,0.021595798432826996,0,1,0.28517052531242371
gate,H2_seed0,24,horizontal,5,000176_10.png,000177_10.png,1,7,0,6,-0.24844817817211151,-0.22915330529212952,0.019294872879981995,0,1,0.64441126585006714
gate,H2_seed0,24,horizontal,5,000176_10.png,000177_10.png,2,7,0,5,-0.28420606255531311,-0.25147613883018494,0.032729923725128174,0,1,0.74024614691734314
gate,H2_seed0,24,horizontal,5,000176_10.png,000177_10.png,3,8,0,5,-0.32982504367828369,-0.234273761510849,0.095551282167434692,0,1,0.79472556710243225
gate,H2_seed0,24,horizontal,5,000176_10.png,000177_10.png,4,9,0,5,-0.30808785557746887,-0.21740835905075073,0.09067949652671814,0,1,0.77495774626731873
gate,H2_seed0,24,horizontal,5,000176_10.png,000177_10.png,5,10,0,5,-0.26172728836536407,-0.22486840933561325,0.036858879029750824,0,1,0.69607944786548615
gate,H2_seed0,24,horizontal,5,000176_10.png,000177_10.png,6,11,0,5,-0.23581418395042419,-0.22256599366664886,0.01324819028377533,0,1,0.68698391318321228
gate,H2_seed0,25,horizontal,5,000176_10.png,000177_10.png,1,3,0,2,-0.19556733965873718,-0.10591933131217957,0.089648008346557617,0,1,0.31438162177801132
gate,H2_seed0,25,horizontal,5,000176_10.png,000177_10.png,2,10,0,8,-0.14160265028476715,-0.13652868568897247,0.0050739645957946777,0,1,0.34681691229343414
gate,H2_seed0,25,horizontal,5,000176_10.png,000177_10.png,3,5,0,2,-0.12678602337837219,-0.11091765761375427,0.01586836576461792,0,1,0.31632313132286072
gate,H2_seed0,25,horizontal,5,000176_10.png,000177_10.png,4,6,0,2,-0.17147761583328247,-0.090514689683914185,0.080962926149368286,0,1,0.3346913605928421
gate,H2_seed0,25,horizontal,5,000176_10.png,000177_10.png,5,7,0,2,-0.21036630868911743,-0.1386207640171051,0.071745544672012329,0,1,0.39623787999153137
gate,H2_seed0,25,horizontal,5,000176_10.png,000177_10.png,6,8,0,2,-0.23805107921361923,-0.11942639201879501,0.11862468719482422,0,1,0.41819758713245392
gate,H2_seed0,26,horizontal,5,000176_10.png,000177_10.png,1,5,0,4,-0.11425670981407166,-0.079155042767524719,0.035101667046546936,0,1,0.24230949580669403
gate,H2_seed0,26,horizontal,5,000176_10.png,000177_10.png,2,1,0,-1,-0.10782584547996521,-0.098835468292236328,0.0089903771877288818,0,1,0.24033069610595703
gate,H2_seed0,26,horizontal,5,000176_10.png,000177_10.png,3,8,0,5,-0.16707360744476318,-0.11902950704097748,0.048044100403785706,0,1,0.29240602254867554
gate,H2_seed0,26,horizontal,5,000176_10.png,000177_10.png,4,0,0,-4,-0.107086181640625,-0.092171326279640198,0.014914855360984802,0,1,0.20818409323692322
gate,H2_seed0,26,horizontal,5,000176_10.png,000177_10.png,5,9,0,4,-0.1647132933139801,-0.15370503813028336,0.011008255183696747,0,1,0.29039754718542099
gate,H2_seed0,26,horizontal,5,000176_10.png,000177_10.png,6,10,0,4,-0.21050691604614258,-0.16433908045291901,0.046167835593223572,0,1,0.40334394574165344
gate,H2_seed0,27,horizontal,5,000176_10.png,000177_10.png,1,2,0,1,-0.23976422846317291,-0.18929152935743332,0.050472699105739594,0,1,0.44180814921855927
gate,H2_seed0,27,horizontal,5,000176_10.png,000177_10.png,2,1,0,-1,-0.37118786573410034,-0.20876643061637878,0.16242143511772156,0,1,0.6214105486869812
gate,H2_seed0,27,horizontal,5,000176_10.png,000177_10.png,3,2,0,-1,-0.58622607588768005,-0.21655232459306717,0.36967375129461288,0,1,0.85692846775054932
gate,H2_seed0,27,horizontal,5,000176_10.png,000177_10.png,4,3,0,-1,-0.55936679244041443,-0.25212159752845764,0.30724519491195679,0,1,0.74486720561981201
gate,H2_seed0,27,horizontal,5,000176_10.png,000177_10.png,5,4,0,-1,-0.60951462388038635,-0.30108547210693359,0.30842915177345276,0,1,0.87814489006996155
gate,H2_seed0,27,horizontal,5,000176_10.png,000177_10.png,6,5,0,-1,-0.64856863021850586,-0.35303014516830444,0.29553848505020142,0,1,0.92620143294334412
gate,H2_seed0,28,horizontal,5,000176_10.png,000177_10.png,1,2,0,1,-0.53140056133270264,-0.35850168764591217,0.17289887368679047,0,1,0.81891545653343201
gate,H2_seed0,28,horizontal,5,000176_10.png,000177_10.png,2,3,0,1,-0.53358697891235352,-0.36807370185852051,0.16551327705383301,0,1,0.91391277313232422
gate,H2_seed0,28,horizontal,5,000176_10.png,000177_10.png,3,4,0,1,-0.54673567414283752,-0.35288089513778687,0.19385477900505066,0,1,0.92063476145267487
gate,H2_seed0,28,horizontal,5,000176_10.png,000177_10.png,4,5,0,1,-0.57936581969261169,-0.3525928258895874,0.22677299380302429,0,1,0.95060703158378601
gate,H2_seed0,28,horizontal,5,000176_10.png,000177_10.png,5,6,0,1,-0.59999042749404907,-0.37649029493331909,0.22350013256072998,0,1,0.96374437212944031
gate,H2_seed0,28,horizontal,5,000176_10.png,000177_10.png,6,7,0,1,-0.62484613060951233,-0.37098179757595062,0.25386433303356171,0,1,0.95060127973556519
gate,H2_seed0,29,horizontal,5,000176_10.png,000177_10.png,1,1,1,0,-0.31673398613929749,-0.096246376633644104,0.22048760950565338,0,1,0.51826584339141846
gate,H2_seed0,29,horizontal,5,000176_10.png,000177_10.png,2,3,0,1,-0.27835170924663544,-0.13011780381202698,0.14823390543460846,0,1,0.53625275194644928
gate,H2_seed0,29,horizontal,5,000176_10.png,000177_10.png,3,4,0,1,-0.28009292483329773,-0.11512859165668488,0.16496433317661285,0,1,0.56993545591831207
gate,H2_seed0,29,horizontal,5,000176_10.png,000177_10.png,4,5,0,1,-0.21836388111114502,-0.059064894914627075,0.15929898619651794,0,1,0.36831030249595642
gate,H2_seed0,29,horizontal,5,000176_10.png,000177_10.png,5,6,0,1,-0.21766678988933563,-0.10920441150665283,0.1084623783826828,0,1,0.31641919910907745
gate,H2_seed0,29,horizontal,5,000176_10.png,000177_10.png,6,7,0,1,-0.16877865791320801,-0.12078014016151428,0.047998517751693726,0,1,0.3249981552362442
gate,H2_seed0,30,horizontal,5,000176_10.png,000177_10.png,1,0,0,-1,-0.41717980802059174,-0.29002326726913452,0.12715654075145721,0,1,0.58221819996833801
gate,H2_seed0,30,horizontal,5,000176_10.png,000177_10.png,2,1,0,-1,-0.35196007788181305,-0.26794286072254181,0.08401721715927124,0,1,0.56262248754501343
gate,H2_seed0,30,horizontal,5,000176_10.png,000177_10.png,3,2,0,-1,-0.32880076766014099,-0.27144825458526611,0.057352513074874878,0,1,0.53093396127223969
gate,H2_seed0,30,horizontal,5,000176_10.png,000177_10.png,4,3,0,-1,-0.28066612780094147,-0.27657993137836456,0.0040861964225769043,0,1,0.51714031398296356
gate,H2_seed0,30,horizontal,5,000176_10.png,000177_10.png,5,4,0,-1,-0.30593150854110718,-0.29953712224960327,0.0063943862915039062,0,1,0.51989409327507019
gate,H2_seed0,30,horizontal,5,000176_10.png,000177_10.png,6,7,0,1,-0.33163730800151825,-0.33075261116027832,0.0008846968412399292,0,1,0.57763442397117615
gate,H2_seed0,31,horizontal,5,000176_10.png,000177_10.png,1,1,1,0,-0.3633226752281189,-0.29565650224685669,0.067666172981262207,0,1,0.56268566846847534
gate,H2_seed0,31,horizontal,5,000176_10.png,000177_10.png,2,3,0,1,-0.38766437768936157,-0.34671379625797272,0.040950581431388855,0,1,0.62144558131694794
gate,H2_seed0,31,horizontal,5,000176_10.png,000177_10.png,3,4,0,1,-0.4156096875667572,-0.24873551726341248,0.16687417030334473,0,1,0.63174048811197281
gate,H2_seed0,31,horizontal,5,000176_10.png,000177_10.png,4,5,0,1,-0.358552485704422,-0.2339572012424469,0.1245952844619751,0,1,0.55752160400152206
gate,H2_seed0,31,horizontal,5,000176_10.png,000177_10.png,5,6,0,1,-0.37738397717475891,-0.26175642013549805,0.11562755703926086,0,1,0.54364004731178284
gate,H2_seed0,31,horizontal,5,000176_10.png,000177_10.png,6,7,0,1,-0.36870154738426208,-0.24133507907390594,0.12736646831035614,0,1,0.58014111220836639
gate,H2_seed1,0,horizontal,0,000161_10.png,000162_10.png,1,1,1,0,-0.084688015282154083,-0.030837953090667725,0.053850062191486359,0,1,0.14111698418855667
gate,H2_seed1,0,horizontal,0,000161_10.png,000162_10.png,2,1,0,-1,-0.10180209577083588,-0.04798126220703125,0.053820833563804626,0,1,0.27777174115180969
gate,H2_seed1,0,horizontal,0,000161_10.png,000162_10.png,3,2,0,-1,-0.11720132827758789,-0.063607841730117798,0.053593486547470093,0,1,0.24349914491176605
gate,H2_seed1,0,horizontal,0,000161_10.png,000162_10.png,4,9,0,5,-0.083077773451805115,-0.064605876803398132,0.018471896648406982,0,1,0.20179168879985809
gate,H2_seed1,0,horizontal,0,000161_10.png,000162_10.png,5,3,0,-2,-0.065320275723934174,-0.030446887016296387,0.034873388707637787,0,1,0.14715433865785599
gate,H2_seed1,0,horizontal,0,000161_10.png,000162_10.png,6,8,0,2,-0.070061653852462769,-0.058136016130447388,0.011925637722015381,0,1,0.16840106248855591
gate,H2_seed1,1,horizontal,0,000161_10.png,000162_10.png,1,3,0,2,-0.14408811926841736,-0.13658219575881958,0.0075059235095977783,0,1,0.23761054873466492
gate,H2_seed1,1,horizontal,0,000161_10.png,000162_10.png,2,6,0,4,-0.17708557844161987,-0.087970320135354996,0.089115258306264877,0,1,0.30258966982364655
gate,H2_seed1,1,horizontal,0,000161_10.png,000162_10.png,3,7,0,4,-0.17349592596292496,-0.12875926494598389,0.044736661016941071,0,1,0.36470846086740494
gate,H2_seed1,1,horizontal,0,000161_10.png,000162_10.png,4,8,0,4,-0.15960288047790527,-0.15294134616851807,0.006661534309387207,0,1,0.40401177108287811
gate,H2_seed1,1,horizontal,0,000161_10.png,000162_10.png,5,7,0,2,-0.15327158570289612,-0.15284556150436401,0.00042602419853210449,0,1,0.46519346535205841
gate,H2_seed1,1,horizontal,0,000161_10.png,000162_10.png,6,7,0,1,-0.13803543150424957,-0.13662180304527283,0.0014136284589767456,0,1,0.48103116452693939
gate,H2_seed1,2,horizontal,0,000161_10.png,000162_10.png,1,3,0,2,-0.13362355530261993,-0.086988985538482666,0.046634569764137268,0,1,0.27981732785701752
gate,H2_seed1,2,horizontal,0,000161_10.png,000162_10.png,2,3,0,1,-0.13394059240818024,-0.11959374323487282,0.014346849173307419,0,1,0.35109960287809372
gate,H2_seed1,2,horizontal,0,000161_10.png,000162_10.png,3,4,0,1,-0.12810513377189636,-0.10686564445495605,0.021239489316940308,0,1,0.38289329409599304
gate,H2_seed1,2,horizontal,0,000161_10.png,000162_10.png,4,5,0,1,-0.15549854934215546,-0.1323583722114563,0.023140177130699158,0,1,0.34059241414070129
gate,H2_seed1,2,horizontal,0,000161_10.png,000162_10.png,5,7,0,2,-0.13018918037414551,-0.12527694553136826,0.0049122348427772522,0,1,0.42155975103378296
gate,H2_seed1,2,horizontal,0,000161_10.png,000162_10.png,6,8,0,2,-0.17606726288795471,-0.17079347372055054,0.0052737891674041748,0,1,0.50183066725730896
gate,H2_seed1,3,horizontal,0,000161_10.png,000162_10.png,1,2,0,1,-0.25231823325157166,-0.086100928485393524,0.16621730476617813,0,1,0.35792253911495209
gate,H2_seed1,3,horizontal,0,000161_10.png,000162_10.png,2,1,0,-1,-0.20606893301010132,-0.15742823481559753,0.048640698194503784,0,1,0.29870805144309998
gate,H2_seed1,3,horizontal,0,000161_10.png,000162_10.png,3,4,0,1,-0.18324226886034012,-0.038957312703132629,0.14428495615720749,0,1,0.33405562490224838
gate,H2_seed1,3,horizontal,0,000161_10.png,000162_10.png,4,5,0,1,-0.23793035000562668,-0.13329169154167175,0.10463865846395493,0,1,0.44397512078285217
gate,H2_seed1,3,horizontal,0,000161_10.png,000162_10.png,5,6,0,1,-0.25935499370098114,-0.1002286970615387,0.15912629663944244,0,1,0.5047716349363327
gate,H2_seed1,3,horizontal,0,000161_10.png,000162_10.png,6,7,0,1,-0.23929311335086823,-0.097552061080932617,0.14174105226993561,0,1,0.37846516072750092
gate,H2_seed1,4,horizontal,0,000161_10.png,000162_10.png,1,2,0,1,-0.30932715535163879,-0.1674642488360405,0.1418629065155983,0,1,0.60047952830791473
gate,H2_seed1,4,horizontal,0,000161_10.png,000162_10.png,2,3,0,1,-0.27402986586093903,-0.23073278367519379,0.043297082185745239,0,1,0.53111009299755096
gate,H2_seed1,4,horizontal,0,000161_10.png,000162_10.png,3,4,0,1,-0.31130470335483551,-0.24816218018531799,0.063142523169517517,0,1,0.59468507766723633
gate,H2_seed1,4,horizontal,0,000161_10.png,000162_10.png,4,5,0,1,-0.33179357647895813,-0.27668960392475128,0.055103972554206848,0,1,0.51725882291793823
gate,H2_seed1,4,horizontal,0,000161_10.png,000162_10.png,5,6,0,1,-0.3189236968755722,-0.23168078064918518,0.087242916226387024,0,1,0.48484811186790466
gate,H2_seed1,4,horizontal,0,000161_10.png,000162_10.png,6,7,0,1,-0.29090733826160431,-0.16618551313877106,0.12472182512283325,0,1,0.47017084062099457
gate,H2_seed1,5,horizontal,0,000161_10.png,000162_10.png,1,2,0,1,-0.18091177940368652,-0.13751668483018875,0.043395094573497772,0,1,0.3587539866566658
gate,H2_seed1,5,horizontal,0,000161_10.png,000162_10.png,2,3,0,1,-0.11311982572078705,-0.11000150442123413,0.0031183212995529175,0,1,0.27338942885398865
gate,H2_seed1,5,horizontal,0,000161_10.png,000162_10.png,3,1,0,-2,-0.17403542995452881,-0.12964316457509995,0.044392265379428864,0,1,0.40333458781242371
gate,H2_seed1,5,horizontal,0,000161_10.png,000162_10.png,4,2,0,-2,-0.17026979476213455,-0.15467983484268188,0.015589959919452667,0,1,0.35146864503622055
gate,H2_seed1,5,horizontal,0,000161_10.png,000162_10.png,5,8,0,3,-0.14628942310810089,-0.14450398087501526,0.0017854422330856323,0,1,0.40629018843173981
gate,H2_seed1,5,horizontal,0,000161_10.png,000162_10.png,6,7,0,1,-0.11123986542224884,-0.10891538858413696,0.0023244768381118774,0,1,0.23647935688495636
gate,H2_seed1,6,horizontal,0,000161_10.png,000162_10.png,1,7,0,6,-0.19803933799266815,-0.13568416237831116,0.062355175614356995,0,1,0.41547948122024536
gate,H2_seed1,6,horizontal,0,000161_10.png,000162_10.png,2,2,1,0,-0.2589590847492218,-0.19598198682069778,0.062977097928524017,0,1,0.43124981969594955
gate,H2_seed1,6,horizontal,0,000161_10.png,000162_10.png,3,3,1,0,-0.24002993851900101,-0.19525028765201569,0.044779650866985321,0,1,0.4159301295876503
gate,H2_seed1,6,horizontal,0,000161_10.png,000162_10.png,4,4,1,0,-0.20519119501113892,-0.096336111426353455,0.10885508358478546,0,1,0.37739318609237671
gate,H2_seed1,6,horizontal,0,000161_10.png,000162_10.png,5,5,1,0,-0.23032922297716141,-0.091465223580598831,0.13886399939656258,0,1,0.36156525462865829
gate,H2_seed1,6,horizontal,0,000161_10.png,000162_10.png,6,6,1,0,-0.20058846473693848,-0.079037755727767944,0.12155070900917053,0,1,0.32358130067586899
gate,H2_seed1,7,horizontal,0,000161_10.png,000162_10.png,1,2,0,1,-0.18737861514091492,-0.15970104932785034,0.027677565813064575,0,1,0.27562190592288971
gate,H2_seed1,7,horizontal,0,000161_10.png,000162_10.png,2,3,0,1,-0.19116707891225815,-0.11816805601119995,0.072999022901058197,0,1,0.31727637350559235
gate,H2_seed1,7,horizontal,0,000161_10.png,000162_10.png,3,4,0,1,-0.20142194628715515,-0.12699798494577408,0.074423961341381073,0,1,0.31981784105300903
gate,H2_seed1,7,horizontal,0,000161_10.png,000162_10.png,4,5,0,1,-0.22623084485530853,-0.14032942056655884,0.085901424288749695,0,1,0.42940080165863037
gate,H2_seed1,7,horizontal,0,000161_10.png,000162_10.png,5,6,0,1,-0.23126363754272461,-0.15120780467987061,0.080055832862854004,0,1,0.42838326096534729
gate,H2_seed1,7,horizontal,0,000161_10.png,000162_10.png,6,7,0,1,-0.22485202550888062,-0.1981995552778244,0.026652470231056213,0,1,0.43966970592737198
gate,H2_seed1,8,horizontal,0,000161_10.png,000162_10.png,1,0,0,-1,-0.097446918487548828,-0.070229489356279373,0.027217429131269455,0,1,0.24360843002796173
gate,H2_seed1,8,horizontal,0,000161_10.png,000162_10.png,2,0,0,-2,-0.1090586930513382,-0.10117423534393311,0.0078844577074050903,0,1,0.27268572896718979
gate,H2_seed1,8,horizontal,0,000161_10.png,000162_10.png,3,6,0,3,-0.10142424702644348,-0.056981712579727173,0.044442534446716309,0,1,0.25146419554948807
gate,H2_seed1,8,horizontal,0,000161_10.png,000162_10.png,4,2,0,-2,-0.11255067214369774,-0.079489201307296753,0.033061470836400986,0,1,0.23790990933775902
gate,H2_seed1,8,horizontal,0,000161_10.png,000162_10.png,5,9,0,4,-0.10880941152572632,-0.097540512681007385,0.011268898844718933,0,1,0.24390111118555069
gate,H2_seed1,8,horizontal,0,000161_10.png,000162_10.png,6,4,0,-2,-0.097746908664703369,-0.085512332618236542,0.012234576046466827,0,1,0.21351251006126404
gate,H2_seed1,9,horizontal,0,000161_10.png,000162_10.png,1,3,0,2,-0.12468411028385162,-0.11026507616043091,0.014419034123420715,0,1,0.29812239110469818
gate,H2_seed1,9,horizontal,0,000161_10.png,000162_10.png,2,4,0,2,-0.1837179884314537,-0.1559961661696434,0.027721822261810303,0,1,0.37976270169019699
gate,H2_seed1,9,horizontal,0,000161_10.png,000162_10.png,3,5,0,2,-0.15645989775657654,-0.11817412823438644,0.038285769522190094,0,1,0.33469588309526443
gate,H2_seed1,9,horizontal,0,000161_10.png,000162_10.png,4,6,0,2,-0.17718157172203064,-0.1201336681842804,0.057047903537750244,0,1,0.33768339455127716
gate,H2_seed1,9,horizontal,0,000161_10.png,000162_10.png,5,7,0,2,-0.19158783555030823,-0.19133572280406952,0.0002521127462387085,0,1,0.41998337209224701
gate,H2_seed1,9,horizontal,0,000161_10.png,000162_10.png,6,8,0,2,-0.1874006986618042,-0.13180482387542725,0.055595874786376953,0,1,0.43094104528427124
gate,H2_seed1,10,horizontal,0,000161_10.png,000162_10.png,1,6,0,5,-0.093125790357589722,-0.091537743806838989,0.0015880465507507324,0,1,0.26786071062088013
gate,H2_seed1,10,horizontal,0,000161_10.png,000162_10.png,2,7,0,5,-0.11150968074798584,-0.11077430844306946,0.00073537230491638184,0,1,0.28770909458398819
gate,H2_seed1,10,horizontal,0,000161_10.png,000162_10.png,3,6,0,3,-0.12278291583061218,-0.10207274556159973,0.020710170269012451,0,1,0.31873232126235962
gate,H2_seed1,10,horizontal,0,000161_10.png,000162_10.png,4,7,0,3,-0.14651696383953094,-0.10123832523822784,0.045278638601303101,0,1,0.33911878615617752
gate,H2_seed1,10,horizontal,0,000161_10.png,000162_10.png,5,8,0,3,-0.14520066976547241,-0.13319709897041321,0.012003570795059204,0,1,0.36334259808063507
gate,H2_seed1,10,horizontal,0,000161_10.png,000162_10.png,6,11,0,5,-0.18346619606018066,-0.1417948305606842,0.04167136549949646,0,1,0.39712163805961609
gate,H2_seed1,11,horizontal,0,000161_10.png,000162_10.png,1,2,0,1,-0.20523663610219955,-0.15820718556642532,0.047029450535774231,0,1,0.35937037318944931
gate,H2_seed1,11,horizontal,0,000161_10.png,000162_10.png,2,3,0,1,-0.22374975681304932,-0.14700651168823242,0.076743245124816895,0,1,0.41941027343273163
gate,H2_seed1,11,horizontal,0,000161_10.png,000162_10.png,3,4,0,1,-0.33166217803955078,-0.22909151762723923,0.10257066041231155,0,1,0.55539338290691376
gate,H2_seed1,11,horizontal,0,000161_10.png,000162_10.png,4,5,0,1,-0.40122328698635101,-0.18213903903961182,0.2190842479467392,0,1,0.66022583842277527
gate,H2_seed1,11,horizontal,0,000161_10.png,000162_10.png,5,6,0,1,-0.43206268548965454,-0.2300640344619751,0.20199865102767944,0,1,0.67510396987199783
gate,H2_seed1,11,horizontal,0,000161_10.png,000162_10.png,6,7,0,1,-0.43361645936965942,-0.24996910989284515,0.18364734947681427,0,1,0.68577881157398224
gate,H2_seed1,12,horizontal,0,000161_10.png,000162_10.png,1,3,0,2,-0.27357357740402222,-0.091237738728523254,0.18233583867549896,0,1,0.40693493187427521
gate,H2_seed1,12,horizontal,0,000161_10.png,000162_10.png,2,4,0,2,-0.31761203706264496,-0.11744460463523865,0.20016743242740631,0,1,0.41615904867649078
gate,H2_seed1,12,horizontal,0,000161_10.png,000162_10.png,3,5,0,2,-0.33644215762615204,-0.050029747188091278,0.28641241043806076,0,1,0.47246882319450378
gate,H2_seed1,12,horizontal,0,000161_10.png,000162_10.png,4,6,0,2,-0.35652998089790344,-0.10635441541671753,0.25017556548118591,0,1,0.56351722776889801
gate,H2_seed1,12,horizontal,0,000161_10.png,000162_10.png,5,7,0,2,-0.33790943026542664,-0.21739964187145233,0.1205097883939743,0,1,0.53793573379516602
gate,H2_seed1,12,horizontal,0,000161_10.png,000162_10.png,6,8,0,2,-0.28666305541992188,-0.085134558379650116,0.20152849704027176,0,1,0.50494293868541718
gate,H2_seed1,13,horizontal,0,000161_10.png,000162_10.png,1,3,0,2,-0.16754508763551712,-0.090230643749237061,0.07731444388628006,0,1,0.33131939172744751
gate,H2_seed1,13,horizontal,0,000161_10.png,000162_10.png,2,4,0,2,-0.19687140733003616,-0.099340621381998062,0.097530785948038101,0,1,0.3646247386932373
gate,H2_seed1,13,horizontal,0,000161_10.png,000162_10.png,3,5,0,2,-0.17645545303821564,-0.057150885462760925,0.11930456757545471,0,1,0.33901374042034149
gate,H2_seed1,13,horizontal,0,000161_10.png,000162_10.png,4,6,0,2,-0.16184934228658676,-0.073855534195899963,0.087993808090686798,0,1,0.26147308945655823
gate,H2_seed1,13,horizontal,0,000161_10.png,000162_10.png,5,7,0,2,-0.15739333629608154,-0.051654145121574402,0.10573919117450714,0,1,0.26823735237121582
gate,H2_seed1,13,horizontal,0,000161_10.png,000162_10.png,6,8,0,2,-0.19852940738201141,-0.083600699901580811,0.1149287074804306,0,1,0.3174561932682991
gate,H2_seed1,14,horizontal,0,000161_10.png,000162_10.png,1,3,0,2,-0.23148319870233536,-0.092331871390342712,0.13915132731199265,0,1,0.36109898239374161
gate,H2_seed1,14,horizontal,0,000161_10.png,000162_10.png,2,4,0,2,-0.22647497057914734,-0.095022916793823242,0.1314520537853241,0,1,0.3841715008020401
gate,H2_seed1,14,horizontal,0,000161_10.png,000162_10.png,3,5,0,2,-0.16226881742477417,-0.14204864948987961,0.020220167934894562,0,1,0.35753617435693741
gate,H2_seed1,14,horizontal,0,000161_10.png,000162_10.png,4,6,0,2,-0.1621035560965538,-0.12105989456176758,0.041043661534786224,0,1,0.39396820962429047
gate,H2_seed1,14,horizontal,0,000161_10.png,000162_10.png,5,2,0,-3,-0.18450339138507843,-0.18189580738544464,0.0026075839996337891,0,1,0.41286526620388031
gate,H2_seed1,14,horizontal,0,000161_10.png,000162_10.png,6,8,0,2,-0.22754459083080292,-0.16180205345153809,0.065742537379264832,0,1,0.4490857720375061
gate,H2_seed1,15,horizontal,0,000161_10.png,000162_10.png,1,0,0,-1,-0.23336964845657349,-0.2058105394244194,0.027559109032154083,0,1,0.43470007181167603
gate,H2_seed1,15,horizontal,0,000161_10.png,000162_10.png,2,2,1,0,-0.29969902336597443,-0.18652944266796112,0.11316958069801331,0,1,0.48578949272632599
gate,H2_seed1,15,horizontal,0,000161_10.png,000162_10.png,3,3,1,0,-0.41339570283889771,-0.1843559741973877,0.22903972864151001,0,1,0.59047204256057739
gate,H2_seed1,15,horizontal,0,000161_10.png,000162_10.png,4,4,1,0,-0.37295761704444885,-0.22521749138832092,0.14774012565612793,0,1,0.59688565135002136
gate,H2_seed1,15,horizontal,0,000161_10.png,000162_10.png,5,5,1,0,-0.39493522047996521,-0.26346838474273682,0.13146683573722839,0,1,0.61236783862113953
gate,H2_seed1,15,horizontal,0,000161_10.png,000162_10.png,6,6,1,0,-0.3908173143863678,-0.21811943501234055,0.17269787937402725,0,1,0.66617575287818909
gate,H2_seed1,16,horizontal,0,000161_10.png,000162_10.png,1,7,0,6,-0.19267521798610687,-0.091281011700630188,0.10139420628547668,0,1,0.35926364362239838
gate,H2_seed1,16,horizontal,0,000161_10.png,000162_10.png,2,8,0,6,-0.08498789370059967,-0.082684226334095001,0.0023036673665046692,0,1,0.26591302454471588
gate,H2_seed1,16,horizontal,0,000161_10.png,000162_10.png,3,1,0,-2,-0.14275330305099487,-0.091039285063743591,0.051714017987251282,0,1,0.31506533920764923
gate,H2_seed1,16,horizontal,0,000161_10.png,000162_10.png,4,10,0,6,-0.16094079613685608,-0.15313738584518433,0.0078034102916717529,0,1,0.36613640934228897
gate,H2_seed1,16,horizontal,0,000161_10.png,000162_10.png,5,9,0,4,-0.1075240895152092,-0.10594923049211502,0.0015748590230941772,0,1,0.2967127338051796
gate,H2_seed1,16,horizontal,0,000161_10.png,000162_10.png,6,1,0,-5,-0.11818592250347137,-0.1115654818713665,0.0066204406321048737,0,1,0.34128241240978241
gate,H2_seed1,17,horizontal,0,000161_10.png,000162_10.png,1,0,0,-1,-0.16942079365253448,-0.14380300045013428,0.025617793202400208,0,1,0.58288605511188507
gate,H2_seed1,17,horizontal,0,000161_10.png,000162_10.png,2,1,0,-1,-0.43001565337181091,-0.25852599740028381,0.1714896559715271,0,1,0.92784795165061951
gate,H2_seed1,17,horizontal,0,000161_10.png,000162_10.png,3,2,0,-1,-0.39291501045227051,-0.28196524083614349,0.11094976961612701,0,1,0.99365723133087158
gate,H2_seed1,17,horizontal,0,000161_10.png,000162_10.png,4,3,0,-1,-0.33211404085159302,-0.24489963054656982,0.087214410305023193,0,1,0.90590867400169373
gate,H2_seed1,17,horizontal,0,000161_10.png,000162_10.png,5,4,0,-1,-0.33592787384986877,-0.2577420175075531,0.078185856342315674,0,1,0.77288725972175598
gate,H2_seed1,17,horizontal,0,000161_10.png,000162_10.png,6,5,0,-1,-0.31390634179115295,-0.28901675343513489,0.024889588356018066,0,1,0.72383400797843933
gate,H2_seed1,18,horizontal,0,000161_10.png,000162_10.png,1,2,0,1,-0.27167117595672607,-0.095422804355621338,0.17624837160110474,0,1,0.41810047626495361
gate,H2_seed1,18,horizontal,0,000161_10.png,000162_10.png,2,3,0,1,-0.20912618935108185,-0.14150121808052063,0.067624971270561218,0,1,0.3506765216588974
gate,H2_seed1,18,horizontal,0,000161_10.png,000162_10.png,3,4,0,1,-0.20053060352802277,-0.089883729815483093,0.11064687371253967,0,1,0.32840162515640259
gate,H2_seed1,18,horizontal,0,000161_10.png,000162_10.png,4,5,0,1,-0.21432563662528992,-0.099612012505531311,0.11471362411975861,0,1,0.34065951406955719
gate,H2_seed1,18,horizontal,0,000161_10.png,000162_10.png,5,6,0,1,-0.2439395859837532,-0.11085131764411926,0.13308826833963394,0,1,0.40859343856573105
gate,H2_seed1,18,horizontal,0,000161_10.png,000162_10.png,6,7,0,1,-0.21419002115726471,-0.089425548911094666,0.12476447224617004,0,1,0.39938530325889587
gate,H2_seed1,19,horizontal,0,000161_10.png,000162_10.png,1,2,0,1,-0.15793154388666153,-0.15413951128721237,0.0037920325994491577,0,1,0.42781878262758255
gate,H2_seed1,19,horizontal,0,000161_10.png,000162_10.png,2,4,0,2,-0.16117730736732483,-0.11751827597618103,0.043659031391143799,0,1,0.3001427948474884
gate,H2_seed1,19,horizontal,0,000161_10.png,000162_10.png,3,5,0,2,-0.15637233853340149,-0.096269607543945312,0.060102730989456177,0,1,0.3546614944934845
gate,H2_seed1,19,horizontal,0,000161_10.png,000162_10.png,4,6,0,2,-0.14382299035787582,-0.1091277152299881,0.034695275127887726,0,1,0.2961188331246376
gate,H2_seed1,19,horizontal,0,000161_10.png,000162_10.png,5,8,0,3,-0.15819847583770752,-0.14088959991931915,0.017308875918388367,0,1,0.33242938667535782
gate,H2_seed1,19,horizontal,0,000161_10.png,000162_10.png,6,8,0,2,-0.17385050654411316,-0.16351556777954102,0.010334938764572144,0,1,0.34383955597877502
gate,H2_seed1,20,horizontal,0,000161_10.png,000162_10.png,1,7,0,6,-0.28056120872497559,-0.19335830211639404,0.087202906608581543,0,1,0.74649664759635925
gate,H2_seed1,20,horizontal,0,000161_10.png,000162_10.png,2,8,0,6,-0.23844420909881592,-0.18409374356269836,0.054350465536117554,0,1,0.6989910900592804
gate,H2_seed1,20,horizontal,0,000161_10.png,000162_10.png,3,9,0,6,-0.26779061555862427,-0.15342941880226135,0.11436119675636292,0,1,0.74381507933139801
gate,H2_seed1,20,horizontal,0,000161_10.png,000162_10.png,4,2,0,-2,-0.16274504363536835,-0.15396681427955627,0.0087782293558120728,0,1,0.66796235740184784
gate,H2_seed1,20,horizontal,0,000161_10.png,000162_10.png,5,11,0,6,-0.16233211755752563,-0.14845159649848938,0.013880521059036255,0,1,0.54844936728477478
gate,H2_seed1,20,horizontal,0,000161_10.png,000162_10.png,6,5,0,-1,-0.14599999785423279,-0.12226882576942444,0.02373117208480835,0,1,0.52495718002319336
gate,H2_seed1,21,horizontal,0,000161_10.png,000162_10.png,1,5,0,4,-0.20148965716362,-0.19614191353321075,0.0053477436304092407,0,1,0.65740819275379181
gate,H2_seed1,21,horizontal,0,000161_10.png,000162_10.png,2,7,0,5,-0.19438108801841736,-0.18481770157814026,0.0095633864402770996,0,1,0.55175060033798218
gate,H2_seed1,21,horizontal,0,000161_10.png,000162_10.png,3,8,0,5,-0.19114436209201813,-0.14904451370239258,0.042099848389625549,0,1,0.39683258533477783
gate,H2_seed1,21,horizontal,0,000161_10.png,000162_10.png,4,1,0,-3,-0.19230210036039352,-0.15553513169288635,0.036766968667507172,0,1,0.39008855074644089
gate,H2_seed1,21,horizontal,0,000161_10.png,000162_10.png,5,1,0,-4,-0.24711824953556061,-0.1505596935749054,0.096558555960655212,0,1,0.45567117631435394
gate,H2_seed1,21,horizontal,0,000161_10.png,000162_10.png,6,3,0,-3,-0.2610938549041748,-0.15145596861839294,0.10963788628578186,0,1,0.43319600820541382
gate,H2_seed1,22,horizontal,0,000161_10.png,000162_10.png,1,1,1,0,-0.57364329695701599,-0.45195971429347992,0.12168358266353607,0,1,0.83985945582389832
gate,H2_seed1,22,horizontal,0,000161_10.png,000162_10.png,2,2,1,0,-0.4952947199344635,-0.3069244772195816,0.1883702427148819,0,1,0.75839816033840179
gate,H2_seed1,22,horizontal,0,000161_10.png,000162_10.png,3,3,1,0,-0.45277196168899536,-0.37484407424926758,0.077927887439727783,0,1,0.80366566777229309
gate,H2_seed1,22,horizontal,0,000161_10.png,000162_10.png,4,4,1,0,-0.4222969114780426,-0.38237172365188599,0.039925187826156616,0,1,0.78443166613578796
gate,H2_seed1,22,horizontal,0,000161_10.png,000162_10.png,5,5,1,0,-0.39958480000495911,-0.33298380672931671,0.066600993275642395,0,1,0.77185221016407013
gate,H2_seed1,22,horizontal,0,000161_10.png,000162_10.png,6,6,1,0,-0.37307767570018768,-0.33113270998001099,0.041944965720176697,0,1,0.76149053871631622
gate,H2_seed1,23,horizontal,0,000161_10.png,000162_10.png,1,7,0,6,-0.12256453186273575,-0.10480517148971558,0.017759360373020172,0,1,0.33326545357704163
gate,H2_seed1,23,horizontal,0,000161_10.png,000162_10.png,2,8,0,6,-0.11773106455802917,-0.10776519775390625,0.0099658668041229248,0,1,0.41771668195724487
gate,H2_seed1,23,horizontal,0,000161_10.png,000162_10.png,3,9,0,6,-0.11526240408420563,-0.091667026281356812,0.023595377802848816,0,1,0.33910031616687775
gate,H2_seed1,23,horizontal,0,000161_10.png,000162_10.png,4,1,0,-3,-0.10822051763534546,-0.081054151058197021,0.027166366577148438,0,1,0.3471028208732605
gate,H2_seed1,23,horizontal,0,000161_10.png,000162_10.png,5,2,0,-3,-0.15572482347488403,-0.11695085465908051,0.038773968815803528,0,1,0.38529947400093079
gate,H2_seed1,23,horizontal,0,000161_10.png,000162_10.png,6,2,0,-4,-0.18127433210611343,-0.14086765050888062,0.040406681597232819,0,1,0.45826052874326706
gate,H2_seed1,24,horizontal,0,000161_10.png,000162_10.png,1,9,0,8,-0.20681427419185638,-0.14051806926727295,0.066296204924583435,0,1,0.53107799589633942
gate,H2_seed1,24,horizontal,0,000161_10.png,000162_10.png,2,9,0,7,-0.080427095293998718,-0.062744639813899994,0.017682455480098724,0,1,0.26877152919769287
gate,H2_seed1,24,horizontal,0,000161_10.png,000162_10.png,3,1,0,-2,-0.18939688801765442,-0.16994883120059967,0.019448056817054749,0,1,0.44098746776580811
gate,H2_seed1,24,horizontal,0,000161_10.png,000162_10.png,4,2,0,-2,-0.21843713521957397,-0.17535871267318726,0.043078422546386719,0,1,0.52469491958618164
gate,H2_seed1,24,horizontal,0,000161_10.png,000162_10.png,5,2,0,-3,-0.24433893710374832,-0.16989928483963013,0.074439652264118195,0,1,0.61083108931779861
gate,H2_seed1,24,horizontal,0,000161_10.png,000162_10.png,6,4,0,-2,-0.27774134278297424,-0.24477022886276245,0.032971113920211792,0,1,0.6699521392583847
gate,H2_seed1,25,horizontal,0,000161_10.png,000162_10.png,1,2,0,1,-0.23617783188819885,-0.13084489107131958,0.10533294081687927,0,1,0.39160291850566864
gate,H2_seed1,25,horizontal,0,000161_10.png,000162_10.png,2,3,0,1,-0.22857892513275146,-0.13559642434120178,0.092982500791549683,0,1,0.44406169652938843
gate,H2_seed1,25,horizontal,0,000161_10.png,000162_10.png,3,4,0,1,-0.25164197385311127,-0.1376631110906601,0.11397886276245117,0,1,0.48716500401496887
gate,H2_seed1,25,horizontal,0,000161_10.png,000162_10.png,4,5,0,1,-0.23410835862159729,-0.13127914071083069,0.1028292179107666,0,1,0.39923584461212158
gate,H2_seed1,25,horizontal,0,000161_10.png,000162_10.png,5,6,0,1,-0.2210211306810379,-0.17172523587942123,0.049295894801616669,0,1,0.41925867646932602
gate,H2_seed1,25,horizontal,0,000161_10.png,000162_10.png,6,7,0,1,-0.21562537550926208,-0.15745276212692261,0.058172613382339478,0,1,0.42851307988166809
gate,H2_seed1,26,horizontal,0,000161_10.png,000162_10.png,1,4,0,3,-0.31683354079723358,-0.088944092392921448,0.22788944840431213,0,1,0.53757701814174652
gate,H2_seed1,26,horizontal,0,000161_10.png,000162_10.png,2,5,0,3,-0.32678227126598358,-0.072553537786006927,0.25422873347997665,0,1,0.50764532387256622
gate,H2_seed1,26,horizontal,0,000161_10.png,000162_10.png,3,6,0,3,-0.30080497264862061,-0.11962881684303284,0.18117615580558777,0,1,0.48596130311489105
gate,H2_seed1,26,horizontal,0,000161_10.png,000162_10.png,4,7,0,3,-0.27439329028129578,-0.12989318370819092,0.14450010657310486,0,1,0.46236030012369156
gate,H2_seed1,26,horizontal,0,000161_10.png,000162_10.png,5,8,0,3,-0.20308816432952881,-0.12406191974878311,0.079026244580745697,0,1,0.36834379285573959
gate,H2_seed1,26,horizontal,0,000161_10.png,000162_10.png,6,9,0,3,-0.2608642578125,-0.13828539103269577,0.12257886677980423,0,1,0.44324004650115967
gate,H2_seed1,27,horizontal,0,000161_10.png,000162_10.png,1,1,1,0,-0.37663206458091736,-0.13067102432250977,0.24596104025840759,0,1,0.58058861643075943
gate,H2_seed1,27,horizontal,0,000161_10.png,000162_10.png,2,2,1,0,-0.34849420189857483,-0.10617256164550781,0.24232164025306702,0,1,0.59183526039123535
gate,H2_seed1,27,horizontal,0,000161_10.png,000162_10.png,3,3,1,0,-0.34417733550071716,-0.11684444546699524,0.22733289003372192,0,1,0.605923131108284
gate,H2_seed1,27,horizontal,0,000161_10.png,000162_10.png,4,4,1,0,-0.31016521155834198,-0.13014858961105347,0.18001662194728851,0,1,0.5812876969575882
gate,H2_seed1,27,horizontal,0,000161_10.png,000162_10.png,5,5,1,0,-0.33168560266494751,-0.11264808475971222,0.21903751790523529,0,1,0.57076278328895569
gate,H2_seed1,27,horizontal,0,000161_10.png,000162_10.png,6,6,1,0,-0.34890154004096985,-0.12111371755599976,0.22778782248497009,0,1,0.55823160707950592
gate,H2_seed1,28,horizontal,0,000161_10.png,000162_10.png,1,1,1,0,-0.29500025510787964,-0.18470674753189087,0.11029350757598877,0,1,0.43068419396877289
gate,H2_seed1,28,horizontal,0,000161_10.png,000162_10.png,2,3,0,1,-0.17972537875175476,-0.14470595121383667,0.035019427537918091,0,1,0.33756640553474426
gate,H2_seed1,28,horizontal,0,000161_10.png,000162_10.png,3,4,0,1,-0.2571350485086441,-0.11005096882581711,0.147084079682827,0,1,0.44812266528606415
gate,H2_seed1,28,horizontal,0,000161_10.png,000162_10.png,4,5,0,1,-0.28834903240203857,-0.12983385473489761,0.15851517766714096,0,1,0.44075103104114532
gate,H2_seed1,28,horizontal,0,000161_10.png,000162_10.png,5,6,0,1,-0.29562610387802124,-0.11255616322159767,0.18306994065642357,0,1,0.4575832188129425
gate,H2_seed1,28,horizontal,0,000161_10.png,000162_10.png,6,7,0,1,-0.25478826463222504,-0.15107773244380951,0.10371053218841553,0,1,0.36363744735717773
gate,H2_seed1,29,horizontal,0,000161_10.png,000162_10.png,1,4,0,3,-0.25566376745700836,-0.20885990560054779,0.046803861856460571,0,1,0.50820846855640411
gate,H2_seed1,29,horizontal,0,000161_10.png,000162_10.png,2,5,0,3,-0.19208055734634399,-0.15179669857025146,0.040283858776092529,0,1,0.41598490625619888
gate,H2_seed1,29,horizontal,0,000161_10.png,000162_10.png,3,2,0,-1,-0.21435514092445374,-0.19330760836601257,0.021047532558441162,0,1,0.47019308805465698
gate,H2_seed1,29,horizontal,0,000161_10.png,000162_10.png,4,7,0,3,-0.18567183613777161,-0.18114525079727173,0.0045265853404998779,0,1,0.35531258583068848
gate,H2_seed1,29,horizontal,0,000161_10.png,000162_10.png,5,8,0,3,-0.14969375729560852,-0.12880358099937439,0.020890176296234131,0,1,0.3501325249671936
gate,H2_seed1,29,horizontal,0,000161_10.png,000162_10.png,6,10,0,4,-0.15389673411846161,-0.12290835380554199,0.030988380312919617,0,1,0.32763411849737167
gate,H2_seed1,30,horizontal,0,000161_10.png,000162_10.png,1,1,1,0,-0.30781960487365723,-0.2388300895690918,0.06898951530456543,0,1,0.53694409132003784
gate,H2_seed1,30,horizontal,0,000161_10.png,000162_10.png,2,1,0,-1,-0.2954108715057373,-0.22700070589780807,0.06841016560792923,0,1,0.52097436785697937
gate,H2_seed1,30,horizontal,0,000161_10.png,000162_10.png,3,3,1,0,-0.34449845552444458,-0.16003379225730896,0.18446466326713562,0,1,0.57389235496520996
gate,H2_seed1,30,horizontal,0,000161_10.png,000162_10.png,4,4,1,0,-0.30491529405117035,-0.19249856472015381,0.11241672933101654,0,1,0.55085188150405884
gate,H2_seed1,30,horizontal,0,000161_10.png,000162_10.png,5,5,1,0,-0.30779559910297394,-0.19164363294839859,0.11615196615457535,0,1,0.51404145359992981
gate,H2_seed1,30,horizontal,0,000161_10.png,000162_10.png,6,6,1,0,-0.34392683207988739,-0.1634611189365387,0.18046571314334869,0,1,0.53940743207931519
gate,H2_seed1,31,horizontal,0,000161_10.png,000162_10.png,1,4,0,3,-0.17803941667079926,-0.12851881235837936,0.049520604312419891,0,1,0.35413981974124908
gate,H2_seed1,31,horizontal,0,000161_10.png,000162_10.png,2,5,0,3,-0.18008383363485336,-0.13480746746063232,0.045276366174221039,0,1,0.35451348125934601
gate,H2_seed1,31,horizontal,0,000161_10.png,000162_10.png,3,6,0,3,-0.2098119705915451,-0.118295818567276,0.091516152024269104,0,1,0.46582154929637909
gate,H2_seed1,31,horizontal,0,000161_10.png,000162_10.png,4,7,0,3,-0.23843664675951004,-0.20372891426086426,0.034707732498645782,0,1,0.40484342724084854
gate,H2_seed1,31,horizontal,0,000161_10.png,000162_10.png,5,8,0,3,-0.26452043652534485,-0.19048770517110825,0.074032731354236603,0,1,0.41992291808128357
gate,H2_seed1,31,horizontal,0,000161_10.png,000162_10.png,6,9,0,3,-0.22069427371025085,-0.17587853968143463,0.044815734028816223,0,1,0.30364095792174339
gate,H2_seed1,0,horizontal,1,000163_10.png,000164_10.png,1,1,1,0,-0.072615325450897217,-0.038928627967834473,0.033686697483062744,0,1,0.16691064834594727
gate,H2_seed1,0,horizontal,1,000163_10.png,000164_10.png,2,9,0,7,-0.064864635467529297,-0.054992377758026123,0.0098722577095031738,0,1,0.11118428967893124
gate,H2_seed1,0,horizontal,1,000163_10.png,000164_10.png,3,10,0,7,-0.08627699688076973,-0.066018760204315186,0.020258236676454544,0,1,0.16086854413151741
gate,H2_seed1,0,horizontal,1,000163_10.png,000164_10.png,4,11,0,7,-0.090614154934883118,-0.073327671736478806,0.017286483198404312,0,1,0.16251103207468987
gate,H2_seed1,0,horizontal,1,000163_10.png,000164_10.png,5,7,0,2,-0.052979111671447754,-0.041593320667743683,0.011385791003704071,0,1,0.11684609949588776
gate,H2_seed1,0,horizontal,1,000163_10.png,000164_10.png,6,8,0,2,-0.056406587362289429,-0.053569987416267395,0.0028365999460220337,0,1,0.11972961574792862
gate,H2_seed1,1,horizontal,1,000163_10.png,000164_10.png,1,3,0,2,-0.1920677125453949,-0.09117966890335083,0.10088804364204407,0,1,0.31846952438354492
gate,H2_seed1,1,horizontal,1,000163_10.png,000164_10.png,2,4,0,2,-0.17815090715885162,-0.071137726306915283,0.10701318085193634,0,1,0.25562801957130432
gate,H2_seed1,1,horizontal,1,000163_10.png,000164_10.png,3,5,0,2,-0.1920257955789566,-0.081683933734893799,0.11034186184406281,0,1,0.33751033246517181
gate,H2_seed1,1,horizontal,1,000163_10.png,000164_10.png,4,6,0,2,-0.21388886123895645,-0.065156362950801849,0.1487324982881546,0,1,0.35424520075321198
gate,H2_seed1,1,horizontal,1,000163_10.png,000164_10.png,5,7,0,2,-0.17382277548313141,-0.091902434825897217,0.081920340657234192,0,1,0.31004105508327484
gate,H2_seed1,1,horizontal,1,000163_10.png,000164_10.png,6,8,0,2,-0.17176619172096252,-0.081903666257858276,0.089862525463104248,0,1,0.28875759616494179
gate,H2_seed1,2,horizontal,1,000163_10.png,000164_10.png,1,9,0,8,-0.14916703104972839,-0.052598096430301666,0.096568934619426727,0,1,0.26354345679283142
gate,H2_seed1,2,horizontal,1,000163_10.png,000164_10.png,2,10,0,8,-0.10640896856784821,-0.076623827219009399,0.029785141348838806,0,1,0.2538551539182663
gate,H2_seed1,2,horizontal,1,000163_10.png,000164_10.png,3,11,0,8,-0.072451591491699219,-0.062494248151779175,0.0099573433399200439,0,1,0.23863640427589417
gate,H2_seed1,2,horizontal,1,000163_10.png,000164_10.png,4,9,0,5,-0.094516992568969727,-0.093724742531776428,0.00079225003719329834,0,1,0.20978017151355743
gate,H2_seed1,2,horizontal,1,000163_10.png,000164_10.png,5,1,0,-4,-0.10696151852607727,-0.068526685237884521,0.038434833288192749,0,1,0.25605087727308273
gate,H2_seed1,2,horizontal,1,000163_10.png,000164_10.png,6,2,0,-4,-0.13764160871505737,-0.051498010754585266,0.086143597960472107,0,1,0.28633524477481842
gate,H2_seed1,3,horizontal,1,000163_10.png,000164_10.png,1,2,0,1,-0.29355397820472717,-0.092903546988964081,0.20065043121576309,0,1,0.44308784604072571
gate,H2_seed1,3,horizontal,1,000163_10.png,000164_10.png,2,3,0,1,-0.2196769118309021,-0.11876629292964935,0.10091061890125275,0,1,0.3485105037689209
gate,H2_seed1,3,horizontal,1,000163_10.png,000164_10.png,3,4,0,1,-0.24003804475069046,-0.13680984824895859,0.10322819650173187,0,1,0.32496000081300735
gate,H2_seed1,3,horizontal,1,000163_10.png,000164_10.png,4,5,0,1,-0.18399062752723694,-0.10476307570934296,0.079227551817893982,0,1,0.32828660309314728
gate,H2_seed1,3,horizontal,1,000163_10.png,000164_10.png,5,6,0,1,-0.17680603265762329,-0.1135765016078949,0.063229531049728394,0,1,0.28235451877117157
gate,H2_seed1,3,horizontal,1,000163_10.png,000164_10.png,6,7,0,1,-0.21195250749588013,-0.11144580692052841,0.10050670057535172,0,1,0.29807072877883911
gate,H2_seed1,4,horizontal,1,000163_10.png,000164_10.png,1,2,0,1,-0.16536964476108551,-0.11487740278244019,0.050492241978645325,0,1,0.22593915462493896
gate,H2_seed1,4,horizontal,1,000163_10.png,000164_10.png,2,3,0,1,-0.13491316139698029,-0.11794960498809814,0.016963556408882141,0,1,0.20958629250526428
gate,H2_seed1,4,horizontal,1,000163_10.png,000164_10.png,3,4,0,1,-0.13481414318084717,-0.1114073358476162,0.023406807333230972,0,1,0.25818479061126709
gate,H2_seed1,4,horizontal,1,000163_10.png,000164_10.png,4,5,0,1,-0.11653149127960205,-0.11482000350952148,0.0017114877700805664,0,1,0.19961044192314148
gate,H2_seed1,4,horizontal,1,000163_10.png,000164_10.png,5,8,0,3,-0.080154389142990112,-0.079093843698501587,0.0010605454444885254,0,1,0.16500778496265411
gate,H2_seed1,4,horizontal,1,000163_10.png,000164_10.png,6,9,0,3,-0.090966224670410156,-0.073238343000411987,0.017727881669998169,0,1,0.17590785026550293
gate,H2_seed1,5,horizontal,1,000163_10.png,000164_10.png,1,2,0,1,-0.11026659607887268,-0.1004348024725914,0.0098317936062812805,0,1,0.20510102063417435
gate,H2_seed1,5,horizontal,1,000163_10.png,000164_10.png,2,3,0,1,-0.09569317102432251,-0.082284033298492432,0.013409137725830078,0,1,0.21474117785692215
gate,H2_seed1,5,horizontal,1,000163_10.png,000164_10.png,3,6,0,3,-0.10769060254096985,-0.080821901559829712,0.026868700981140137,0,1,0.24051617830991745
gate,H2_seed1,5,horizontal,1,000163_10.png,000164_10.png,4,7,0,3,-0.10883559286594391,-0.092293374240398407,0.016542218625545502,0,1,0.21842285618185997
gate,H2_seed1,5,horizontal,1,000163_10.png,000164_10.png,5,8,0,3,-0.087364643812179565,-0.078051984310150146,0.0093126595020294189,0,1,0.22768889367580414
gate,H2_seed1,5,horizontal,1,000163_10.png,000164_10.png,6,8,0,2,-0.10164907574653625,-0.065692096948623657,0.035956978797912598,0,1,0.22090217471122742
gate,H2_seed1,6,horizontal,1,000163_10.png,000164_10.png,1,0,0,-1,-0.094137012958526611,-0.087644577026367188,0.0064924359321594238,0,1,0.23290538787841797
gate,H2_seed1,6,horizontal,1,000163_10.png,000164_10.png,2,2,1,0,-0.17491468787193298,-0.087977498769760132,0.086937189102172852,0,1,0.31698577105998993
gate,H2_seed1,6,horizontal,1,000163_10.png,000164_10.png,3,2,0,-1,-0.1356654167175293,-0.12943125516176224,0.0062341615557670593,0,1,0.28355301916599274
gate,H2_seed1,6,horizontal,1,000163_10.png,000164_10.png,4,3,0,-1,-0.12562569975852966,-0.10205397009849548,0.02357172966003418,0,1,0.27901021391153336
gate,H2_seed1,6,horizontal,1,000163_10.png,000164_10.png,5,4,0,-1,-0.14193159341812134,-0.086759015917778015,0.055172577500343323,0,1,0.26552131399512291
gate,H2_seed1,6,horizontal,1,000163_10.png,000164_10.png,6,5,0,-1,-0.16823366284370422,-0.093409784138202667,0.074823878705501556,0,1,0.32994404435157776
gate,H2_seed1,7,horizontal,1,000163_10.png,000164_10.png,1,2,0,1,-0.19143812358379364,-0.094996534287929535,0.096441589295864105,0,1,0.31216181814670563
gate,H2_seed1,7,horizontal,1,000163_10.png,000164_10.png,2,3,0,1,-0.25924703478813171,-0.095125436782836914,0.1641215980052948,0,1,0.40093129873275757
gate,H2_seed1,7,horizontal,1,000163_10.png,000164_10.png,3,4,0,1,-0.25498777627944946,-0.14750960469245911,0.10747817158699036,0,1,0.38067975640296936
gate,H2_seed1,7,horizontal,1,000163_10.png,000164_10.png,4,5,0,1,-0.23829157650470734,-0.15316838026046753,0.085123196244239807,0,1,0.35602088272571564
gate,H2_seed1,7,horizontal,1,000163_10.png,000164_10.png,5,6,0,1,-0.20718920230865479,-0.17441593855619431,0.03277326375246048,0,1,0.33554485440254211
gate,H2_seed1,7,horizontal,1,000163_10.png,000164_10.png,6,7,0,1,-0.22319327294826508,-0.16610056161880493,0.057092711329460144,0,1,0.33527721464633942
gate,H2_seed1,8,horizontal,1,000163_10.png,000164_10.png,1,0,0,-1,-0.1303187757730484,-0.11623387783765793,0.014084897935390472,0,1,0.2513619065284729
gate,H2_seed1,8,horizontal,1,000163_10.png,000164_10.png,2,0,0,-2,-0.17227063328027725,-0.13961191475391388,0.032658718526363373,0,1,0.28991550207138062
gate,H2_seed1,8,horizontal,1,000163_10.png,000164_10.png,3,5,0,2,-0.14146250486373901,-0.042927175760269165,0.098535329103469849,0,1,0.24964982271194458
gate,H2_seed1,8,horizontal,1,000163_10.png,000164_10.png,4,6,0,2,-0.14529852569103241,-0.049077272415161133,0.096221253275871277,0,1,0.25707064568996429
gate,H2_seed1,8,horizontal,1,000163_10.png,000164_10.png,5,7,0,2,-0.14014025032520294,-0.058403372764587402,0.08173687756061554,0,1,0.19099308550357819
gate,H2_seed1,8,horizontal,1,000163_10.png,000164_10.png,6,8,0,2,-0.12411677837371826,-0.045274410396814346,0.078842367976903915,0,1,0.1986599862575531
gate,H2_seed1,9,horizontal,1,000163_10.png,000164_10.png,1,6,0,5,-0.11632499098777771,-0.070027031004428864,0.046297959983348846,0,1,0.36907121539115906
gate,H2_seed1,9,horizontal,1,000163_10.png,000164_10.png,2,7,0,5,-0.084639906883239746,-0.071966558694839478,0.012673348188400269,0,1,0.27477937191724777
gate,H2_seed1,9,horizontal,1,000163_10.png,000164_10.png,3,5,0,2,-0.071996405720710754,-0.070783495903015137,0.0012129098176956177,0,1,0.19980031251907349
gate,H2_seed1,9,horizontal,1,000163_10.png,000164_10.png,4,7,0,3,-0.088289506733417511,-0.088245168328285217,4.4338405132293701e-05,0,1,0.21786678582429886
gate,H2_seed1,9,horizontal,1,000163_10.png,000164_10.png,5,7,0,2,-0.12649348378181458,-0.087804809212684631,0.038688674569129944,0,1,0.26630331575870514
gate,H2_seed1,9,horizontal,1,000163_10.png,000164_10.png,6,8,0,2,-0.14704722166061401,-0.085827738046646118,0.061219483613967896,0,1,0.29713602364063263
gate,H2_seed1,10,horizontal,1,000163_10.png,000164_10.png,1,10,0,9,-0.084829658269882202,-0.069154903292655945,0.015674754977226257,0,1,0.21672292053699493
gate,H2_seed1,10,horizontal,1,000163_10.png,000164_10.png,2,11,0,9,-0.11290253698825836,-0.084600389003753662,0.0283021479845047,0,1,0.24386312067508698
gate,H2_seed1,10,horizontal,1,000163_10.png,000164_10.png,3,11,0,8,-0.092860162258148193,-0.069363608956336975,0.023496553301811218,0,1,0.20967623591423035
gate,H2_seed1,10,horizontal,1,000163_10.png,000164_10.png,4,10,0,6,-0.091130033135414124,-0.054434686899185181,0.036695346236228943,0,1,0.21076841652393341
gate,H2_seed1,10,horizontal,1,000163_10.png,000164_10.png,5,1,0,-4,-0.10199295729398727,-0.054237335920333862,0.047755621373653412,0,1,0.22347977012395859
gate,H2_seed1,10,horizontal,1,000163_10.png,000164_10.png,6,1,0,-5,-0.08873102068901062,-0.076926320791244507,0.011804699897766113,0,1,0.20779016613960266
gate,H2_seed1,11,horizontal,1,000163_10.png,000164_10.png,1,2,0,1,-0.15282586216926575,-0.054629355669021606,0.098196506500244141,0,1,0.21393711119890213
gate,H2_seed1,11,horizontal,1,000163_10.png,000164_10.png,2,3,0,1,-0.10500061884522438,-0.087024316191673279,0.017976302653551102,0,1,0.16340968385338783
gate,H2_seed1,11,horizontal,1,000163_10.png,000164_10.png,3,1,0,-2,-0.23843446373939514,-0.097289890050888062,0.14114457368850708,0,1,0.41677817702293396
gate,H2_seed1,11,horizontal,1,000163_10.png,000164_10.png,4,2,0,-2,-0.20612248778343201,-0.093253232538700104,0.1128692552447319,0,1,0.40238408744335175
gate,H2_seed1,11,horizontal,1,000163_10.png,000164_10.png,5,3,0,-2,-0.13633713126182556,-0.098128799349069595,0.038208331912755966,0,1,0.31389812380075455
gate,H2_seed1,11,horizontal,1,000163_10.png,000164_10.png,6,4,0,-2,-0.1391059011220932,-0.13610963523387909,0.0029962658882141113,0,1,0.27758030593395233
gate,H2_seed1,12,horizontal,1,000163_10.png,000164_10.png,1,0,0,-1,-0.10193699598312378,-0.075259000062942505,0.026677995920181274,0,1,0.18169695138931274
gate,H2_seed1,12,horizontal,1,000163_10.png,000164_10.png,2,4,0,2,-0.10818757116794586,-0.09796229749917984,0.010225273668766022,0,1,0.1780117005109787
gate,H2_seed1,12,horizontal,1,000163_10.png,000164_10.png,3,5,0,2,-0.11479215323925018,-0.062237709760665894,0.05255444347858429,0,1,0.17241938412189484
gate,H2_seed1,12,horizontal,1,000163_10.png,000164_10.png,4,6,0,2,-0.080177813768386841,-0.076485633850097656,0.0036921799182891846,0,1,0.14718158543109894
gate,H2_seed1,12,horizontal,1,000163_10.png,000164_10.png,5,1,0,-4,-0.096593320369720459,-0.070002689957618713,0.026590630412101746,0,1,0.20634680986404419
gate,H2_seed1,12,horizontal,1,000163_10.png,000164_10.png,6,6,1,0,-0.087923504412174225,-0.067514210939407349,0.020409293472766876,0,1,0.16036299616098404
gate,H2_seed1,13,horizontal,1,000163_10.png,000164_10.png,1,7,0,6,-0.13310529291629791,-0.098162412643432617,0.034942880272865295,0,1,0.30593506991863251
gate,H2_seed1,13,horizontal,1,000163_10.png,000164_10.png,2,8,0,6,-0.12036034464836121,-0.10539093613624573,0.014969408512115479,0,1,0.25584293901920319
gate,H2_seed1,13,horizontal,1,000163_10.png,000164_10.png,3,9,0,6,-0.11458903551101685,-0.081902027130126953,0.032687008380889893,0,1,0.25072569400072098
gate,H2_seed1,13,horizontal,1,000163_10.png,000164_10.png,4,6,0,2,-0.11012153327465057,-0.095323622226715088,0.014797911047935486,0,1,0.20290596783161163
gate,H2_seed1,13,horizontal,1,000163_10.png,000164_10.png,5,7,0,2,-0.11974187940359116,-0.083062261343002319,0.036679618060588837,0,1,0.2033177837729454
gate,H2_seed1,13,horizontal,1,000163_10.png,000164_10.png,6,8,0,2,-0.084524020552635193,-0.073652386665344238,0.010871633887290955,0,1,0.18409441411495209
gate,H2_seed1,14,horizontal,1,000163_10.png,000164_10.png,1,3,0,2,-0.14995572715997696,-0.098200500011444092,0.051755227148532867,0,1,0.26955852657556534
gate,H2_seed1,14,horizontal,1,000163_10.png,000164_10.png,2,4,0,2,-0.15212121605873108,-0.085835091769695282,0.066286124289035797,0,1,0.30047696828842163
gate,H2_seed1,14,horizontal,1,000163_10.png,000164_10.png,3,5,0,2,-0.15077881515026093,-0.02734789252281189,0.12343092262744904,0,1,0.24644173681735992
gate,H2_seed1,14,horizontal,1,000163_10.png,000164_10.png,4,6,0,2,-0.13564041256904602,-0.048736795783042908,0.086903616786003113,0,1,0.23000110685825348
gate,H2_seed1,14,horizontal,1,000163_10.png,000164_10.png,5,7,0,2,-0.098038457334041595,-0.052122652530670166,0.045915804803371429,0,1,0.22601572424173355
gate,H2_seed1,14,horizontal,1,000163_10.png,000164_10.png,6,8,0,2,-0.069000400602817535,-0.052456427365541458,0.016543973237276077,0,1,0.21749300509691238
gate,H2_seed1,15,horizontal,1,000163_10.png,000164_10.png,1,0,0,-1,-0.12704449892044067,-0.10319980978965759,0.023844689130783081,0,1,0.21352964639663696
gate,H2_seed1,15,horizontal,1,000163_10.png,000164_10.png,2,2,1,0,-0.24010342359542847,-0.17508295178413391,0.065020471811294556,0,1,0.35816857218742371
gate,H2_seed1,15,horizontal,1,000163_10.png,000164_10.png,3,3,1,0,-0.18576966226100922,-0.091436624526977539,0.094333037734031677,0,1,0.3044450506567955
gate,H2_seed1,15,horizontal,1,000163_10.png,000164_10.png,4,4,1,0,-0.1709781214594841,-0.1337798535823822,0.037198267877101898,0,1,0.29242656379938126
gate,H2_seed1,15,horizontal,1,000163_10.png,000164_10.png,5,5,1,0,-0.16751576215028763,-0.11963540315628052,0.047880358994007111,0,1,0.28015883266925812
gate,H2_seed1,15,horizontal,1,000163_10.png,000164_10.png,6,6,1,0,-0.16850553452968597,-0.12266400456428528,0.045841529965400696,0,1,0.2833009660243988
gate,H2_seed1,16,horizontal,1,000163_10.png,000164_10.png,1,9,0,8,-0.10597119852900505,-0.073068678379058838,0.032902520149946213,0,1,0.21601928398013115
gate,H2_seed1,16,horizontal,1,000163_10.png,000164_10.png,2,9,0,7,-0.085265032947063446,-0.056561931967735291,0.028703100979328156,0,1,0.19992470741271973
gate,H2_seed1,16,horizontal,1,000163_10.png,000164_10.png,3,1,0,-2,-0.094398573040962219,-0.091450460255146027,0.0029481127858161926,0,1,0.21921534091234207
gate,H2_seed1,16,horizontal,1,000163_10.png,000164_10.png,4,8,0,4,-0.10233816504478455,-0.088117152452468872,0.014221012592315674,0,1,0.21735143661499023
gate,H2_seed1,16,horizontal,1,000163_10.png,000164_10.png,5,4,0,-1,-0.12513166666030884,-0.077971883118152618,0.047159783542156219,0,1,0.21135766804218292
gate,H2_seed1,16,horizontal,1,000163_10.png,000164_10.png,6,5,0,-1,-0.12074637413024902,-0.11784356832504272,0.0029028058052062988,0,1,0.23319521546363831
gate,H2_seed1,17,horizontal,1,000163_10.png,000164_10.png,1,0,0,-1,-0.077501773834228516,-0.063818007707595825,0.01368376612663269,0,1,0.32832962274551392
gate,H2_seed1,17,horizontal,1,000163_10.png,000164_10.png,2,1,0,-1,-0.19138756394386292,-0.11709785461425781,0.074289709329605103,0,1,0.45444983243942261
gate,H2_seed1,17,horizontal,1,000163_10.png,000164_10.png,3,2,0,-1,-0.17360150814056396,-0.092074193060398102,0.081527315080165863,0,1,0.4241454005241394
gate,H2_seed1,17,horizontal,1,000163_10.png,000164_10.png,4,3,0,-1,-0.12131942808628082,-0.071654140949249268,0.049665287137031555,0,1,0.34857536107301712
gate,H2_seed1,17,horizontal,1,000163_10.png,000164_10.png,5,4,0,-1,-0.099026605486869812,-0.065852344036102295,0.033174261450767517,0,1,0.31048513948917389
gate,H2_seed1,17,horizontal,1,000163_10.png,000164_10.png,6,5,0,-1,-0.149958536028862,-0.09878501296043396,0.05117352306842804,0,1,0.32520131766796112
gate,H2_seed1,18,horizontal,1,000163_10.png,000164_10.png,1,2,0,1,-0.158746637403965,-0.094695776700973511,0.064050860702991486,0,1,0.24730566889047623
gate,H2_seed1,18,horizontal,1,000163_10.png,000164_10.png,2,2,1,0,-0.12112080305814743,-0.11492140591144562,0.0061993971467018127,0,1,0.18709433823823929
gate,H2_seed1,18,horizontal,1,000163_10.png,000164_10.png,3,3,1,0,-0.14079955220222473,-0.09702281653881073,0.043776735663414001,0,1,0.219697505235672
gate,H2_seed1,18,horizontal,1,000163_10.png,000164_10.png,4,4,1,0,-0.14792224764823914,-0.090688243508338928,0.057234004139900208,0,1,0.22537979483604431
gate,H2_seed1,18,horizontal,1,000163_10.png,000164_10.png,5,5,1,0,-0.1347070038318634,-0.076136749237775803,0.058570254594087601,0,1,0.23595963418483734
gate,H2_seed1,18,horizontal,1,000163_10.png,000164_10.png,6,6,1,0,-0.11409251764416695,-0.068332094699144363,0.045760422945022583,0,1,0.1914554126560688
gate,H2_seed1,19,horizontal,1,000163_10.png,000164_10.png,1,4,0,3,-0.087777473032474518,-0.072691828012466431,0.015085645020008087,0,1,0.15609388425946236
gate,H2_seed1,19,horizontal,1,000163_10.png,000164_10.png,2,2,1,0,-0.065368924289941788,-0.060081973671913147,0.0052869506180286407,0,1,0.11402560397982597
gate,H2_seed1,19,horizontal,1,000163_10.png,000164_10.png,3,6,0,3,-0.063103184103965759,-0.05128873884677887,0.01181444525718689,0,1,0.11897723749279976
gate,H2_seed1,19,horizontal,1,000163_10.png,000164_10.png,4,4,1,0,-0.063923344016075134,-0.062320858240127563,0.0016024857759475708,0,1,0.12137332558631897
gate,H2_seed1,19,horizontal,1,000163_10.png,000164_10.png,5,5,1,0,-0.049574486911296844,-0.038681834936141968,0.010892651975154877,0,1,0.11279453337192535
gate,H2_seed1,19,horizontal,1,000163_10.png,000164_10.png,6,6,1,0,-0.054247103631496429,-0.046159237623214722,0.0080878660082817078,0,1,0.11692961305379868
gate,H2_seed1,20,horizontal,1,000163_10.png,000164_10.png,1,4,0,3,-0.16523101925849915,-0.074480682611465454,0.090750336647033691,0,1,0.45695748925209045
gate,H2_seed1,20,horizontal,1,000163_10.png,000164_10.png,2,5,0,3,-0.1638069748878479,-0.11269268393516541,0.051114290952682495,0,1,0.40163618326187134
gate,H2_seed1,20,horizontal,1,000163_10.png,000164_10.png,3,6,0,3,-0.16285498440265656,-0.063503064215183258,0.099351920187473297,0,1,0.37832573801279068
gate,H2_seed1,20,horizontal,1,000163_10.png,000164_10.png,4,7,0,3,-0.15774243324995041,-0.081619963049888611,0.076122470200061798,0,1,0.38302792608737946
gate,H2_seed1,20,horizontal,1,000163_10.png,000164_10.png,5,8,0,3,-0.19195327162742615,-0.08005339652299881,0.11189987510442734,0,1,0.35775560140609741
gate,H2_seed1,20,horizontal,1,000163_10.png,000164_10.png,6,9,0,3,-0.094221621751785278,-0.063152417540550232,0.031069204211235046,0,1,0.24198153614997864
gate,H2_seed1,21,horizontal,1,000163_10.png,000164_10.png,1,10,0,9,-0.11146128177642822,-0.098266743123531342,0.013194538652896881,0,1,0.49728195369243622
gate,H2_seed1,21,horizontal,1,000163_10.png,000164_10.png,2,9,0,7,-0.1326216459274292,-0.083507165312767029,0.04911448061466217,0,1,0.36846904456615448
gate,H2_seed1,21,horizontal,1,000163_10.png,000164_10.png,3,10,0,7,-0.098552703857421875,-0.074933260679244995,0.02361944317817688,0,1,0.2994581013917923
gate,H2_seed1,21,horizontal,1,000163_10.png,000164_10.png,4,2,0,-2,-0.065390236675739288,-0.059478342533111572,0.0059118941426277161,0,1,0.26871145516633987
gate,H2_seed1,21,horizontal,1,000163_10.png,000164_10.png,5,1,0,-4,-0.14322666823863983,-0.067738637328147888,0.075488030910491943,0,1,0.33324404060840607
gate,H2_seed1,21,horizontal,1,000163_10.png,000164_10.png,6,2,0,-4,-0.14931635558605194,-0.068524658679962158,0.080791696906089783,0,1,0.33218033611774445
gate,H2_seed1,22,horizontal,1,000163_10.png,000164_10.png,1,1,1,0,-0.35407662391662598,-0.25149637460708618,0.10258024930953979,0,1,0.5131291002035141
gate,H2_seed1,22,horizontal,1,000163_10.png,000164_10.png,2,2,1,0,-0.2744668573141098,-0.11437208950519562,0.16009476780891418,0,1,0.41046289354562759
gate,H2_seed1,22,horizontal,1,000163_10.png,000164_10.png,3,3,1,0,-0.27830278873443604,-0.16999390721321106,0.10830888152122498,0,1,0.41671848297119141
gate,H2_seed1,22,horizontal,1,000163_10.png,000164_10.png,4,4,1,0,-0.26091004908084869,-0.20113326609134674,0.059776782989501953,0,1,0.42480315268039703
gate,H2_seed1,22,horizontal,1,000163_10.png,000164_10.png,5,5,1,0,-0.22866185009479523,-0.15419682860374451,0.07446502149105072,0,1,0.40426509082317352
gate,H2_seed1,22,horizontal,1,000163_10.png,000164_10.png,6,6,1,0,-0.22567802667617798,-0.13911613821983337,0.086561888456344604,0,1,0.38872523605823517
gate,H2_seed1,23,horizontal,1,000163_10.png,000164_10.png,1,11,0,10,-0.12059158086776733,-0.086070537567138672,0.034521043300628662,0,1,0.25599116086959839
gate,H2_seed1,23,horizontal,1,000163_10.png,000164_10.png,2,10,0,8,-0.12463647127151489,-0.099225610494613647,0.025410860776901245,0,1,0.36243173480033875
gate,H2_seed1,23,horizontal,1,000163_10.png,000164_10.png,3,9,0,6,-0.10446599125862122,-0.063755959272384644,0.040710031986236572,0,1,0.23657424747943878
gate,H2_seed1,23,horizontal,1,000163_10.png,000164_10.png,4,10,0,6,-0.10139644145965576,-0.08134118840098381,0.020055253058671951,0,1,0.22806817293167114
gate,H2_seed1,23,horizontal,1,000163_10.png,000164_10.png,5,1,0,-4,-0.073943793773651123,-0.057709693908691406,0.016234099864959717,0,1,0.20459239184856415
gate,H2_seed1,23,horizontal,1,000163_10.png,000164_10.png,6,10,0,4,-0.081848770380020142,-0.073033232241868973,0.0088155381381511688,0,1,0.21558727324008942
gate,H2_seed1,24,horizontal,1,000163_10.png,000164_10.png,1,10,0,9,-0.11102301254868507,-0.06570810079574585,0.045314911752939224,0,1,0.30619357153773308
gate,H2_seed1,24,horizontal,1,000163_10.png,000164_10.png,2,3,0,1,-0.061301782727241516,-0.058193057775497437,0.0031087249517440796,0,1,0.17168313264846802
gate,H2_seed1,24,horizontal,1,000163_10.png,000164_10.png,3,1,0,-2,-0.1352105438709259,-0.097211837768554688,0.037998706102371216,0,1,0.24125517159700394
gate,H2_seed1,24,horizontal,1,000163_10.png,000164_10.png,4,2,0,-2,-0.1096717044711113,-0.079274088144302368,0.030397616326808929,0,1,0.22282952815294266
gate,H2_seed1,24,horizontal,1,000163_10.png,000164_10.png,5,6,0,1,-0.095543310046195984,-0.09068867564201355,0.0048546344041824341,0,1,0.20263625681400299
gate,H2_seed1,24,horizontal,1,000163_10.png,000164_10.png,6,4,0,-2,-0.099214114248752594,-0.081579118967056274,0.01763499528169632,0,1,0.23245111852884293
gate,H2_seed1,25,horizontal,1,000163_10.png,000164_10.png,1,1,1,0,-0.092478804290294647,-0.085586309432983398,0.0068924948573112488,0,1,0.17516637593507767
gate,H2_seed1,25,horizontal,1,000163_10.png,000164_10.png,2,2,1,0,-0.12809841334819794,-0.097721844911575317,0.03037656843662262,0,1,0.28355270624160767
gate,H2_seed1,25,horizontal,1,000163_10.png,000164_10.png,3,1,0,-2,-0.16285084187984467,-0.081039994955062866,0.081810846924781799,0,1,0.37375670671463013
gate,H2_seed1,25,horizontal,1,000163_10.png,000164_10.png,4,11,0,7,-0.090343385934829712,-0.07704637199640274,0.013297013938426971,0,1,0.26923951506614685
gate,H2_seed1,25,horizontal,1,000163_10.png,000164_10.png,5,0,0,-5,-0.08336561918258667,-0.072251006960868835,0.011114612221717834,0,1,0.28232795745134354
gate,H2_seed1,25,horizontal,1,000163_10.png,000164_10.png,6,10,0,4,-0.065010607242584229,-0.056335151195526123,0.0086754560470581055,0,1,0.28436493873596191
gate,H2_seed1,26,horizontal,1,000163_10.png,000164_10.png,1,1,1,0,-0.052384823560714722,-0.052096739411354065,0.00028808414936065674,0,1,0.15266981720924377
gate,H2_seed1,26,horizontal,1,000163_10.png,000164_10.png,2,2,1,0,-0.069056227803230286,-0.039418905973434448,0.029637321829795837,0,1,0.14017181098461151
gate,H2_seed1,26,horizontal,1,000163_10.png,000164_10.png,3,10,0,7,-0.064744338393211365,-0.051912598311901093,0.012831740081310272,0,1,0.17208030819892883
gate,H2_seed1,26,horizontal,1,000163_10.png,000164_10.png,4,8,0,4,-0.042773563414812088,-0.041210412979125977,0.0015631504356861115,0,1,0.16118736937642097
gate,H2_seed1,26,horizontal,1,000163_10.png,000164_10.png,5,9,0,4,-0.063479214906692505,-0.061950042843818665,0.0015291720628738403,0,1,0.14016080647706985
gate,H2_seed1,26,horizontal,1,000163_10.png,000164_10.png,6,2,0,-4,-0.050190240144729614,-0.037336662411689758,0.012853577733039856,0,1,0.14339878410100937
gate,H2_seed1,27,horizontal,1,000163_10.png,000164_10.png,1,1,1,0,-0.30870465934276581,-0.1220361590385437,0.18666850030422211,0,1,0.43235930800437927
gate,H2_seed1,27,horizontal,1,000163_10.png,000164_10.png,2,2,1,0,-0.29270549118518829,-0.075358405709266663,0.21734708547592163,0,1,0.41606722772121429
gate,H2_seed1,27,horizontal,1,000163_10.png,000164_10.png,3,3,1,0,-0.28141883015632629,-0.092729493975639343,0.18868933618068695,0,1,0.39990903437137604
gate,H2_seed1,27,horizontal,1,000163_10.png,000164_10.png,4,4,1,0,-0.27075570821762085,-0.094004064798355103,0.17675164341926575,0,1,0.380880206823349
gate,H2_seed1,27,horizontal,1,000163_10.png,000164_10.png,5,5,1,0,-0.26937970519065857,-0.079644333571195602,0.18973537161946297,0,1,0.39155226200819016
gate,H2_seed1,27,horizontal,1,000163_10.png,000164_10.png,6,6,1,0,-0.26068693399429321,-0.081486545503139496,0.17920038849115372,0,1,0.38406214118003845
gate,H2_seed1,28,horizontal,1,000163_10.png,000164_10.png,1,1,1,0,-0.15522032976150513,-0.10734780132770538,0.047872528433799744,0,1,0.23728884756565094
gate,H2_seed1,28,horizontal,1,000163_10.png,000164_10.png,2,3,0,1,-0.13875767588615417,-0.077913403511047363,0.060844272375106812,0,1,0.26307015120983124
gate,H2_seed1,28,horizontal,1,000163_10.png,000164_10.png,3,4,0,1,-0.1190086156129837,-0.0453215092420578,0.073687106370925903,0,1,0.21867889165878296
gate,H2_seed1,28,horizontal,1,000163_10.png,000164_10.png,4,5,0,1,-0.13386125862598419,-0.061228595674037933,0.072632662951946259,0,1,0.22214648127555847
gate,H2_seed1,28,horizontal,1,000163_10.png,000164_10.png,5,6,0,1,-0.13733161985874176,-0.045956656336784363,0.091374963521957397,0,1,0.24930600821971893
gate,H2_seed1,28,horizontal,1,000163_10.png,000164_10.png,6,7,0,1,-0.15922918915748596,-0.07884439080953598,0.080384798347949982,0,1,0.25062365084886551
gate,H2_seed1,29,horizontal,1,000163_10.png,000164_10.png,1,3,0,2,-0.10672161728143692,-0.086833640933036804,0.019887976348400116,0,1,0.24415085464715958
gate,H2_seed1,29,horizontal,1,000163_10.png,000164_10.png,2,6,0,4,-0.078318864107131958,-0.056906159967184067,0.021412704139947891,0,1,0.22137780487537384
gate,H2_seed1,29,horizontal,1,000163_10.png,000164_10.png,3,7,0,4,-0.11026174575090408,-0.080202728509902954,0.030059017241001129,0,1,0.20343602448701859
gate,H2_seed1,29,horizontal,1,000163_10.png,000164_10.png,4,8,0,4,-0.079026460647583008,-0.077843308448791504,0.0011831521987915039,0,1,0.18385046720504761
gate,H2_seed1,29,horizontal,1,000163_10.png,000164_10.png,5,9,0,4,-0.13009640574455261,-0.052773028612136841,0.077323377132415771,0,1,0.19120118021965027
gate,H2_seed1,29,horizontal,1,000163_10.png,000164_10.png,6,10,0,4,-0.10248171165585518,-0.080362439155578613,0.022119272500276566,0,1,0.1925114281475544
gate,H2_seed1,30,horizontal,1,000163_10.png,000164_10.png,1,1,1,0,-0.17513059824705124,-0.17228113859891891,0.0028494596481323242,0,1,0.31102979928255081
gate,H2_seed1,30,horizontal,1,000163_10.png,000164_10.png,2,2,1,0,-0.13498839735984802,-0.11416932940483093,0.02081906795501709,0,1,0.26708072423934937
gate,H2_seed1,30,horizontal,1,000163_10.png,000164_10.png,3,3,1,0,-0.16546951234340668,-0.069959491491317749,0.095510020852088928,0,1,0.29116879403591156
gate,H2_seed1,30,horizontal,1,000163_10.png,000164_10.png,4,4,1,0,-0.15170404314994812,-0.069100543856620789,0.082603499293327332,0,1,0.26203247904777527
gate,H2_seed1,30,horizontal,1,000163_10.png,000164_10.png,5,5,1,0,-0.16573882102966309,-0.087315037846565247,0.078423783183097839,0,1,0.27958206087350845
gate,H2_seed1,30,horizontal,1,000163_10.png,000164_10.png,6,6,1,0,-0.14862844347953796,-0.08356069028377533,0.065067753195762634,0,1,0.22545378655195236
gate,H2_seed1,31,horizontal,1,000163_10.png,000164_10.png,1,4,0,3,-0.12475870549678802,-0.11930118501186371,0.0054575204849243164,0,1,0.19837386533617973
gate,H2_seed1,31,horizontal,1,000163_10.png,000164_10.png,2,2,1,0,-0.11784631013870239,-0.10491943359375,0.012926876544952393,0,1,0.26359523832798004
gate,H2_seed1,31,horizontal,1,000163_10.png,000164_10.png,3,3,1,0,-0.073106061667203903,-0.071156639605760574,0.0019494220614433289,0,1,0.25639520213007927
gate,H2_seed1,31,horizontal,1,000163_10.png,000164_10.png,4,5,0,1,-0.10178092122077942,-0.074262917041778564,0.027518004179000854,0,1,0.16916167736053467
gate,H2_seed1,31,horizontal,1,000163_10.png,000164_10.png,5,6,0,1,-0.088251158595085144,-0.078606188297271729,0.0096449702978134155,0,1,0.2067703902721405
gate,H2_seed1,31,horizontal,1,000163_10.png,000164_10.png,6,4,0,-2,-0.090086519718170166,-0.075147181749343872,0.014939337968826294,0,1,0.19236251711845398
gate,H2_seed1,0,horizontal,2,000170_10.png,000171_10.png,1,1,1,0,-0.17888022214174271,-0.11688357591629028,0.061996646225452423,0,1,0.32098452001810074
gate,H2_seed1,0,horizontal,2,000170_10.png,000171_10.png,2,1,0,-1,-0.25261107087135315,-0.12156624346971512,0.13104482740163803,0,1,0.39744871854782104
gate,H2_seed1,0,horizontal,2,000170_10.png,000171_10.png,3,2,0,-1,-0.20786780118942261,-0.19016110897064209,0.017706692218780518,0,1,0.4182114452123642
gate,H2_seed1,0,horizontal,2,000170_10.png,000171_10.png,4,2,0,-2,-0.24965688586235046,-0.142123743891716,0.10753314197063446,0,1,0.48815818130970001
gate,H2_seed1,0,horizontal,2,000170_10.png,000171_10.png,5,2,0,-3,-0.16001757979393005,-0.15479445457458496,0.0052231252193450928,0,1,0.45240691304206848
gate,H2_seed1,0,horizontal,2,000170_10.png,000171_10.png,6,3,0,-3,-0.16858077049255371,-0.13453131914138794,0.034049451351165771,0,1,0.47987771034240723
gate,H2_seed1,1,horizontal,2,000170_10.png,000171_10.png,1,4,0,3,-0.31559616327285767,-0.2445225715637207,0.071073591709136963,0,1,0.59138311445713043
gate,H2_seed1,1,horizontal,2,000170_10.png,000171_10.png,2,5,0,3,-0.28840488195419312,-0.21013554930686951,0.078269332647323608,0,1,0.51459702849388123
gate,H2_seed1,1,horizontal,2,000170_10.png,000171_10.png,3,6,0,3,-0.29080714285373688,-0.21468012034893036,0.076127022504806519,0,1,0.61515237390995026
gate,H2_seed1,1,horizontal,2,000170_10.png,000171_10.png,4,7,0,3,-0.29017359018325806,-0.21147625893354416,0.078697331249713898,0,1,0.62914010882377625
gate,H2_seed1,1,horizontal,2,000170_10.png,000171_10.png,5,8,0,3,-0.29854406416416168,-0.17092744261026382,0.12761662155389786,0,1,0.52525855600833893
gate,H2_seed1,1,horizontal,2,000170_10.png,000171_10.png,6,9,0,3,-0.38305394351482391,-0.16352018713951111,0.21953375637531281,0,1,0.66987414658069611
gate,H2_seed1,2,horizontal,2,000170_10.png,000171_10.png,1,5,0,4,-0.22809498012065887,-0.17319920659065247,0.054895773530006409,0,1,0.40326204895973206
gate,H2_seed1,2,horizontal,2,000170_10.png,000171_10.png,2,6,0,4,-0.20058342814445496,-0.17474302649497986,0.025840401649475098,0,1,0.56909392774105072
gate,H2_seed1,2,horizontal,2,000170_10.png,000171_10.png,3,5,0,2,-0.19577430188655853,-0.174102783203125,0.021671518683433533,0,1,0.61083407700061798
gate,H2_seed1,2,horizontal,2,000170_10.png,000171_10.png,4,6,0,2,-0.21230068802833557,-0.19561457633972168,0.016686111688613892,0,1,0.63651484251022339
gate,H2_seed1,2,horizontal,2,000170_10.png,000171_10.png,5,10,0,5,-0.17570444941520691,-0.15709644556045532,0.018608003854751587,0,1,0.61251567304134369
gate,H2_seed1,2,horizontal,2,000170_10.png,000171_10.png,6,8,0,2,-0.19333732128143311,-0.14112815260887146,0.052209168672561646,0,1,0.61917120218276978
gate,H2_seed1,3,horizontal,2,000170_10.png,000171_10.png,1,2,0,1,-0.41077782213687897,-0.1690746545791626,0.24170316755771637,0,1,0.70395800471305847
gate,H2_seed1,3,horizontal,2,000170_10.png,000171_10.png,2,2,1,0,-0.19435911625623703,-0.1876438707113266,0.0067152455449104309,0,1,0.5193900391459465
gate,H2_seed1,3,horizontal,2,000170_10.png,000171_10.png,3,4,0,1,-0.30563215911388397,-0.15291716158390045,0.15271499752998352,0,1,0.57768543064594269
gate,H2_seed1,3,horizontal,2,000170_10.png,000171_10.png,4,5,0,1,-0.26723234355449677,-0.14753752946853638,0.11969481408596039,0,1,0.48932952433824539
gate,H2_seed1,3,horizontal,2,000170_10.png,000171_10.png,5,6,0,1,-0.2245887815952301,-0.14553035795688629,0.079058423638343811,0,1,0.32968334853649139
gate,H2_seed1,3,horizontal,2,000170_10.png,000171_10.png,6,7,0,1,-0.20608463883399963,-0.12795854359865189,0.078126095235347748,0,1,0.37240056693553925
gate,H2_seed1,4,horizontal,2,000170_10.png,000171_10.png,1,2,0,1,-0.43534278869628906,-0.22604155540466309,0.20930123329162598,0,1,0.68961182236671448
gate,H2_seed1,4,horizontal,2,000170_10.png,000171_10.png,2,3,0,1,-0.46178904175758362,-0.22546300292015076,0.23632603883743286,0,1,0.74698716402053833
gate,H2_seed1,4,horizontal,2,000170_10.png,000171_10.png,3,4,0,1,-0.43605944514274597,-0.2492244690656662,0.18683497607707977,0,1,0.66465608775615692
gate,H2_seed1,4,horizontal,2,000170_10.png,000171_10.png,4,5,0,1,-0.44707578420639038,-0.25380286574363708,0.1932729184627533,0,1,0.670122891664505
gate,H2_seed1,4,horizontal,2,000170_10.png,000171_10.png,5,6,0,1,-0.40565676987171173,-0.30693846940994263,0.098718300461769104,0,1,0.68832327425479889
gate,H2_seed1,4,horizontal,2,000170_10.png,000171_10.png,6,7,0,1,-0.39264596998691559,-0.2274540513753891,0.16519191861152649,0,1,0.57260735332965851
gate,H2_seed1,5,horizontal,2,000170_10.png,000171_10.png,1,2,0,1,-0.39095044136047363,-0.15684834122657776,0.23410210013389587,0,1,0.57797439396381378
gate,H2_seed1,5,horizontal,2,000170_10.png,000171_10.png,2,3,0,1,-0.3531215637922287,-0.15657651424407959,0.19654504954814911,0,1,0.58691312372684479
gate,H2_seed1,5,horizontal,2,000170_10.png,000171_10.png,3,1,0,-2,-0.3239133358001709,-0.2563440203666687,0.067569315433502197,0,1,0.50015957653522491
gate,H2_seed1,5,horizontal,2,000170_10.png,000171_10.png,4,5,0,1,-0.20113189518451691,-0.17990700900554657,0.021224886178970337,0,1,0.41063569486141205
gate,H2_seed1,5,horizontal,2,000170_10.png,000171_10.png,5,6,0,1,-0.1781342476606369,-0.16777217388153076,0.01036207377910614,0,1,0.33610127866268158
gate,H2_seed1,5,horizontal,2,000170_10.png,000171_10.png,6,7,0,1,-0.16108550131320953,-0.13152939081192017,0.029556110501289368,0,1,0.34425398707389832
gate,H2_seed1,6,horizontal,2,000170_10.png,000171_10.png,1,0,0,-1,-0.32351827621459961,-0.15432220697402954,0.16919606924057007,0,1,0.54110032320022583
gate,H2_seed1,6,horizontal,2,000170_10.png,000171_10.png,2,2,1,0,-0.21641121059656143,-0.18801283836364746,0.028398372232913971,0,1,0.42342682927846909
gate,H2_seed1,6,horizontal,2,000170_10.png,000171_10.png,3,2,0,-1,-0.19025369733572006,-0.16597414016723633,0.024279557168483734,0,1,0.42075189203023911
gate,H2_seed1,6,horizontal,2,000170_10.png,000171_10.png,4,11,0,7,-0.19346022605895996,-0.19228997081518173,0.0011702552437782288,0,1,0.42191588133573532
gate,H2_seed1,6,horizontal,2,000170_10.png,000171_10.png,5,5,1,0,-0.20554551482200623,-0.19851569086313248,0.0070298239588737488,0,1,0.43826627731323242
gate,H2_seed1,6,horizontal,2,000170_10.png,000171_10.png,6,6,1,0,-0.19773236662149429,-0.19330041110515594,0.0044319555163383484,0,1,0.48537714034318924
gate,H2_seed1,7,horizontal,2,000170_10.png,000171_10.png,1,2,0,1,-0.18957230448722839,-0.078867584466934204,0.11070472002029419,0,1,0.39348350465297699
gate,H2_seed1,7,horizontal,2,000170_10.png,000171_10.png,2,3,0,1,-0.34226162731647491,-0.10850289463996887,0.23375873267650604,0,1,0.49490050971508026
gate,H2_seed1,7,horizontal,2,000170_10.png,000171_10.png,3,4,0,1,-0.2500283420085907,-0.16524713486433029,0.084781207144260406,0,1,0.57936939597129822
gate,H2_seed1,7,horizontal,2,000170_10.png,000171_10.png,4,5,0,1,-0.26011456549167633,-0.18445426225662231,0.075660303235054016,0,1,0.57877448201179504
gate,H2_seed1,7,horizontal,2,000170_10.png,000171_10.png,5,6,0,1,-0.22861746698617935,-0.18448051810264587,0.044136948883533478,0,1,0.61789459735155106
gate,H2_seed1,7,horizontal,2,000170_10.png,000171_10.png,6,7,0,1,-0.27696029841899872,-0.24200397729873657,0.034956321120262146,0,1,0.65386778116226196
gate,H2_seed1,8,horizontal,2,000170_10.png,000171_10.png,1,4,0,3,-0.14462953060865402,-0.10153713822364807,0.043092392385005951,0,1,0.29775380343198776
gate,H2_seed1,8,horizontal,2,000170_10.png,000171_10.png,2,1,0,-1,-0.13536061346530914,-0.11652788519859314,0.018832728266716003,0,1,0.35443396866321564
gate,H2_seed1,8,horizontal,2,000170_10.png,000171_10.png,3,5,0,2,-0.13971702754497528,-0.12825837731361389,0.011458650231361389,0,1,0.3566402867436409
gate,H2_seed1,8,horizontal,2,000170_10.png,000171_10.png,4,0,0,-4,-0.12682066857814789,-0.11759379506111145,0.009226873517036438,0,1,0.29793190211057663
gate,H2_seed1,8,horizontal,2,000170_10.png,000171_10.png,5,1,0,-4,-0.12554630637168884,-0.12501370906829834,0.00053259730339050293,0,1,0.3609054833650589
gate,H2_seed1,8,horizontal,2,000170_10.png,000171_10.png,6,8,0,2,-0.15155456215143204,-0.1484120637178421,0.0031424984335899353,0,1,0.35623275488615036
gate,H2_seed1,9,horizontal,2,000170_10.png,000171_10.png,1,4,0,3,-0.19143351167440414,-0.17023696005344391,0.021196551620960236,0,1,0.57450094074010849
gate,H2_seed1,9,horizontal,2,000170_10.png,000171_10.png,2,4,0,2,-0.28690227866172791,-0.2289273589849472,0.057974919676780701,0,1,0.66600942611694336
gate,H2_seed1,9,horizontal,2,000170_10.png,000171_10.png,3,5,0,2,-0.27462972700595856,-0.1683008149266243,0.10632891207933426,0,1,0.66031171381473541
gate,H2_seed1,9,horizontal,2,000170_10.png,000171_10.png,4,6,0,2,-0.27959287166595459,-0.19772279262542725,0.081870079040527344,0,1,0.72492228448390961
gate,H2_seed1,9,horizontal,2,000170_10.png,000171_10.png,5,7,0,2,-0.28549161553382874,-0.26757915318012238,0.01791246235370636,0,1,0.70111864805221558
gate,H2_seed1,9,horizontal,2,000170_10.png,000171_10.png,6,8,0,2,-0.21675506234169006,-0.21036215126514435,0.0063929110765457153,0,1,0.57956394553184509
gate,H2_seed1,10,horizontal,2,000170_10.png,000171_10.png,1,10,0,9,-0.2540787011384964,-0.24876957386732101,0.0053091272711753845,0,1,0.63311025500297546
gate,H2_seed1,10,horizontal,2,000170_10.png,000171_10.png,2,10,0,8,-0.308735191822052,-0.2747708261013031,0.033964365720748901,0,1,0.67790725827217102
gate,H2_seed1,10,horizontal,2,000170_10.png,000171_10.png,3,10,0,7,-0.31928938627243042,-0.24030572175979614,0.078983664512634277,0,1,0.68657146394252777
gate,H2_seed1,10,horizontal,2,000170_10.png,000171_10.png,4,10,0,6,-0.28728163242340088,-0.2367808073759079,0.050500825047492981,0,1,0.65728984773159027
gate,H2_seed1,10,horizontal,2,000170_10.png,000171_10.png,5,10,0,5,-0.28535813093185425,-0.18178504705429077,0.10357308387756348,0,1,0.63688631355762482
gate,H2_seed1,10,horizontal,2,000170_10.png,000171_10.png,6,2,0,-4,-0.29309342801570892,-0.20875340700149536,0.084340021014213562,0,1,0.64340679347515106
gate,H2_seed1,11,horizontal,2,000170_10.png,000171_10.png,1,2,0,1,-0.29292741417884827,-0.15070550143718719,0.14222191274166107,0,1,0.47999778389930725
gate,H2_seed1,11,horizontal,2,000170_10.png,000171_10.png,2,3,0,1,-0.25360886752605438,-0.1364368200302124,0.11717204749584198,0,1,0.44352011382579803
gate,H2_seed1,11,horizontal,2,000170_10.png,000171_10.png,3,4,0,1,-0.24614596366882324,-0.21453431248664856,0.031611651182174683,0,1,0.47714643925428391
gate,H2_seed1,11,horizontal,2,000170_10.png,000171_10.png,4,5,0,1,-0.27322632074356079,-0.14864128828048706,0.12458503246307373,0,1,0.47670668363571167
gate,H2_seed1,11,horizontal,2,000170_10.png,000171_10.png,5,6,0,1,-0.27947652339935303,-0.12620285898447037,0.15327366441488266,0,1,0.46622341871261597
gate,H2_seed1,11,horizontal,2,000170_10.png,000171_10.png,6,7,0,1,-0.28181609511375427,-0.11643604934215546,0.16538004577159882,0,1,0.53307496011257172
gate,H2_seed1,12,horizontal,2,000170_10.png,000171_10.png,1,2,0,1,-0.1731351912021637,-0.15538281947374344,0.017752371728420258,0,1,0.366352379322052
gate,H2_seed1,12,horizontal,2,000170_10.png,000171_10.png,2,4,0,2,-0.17148606479167938,-0.16686004400253296,0.0046260207891464233,0,1,0.29442553222179413
gate,H2_seed1,12,horizontal,2,000170_10.png,000171_10.png,3,4,0,1,-0.25820069015026093,-0.15736528486013412,0.1008354052901268,0,1,0.39735056459903717
gate,H2_seed1,12,horizontal,2,000170_10.png,000171_10.png,4,5,0,1,-0.21563592553138733,-0.17594590783119202,0.039690017700195312,0,1,0.46999634802341461
gate,H2_seed1,12,horizontal,2,000170_10.png,000171_10.png,5,5,1,0,-0.17113129794597626,-0.15848574042320251,0.012645557522773743,0,1,0.36459798365831375
gate,H2_seed1,12,horizontal,2,000170_10.png,000171_10.png,6,7,0,1,-0.21068042516708374,-0.17490161210298538,0.035778813064098358,0,1,0.37828695774078369
gate,H2_seed1,13,horizontal,2,000170_10.png,000171_10.png,1,7,0,6,-0.2877776175737381,-0.144410640001297,0.1433669775724411,0,1,0.68430748581886292
gate,H2_seed1,13,horizontal,2,000170_10.png,000171_10.png,2,8,0,6,-0.29402507841587067,-0.092733927071094513,0.20129115134477615,0,1,0.55718530714511871
gate,H2_seed1,13,horizontal,2,000170_10.png,000171_10.png,3,9,0,6,-0.26626981794834137,-0.21737650036811829,0.048893317580223083,0,1,0.50538313388824463
gate,H2_seed1,13,horizontal,2,000170_10.png,000171_10.png,4,10,0,6,-0.24495274573564529,-0.15048285573720932,0.094469889998435974,0,1,0.44164379686117172
gate,H2_seed1,13,horizontal,2,000170_10.png,000171_10.png,5,10,0,5,-0.16253197193145752,-0.12805263698101044,0.034479334950447083,0,1,0.34122039377689362
gate,H2_seed1,13,horizontal,2,000170_10.png,000171_10.png,6,9,0,3,-0.11808283627033234,-0.1093885600566864,0.0086942762136459351,0,1,0.30877561122179031
gate,H2_seed1,14,horizontal,2,000170_10.png,000171_10.png,1,3,0,2,-0.20126500725746155,-0.10832816362380981,0.092936843633651733,0,1,0.502322718501091
gate,H2_seed1,14,horizontal,2,000170_10.png,000171_10.png,2,4,0,2,-0.24871792644262314,-0.16515925526618958,0.083558671176433563,0,1,0.5329272672533989
gate,H2_seed1,14,horizontal,2,000170_10.png,000171_10.png,3,5,0,2,-0.24325761198997498,-0.16453799605369568,0.078719615936279297,0,1,0.49378743767738342
gate,H2_seed1,14,horizontal,2,000170_10.png,000171_10.png,4,6,0,2,-0.20442068576812744,-0.071720197796821594,0.13270048797130585,0,1,0.36170604825019836
gate,H2_seed1,14,horizontal,2,000170_10.png,000171_10.png,5,7,0,2,-0.23269926011562347,-0.091030504554510117,0.14166875556111336,0,1,0.41771052777767181
gate,H2_seed1,14,horizontal,2,000170_10.png,000171_10.png,6,8,0,2,-0.22533965110778809,-0.13483819365501404,0.090501457452774048,0,1,0.39209915697574615
gate,H2_seed1,15,horizontal,2,000170_10.png,000171_10.png,1,2,0,1,-0.31926789879798889,-0.23839449882507324,0.080873399972915649,0,1,0.5503474622964859
gate,H2_seed1,15,horizontal,2,000170_10.png,000171_10.png,2,3,0,1,-0.35431993007659912,-0.30432857573032379,0.04999135434627533,0,1,0.59501484036445618
gate,H2_seed1,15,horizontal,2,000170_10.png,000171_10.png,3,4,0,1,-0.35753253102302551,-0.35651111602783203,0.0010214149951934814,0,1,0.63604423403739929
gate,H2_seed1,15,horizontal,2,000170_10.png,000171_10.png,4,4,1,0,-0.37185555696487427,-0.35888604819774628,0.012969508767127991,0,1,0.65206468105316162
gate,H2_seed1,15,horizontal,2,000170_10.png,000171_10.png,5,5,1,0,-0.39334172010421753,-0.33778496086597443,0.055556759238243103,0,1,0.71412205696105957
gate,H2_seed1,15,horizontal,2,000170_10.png,000171_10.png,6,6,1,0,-0.42804315686225891,-0.3542395681142807,0.07380358874797821,0,1,0.70836275815963745
gate,H2_seed1,16,horizontal,2,000170_10.png,000171_10.png,1,8,0,7,-0.17471452057361603,-0.12973490357398987,0.04497961699962616,0,1,0.43147061765193939
gate,H2_seed1,16,horizontal,2,000170_10.png,000171_10.png,2,9,0,7,-0.16534149646759033,-0.13156378269195557,0.033777713775634766,0,1,0.44762049615383148
gate,H2_seed1,16,horizontal,2,000170_10.png,000171_10.png,3,10,0,7,-0.19226345419883728,-0.17053943872451782,0.021724015474319458,0,1,0.43029549717903137
gate,H2_seed1,16,horizontal,2,000170_10.png,000171_10.png,4,8,0,4,-0.20117628574371338,-0.17474242299795151,0.026433862745761871,0,1,0.45625704526901245
gate,H2_seed1,16,horizontal,2,000170_10.png,000171_10.png,5,3,0,-2,-0.22668308019638062,-0.17002645134925842,0.056656628847122192,0,1,0.49773076176643372
gate,H2_seed1,16,horizontal,2,000170_10.png,000171_10.png,6,4,0,-2,-0.20124140381813049,-0.1251690536737442,0.076072350144386292,0,1,0.41253889352083206
gate,H2_seed1,17,horizontal,2,000170_10.png,000171_10.png,1,2,0,1,-0.20686843991279602,-0.20522076636552811,0.0016476735472679138,0,1,0.36994215846061707
gate,H2_seed1,17,horizontal,2,000170_10.png,000171_10.png,2,1,0,-1,-0.44718050956726074,-0.3302454948425293,0.11693501472473145,0,1,0.67781735956668854
gate,H2_seed1,17,horizontal,2,000170_10.png,000171_10.png,3,1,0,-2,-0.40373887121677399,-0.37598788738250732,0.027750983834266663,0,1,0.67625971138477325
gate,H2_seed1,17,horizontal,2,000170_10.png,000171_10.png,4,4,1,0,-0.36815246939659119,-0.34564976394176483,0.022502705454826355,0,1,0.63847897946834564
gate,H2_seed1,17,horizontal,2,000170_10.png,000171_10.png,5,4,0,-1,-0.34244804084300995,-0.31719973683357239,0.025248304009437561,0,1,0.62879545986652374
gate,H2_seed1,17,horizontal,2,000170_10.png,000171_10.png,6,5,0,-1,-0.32999300956726074,-0.27942545711994171,0.050567552447319031,0,1,0.6085154116153717
gate,H2_seed1,18,horizontal,2,000170_10.png,000171_10.png,1,2,0,1,-0.22144666314125061,-0.18426847457885742,0.037178188562393188,0,1,0.45172116160392761
gate,H2_seed1,18,horizontal,2,000170_10.png,000171_10.png,2,3,0,1,-0.2188706248998642,-0.20473663508892059,0.014133989810943604,0,1,0.43636501580476761
gate,H2_seed1,18,horizontal,2,000170_10.png,000171_10.png,3,4,0,1,-0.2310715988278389,-0.19216787070035934,0.038903728127479553,0,1,0.42684738337993622
gate,H2_seed1,18,horizontal,2,000170_10.png,000171_10.png,4,5,0,1,-0.20923317968845367,-0.16286209225654602,0.046371087431907654,0,1,0.40853118896484375
gate,H2_seed1,18,horizontal,2,000170_10.png,000171_10.png,5,6,0,1,-0.20248071849346161,-0.17848482728004456,0.023995891213417053,0,1,0.41511678695678711
gate,H2_seed1,18,horizontal,2,000170_10.png,000171_10.png,6,7,0,1,-0.18219278752803802,-0.16851633787155151,0.013676449656486511,0,1,0.41603739559650421
gate,H2_seed1,19,horizontal,2,000170_10.png,000171_10.png,1,3,0,2,-0.26137270033359528,-0.13455137610435486,0.12682132422924042,0,1,0.64752249419689178
gate,H2_seed1,19,horizontal,2,000170_10.png,000171_10.png,2,4,0,2,-0.29967829585075378,-0.14175347238779068,0.1579248234629631,0,1,0.51007315516471863
gate,H2_seed1,19,horizontal,2,000170_10.png,000171_10.png,3,5,0,2,-0.26956786215305328,-0.10178671404719353,0.16778114810585976,0,1,0.46766757965087891
gate,H2_seed1,19,horizontal,2,000170_10.png,000171_10.png,4,6,0,2,-0.26676952838897705,-0.1261247992515564,0.14064472913742065,0,1,0.53399947285652161
gate,H2_seed1,19,horizontal,2,000170_10.png,000171_10.png,5,7,0,2,-0.26506662368774414,-0.12706867605447769,0.13799794763326645,0,1,0.52651889622211456
gate,H2_seed1,19,horizontal,2,000170_10.png,000171_10.png,6,8,0,2,-0.25755524635314941,-0.092265412211418152,0.16528983414173126,0,1,0.49562800675630569
gate,H2_seed1,20,horizontal,2,000170_10.png,000171_10.png,1,0,0,-1,-0.2539990246295929,-0.18283957242965698,0.071159452199935913,0,1,0.5293336808681488
gate,H2_seed1,20,horizontal,2,000170_10.png,000171_10.png,2,0,0,-2,-0.24899834394454956,-0.23215077817440033,0.016847565770149231,0,1,0.48809590935707092
gate,H2_seed1,20,horizontal,2,000170_10.png,000171_10.png,3,6,0,3,-0.2553488165140152,-0.11775650829076767,0.13759230822324753,0,1,0.45621961355209351
gate,H2_seed1,20,horizontal,2,000170_10.png,000171_10.png,4,7,0,3,-0.20511642098426819,-0.12630313634872437,0.078813284635543823,0,1,0.41874845325946808
gate,H2_seed1,20,horizontal,2,000170_10.png,000171_10.png,5,3,0,-2,-0.11417858302593231,-0.11007619649171829,0.0041023865342140198,0,1,0.31217101216316223
gate,H2_seed1,20,horizontal,2,000170_10.png,000171_10.png,6,9,0,3,-0.22917976975440979,-0.11532878875732422,0.11385098099708557,0,1,0.48920050263404846
gate,H2_seed1,21,horizontal,2,000170_10.png,000171_10.png,1,11,0,10,-0.26991176605224609,-0.24199879169464111,0.02791297435760498,0,1,0.79340323805809021
gate,H2_seed1,21,horizontal,2,000170_10.png,000171_10.png,2,9,0,7,-0.26184715330600739,-0.25578376650810242,0.0060633867979049683,0,1,0.73419405519962311
gate,H2_seed1,21,horizontal,2,000170_10.png,000171_10.png,3,10,0,7,-0.29219502210617065,-0.24664366245269775,0.0455513596534729,0,1,0.62992247939109802
gate,H2_seed1,21,horizontal,2,000170_10.png,000171_10.png,4,11,0,7,-0.23500829935073853,-0.22467827796936035,0.010330021381378174,0,1,0.55501455068588257
gate,H2_seed1,21,horizontal,2,000170_10.png,000171_10.png,5,1,0,-4,-0.25532080233097076,-0.22540032863616943,0.029920473694801331,0,1,0.57310016453266144
gate,H2_seed1,21,horizontal,2,000170_10.png,000171_10.png,6,2,0,-4,-0.2725583016872406,-0.18511003255844116,0.087448269128799438,0,1,0.55743205547332764
gate,H2_seed1,22,horizontal,2,000170_10.png,000171_10.png,1,1,1,0,-0.75938841700553894,-0.48896907269954681,0.27041934430599213,0,1,1.0256920605897903
gate,H2_seed1,22,horizontal,2,000170_10.png,000171_10.png,2,1,0,-1,-0.55007806420326233,-0.47717376053333282,0.072904303669929504,0,1,0.8039860725402832
gate,H2_seed1,22,horizontal,2,000170_10.png,000171_10.png,3,2,0,-1,-0.52013292908668518,-0.45537774264812469,0.064755186438560486,0,1,0.73704005777835846
gate,H2_seed1,22,horizontal,2,000170_10.png,000171_10.png,4,3,0,-1,-0.554231196641922,-0.45192268490791321,0.10230851173400879,0,1,0.78170877695083618
gate,H2_seed1,22,horizontal,2,000170_10.png,000171_10.png,5,4,0,-1,-0.56843981146812439,-0.48149949312210083,0.08694031834602356,0,1,0.82896910607814789
gate,H2_seed1,22,horizontal,2,000170_10.png,000171_10.png,6,5,0,-1,-0.53299030661582947,-0.50125947594642639,0.031730830669403076,0,1,0.76892685890197754
gate,H2_seed1,23,horizontal,2,000170_10.png,000171_10.png,1,11,0,10,-0.19923770427703857,-0.16581291705369949,0.033424787223339081,0,1,0.50552579760551453
gate,H2_seed1,23,horizontal,2,000170_10.png,000171_10.png,2,9,0,7,-0.19729220867156982,-0.18508040904998779,0.012211799621582031,0,1,0.55640952289104462
gate,H2_seed1,23,horizontal,2,000170_10.png,000171_10.png,3,10,0,7,-0.22470466792583466,-0.20227538049221039,0.022429287433624268,0,1,0.53147804737091064
gate,H2_seed1,23,horizontal,2,000170_10.png,000171_10.png,4,10,0,6,-0.24789437651634216,-0.13688243925571442,0.11101193726062775,0,1,0.54376378655433655
gate,H2_seed1,23,horizontal,2,000170_10.png,000171_10.png,5,10,0,5,-0.21278750896453857,-0.14661549031734467,0.066172018647193909,0,1,0.45145757496356964
gate,H2_seed1,23,horizontal,2,000170_10.png,000171_10.png,6,10,0,4,-0.15463840961456299,-0.15283763408660889,0.0018007755279541016,0,1,0.37062761187553406
gate,H2_seed1,24,horizontal,2,000170_10.png,000171_10.png,1,11,0,10,-0.20118346065282822,-0.19080522656440735,0.010378234088420868,0,1,0.5783575251698494
gate,H2_seed1,24,horizontal,2,000170_10.png,000171_10.png,2,7,0,5,-0.19710231572389603,-0.15573173016309738,0.041370585560798645,0,1,0.43735922127962112
gate,H2_seed1,24,horizontal,2,000170_10.png,000171_10.png,3,8,0,5,-0.15380601584911346,-0.11824428290128708,0.035561732947826385,0,1,0.35324034839868546
gate,H2_seed1,24,horizontal,2,000170_10.png,000171_10.png,4,11,0,7,-0.18134105205535889,-0.15178301930427551,0.029558032751083374,0,1,0.4559658020734787
gate,H2_seed1,24,horizontal,2,000170_10.png,000171_10.png,5,10,0,5,-0.25029592216014862,-0.15551303327083588,0.094782888889312744,0,1,0.52473016083240509
gate,H2_seed1,24,horizontal,2,000170_10.png,000171_10.png,6,11,0,5,-0.20690476894378662,-0.17653360962867737,0.030371159315109253,0,1,0.49850177764892578
gate,H2_seed1,25,horizontal,2,000170_10.png,000171_10.png,1,2,0,1,-0.27819718420505524,-0.14216406643390656,0.13603311777114868,0,1,0.536037877202034
gate,H2_seed1,25,horizontal,2,000170_10.png,000171_10.png,2,8,0,6,-0.14607784152030945,-0.12950970232486725,0.0165681391954422,0,1,0.45279407501220703
gate,H2_seed1,25,horizontal,2,000170_10.png,000171_10.png,3,6,0,3,-0.14801904559135437,-0.13495227694511414,0.013066768646240234,0,1,0.47447003424167633
gate,H2_seed1,25,horizontal,2,000170_10.png,000171_10.png,4,5,0,1,-0.19372682273387909,-0.19126805663108826,0.0024587661027908325,0,1,0.39479683339595795
gate,H2_seed1,25,horizontal,2,000170_10.png,000171_10.png,5,6,0,1,-0.2415679395198822,-0.20174556970596313,0.039822369813919067,0,1,0.48570531606674194
gate,H2_seed1,25,horizontal,2,000170_10.png,000171_10.png,6,7,0,1,-0.24318663775920868,-0.14545813202857971,0.097728505730628967,0,1,0.45477919280529022
gate,H2_seed1,26,horizontal,2,000170_10.png,000171_10.png,1,4,0,3,-0.26773478090763092,-0.11548177152872086,0.15225300937891006,0,1,0.42200520634651184
gate,H2_seed1,26,horizontal,2,000170_10.png,000171_10.png,2,5,0,3,-0.2442830353975296,-0.20357483625411987,0.040708199143409729,0,1,0.42456115782260895
gate,H2_seed1,26,horizontal,2,000170_10.png,000171_10.png,3,6,0,3,-0.23989203572273254,-0.23166021704673767,0.008231818675994873,0,1,0.47866520285606384
gate,H2_seed1,26,horizontal,2,000170_10.png,000171_10.png,4,7,0,3,-0.24563688039779663,-0.14503805339336395,0.10059882700443268,0,1,0.39609769731760025
gate,H2_seed1,26,horizontal,2,000170_10.png,000171_10.png,5,8,0,3,-0.1782844141125679,-0.16908007860183716,0.0092043355107307434,0,1,0.31994816660881042
gate,H2_seed1,26,horizontal,2,000170_10.png,000171_10.png,6,9,0,3,-0.16918827593326569,-0.13399283587932587,0.035195440053939819,0,1,0.31134785711765289
gate,H2_seed1,27,horizontal,2,000170_10.png,000171_10.png,1,1,1,0,-0.3942159116268158,-0.11701148748397827,0.27720442414283752,0,1,0.58047716319561005
gate,H2_seed1,27,horizontal,2,000170_10.png,000171_10.png,2,2,1,0,-0.38683474063873291,-0.19107609987258911,0.1957586407661438,0,1,0.5979866087436676
gate,H2_seed1,27,horizontal,2,000170_10.png,000171_10.png,3,3,1,0,-0.41506463289260864,-0.18905191123485565,0.22601272165775299,0,1,0.60247498750686646
gate,H2_seed1,27,horizontal,2,000170_10.png,000171_10.png,4,4,1,0,-0.3759961724281311,-0.23541025817394257,0.14058591425418854,0,1,0.5613463819026947
gate,H2_seed1,27,horizontal,2,000170_10.png,000171_10.png,5,5,1,0,-0.34132803976535797,-0.2329816147685051,0.10834642499685287,0,1,0.51823375374078751
gate,H2_seed1,27,horizontal,2,000170_10.png,000171_10.png,6,6,1,0,-0.36143329739570618,-0.23182961344718933,0.12960368394851685,0,1,0.53419988602399826
gate,H2_seed1,28,horizontal,2,000170_10.png,000171_10.png,1,1,1,0,-0.29504238069057465,-0.27251534163951874,0.022527039051055908,0,1,0.50123421847820282
gate,H2_seed1,28,horizontal,2,000170_10.png,000171_10.png,2,3,0,1,-0.30684967339038849,-0.24086816608905792,0.065981507301330566,0,1,0.52395175397396088
gate,H2_seed1,28,horizontal,2,000170_10.png,000171_10.png,3,4,0,1,-0.27625688910484314,-0.23118549585342407,0.045071393251419067,0,1,0.50908786058425903
gate,H2_seed1,28,horizontal,2,000170_10.png,000171_10.png,4,5,0,1,-0.25357465445995331,-0.19966348260641098,0.053911171853542328,0,1,0.4975484311580658
gate,H2_seed1,28,horizontal,2,000170_10.png,000171_10.png,5,6,0,1,-0.2182643860578537,-0.13522402942180634,0.083040356636047363,0,1,0.4586443156003952
gate,H2_seed1,28,horizontal,2,000170_10.png,000171_10.png,6,7,0,1,-0.25397248566150665,-0.23325657844543457,0.020715907216072083,0,1,0.52446626126766205
gate,H2_seed1,29,horizontal,2,000170_10.png,000171_10.png,1,4,0,3,-0.29598575830459595,-0.14999146014451981,0.14599429816007614,0,1,0.56791380047798157
gate,H2_seed1,29,horizontal,2,000170_10.png,000171_10.png,2,5,0,3,-0.22666548192501068,-0.099900871515274048,0.12676461040973663,0,1,0.45494051277637482
gate,H2_seed1,29,horizontal,2,000170_10.png,000171_10.png,3,6,0,3,-0.21922394633293152,-0.11516216397285461,0.1040617823600769,0,1,0.47119542956352234
gate,H2_seed1,29,horizontal,2,000170_10.png,000171_10.png,4,8,0,4,-0.21158809214830399,-0.20658701658248901,0.0050010755658149719,0,1,0.42458483576774597
gate,H2_seed1,29,horizontal,2,000170_10.png,000171_10.png,5,9,0,4,-0.26727549731731415,-0.26010420918464661,0.0071712881326675415,0,1,0.48111917078495026
gate,H2_seed1,29,horizontal,2,000170_10.png,000171_10.png,6,9,0,3,-0.28216961026191711,-0.26970586180686951,0.012463748455047607,0,1,0.52509376406669617
gate,H2_seed1,30,horizontal,2,000170_10.png,000171_10.png,1,1,1,0,-0.5608704686164856,-0.23905432224273682,0.32181614637374878,0,1,0.75898803770542145
gate,H2_seed1,30,horizontal,2,000170_10.png,000171_10.png,2,2,1,0,-0.48930972814559937,-0.2281588613986969,0.26115086674690247,0,1,0.75387373566627502
gate,H2_seed1,30,horizontal,2,000170_10.png,000171_10.png,3,3,1,0,-0.51027509570121765,-0.21205970644950867,0.29821538925170898,0,1,0.70813821256160736
gate,H2_seed1,30,horizontal,2,000170_10.png,000171_10.png,4,4,1,0,-0.47202955186367035,-0.19756635278463364,0.27446319907903671,0,1,0.70923966914415359
gate,H2_seed1,30,horizontal,2,000170_10.png,000171_10.png,5,5,1,0,-0.47018536925315857,-0.18746131658554077,0.2827240526676178,0,1,0.73345297574996948
gate,H2_seed1,30,horizontal,2,000170_10.png,000171_10.png,6,6,1,0,-0.4604785293340683,-0.23075607419013977,0.22972245514392853,0,1,0.69281604886054993
gate,H2_seed1,31,horizontal,2,000170_10.png,000171_10.png,1,1,1,0,-0.40732938051223755,-0.2608247846364975,0.14650459587574005,0,1,0.62130845338106155
gate,H2_seed1,31,horizontal,2,000170_10.png,000171_10.png,2,5,0,3,-0.21827910095453262,-0.20469814538955688,0.013580955564975739,0,1,0.40393117815256119
gate,H2_seed1,31,horizontal,2,000170_10.png,000171_10.png,3,1,0,-2,-0.22344329953193665,-0.18414102494716644,0.039302274584770203,0,1,0.39358037710189819
gate,H2_seed1,31,horizontal,2,000170_10.png,000171_10.png,4,5,0,1,-0.18711616098880768,-0.12827085703611374,0.058845303952693939,0,1,0.34669704735279083
gate,H2_seed1,31,horizontal,2,000170_10.png,000171_10.png,5,6,0,1,-0.19069092720746994,-0.18530698120594025,0.0053839460015296936,0,1,0.36707144230604172
gate,H2_seed1,31,horizontal,2,000170_10.png,000171_10.png,6,9,0,3,-0.21955534815788269,-0.2120780348777771,0.0074773132801055908,0,1,0.36394074559211731
gate,H2_seed1,0,horizontal,3,000172_10.png,000173_10.png,1,0,0,-1,-0.15582741796970367,-0.15507346391677856,0.00075395405292510986,0,1,0.28755857050418854
gate,H2_seed1,0,horizontal,3,000172_10.png,000173_10.png,2,1,0,-1,-0.26867608726024628,-0.17837405204772949,0.090302035212516785,0,1,0.37815062701702118
gate,H2_seed1,0,horizontal,3,000172_10.png,000173_10.png,3,2,0,-1,-0.26043762266635895,-0.21804261207580566,0.042395010590553284,0,1,0.41456907987594604
gate,H2_seed1,0,horizontal,3,000172_10.png,000173_10.png,4,3,0,-1,-0.31296968460083008,-0.21468020230531693,0.098289482295513153,0,1,0.49825271964073181
gate,H2_seed1,0,horizontal,3,000172_10.png,000173_10.png,5,7,0,2,-0.25214390456676483,-0.24955248832702637,0.0025914162397384644,0,1,0.41678480803966522
gate,H2_seed1,0,horizontal,3,000172_10.png,000173_10.png,6,8,0,2,-0.25271490216255188,-0.20585930347442627,0.04685559868812561,0,1,0.47665746510028839
gate,H2_seed1,1,horizontal,3,000172_10.png,000173_10.png,1,3,0,2,-0.33350884914398193,-0.25950279831886292,0.074006050825119019,0,1,0.48994794487953186
gate,H2_seed1,1,horizontal,3,000172_10.png,000173_10.png,2,4,0,2,-0.33636185526847839,-0.28044234216213226,0.05591951310634613,0,1,0.51026256382465363
gate,H2_seed1,1,horizontal,3,000172_10.png,000173_10.png,3,5,0,2,-0.32668942213058472,-0.29550552368164062,0.031183898448944092,0,1,0.64793559908866882
gate,H2_seed1,1,horizontal,3,000172_10.png,000173_10.png,4,6,0,2,-0.31038069725036621,-0.29062740504741669,0.019753292202949524,0,1,0.601846843957901
gate,H2_seed1,1,horizontal,3,000172_10.png,000173_10.png,5,7,0,2,-0.29178979992866516,-0.2393532395362854,0.052436560392379761,0,1,0.68362699449062347
gate,H2_seed1,1,horizontal,3,000172_10.png,000173_10.png,6,8,0,2,-0.27097600698471069,-0.22151213139295578,0.049463875591754913,0,1,0.6715368777513504
gate,H2_seed1,2,horizontal,3,000172_10.png,000173_10.png,1,4,0,3,-0.16430211067199707,-0.13397223502397537,0.030329875648021698,0,1,0.48607906699180603
gate,H2_seed1,2,horizontal,3,000172_10.png,000173_10.png,2,3,0,1,-0.18526899814605713,-0.17126330733299255,0.014005690813064575,0,1,0.61689981818199158
gate,H2_seed1,2,horizontal,3,000172_10.png,000173_10.png,3,4,0,1,-0.17135505378246307,-0.16883361339569092,0.0025214403867721558,0,1,0.63385133445262909
gate,H2_seed1,2,horizontal,3,000172_10.png,000173_10.png,4,5,0,1,-0.23164742439985275,-0.17560791224241257,0.056039512157440186,0,1,0.64307998865842819
gate,H2_seed1,2,horizontal,3,000172_10.png,000173_10.png,5,1,0,-4,-0.24608281254768372,-0.23865959048271179,0.0074232220649719238,0,1,0.70594495534896851
gate,H2_seed1,2,horizontal,3,000172_10.png,000173_10.png,6,7,0,1,-0.22183404862880707,-0.19129382073879242,0.030540227890014648,0,1,0.67594027519226074
gate,H2_seed1,3,horizontal,3,000172_10.png,000173_10.png,1,2,0,1,-0.26070114970207214,-0.23919014632701874,0.021511003375053406,0,1,0.46628324687480927
gate,H2_seed1,3,horizontal,3,000172_10.png,000173_10.png,2,6,0,4,-0.22620734572410583,-0.20915883779525757,0.017048507928848267,0,1,0.40745440125465393
gate,H2_seed1,3,horizontal,3,000172_10.png,000173_10.png,3,4,0,1,-0.23476953059434891,-0.21188579499721527,0.022883735597133636,0,1,0.42711897194385529
gate,H2_seed1,3,horizontal,3,000172_10.png,000173_10.png,4,5,0,1,-0.23975372314453125,-0.118429034948349,0.12132468819618225,0,1,0.4379734992980957
gate,H2_seed1,3,horizontal,3,000172_10.png,000173_10.png,5,6,0,1,-0.22930416464805603,-0.13610687106847763,0.0931972935795784,0,1,0.45995740592479706
gate,H2_seed1,3,horizontal,3,000172_10.png,000173_10.png,6,7,0,1,-0.21759054064750671,-0.1093820333480835,0.10820850729942322,0,1,0.34564891457557678
gate,H2_seed1,4,horizontal,3,000172_10.png,000173_10.png,1,2,0,1,-0.51481521129608154,-0.27652466297149658,0.23829054832458496,0,1,0.93483051657676697
gate,H2_seed1,4,horizontal,3,000172_10.png,000173_10.png,2,3,0,1,-0.49880261719226837,-0.25638590753078461,0.24241670966148376,0,1,0.93968687951564789
gate,H2_seed1,4,horizontal,3,000172_10.png,000173_10.png,3,4,0,1,-0.50476735830307007,-0.26166233420372009,0.24310502409934998,0,1,0.9331991970539093
gate,H2_seed1,4,horizontal,3,000172_10.png,000173_10.png,4,5,0,1,-0.50499007105827332,-0.2445051521062851,0.26048491895198822,0,1,0.83043035864830017
gate,H2_seed1,4,horizontal,3,000172_10.png,000173_10.png,5,6,0,1,-0.48869745433330536,-0.21750036627054214,0.27119708806276321,0,1,0.75261647999286652
gate,H2_seed1,4,horizontal,3,000172_10.png,000173_10.png,6,7,0,1,-0.43067973852157593,-0.17002137005329132,0.26065836846828461,0,1,0.72694538533687592
gate,H2_seed1,5,horizontal,3,000172_10.png,000173_10.png,1,2,0,1,-0.3177197128534317,-0.16195122897624969,0.15576848387718201,0,1,0.57572726905345917
gate,H2_seed1,5,horizontal,3,000172_10.png,000173_10.png,2,3,0,1,-0.18747206032276154,-0.14065420627593994,0.046817854046821594,0,1,0.4866560697555542
gate,H2_seed1,5,horizontal,3,000172_10.png,000173_10.png,3,4,0,1,-0.23019431531429291,-0.15707507729530334,0.073119238018989563,0,1,0.53114618360996246
gate,H2_seed1,5,horizontal,3,000172_10.png,000173_10.png,4,5,0,1,-0.24794301390647888,-0.1668037474155426,0.081139266490936279,0,1,0.49515247344970703
gate,H2_seed1,5,horizontal,3,000172_10.png,000173_10.png,5,6,0,1,-0.25593298673629761,-0.18055674433708191,0.075376242399215698,0,1,0.47735832631587982
gate,H2_seed1,5,horizontal,3,000172_10.png,000173_10.png,6,7,0,1,-0.23725122213363647,-0.13630379736423492,0.10094742476940155,0,1,0.43694962561130524
gate,H2_seed1,6,horizontal,3,000172_10.png,000173_10.png,1,0,0,-1,-0.16777276992797852,-0.15822894871234894,0.0095438212156295776,0,1,0.38642078638076782
gate,H2_seed1,6,horizontal,3,000172_10.png,000173_10.png,2,8,0,6,-0.15424416959285736,-0.14030683040618896,0.013937339186668396,0,1,0.41939345002174377
gate,H2_seed1,6,horizontal,3,000172_10.png,000173_10.png,3,10,0,7,-0.13505154848098755,-0.11414529383182526,0.020906254649162292,0,1,0.41765801608562469
gate,H2_seed1,6,horizontal,3,000172_10.png,000173_10.png,4,0,0,-4,-0.17193460464477539,-0.13087831437587738,0.04105629026889801,0,1,0.44278411567211151
gate,H2_seed1,6,horizontal,3,000172_10.png,000173_10.png,5,5,1,0,-0.14058504998683929,-0.12778878211975098,0.012796267867088318,0,1,0.37920063734054565
gate,H2_seed1,6,horizontal,3,000172_10.png,000173_10.png,6,6,1,0,-0.14235751330852509,-0.12719917297363281,0.015158340334892273,0,1,0.36818558722734451
gate,H2_seed1,7,horizontal,3,000172_10.png,000173_10.png,1,2,0,1,-0.40380680561065674,-0.19340836256742477,0.21039844304323196,0,1,0.60182631015777588
gate,H2_seed1,7,horizontal,3,000172_10.png,000173_10.png,2,3,0,1,-0.41261991858482361,-0.23855414986610413,0.17406576871871948,0,1,0.64164048433303833
gate,H2_seed1,7,horizontal,3,000172_10.png,000173_10.png,3,4,0,1,-0.40312248468399048,-0.20399636030197144,0.19912612438201904,0,1,0.65125344693660736
gate,H2_seed1,7,horizontal,3,000172_10.png,000173_10.png,4,5,0,1,-0.39376045763492584,-0.17945948243141174,0.2143009752035141,0,1,0.60610318928956985
gate,H2_seed1,7,horizontal,3,000172_10.png,000173_10.png,5,6,0,1,-0.38134770095348358,-0.16956065595149994,0.21178704500198364,0,1,0.62661153078079224
gate,H2_seed1,7,horizontal,3,000172_10.png,000173_10.png,6,7,0,1,-0.34114676713943481,-0.14204517006874084,0.19910159707069397,0,1,0.52600017189979553
gate,H2_seed1,8,horizontal,3,000172_10.png,000173_10.png,1,3,0,2,-0.29481422901153564,-0.22766652703285217,0.067147701978683472,0,1,0.44755784422159195
gate,H2_seed1,8,horizontal,3,000172_10.png,000173_10.png,2,4,0,2,-0.28926245868206024,-0.17571296542882919,0.11354949325323105,0,1,0.47786398231983185
gate,H2_seed1,8,horizontal,3,000172_10.png,000173_10.png,3,5,0,2,-0.27194672822952271,-0.15664666891098022,0.11530005931854248,0,1,0.40225951373577118
gate,H2_seed1,8,horizontal,3,000172_10.png,000173_10.png,4,6,0,2,-0.31211353838443756,-0.20393405854701996,0.1081794798374176,0,1,0.6831546425819397
gate,H2_seed1,8,horizontal,3,000172_10.png,000173_10.png,5,7,0,2,-0.30161811411380768,-0.19957123696804047,0.10204687714576721,0,1,0.66740989685058594
gate,H2_seed1,8,horizontal,3,000172_10.png,000173_10.png,6,8,0,2,-0.24895724654197693,-0.16875410079956055,0.080203145742416382,0,1,0.55038751661777496
gate,H2_seed1,9,horizontal,3,000172_10.png,000173_10.png,1,4,0,3,-0.20435984432697296,-0.2023991122841835,0.0019607320427894592,0,1,0.41199852526187897
gate,H2_seed1,9,horizontal,3,000172_10.png,000173_10.png,2,7,0,5,-0.21918241679668427,-0.17863515019416809,0.040547266602516174,0,1,0.47224944829940796
gate,H2_seed1,9,horizontal,3,000172_10.png,000173_10.png,3,8,0,5,-0.21915586292743683,-0.17150771617889404,0.047648146748542786,0,1,0.44266171753406525
gate,H2_seed1,9,horizontal,3,000172_10.png,000173_10.png,4,9,0,5,-0.20145639777183533,-0.14128395915031433,0.060172438621520996,0,1,0.42798400670289993
gate,H2_seed1,9,horizontal,3,000172_10.png,000173_10.png,5,10,0,5,-0.14101642370223999,-0.13180045038461685,0.0092159733176231384,0,1,0.39931148290634155
gate,H2_seed1,9,horizontal,3,000172_10.png,000173_10.png,6,9,0,3,-0.13934303820133209,-0.13337388634681702,0.0059691518545150757,0,1,0.41618004441261292
gate,H2_seed1,10,horizontal,3,000172_10.png,000173_10.png,1,7,0,6,-0.26632645726203918,-0.2635943591594696,0.0027320981025695801,0,1,0.6224752813577652
gate,H2_seed1,10,horizontal,3,000172_10.png,000173_10.png,2,8,0,6,-0.29250985383987427,-0.24660232663154602,0.045907527208328247,0,1,0.62317310273647308
gate,H2_seed1,10,horizontal,3,000172_10.png,000173_10.png,3,9,0,6,-0.34475000202655792,-0.28292003273963928,0.06182996928691864,0,1,0.63983602821826935
gate,H2_seed1,10,horizontal,3,000172_10.png,000173_10.png,4,9,0,5,-0.26472076773643494,-0.22907041013240814,0.035650357604026794,0,1,0.5443471223115921
gate,H2_seed1,10,horizontal,3,000172_10.png,000173_10.png,5,8,0,3,-0.18300145864486694,-0.18180495500564575,0.0011965036392211914,0,1,0.45724263787269592
gate,H2_seed1,10,horizontal,3,000172_10.png,000173_10.png,6,1,0,-5,-0.24724894762039185,-0.13440519571304321,0.11284375190734863,0,1,0.53426291048526764
gate,H2_seed1,11,horizontal,3,000172_10.png,000173_10.png,1,2,0,1,-0.13791332393884659,-0.13001248240470886,0.0079008415341377258,0,1,0.3580157607793808
gate,H2_seed1,11,horizontal,3,000172_10.png,000173_10.png,2,9,0,7,-0.17534226179122925,-0.13771776854991913,0.03762449324131012,0,1,0.34192224591970444
gate,H2_seed1,11,horizontal,3,000172_10.png,000173_10.png,3,1,0,-2,-0.20602390170097351,-0.12668251991271973,0.079341381788253784,0,1,0.35472845286130905
gate,H2_seed1,11,horizontal,3,000172_10.png,000173_10.png,4,8,0,4,-0.13975465297698975,-0.070879161357879639,0.068875491619110107,0,1,0.30636398494243622
gate,H2_seed1,11,horizontal,3,000172_10.png,000173_10.png,5,9,0,4,-0.14417672157287598,-0.076096564531326294,0.068080157041549683,0,1,0.37915277481079102
gate,H2_seed1,11,horizontal,3,000172_10.png,000173_10.png,6,9,0,3,-0.13588628172874451,-0.11178210377693176,0.024104177951812744,0,1,0.3348051980137825
gate,H2_seed1,12,horizontal,3,000172_10.png,000173_10.png,1,3,0,2,-0.27885690331459045,-0.27273258566856384,0.0061243176460266113,0,1,0.56647570431232452
gate,H2_seed1,12,horizontal,3,000172_10.png,000173_10.png,2,4,0,2,-0.31982271373271942,-0.27958710491657257,0.040235608816146851,0,1,0.61260493099689484
gate,H2_seed1,12,horizontal,3,000172_10.png,000173_10.png,3,5,0,2,-0.37167708575725555,-0.28182987868785858,0.089847207069396973,0,1,0.6131901741027832
gate,H2_seed1,12,horizontal,3,000172_10.png,000173_10.png,4,6,0,2,-0.38028213381767273,-0.31633645296096802,0.063945680856704712,0,1,0.54973705112934113
gate,H2_seed1,12,horizontal,3,000172_10.png,000173_10.png,5,7,0,2,-0.27548827230930328,-0.25154146552085876,0.023946806788444519,0,1,0.48490223288536072
gate,H2_seed1,12,horizontal,3,000172_10.png,000173_10.png,6,8,0,2,-0.22570827603340149,-0.20242108404636383,0.023287191987037659,0,1,0.43983377516269684
gate,H2_seed1,13,horizontal,3,000172_10.png,000173_10.png,1,7,0,6,-0.13982699811458588,-0.12460367754101753,0.015223320573568344,0,1,0.57846330106258392
gate,H2_seed1,13,horizontal,3,000172_10.png,000173_10.png,2,9,0,7,-0.18094271421432495,-0.10085910558700562,0.080083608627319336,0,1,0.51074311137199402
gate,H2_seed1,13,horizontal,3,000172_10.png,000173_10.png,3,9,0,6,-0.23109027743339539,-0.18879787623882294,0.042292401194572449,0,1,0.52030731737613678
gate,H2_seed1,13,horizontal,3,000172_10.png,000173_10.png,4,10,0,6,-0.21339154243469238,-0.09721037745475769,0.11618116497993469,0,1,0.44324259459972382
gate,H2_seed1,13,horizontal,3,000172_10.png,000173_10.png,5,0,0,-5,-0.15231746435165405,-0.10256249457597733,0.049754969775676727,0,1,0.43315610289573669
gate,H2_seed1,13,horizontal,3,000172_10.png,000173_10.png,6,1,0,-5,-0.21301630884408951,-0.19343660771846771,0.019579701125621796,0,1,0.45104237645864487
gate,H2_seed1,14,horizontal,3,000172_10.png,000173_10.png,1,10,0,9,-0.24718266725540161,-0.17823925614356995,0.068943411111831665,0,1,0.6193983405828476
gate,H2_seed1,14,horizontal,3,000172_10.png,000173_10.png,2,3,0,1,-0.22199669480323792,-0.18076608330011368,0.041230611503124237,0,1,0.5191151350736618
gate,H2_seed1,14,horizontal,3,000172_10.png,000173_10.png,3,4,0,1,-0.17928539216518402,-0.16428922861814499,0.014996163547039032,0,1,0.4006030410528183
gate,H2_seed1,14,horizontal,3,000172_10.png,000173_10.png,4,0,0,-4,-0.23973466455936432,-0.22761134803295135,0.012123316526412964,0,1,0.54620739817619324
gate,H2_seed1,14,horizontal,3,000172_10.png,000173_10.png,5,2,0,-3,-0.19362148642539978,-0.17771801352500916,0.015903472900390625,0,1,0.37463103234767914
gate,H2_seed1,14,horizontal,3,000172_10.png,000173_10.png,6,3,0,-3,-0.23929817974567413,-0.21497800201177597,0.024320177733898163,0,1,0.58486199378967285
gate,H2_seed1,15,horizontal,3,000172_10.png,000173_10.png,1,2,0,1,-0.51062405109405518,-0.32853853702545166,0.18208551406860352,0,1,0.96658322215080261
gate,H2_seed1,15,horizontal,3,000172_10.png,000173_10.png,2,3,0,1,-0.50777971744537354,-0.41042795777320862,0.097351759672164917,0,1,0.92654809355735779
gate,H2_seed1,15,horizontal,3,000172_10.png,000173_10.png,3,4,0,1,-0.53624218702316284,-0.42083340883255005,0.11540877819061279,0,1,0.95504383742809296
gate,H2_seed1,15,horizontal,3,000172_10.png,000173_10.png,4,5,0,1,-0.51287233829498291,-0.41235330700874329,0.10051903128623962,0,1,0.9425160139799118
gate,H2_seed1,15,horizontal,3,000172_10.png,000173_10.png,5,6,0,1,-0.49446222186088562,-0.37999151647090912,0.1144707053899765,0,1,0.73200079798698425
gate,H2_seed1,15,horizontal,3,000172_10.png,000173_10.png,6,7,0,1,-0.44640748202800751,-0.35732156038284302,0.08908592164516449,0,1,0.78826825320720673
gate,H2_seed1,16,horizontal,3,000172_10.png,000173_10.png,1,7,0,6,-0.1862461119890213,-0.1045602560043335,0.081685855984687805,0,1,0.32795469462871552
gate,H2_seed1,16,horizontal,3,000172_10.png,000173_10.png,2,8,0,6,-0.1861845850944519,-0.094051003456115723,0.092133581638336182,0,1,0.36951109766960144
gate,H2_seed1,16,horizontal,3,000172_10.png,000173_10.png,3,9,0,6,-0.1607983261346817,-0.10253004729747772,0.058268278837203979,0,1,0.43859626352787018
gate,H2_seed1,16,horizontal,3,000172_10.png,000173_10.png,4,2,0,-2,-0.17623564600944519,-0.16926733404397964,0.0069683119654655457,0,1,0.50766336917877197
gate,H2_seed1,16,horizontal,3,000172_10.png,000173_10.png,5,3,0,-2,-0.24483309686183929,-0.16335071623325348,0.081482380628585815,0,1,0.54440441727638245
gate,H2_seed1,16,horizontal,3,000172_10.png,000173_10.png,6,4,0,-2,-0.24090711772441864,-0.1370089128613472,0.10389820486307144,0,1,0.4683205783367157
gate,H2_seed1,17,horizontal,3,000172_10.png,000173_10.png,1,8,0,7,-0.18150995671749115,-0.12515687942504883,0.056353077292442322,0,1,0.51211687922477722
gate,H2_seed1,17,horizontal,3,000172_10.png,000173_10.png,2,0,0,-2,-0.39593654870986938,-0.34976866841316223,0.046167880296707153,0,1,0.83901405334472656
gate,H2_seed1,17,horizontal,3,000172_10.png,000173_10.png,3,1,0,-2,-0.51923719048500061,-0.29141795635223389,0.22781923413276672,0,1,0.97997108101844788
gate,H2_seed1,17,horizontal,3,000172_10.png,000173_10.png,4,2,0,-2,-0.43037331104278564,-0.34417548775672913,0.086197823286056519,0,1,0.88126294314861298
gate,H2_seed1,17,horizontal,3,000172_10.png,000173_10.png,5,3,0,-2,-0.43726000189781189,-0.27332882583141327,0.16393117606639862,0,1,0.84813293814659119
gate,H2_seed1,17,horizontal,3,000172_10.png,000173_10.png,6,4,0,-2,-0.37754340469837189,-0.21402505040168762,0.16351835429668427,0,1,0.77855589985847473
gate,H2_seed1,18,horizontal,3,000172_10.png,000173_10.png,1,2,0,1,-0.43668359518051147,-0.24484848976135254,0.19183510541915894,0,1,0.68326282501220703
gate,H2_seed1,18,horizontal,3,000172_10.png,000173_10.png,2,2,1,0,-0.36317576467990875,-0.33439776301383972,0.028778001666069031,0,1,0.60612256824970245
gate,H2_seed1,18,horizontal,3,000172_10.png,000173_10.png,3,3,1,0,-0.37160450220108032,-0.29134011268615723,0.080264389514923096,0,1,0.65502557158470154
gate,H2_seed1,18,horizontal,3,000172_10.png,000173_10.png,4,4,1,0,-0.31606563925743103,-0.26276293396949768,0.05330270528793335,0,1,0.59118965268135071
gate,H2_seed1,18,horizontal,3,000172_10.png,000173_10.png,5,5,1,0,-0.34094828367233276,-0.26233682036399841,0.078611463308334351,0,1,0.57366536557674408
gate,H2_seed1,18,horizontal,3,000172_10.png,000173_10.png,6,6,1,0,-0.3665350079536438,-0.28979039192199707,0.076744616031646729,0,1,0.6289139986038208
gate,H2_seed1,19,horizontal,3,000172_10.png,000173_10.png,1,4,0,3,-0.44046555459499359,-0.23373867571353912,0.20672687888145447,0,1,0.83855591714382172
gate,H2_seed1,19,horizontal,3,000172_10.png,000173_10.png,2,5,0,3,-0.38569891452789307,-0.25873219966888428,0.12696671485900879,0,1,0.67702911794185638
gate,H2_seed1,19,horizontal,3,000172_10.png,000173_10.png,3,6,0,3,-0.34452158212661743,-0.25552065670490265,0.089000925421714783,0,1,0.6499590277671814
gate,H2_seed1,19,horizontal,3,000172_10.png,000173_10.png,4,7,0,3,-0.34980301558971405,-0.23641538619995117,0.11338762938976288,0,1,0.70449225604534149
gate,H2_seed1,19,horizontal,3,000172_10.png,000173_10.png,5,8,0,3,-0.2679036557674408,-0.20442068576812744,0.063482969999313354,0,1,0.61449322104454041
gate,H2_seed1,19,horizontal,3,000172_10.png,000173_10.png,6,9,0,3,-0.24685907363891602,-0.20700690895318985,0.039852164685726166,0,1,0.59034503996372223
gate,H2_seed1,20,horizontal,3,000172_10.png,000173_10.png,1,0,0,-1,-0.44561043381690979,-0.17827048152685165,0.26733995229005814,0,1,0.77677029371261597
gate,H2_seed1,20,horizontal,3,000172_10.png,000173_10.png,2,0,0,-2,-0.25638854503631592,-0.21519504487514496,0.041193500161170959,0,1,0.52900008857250214
gate,H2_seed1,20,horizontal,3,000172_10.png,000173_10.png,3,8,0,5,-0.20259575545787811,-0.18757458031177521,0.015021175146102905,0,1,0.44775538146495819
gate,H2_seed1,20,horizontal,3,000172_10.png,000173_10.png,4,3,0,-1,-0.25349245965480804,-0.16345050930976868,0.090041950345039368,0,1,0.4894140362739563
gate,H2_seed1,20,horizontal,3,000172_10.png,000173_10.png,5,4,0,-1,-0.26807209849357605,-0.20167632400989532,0.066395774483680725,0,1,0.42111198604106903
gate,H2_seed1,20,horizontal,3,000172_10.png,000173_10.png,6,4,0,-2,-0.22980529069900513,-0.21521711349487305,0.01458817720413208,0,1,0.44713777303695679
gate,H2_seed1,21,horizontal,3,000172_10.png,000173_10.png,1,7,0,6,-0.4295104444026947,-0.36152079701423645,0.067989647388458252,0,1,1.1479497253894806
gate,H2_seed1,21,horizontal,3,000172_10.png,000173_10.png,2,7,0,5,-0.39343945682048798,-0.37993979454040527,0.013499662280082703,0,1,0.8958704024553299
gate,H2_seed1,21,horizontal,3,000172_10.png,000173_10.png,3,8,0,5,-0.39657747745513916,-0.3826497346162796,0.013927742838859558,0,1,0.83552423119544983
gate,H2_seed1,21,horizontal,3,000172_10.png,000173_10.png,4,9,0,5,-0.45760813355445862,-0.33451305329799652,0.1230950802564621,0,1,0.88312366604804993
gate,H2_seed1,21,horizontal,3,000172_10.png,000173_10.png,5,10,0,5,-0.37725874781608582,-0.20727740973234177,0.16998133808374405,0,1,0.73798173666000366
gate,H2_seed1,21,horizontal,3,000172_10.png,000173_10.png,6,1,0,-5,-0.34936134517192841,-0.28574572503566742,0.063615620136260986,0,1,0.72159992158412933
gate,H2_seed1,22,horizontal,3,000172_10.png,000173_10.png,1,1,1,0,-0.86607292294502258,-0.52383440732955933,0.34223851561546326,0,1,1.2127187252044678
gate,H2_seed1,22,horizontal,3,000172_10.png,000173_10.png,2,2,1,0,-0.59857767820358276,-0.5564345121383667,0.042143166065216064,0,1,0.97937901318073273
gate,H2_seed1,22,horizontal,3,000172_10.png,000173_10.png,3,3,1,0,-0.59765803813934326,-0.45148372650146484,0.14617431163787842,0,1,0.91243478655815125
gate,H2_seed1,22,horizontal,3,000172_10.png,000173_10.png,4,4,1,0,-0.61675852537155151,-0.44523796439170837,0.17152056097984314,0,1,0.84021642804145813
gate,H2_seed1,22,horizontal,3,000172_10.png,000173_10.png,5,5,1,0,-0.61596804857254028,-0.41506826877593994,0.20089977979660034,0,1,0.92289325594902039
gate,H2_seed1,22,horizontal,3,000172_10.png,000173_10.png,6,6,1,0,-0.61837232112884521,-0.41081221401691437,0.20756010711193085,0,1,0.86628568172454834
gate,H2_seed1,23,horizontal,3,000172_10.png,000173_10.png,1,7,0,6,-0.22295078635215759,-0.20730173587799072,0.01564905047416687,0,1,0.63901574909687042
gate,H2_seed1,23,horizontal,3,000172_10.png,000173_10.png,2,8,0,6,-0.23696017265319824,-0.22490087896585464,0.012059293687343597,0,1,0.69293250143527985
gate,H2_seed1,23,horizontal,3,000172_10.png,000173_10.png,3,8,0,5,-0.26714339852333069,-0.19717170298099518,0.06997169554233551,0,1,0.6449211984872818
gate,H2_seed1,23,horizontal,3,000172_10.png,000173_10.png,4,10,0,6,-0.25278007984161377,-0.21880610287189484,0.033973976969718933,0,1,0.64356973767280579
gate,H2_seed1,23,horizontal,3,000172_10.png,000173_10.png,5,10,0,5,-0.27820707857608795,-0.14454533159732819,0.13366174697875977,0,1,0.63775178790092468
gate,H2_seed1,23,horizontal,3,000172_10.png,000173_10.png,6,2,0,-4,-0.17449397593736649,-0.13492336869239807,0.039570607244968414,0,1,0.52686557918787003
gate,H2_seed1,24,horizontal,3,000172_10.png,000173_10.png,1,6,0,5,-0.21614742279052734,-0.19317424297332764,0.022973179817199707,0,1,0.57928630709648132
gate,H2_seed1,24,horizontal,3,000172_10.png,000173_10.png,2,9,0,7,-0.20418184995651245,-0.19297498464584351,0.011206865310668945,0,1,0.53524979948997498
gate,H2_seed1,24,horizontal,3,000172_10.png,000173_10.png,3,6,0,3,-0.16859608888626099,-0.16300575435161591,0.0055903345346450806,0,1,0.57059252262115479
gate,H2_seed1,24,horizontal,3,000172_10.png,000173_10.png,4,11,0,7,-0.22143805027008057,-0.21339109539985657,0.008046954870223999,0,1,0.62238889932632446
gate,H2_seed1,24,horizontal,3,000172_10.png,000173_10.png,5,2,0,-3,-0.18463018536567688,-0.18432225286960602,0.00030793249607086182,0,1,0.51254990696907043
gate,H2_seed1,24,horizontal,3,000172_10.png,000173_10.png,6,1,0,-5,-0.22754600644111633,-0.20409396290779114,0.023452043533325195,0,1,0.5666826069355011
gate,H2_seed1,25,horizontal,3,000172_10.png,000173_10.png,1,2,0,1,-0.35312764346599579,-0.14588160067796707,0.20724604278802872,0,1,0.54133196175098419
gate,H2_seed1,25,horizontal,3,000172_10.png,000173_10.png,2,3,0,1,-0.34093295037746429,-0.18495845794677734,0.15597449243068695,0,1,0.59688256680965424
gate,H2_seed1,25,horizontal,3,000172_10.png,000173_10.png,3,4,0,1,-0.32096937298774719,-0.1428411453962326,0.17812822759151459,0,1,0.68191647529602051
gate,H2_seed1,25,horizontal,3,000172_10.png,000173_10.png,4,5,0,1,-0.3086152970790863,-0.13152302801609039,0.17709226906299591,0,1,0.55799587070941925
gate,H2_seed1,25,horizontal,3,000172_10.png,000173_10.png,5,6,0,1,-0.31582184135913849,-0.24262695014476776,0.073194891214370728,0,1,0.60517548024654388
gate,H2_seed1,25,horizontal,3,000172_10.png,000173_10.png,6,7,0,1,-0.31291003525257111,-0.13752380013465881,0.17538623511791229,0,1,0.60920856893062592
gate,H2_seed1,26,horizontal,3,000172_10.png,000173_10.png,1,1,1,0,-0.17517775297164917,-0.046329796314239502,0.12884795665740967,0,1,0.29527091979980469
gate,H2_seed1,26,horizontal,3,000172_10.png,000173_10.png,2,2,1,0,-0.11654744297266006,-0.084280289709568024,0.032267153263092041,0,1,0.24889829009771347
gate,H2_seed1,26,horizontal,3,000172_10.png,000173_10.png,3,0,0,-3,-0.13190938532352448,-0.092769160866737366,0.039140224456787109,0,1,0.30433464050292969
gate,H2_seed1,26,horizontal,3,000172_10.png,000173_10.png,4,1,0,-3,-0.11953531950712204,-0.081722419708967209,0.037812899798154831,0,1,0.24410795420408249
gate,H2_seed1,26,horizontal,3,000172_10.png,000173_10.png,5,2,0,-3,-0.18756979703903198,-0.11107684671878815,0.076492950320243835,0,1,0.34449481964111328
gate,H2_seed1,26,horizontal,3,000172_10.png,000173_10.png,6,3,0,-3,-0.18874560296535492,-0.10003486275672913,0.088710740208625793,0,1,0.35737909376621246
gate,H2_seed1,27,horizontal,3,000172_10.png,000173_10.png,1,1,1,0,-0.56641045212745667,-0.17838090658187866,0.388029545545578,0,1,0.82332406938076019
gate,H2_seed1,27,horizontal,3,000172_10.png,000173_10.png,2,2,1,0,-0.52967867255210876,-0.28871519863605499,0.24096347391605377,0,1,0.78642949461936951
gate,H2_seed1,27,horizontal,3,000172_10.png,000173_10.png,3,3,1,0,-0.49601748585700989,-0.30633287131786346,0.18968461453914642,0,1,0.72564685344696045
gate,H2_seed1,27,horizontal,3,000172_10.png,000173_10.png,4,4,1,0,-0.48801781237125397,-0.30218417942523956,0.1858336329460144,0,1,0.69861645996570587
gate,H2_seed1,27,horizontal,3,000172_10.png,000173_10.png,5,5,1,0,-0.45836098492145538,-0.35769809782505035,0.10066288709640503,0,1,0.74754904210567474
gate,H2_seed1,27,horizontal,3,000172_10.png,000173_10.png,6,6,1,0,-0.45715051889419556,-0.37620657682418823,0.080943942070007324,0,1,0.64322298765182495
gate,H2_seed1,28,horizontal,3,000172_10.png,000173_10.png,1,1,1,0,-0.38478952646255493,-0.33908489346504211,0.045704632997512817,0,1,0.6756933331489563
gate,H2_seed1,28,horizontal,3,000172_10.png,000173_10.png,2,3,0,1,-0.3338564932346344,-0.32993906736373901,0.0039174258708953857,0,1,0.6500219851732254
gate,H2_seed1,28,horizontal,3,000172_10.png,000173_10.png,3,4,0,1,-0.29981949925422668,-0.2553432434797287,0.044476255774497986,0,1,0.6669030487537384
gate,H2_seed1,28,horizontal,3,000172_10.png,000173_10.png,4,5,0,1,-0.30312877893447876,-0.25582557916641235,0.047303199768066406,0,1,0.65096025168895721
gate,H2_seed1,28,horizontal,3,000172_10.png,000173_10.png,5,6,0,1,-0.27647045254707336,-0.23266995698213577,0.043800495564937592,0,1,0.61183904111385345
gate,H2_seed1,28,horizontal,3,000172_10.png,000173_10.png,6,7,0,1,-0.30083835124969482,-0.19684354215860367,0.10399480909109116,0,1,0.47183674573898315
gate,H2_seed1,29,horizontal,3,000172_10.png,000173_10.png,1,5,0,4,-0.18161430954933167,-0.10379105061292648,0.077823258936405182,0,1,0.33772650361061096
gate,H2_seed1,29,horizontal,3,000172_10.png,000173_10.png,2,1,0,-1,-0.18553195893764496,-0.17463808506727219,0.010893873870372772,0,1,0.34402137994766235
gate,H2_seed1,29,horizontal,3,000172_10.png,000173_10.png,3,2,0,-1,-0.30718713998794556,-0.1476275622844696,0.15955957770347595,0,1,0.52076549828052521
gate,H2_seed1,29,horizontal,3,000172_10.png,000173_10.png,4,8,0,4,-0.1608213409781456,-0.12771972268819809,0.03310161828994751,0,1,0.33233948796987534
gate,H2_seed1,29,horizontal,3,000172_10.png,000173_10.png,5,4,0,-1,-0.21334880590438843,-0.1621105968952179,0.051238209009170532,0,1,0.37561420351266861
gate,H2_seed1,29,horizontal,3,000172_10.png,000173_10.png,6,5,0,-1,-0.26922664046287537,-0.13794299960136414,0.13128364086151123,0,1,0.39723731577396393
gate,H2_seed1,30,horizontal,3,000172_10.png,000173_10.png,1,1,1,0,-0.5155271589756012,-0.41322022676467896,0.10230693221092224,0,1,0.88931414484977722
gate,H2_seed1,30,horizontal,3,000172_10.png,000173_10.png,2,2,1,0,-0.53583294153213501,-0.3981003612279892,0.13773258030414581,0,1,0.93558502197265625
gate,H2_seed1,30,horizontal,3,000172_10.png,000173_10.png,3,3,1,0,-0.48624014854431152,-0.32654443383216858,0.15969571471214294,0,1,0.83871151506900787
gate,H2_seed1,30,horizontal,3,000172_10.png,000173_10.png,4,4,1,0,-0.4658719003200531,-0.34094905853271484,0.12492284178733826,0,1,0.75293876230716705
gate,H2_seed1,30,horizontal,3,000172_10.png,000173_10.png,5,5,1,0,-0.46086016297340393,-0.39470362663269043,0.066156536340713501,0,1,0.77180466055870056
gate,H2_seed1,30,horizontal,3,000172_10.png,000173_10.png,6,6,1,0,-0.4553423672914505,-0.39376106858253479,0.06158129870891571,0,1,0.73390625417232513
gate,H2_seed1,31,horizontal,3,000172_10.png,000173_10.png,1,1,1,0,-0.28673240542411804,-0.12699203938245773,0.15974036604166031,0,1,0.58021499216556549
gate,H2_seed1,31,horizontal,3,000172_10.png,000173_10.png,2,0,0,-2,-0.15200543403625488,-0.12943848967552185,0.022566944360733032,0,1,0.41974818706512451
gate,H2_seed1,31,horizontal,3,000172_10.png,000173_10.png,3,1,0,-2,-0.21486243605613708,-0.11661351472139359,0.0982489213347435,0,1,0.46758829057216644
gate,H2_seed1,31,horizontal,3,000172_10.png,000173_10.png,4,2,0,-2,-0.18817810714244843,-0.11051306128501892,0.077665045857429504,0,1,0.33333027362823486
gate,H2_seed1,31,horizontal,3,000172_10.png,000173_10.png,5,3,0,-2,-0.16213203966617584,-0.14745168387889862,0.014680355787277222,0,1,0.35239720344543457
gate,H2_seed1,31,horizontal,3,000172_10.png,000173_10.png,6,9,0,3,-0.2553347647190094,-0.18103333562612534,0.074301429092884064,0,1,0.4343525618314743
gate,H2_seed1,0,horizontal,4,000174_10.png,000175_10.png,1,6,0,5,-0.21523493528366089,-0.084977418184280396,0.13025751709938049,0,1,0.35181009024381638
gate,H2_seed1,0,horizontal,4,000174_10.png,000175_10.png,2,1,0,-1,-0.18322306871414185,-0.17988772690296173,0.0033353418111801147,0,1,0.42305269837379456
gate,H2_seed1,0,horizontal,4,000174_10.png,000175_10.png,3,5,0,2,-0.24521973729133606,-0.14938634634017944,0.095833390951156616,0,1,0.36882141977548599
gate,H2_seed1,0,horizontal,4,000174_10.png,000175_10.png,4,6,0,2,-0.25466538965702057,-0.090436965227127075,0.16422842442989349,0,1,0.37959303334355354
gate,H2_seed1,0,horizontal,4,000174_10.png,000175_10.png,5,7,0,2,-0.25504410266876221,-0.041004180908203125,0.21403992176055908,0,1,0.34780213236808777
gate,H2_seed1,0,horizontal,4,000174_10.png,000175_10.png,6,8,0,2,-0.18866051733493805,-0.08782496303319931,0.10083555430173874,0,1,0.30552126467227936
gate,H2_seed1,1,horizontal,4,000174_10.png,000175_10.png,1,4,0,3,-0.29947294294834137,-0.16955137252807617,0.1299215704202652,0,1,0.5026150569319725
gate,H2_seed1,1,horizontal,4,000174_10.png,000175_10.png,2,5,0,3,-0.32075411081314087,-0.17791593074798584,0.14283818006515503,0,1,0.46525824069976807
gate,H2_seed1,1,horizontal,4,000174_10.png,000175_10.png,3,6,0,3,-0.32817688584327698,-0.23601809144020081,0.092158794403076172,0,1,0.5233563631772995
gate,H2_seed1,1,horizontal,4,000174_10.png,000175_10.png,4,7,0,3,-0.33102484047412872,-0.30618919432163239,0.024835646152496338,0,1,0.56004421412944794
gate,H2_seed1,1,horizontal,4,000174_10.png,000175_10.png,5,8,0,3,-0.32905212044715881,-0.31815335154533386,0.010898768901824951,0,1,0.59038043022155762
gate,H2_seed1,1,horizontal,4,000174_10.png,000175_10.png,6,9,0,3,-0.3708653599023819,-0.290397047996521,0.080468311905860901,0,1,0.62395372986793518
gate,H2_seed1,2,horizontal,4,000174_10.png,000175_10.png,1,2,0,1,-0.14310921728610992,-0.12573031336069107,0.017378903925418854,0,1,0.3728892058134079
gate,H2_seed1,2,horizontal,4,000174_10.png,000175_10.png,2,3,0,1,-0.22126582264900208,-0.16721044480800629,0.054055377840995789,0,1,0.6794886440038681
gate,H2_seed1,2,horizontal,4,000174_10.png,000175_10.png,3,4,0,1,-0.24511893093585968,-0.18611936271190643,0.058999568223953247,0,1,0.76168499886989594
gate,H2_seed1,2,horizontal,4,000174_10.png,000175_10.png,4,5,0,1,-0.28237307071685791,-0.21333605051040649,0.069037020206451416,0,1,0.85002267360687256
gate,H2_seed1,2,horizontal,4,000174_10.png,000175_10.png,5,6,0,1,-0.28118166327476501,-0.1937427744269371,0.087438888847827911,0,1,0.85330691933631897
gate,H2_seed1,2,horizontal,4,000174_10.png,000175_10.png,6,7,0,1,-0.28664831817150116,-0.21627791225910187,0.070370405912399292,0,1,0.83808504045009613
gate,H2_seed1,3,horizontal,4,000174_10.png,000175_10.png,1,2,0,1,-0.45552131533622742,0.0013240277767181396,0.45684534311294556,0,1,0.57780477032065392
gate,H2_seed1,3,horizontal,4,000174_10.png,000175_10.png,2,3,0,1,-0.41024285554885864,-0.13558298349380493,0.27465987205505371,0,1,0.51963841915130615
gate,H2_seed1,3,horizontal,4,000174_10.png,000175_10.png,3,4,0,1,-0.42832759022712708,-0.13543198257684708,0.29289560765028,0,1,0.57919073104858398
gate,H2_seed1,3,horizontal,4,000174_10.png,000175_10.png,4,5,0,1,-0.40098974108695984,-0.08023747056722641,0.32075227051973343,0,1,0.51936182379722595
gate,H2_seed1,3,horizontal,4,000174_10.png,000175_10.png,5,6,0,1,-0.39865046739578247,-0.10570721328258514,0.29294325411319733,0,1,0.57523924112319946
gate,H2_seed1,3,horizontal,4,000174_10.png,000175_10.png,6,7,0,1,-0.39615902304649353,-0.069505348801612854,0.32665367424488068,0,1,0.56250894814729691
gate,H2_seed1,4,horizontal,4,000174_10.png,000175_10.png,1,2,0,1,-0.32492172718048096,-0.14540490508079529,0.17951682209968567,0,1,0.51753348112106323
gate,H2_seed1,4,horizontal,4,000174_10.png,000175_10.png,2,3,0,1,-0.28009398281574249,-0.16986439377069473,0.11022958904504776,0,1,0.4700055718421936
gate,H2_seed1,4,horizontal,4,000174_10.png,000175_10.png,3,4,0,1,-0.22428961843252182,-0.16191829741001129,0.062371321022510529,0,1,0.40975410491228104
gate,H2_seed1,4,horizontal,4,000174_10.png,000175_10.png,4,5,0,1,-0.28642749786376953,-0.19740518182516098,0.089022316038608551,0,1,0.48136341571807861
gate,H2_seed1,4,horizontal,4,000174_10.png,000175_10.png,5,6,0,1,-0.2628127783536911,-0.22255602478981018,0.04025675356388092,0,1,0.44384635984897614
gate,H2_seed1,4,horizontal,4,000174_10.png,000175_10.png,6,7,0,1,-0.27315962314605713,-0.24123828113079071,0.031921342015266418,0,1,0.47071550786495209
gate,H2_seed1,5,horizontal,4,000174_10.png,000175_10.png,1,2,0,1,-0.28202350437641144,-0.15931931138038635,0.12270419299602509,0,1,0.47309969365596771
gate,H2_seed1,5,horizontal,4,000174_10.png,000175_10.png,2,3,0,1,-0.2963029146194458,-0.096319973468780518,0.19998294115066528,0,1,0.5172780305147171
gate,H2_seed1,5,horizontal,4,000174_10.png,000175_10.png,3,4,0,1,-0.2834898829460144,-0.17778969556093216,0.10570018738508224,0,1,0.55604197084903717
gate,H2_seed1,5,horizontal,4,000174_10.png,000175_10.png,4,5,0,1,-0.26052521169185638,-0.14813195168972015,0.11239326000213623,0,1,0.52262526750564575
gate,H2_seed1,5,horizontal,4,000174_10.png,000175_10.png,5,6,0,1,-0.18884791433811188,-0.17797776311635971,0.010870151221752167,0,1,0.37510299682617188
gate,H2_seed1,5,horizontal,4,000174_10.png,000175_10.png,6,8,0,2,-0.21080028265714645,-0.19847670197486877,0.012323580682277679,0,1,0.44495189934968948
gate,H2_seed1,6,horizontal,4,000174_10.png,000175_10.png,1,0,0,-1,-0.22481232881546021,-0.15750760585069656,0.067304722964763641,0,1,0.60561010241508484
gate,H2_seed1,6,horizontal,4,000174_10.png,000175_10.png,2,2,1,0,-0.15967386960983276,-0.15310134738683701,0.0065725222229957581,0,1,0.4797409325838089
gate,H2_seed1,6,horizontal,4,000174_10.png,000175_10.png,3,2,0,-1,-0.16725298762321472,-0.13161002844572067,0.035642959177494049,0,1,0.47486506402492523
gate,H2_seed1,6,horizontal,4,000174_10.png,000175_10.png,4,3,0,-1,-0.18391942977905273,-0.14315056800842285,0.040768861770629883,0,1,0.48698112368583679
gate,H2_seed1,6,horizontal,4,000174_10.png,000175_10.png,5,4,0,-1,-0.21968076378107071,-0.13824677467346191,0.081433989107608795,0,1,0.50238723307847977
gate,H2_seed1,6,horizontal,4,000174_10.png,000175_10.png,6,5,0,-1,-0.19423283636569977,-0.11981163173913956,0.074421204626560211,0,1,0.46289239823818207
gate,H2_seed1,7,horizontal,4,000174_10.png,000175_10.png,1,2,0,1,-0.12644597887992859,-0.087570883333683014,0.038875095546245575,0,1,0.2833009660243988
gate,H2_seed1,7,horizontal,4,000174_10.png,000175_10.png,2,4,0,2,-0.12757953256368637,-0.081436693668365479,0.046142838895320892,0,1,0.30248026549816132
gate,H2_seed1,7,horizontal,4,000174_10.png,000175_10.png,3,5,0,2,-0.1504555344581604,-0.1393008828163147,0.011154651641845703,0,1,0.38105596601963043
gate,H2_seed1,7,horizontal,4,000174_10.png,000175_10.png,4,5,0,1,-0.19136308133602142,-0.15246837586164474,0.038894705474376678,0,1,0.40926855057477951
gate,H2_seed1,7,horizontal,4,000174_10.png,000175_10.png,5,6,0,1,-0.20258033275604248,-0.14356857538223267,0.059011757373809814,0,1,0.40598246455192566
gate,H2_seed1,7,horizontal,4,000174_10.png,000175_10.png,6,7,0,1,-0.19911429286003113,-0.16159089654684067,0.03752339631319046,0,1,0.43772020936012268
gate,H2_seed1,8,horizontal,4,000174_10.png,000175_10.png,1,0,0,-1,-0.11198262870311737,-0.093561828136444092,0.018420800566673279,0,1,0.28559872508049011
gate,H2_seed1,8,horizontal,4,000174_10.png,000175_10.png,2,3,0,1,-0.16396667063236237,-0.08081807941198349,0.083148591220378876,0,1,0.27806007862091064
gate,H2_seed1,8,horizontal,4,000174_10.png,000175_10.png,3,4,0,1,-0.20191679894924164,-0.13777552545070648,0.064141273498535156,0,1,0.29611490666866302
gate,H2_seed1,8,horizontal,4,000174_10.png,000175_10.png,4,5,0,1,-0.2068549245595932,-0.04088515043258667,0.16596977412700653,0,1,0.34918378293514252
gate,H2_seed1,8,horizontal,4,000174_10.png,000175_10.png,5,6,0,1,-0.23192674666643143,-0.094004720449447632,0.1379220262169838,0,1,0.39216438680887222
gate,H2_seed1,8,horizontal,4,000174_10.png,000175_10.png,6,7,0,1,-0.20609265565872192,-0.096234746277332306,0.10985790938138962,0,1,0.38738012313842773
gate,H2_seed1,9,horizontal,4,000174_10.png,000175_10.png,1,10,0,9,-0.078386187553405762,-0.070041656494140625,0.0083445310592651367,0,1,0.24267195165157318
gate,H2_seed1,9,horizontal,4,000174_10.png,000175_10.png,2,3,0,1,-0.11958138644695282,-0.080166280269622803,0.039415106177330017,0,1,0.43218855559825897
gate,H2_seed1,9,horizontal,4,000174_10.png,000175_10.png,3,5,0,2,-0.11566537618637085,-0.093017756938934326,0.022647619247436523,0,1,0.45541158318519592
gate,H2_seed1,9,horizontal,4,000174_10.png,000175_10.png,4,6,0,2,-0.1456872895359993,-0.13828378915786743,0.0074035003781318665,0,1,0.57256750017404556
gate,H2_seed1,9,horizontal,4,000174_10.png,000175_10.png,5,9,0,4,-0.18864509463310242,-0.12987679243087769,0.058768302202224731,0,1,0.61637140810489655
gate,H2_seed1,9,horizontal,4,000174_10.png,000175_10.png,6,10,0,4,-0.20717853307723999,-0.16036708652973175,0.04681144654750824,0,1,0.67202678322792053
gate,H2_seed1,10,horizontal,4,000174_10.png,000175_10.png,1,6,0,5,-0.25242206454277039,-0.22169065475463867,0.030731409788131714,0,1,0.53996071219444275
gate,H2_seed1,10,horizontal,4,000174_10.png,000175_10.png,2,7,0,5,-0.28428789973258972,-0.24854827672243118,0.035739623010158539,0,1,0.66652077436447144
gate,H2_seed1,10,horizontal,4,000174_10.png,000175_10.png,3,8,0,5,-0.29298010468482971,-0.22870346903800964,0.064276635646820068,0,1,0.65740534663200378
gate,H2_seed1,10,horizontal,4,000174_10.png,000175_10.png,4,9,0,5,-0.27526560425758362,-0.23803658038377762,0.037229023873806,0,1,0.65114830434322357
gate,H2_seed1,10,horizontal,4,000174_10.png,000175_10.png,5,10,0,5,-0.29708373546600342,-0.21321567893028259,0.083868056535720825,0,1,0.65268637239933014
gate,H2_seed1,10,horizontal,4,000174_10.png,000175_10.png,6,2,0,-4,-0.20234271138906479,-0.18630370497703552,0.016039006412029266,0,1,0.50849398225545883
gate,H2_seed1,11,horizontal,4,000174_10.png,000175_10.png,1,2,0,1,-0.19137808680534363,-0.074346825480461121,0.11703126132488251,0,1,0.31226235628128052
gate,H2_seed1,11,horizontal,4,000174_10.png,000175_10.png,2,3,0,1,-0.21712232381105423,-0.073573395609855652,0.14354892820119858,0,1,0.28540489822626114
gate,H2_seed1,11,horizontal,4,000174_10.png,000175_10.png,3,4,0,1,-0.24322380125522614,-0.13736605644226074,0.10585774481296539,0,1,0.40788007527589798
gate,H2_seed1,11,horizontal,4,000174_10.png,000175_10.png,4,5,0,1,-0.27278320491313934,-0.096165075898170471,0.17661812901496887,0,1,0.50730657577514648
gate,H2_seed1,11,horizontal,4,000174_10.png,000175_10.png,5,6,0,1,-0.29844635725021362,-0.12884968519210815,0.16959667205810547,0,1,0.5408443808555603
gate,H2_seed1,11,horizontal,4,000174_10.png,000175_10.png,6,7,0,1,-0.27104803919792175,-0.1295912116765976,0.14145682752132416,0,1,0.54351316392421722
gate,H2_seed1,12,horizontal,4,000174_10.png,000175_10.png,1,1,1,0,-0.17107450217008591,-0.12804794311523438,0.043026559054851532,0,1,0.31655829399824142
gate,H2_seed1,12,horizontal,4,000174_10.png,000175_10.png,2,4,0,2,-0.18550605326890945,-0.175821453332901,0.0096845999360084534,0,1,0.32042210549116135
gate,H2_seed1,12,horizontal,4,000174_10.png,000175_10.png,3,5,0,2,-0.23763288557529449,-0.17849069833755493,0.059142187237739563,0,1,0.3876739963889122
gate,H2_seed1,12,horizontal,4,000174_10.png,000175_10.png,4,6,0,2,-0.25412698090076447,-0.22260859608650208,0.03151838481426239,0,1,0.48624607920646667
gate,H2_seed1,12,horizontal,4,000174_10.png,000175_10.png,5,5,1,0,-0.2540721595287323,-0.21885349601507187,0.035218663513660431,0,1,0.41552095860242844
gate,H2_seed1,12,horizontal,4,000174_10.png,000175_10.png,6,8,0,2,-0.24259421974420547,-0.22626464068889618,0.016329579055309296,0,1,0.49954856187105179
gate,H2_seed1,13,horizontal,4,000174_10.png,000175_10.png,1,9,0,8,-0.14825047552585602,-0.13187098503112793,0.016379490494728088,0,1,0.40531046688556671
gate,H2_seed1,13,horizontal,4,000174_10.png,000175_10.png,2,5,0,3,-0.14151108264923096,-0.091913081705570221,0.049598000943660736,0,1,0.34885665774345398
gate,H2_seed1,13,horizontal,4,000174_10.png,000175_10.png,3,6,0,3,-0.11199463158845901,-0.10386678576469421,0.008127845823764801,0,1,0.27754781395196915
gate,H2_seed1,13,horizontal,4,000174_10.png,000175_10.png,4,6,0,2,-0.10656672716140747,-0.10579212009906769,0.00077460706233978271,0,1,0.2914145439863205
gate,H2_seed1,13,horizontal,4,000174_10.png,000175_10.png,5,7,0,2,-0.12910938262939453,-0.12055914103984833,0.0085502415895462036,0,1,0.31644770503044128
gate,H2_seed1,13,horizontal,4,000174_10.png,000175_10.png,6,8,0,2,-0.11142000555992126,-0.083135932683944702,0.028284072875976562,0,1,0.26403388381004333
gate,H2_seed1,14,horizontal,4,000174_10.png,000175_10.png,1,2,0,1,-0.14582826197147369,-0.088994719088077545,0.056833542883396149,0,1,0.30572449415922165
gate,H2_seed1,14,horizontal,4,000174_10.png,000175_10.png,2,3,0,1,-0.24127723276615143,-0.14934238791465759,0.091934844851493835,0,1,0.48279790580272675
gate,H2_seed1,14,horizontal,4,000174_10.png,000175_10.png,3,4,0,1,-0.17514381557703018,-0.061690539121627808,0.11345327645540237,0,1,0.33592898398637772
gate,H2_seed1,14,horizontal,4,000174_10.png,000175_10.png,4,5,0,1,-0.19726239144802094,-0.17364245653152466,0.023619934916496277,0,1,0.34942425787448883
gate,H2_seed1,14,horizontal,4,000174_10.png,000175_10.png,5,6,0,1,-0.20572642982006073,-0.20046241581439972,0.0052640140056610107,0,1,0.34896375238895416
gate,H2_seed1,14,horizontal,4,000174_10.png,000175_10.png,6,7,0,1,-0.24603303521871567,-0.13151106238365173,0.11452197283506393,0,1,0.46820210665464401
gate,H2_seed1,15,horizontal,4,000174_10.png,000175_10.png,1,0,0,-1,-0.35792481899261475,-0.2590775191783905,0.098847299814224243,0,1,0.62127180397510529
gate,H2_seed1,15,horizontal,4,000174_10.png,000175_10.png,2,1,0,-1,-0.53192535042762756,-0.42413155734539032,0.10779379308223724,0,1,0.86391715705394745
gate,H2_seed1,15,horizontal,4,000174_10.png,000175_10.png,3,2,0,-1,-0.4573528915643692,-0.43742960691452026,0.019923284649848938,0,1,0.78385789692401886
gate,H2_seed1,15,horizontal,4,000174_10.png,000175_10.png,4,4,1,0,-0.49473285675048828,-0.47641345858573914,0.018319398164749146,0,1,0.82634598016738892
gate,H2_seed1,15,horizontal,4,000174_10.png,000175_10.png,5,5,1,0,-0.51026064157485962,-0.4938797652721405,0.016380876302719116,0,1,0.8285711407661438
gate,H2_seed1,15,horizontal,4,000174_10.png,000175_10.png,6,5,0,-1,-0.52403014898300171,-0.50022423267364502,0.023805916309356689,0,1,0.92361265420913696
gate,H2_seed1,16,horizontal,4,000174_10.png,000175_10.png,1,8,0,7,-0.19856039434671402,-0.13597546517848969,0.062584929168224335,0,1,0.43971274048089981
gate,H2_seed1,16,horizontal,4,000174_10.png,000175_10.png,2,3,0,1,-0.23561541736125946,-0.15569604188203812,0.079919375479221344,0,1,0.64950759708881378
gate,H2_seed1,16,horizontal,4,000174_10.png,000175_10.png,3,4,0,1,-0.22904019802808762,-0.1832510232925415,0.045789174735546112,0,1,0.65856374055147171
gate,H2_seed1,16,horizontal,4,000174_10.png,000175_10.png,4,5,0,1,-0.24583728611469269,-0.21292039752006531,0.03291688859462738,0,1,0.70254702866077423
gate,H2_seed1,16,horizontal,4,000174_10.png,000175_10.png,5,9,0,4,-0.30001655220985413,-0.22028550505638123,0.0797310471534729,0,1,0.76793603599071503
gate,H2_seed1,16,horizontal,4,000174_10.png,000175_10.png,6,7,0,1,-0.24009883403778076,-0.15988574922084808,0.080213084816932678,0,1,0.70129925012588501
gate,H2_seed1,17,horizontal,4,000174_10.png,000175_10.png,1,0,0,-1,-0.14186210185289383,-0.10594355314970016,0.035918548703193665,0,1,0.50665732473134995
gate,H2_seed1,17,horizontal,4,000174_10.png,000175_10.png,2,0,0,-2,-0.29668217897415161,-0.23441947251558304,0.062262706458568573,0,1,0.70927508175373077
gate,H2_seed1,17,horizontal,4,000174_10.png,000175_10.png,3,1,0,-2,-0.3622441440820694,-0.33331744372844696,0.028926700353622437,0,1,0.81493474543094635
gate,H2_seed1,17,horizontal,4,000174_10.png,000175_10.png,4,2,0,-2,-0.35480706393718719,-0.32012887299060822,0.034678190946578979,0,1,0.81766815483570099
gate,H2_seed1,17,horizontal,4,000174_10.png,000175_10.png,5,4,0,-1,-0.37228649854660034,-0.30397084355354309,0.068315654993057251,0,1,0.81127485632896423
gate,H2_seed1,17,horizontal,4,000174_10.png,000175_10.png,6,5,0,-1,-0.37917399406433105,-0.32493992149829865,0.05423407256603241,0,1,0.78142550587654114
gate,H2_seed1,18,horizontal,4,000174_10.png,000175_10.png,1,2,0,1,-0.24029890447854996,-0.17864131927490234,0.061657585203647614,0,1,0.40088055282831192
gate,H2_seed1,18,horizontal,4,000174_10.png,000175_10.png,2,3,0,1,-0.21612828969955444,-0.17249865829944611,0.043629631400108337,0,1,0.40681555867195129
gate,H2_seed1,18,horizontal,4,000174_10.png,000175_10.png,3,4,0,1,-0.20354358851909637,-0.19970691204071045,0.0038366764783859253,0,1,0.43224902451038361
gate,H2_seed1,18,horizontal,4,000174_10.png,000175_10.png,4,5,0,1,-0.20885535329580307,-0.19820529222488403,0.010650061070919037,0,1,0.44948741048574448
gate,H2_seed1,18,horizontal,4,000174_10.png,000175_10.png,5,5,1,0,-0.20455066859722137,-0.20183322578668594,0.0027174428105354309,0,1,0.45725239813327789
gate,H2_seed1,18,horizontal,4,000174_10.png,000175_10.png,6,6,1,0,-0.20843076705932617,-0.20538485050201416,0.0030459165573120117,0,1,0.40562167018651962
gate,H2_seed1,19,horizontal,4,000174_10.png,000175_10.png,1,4,0,3,-0.21250572055578232,-0.18623455613851547,0.026271164417266846,0,1,0.51362886279821396
gate,H2_seed1,19,horizontal,4,000174_10.png,000175_10.png,2,4,0,2,-0.24099423736333847,-0.21646296977996826,0.024531267583370209,0,1,0.44873111695051193
gate,H2_seed1,19,horizontal,4,000174_10.png,000175_10.png,3,5,0,2,-0.22113505750894547,-0.1954214870929718,0.025713570415973663,0,1,0.46962867677211761
gate,H2_seed1,19,horizontal,4,000174_10.png,000175_10.png,4,6,0,2,-0.21601592749357224,-0.21295921504497528,0.0030567124485969543,0,1,0.49847061187028885
gate,H2_seed1,19,horizontal,4,000174_10.png,000175_10.png,5,7,0,2,-0.20645089447498322,-0.20262548327445984,0.0038254112005233765,0,1,0.44829510897397995
gate,H2_seed1,19,horizontal,4,000174_10.png,000175_10.png,6,8,0,2,-0.2139417976140976,-0.1546618640422821,0.059279933571815491,0,1,0.47805580496788025
gate,H2_seed1,20,horizontal,4,000174_10.png,000175_10.png,1,4,0,3,-0.13705171644687653,-0.13544945418834686,0.0016022622585296631,0,1,0.46965621411800385
gate,H2_seed1,20,horizontal,4,000174_10.png,000175_10.png,2,5,0,3,-0.11492335051298141,-0.10647214949131012,0.0084512010216712952,0,1,0.43610795587301254
gate,H2_seed1,20,horizontal,4,000174_10.png,000175_10.png,3,9,0,6,-0.17571023106575012,-0.11333972215652466,0.062370508909225464,0,1,0.53958573937416077
gate,H2_seed1,20,horizontal,4,000174_10.png,000175_10.png,4,3,0,-1,-0.24058017879724503,-0.18253560364246368,0.058044575154781342,0,1,0.63344404846429825
gate,H2_seed1,20,horizontal,4,000174_10.png,000175_10.png,5,4,0,-1,-0.25375942885875702,-0.16148258745670319,0.092276841402053833,0,1,0.62541003525257111
gate,H2_seed1,20,horizontal,4,000174_10.png,000175_10.png,6,5,0,-1,-0.21321707963943481,-0.15633922815322876,0.056877851486206055,0,1,0.46668890118598938
gate,H2_seed1,21,horizontal,4,000174_10.png,000175_10.png,1,6,0,5,-0.22818896174430847,-0.13237309455871582,0.095815867185592651,0,1,0.7486957311630249
gate,H2_seed1,21,horizontal,4,000174_10.png,000175_10.png,2,7,0,5,-0.26610913872718811,-0.1701362133026123,0.095972925424575806,0,1,0.55935327708721161
gate,H2_seed1,21,horizontal,4,000174_10.png,000175_10.png,3,8,0,5,-0.27519893646240234,-0.13623382151126862,0.13896511495113373,0,1,0.52286170423030853
gate,H2_seed1,21,horizontal,4,000174_10.png,000175_10.png,4,9,0,5,-0.29235576093196869,-0.13485845923423767,0.15749730169773102,0,1,0.57253950834274292
gate,H2_seed1,21,horizontal,4,000174_10.png,000175_10.png,5,10,0,5,-0.32979582250118256,-0.13499325513839722,0.19480256736278534,0,1,0.61108370125293732
gate,H2_seed1,21,horizontal,4,000174_10.png,000175_10.png,6,2,0,-4,-0.14107196778059006,-0.14031871408224106,0.00075325369834899902,0,1,0.42998754233121872
gate,H2_seed1,22,horizontal,4,000174_10.png,000175_10.png,1,1,1,0,-0.63371533155441284,-0.44747704267501831,0.18623828887939453,0,1,0.89598256349563599
gate,H2_seed1,22,horizontal,4,000174_10.png,000175_10.png,2,2,1,0,-0.43192911148071289,-0.35527542233467102,0.07665368914604187,0,1,0.69268165528774261
gate,H2_seed1,22,horizontal,4,000174_10.png,000175_10.png,3,3,1,0,-0.45750764012336731,-0.33145095407962799,0.12605668604373932,0,1,0.71016630530357361
gate,H2_seed1,22,horizontal,4,000174_10.png,000175_10.png,4,4,1,0,-0.47311724722385406,-0.3354887068271637,0.13762854039669037,0,1,0.71240328252315521
gate,H2_seed1,22,horizontal,4,000174_10.png,000175_10.png,5,5,1,0,-0.50337293744087219,-0.29310403764247894,0.21026889979839325,0,1,0.72240424156188965
gate,H2_seed1,22,horizontal,4,000174_10.png,000175_10.png,6,6,1,0,-0.47119508683681488,-0.27982072532176971,0.19137436151504517,0,1,0.71633993089199066
gate,H2_seed1,23,horizontal,4,000174_10.png,000175_10.png,1,11,0,10,-0.13447421789169312,-0.12673217058181763,0.0077420473098754883,0,1,0.40331697463989258
gate,H2_seed1,23,horizontal,4,000174_10.png,000175_10.png,2,11,0,9,-0.18439531326293945,-0.16107112169265747,0.023324191570281982,0,1,0.57104231417179108
gate,H2_seed1,23,horizontal,4,000174_10.png,000175_10.png,3,11,0,8,-0.14530731737613678,-0.13978686928749084,0.0055204480886459351,0,1,0.4459390789270401
gate,H2_seed1,23,horizontal,4,000174_10.png,000175_10.png,4,10,0,6,-0.14828544855117798,-0.10318452119827271,0.045100927352905273,0,1,0.43293635547161102
gate,H2_seed1,23,horizontal,4,000174_10.png,000175_10.png,5,10,0,5,-0.16955769062042236,-0.10105343163013458,0.068504258990287781,0,1,0.46598196029663086
gate,H2_seed1,23,horizontal,4,000174_10.png,000175_10.png,6,2,0,-4,-0.15088991820812225,-0.14715833961963654,0.0037315785884857178,0,1,0.45775477588176727
gate,H2_seed1,24,horizontal,4,000174_10.png,000175_10.png,1,6,0,5,-0.18614977598190308,-0.15230569243431091,0.033844083547592163,0,1,0.57059654593467712
gate,H2_seed1,24,horizontal,4,000174_10.png,000175_10.png,2,10,0,8,-0.12605489790439606,-0.12302350252866745,0.0030313953757286072,0,1,0.37927694618701935
gate,H2_seed1,24,horizontal,4,000174_10.png,000175_10.png,3,10,0,7,-0.18279854953289032,-0.15707671642303467,0.025721833109855652,0,1,0.37133140861988068
gate,H2_seed1,24,horizontal,4,000174_10.png,000175_10.png,4,1,0,-3,-0.15450166165828705,-0.12667124718427658,0.027830414474010468,0,1,0.33566848933696747
gate,H2_seed1,24,horizontal,4,000174_10.png,000175_10.png,5,2,0,-3,-0.19645154476165771,-0.16276508569717407,0.033686459064483643,0,1,0.44098837673664093
gate,H2_seed1,24,horizontal,4,000174_10.png,000175_10.png,6,3,0,-3,-0.21633186936378479,-0.13341338187456131,0.08291848748922348,0,1,0.43882489204406738
gate,H2_seed1,25,horizontal,4,000174_10.png,000175_10.png,1,3,0,2,-0.24922570586204529,-0.22730807214975357,0.021917633712291718,0,1,0.43772965669631958
gate,H2_seed1,25,horizontal,4,000174_10.png,000175_10.png,2,3,0,1,-0.26123963296413422,-0.21673847734928131,0.044501155614852905,0,1,0.5730186253786087
gate,H2_seed1,25,horizontal,4,000174_10.png,000175_10.png,3,4,0,1,-0.23557459563016891,-0.13611898571252823,0.099455609917640686,0,1,0.63079547137022018
gate,H2_seed1,25,horizontal,4,000174_10.png,000175_10.png,4,5,0,1,-0.24808105826377869,-0.14083035290241241,0.10725070536136627,0,1,0.66144490242004395
gate,H2_seed1,25,horizontal,4,000174_10.png,000175_10.png,5,6,0,1,-0.24889762699604034,-0.15582820773124695,0.093069419264793396,0,1,0.6374293714761734
gate,H2_seed1,25,horizontal,4,000174_10.png,000175_10.png,6,7,0,1,-0.27075326442718506,-0.13164893537759781,0.13910432904958725,0,1,0.65660858154296875
gate,H2_seed1,26,horizontal,4,000174_10.png,000175_10.png,1,1,1,0,-0.18806759268045425,-0.069653823971748352,0.1184137687087059,0,1,0.33765853196382523
gate,H2_seed1,26,horizontal,4,000174_10.png,000175_10.png,2,2,1,0,-0.23999559879302979,-0.14502198249101639,0.094973616302013397,0,1,0.41597177088260651
gate,H2_seed1,26,horizontal,4,000174_10.png,000175_10.png,3,3,1,0,-0.1479840874671936,-0.11740831285715103,0.030575774610042572,0,1,0.38831125944852829
gate,H2_seed1,26,horizontal,4,000174_10.png,000175_10.png,4,8,0,4,-0.12503393366932869,-0.10903143137693405,0.016002502292394638,0,1,0.36324030533432961
gate,H2_seed1,26,horizontal,4,000174_10.png,000175_10.png,5,10,0,5,-0.15417675673961639,-0.083487853407859802,0.070688903331756592,0,1,0.33324265480041504
gate,H2_seed1,26,horizontal,4,000174_10.png,000175_10.png,6,3,0,-3,-0.09753119945526123,-0.094531863927841187,0.0029993355274200439,0,1,0.26956306397914886
gate,H2_seed1,27,horizontal,4,000174_10.png,000175_10.png,1,1,1,0,-0.42463263869285583,-0.10829158872365952,0.31634104996919632,0,1,0.59443577378988266
gate,H2_seed1,27,horizontal,4,000174_10.png,000175_10.png,2,2,1,0,-0.54162630438804626,-0.13284442573785782,0.40878187865018845,0,1,0.72119449079036713
gate,H2_seed1,27,horizontal,4,000174_10.png,000175_10.png,3,3,1,0,-0.51625674962997437,-0.15878820419311523,0.35746854543685913,0,1,0.70325106382369995
gate,H2_seed1,27,horizontal,4,000174_10.png,000175_10.png,4,4,1,0,-0.53732714056968689,-0.16759860515594482,0.36972853541374207,0,1,0.72942923009395599
gate,H2_seed1,27,horizontal,4,000174_10.png,000175_10.png,5,5,1,0,-0.55214709043502808,-0.20081278681755066,0.35133430361747742,0,1,0.75818566977977753
gate,H2_seed1,27,horizontal,4,000174_10.png,000175_10.png,6,6,1,0,-0.53682217001914978,-0.22581818699836731,0.31100398302078247,0,1,0.77756333351135254
gate,H2_seed1,28,horizontal,4,000174_10.png,000175_10.png,1,1,1,0,-0.31212276220321655,-0.31011968851089478,0.0020030736923217773,0,1,0.52984537929296494
gate,H2_seed1,28,horizontal,4,000174_10.png,000175_10.png,2,2,1,0,-0.31956851482391357,-0.25302964448928833,0.066538870334625244,0,1,0.56691500544548035
gate,H2_seed1,28,horizontal,4,000174_10.png,000175_10.png,3,3,1,0,-0.28743895888328552,-0.26748450100421906,0.019954457879066467,0,1,0.58120155334472656
gate,H2_seed1,28,horizontal,4,000174_10.png,000175_10.png,4,5,0,1,-0.28892672061920166,-0.27983708679676056,0.0090896338224411011,0,1,0.60240393877029419
gate,H2_seed1,28,horizontal,4,000174_10.png,000175_10.png,5,6,0,1,-0.3142426609992981,-0.27329322695732117,0.040949434041976929,0,1,0.54067660868167877
gate,H2_seed1,28,horizontal,4,000174_10.png,000175_10.png,6,7,0,1,-0.32887817919254303,-0.26157456636428833,0.0673036128282547,0,1,0.52592895925045013
gate,H2_seed1,29,horizontal,4,000174_10.png,000175_10.png,1,4,0,3,-0.16696150600910187,-0.13486149162054062,0.032100014388561249,0,1,0.38677158206701279
gate,H2_seed1,29,horizontal,4,000174_10.png,000175_10.png,2,1,0,-1,-0.19861698150634766,-0.17103855311870575,0.027578428387641907,0,1,0.45746079087257385
gate,H2_seed1,29,horizontal,4,000174_10.png,000175_10.png,3,2,0,-1,-0.27390050888061523,-0.15083703398704529,0.12306347489356995,0,1,0.51433221995830536
gate,H2_seed1,29,horizontal,4,000174_10.png,000175_10.png,4,3,0,-1,-0.20597068220376968,-0.12196167558431625,0.08400900661945343,0,1,0.4520166888833046
gate,H2_seed1,29,horizontal,4,000174_10.png,000175_10.png,5,9,0,4,-0.12702731788158417,-0.11330045759677887,0.013726860284805298,0,1,0.3595661073923111
gate,H2_seed1,29,horizontal,4,000174_10.png,000175_10.png,6,5,0,-1,-0.15604767948389053,-0.095292694866657257,0.060754984617233276,0,1,0.35638611763715744
gate,H2_seed1,30,horizontal,4,000174_10.png,000175_10.png,1,1,1,0,-0.40623320639133453,-0.31017759442329407,0.096055611968040466,0,1,0.64043749868869781
gate,H2_seed1,30,horizontal,4,000174_10.png,000175_10.png,2,2,1,0,-0.4051385223865509,-0.28397701680660248,0.12116150557994843,0,1,0.66251227259635925
gate,H2_seed1,30,horizontal,4,000174_10.png,000175_10.png,3,3,1,0,-0.37018464505672455,-0.29303345084190369,0.077151194214820862,0,1,0.64147539436817169
gate,H2_seed1,30,horizontal,4,000174_10.png,000175_10.png,4,4,1,0,-0.37067455053329468,-0.33915795385837555,0.031516596674919128,0,1,0.64825570583343506
gate,H2_seed1,30,horizontal,4,000174_10.png,000175_10.png,5,5,1,0,-0.39502742886543274,-0.38441853225231171,0.010608896613121033,0,1,0.68083544075489044
gate,H2_seed1,30,horizontal,4,000174_10.png,000175_10.png,6,5,0,-1,-0.41870146989822388,-0.40404956042766571,0.014651909470558167,0,1,0.65764378756284714
gate,H2_seed1,31,horizontal,4,000174_10.png,000175_10.png,1,4,0,3,-0.24360942840576172,-0.20076751708984375,0.042841911315917969,0,1,0.40229631960391998
gate,H2_seed1,31,horizontal,4,000174_10.png,000175_10.png,2,5,0,3,-0.21905022859573364,-0.14397598803043365,0.075074240565299988,0,1,0.42647600919008255
gate,H2_seed1,31,horizontal,4,000174_10.png,000175_10.png,3,6,0,3,-0.19037741422653198,-0.1436525285243988,0.046724885702133179,0,1,0.38173621892929077
gate,H2_seed1,31,horizontal,4,000174_10.png,000175_10.png,4,7,0,3,-0.18632183969020844,-0.13484954833984375,0.051472291350364685,0,1,0.3652893453836441
gate,H2_seed1,31,horizontal,4,000174_10.png,000175_10.png,5,8,0,3,-0.17591145634651184,-0.14101071655750275,0.034900739789009094,0,1,0.43036967515945435
gate,H2_seed1,31,horizontal,4,000174_10.png,000175_10.png,6,9,0,3,-0.21391206979751587,-0.1400475800037384,0.073864489793777466,0,1,0.43299870193004608
gate,H2_seed1,0,horizontal,5,000176_10.png,000177_10.png,1,1,1,0,-0.16213572025299072,-0.13960829377174377,0.022527426481246948,0,1,0.3269713819026947
gate,H2_seed1,0,horizontal,5,000176_10.png,000177_10.png,2,1,0,-1,-0.25209148228168488,-0.15838718414306641,0.093704298138618469,0,1,0.45456280559301376
gate,H2_seed1,0,horizontal,5,000176_10.png,000177_10.png,3,0,0,-3,-0.12190115451812744,-0.084104180335998535,0.037796974182128906,0,1,0.27393880486488342
gate,H2_seed1,0,horizontal,5,000176_10.png,000177_10.png,4,2,0,-2,-0.14150404930114746,-0.085243850946426392,0.056260198354721069,0,1,0.33384140580892563
gate,H2_seed1,0,horizontal,5,000176_10.png,000177_10.png,5,5,1,0,-0.14571838080883026,-0.1149100661277771,0.030808314681053162,0,1,0.31094814836978912
gate,H2_seed1,0,horizontal,5,000176_10.png,000177_10.png,6,6,1,0,-0.1140449196100235,-0.098503202199935913,0.015541717410087585,0,1,0.28807397186756134
gate,H2_seed1,1,horizontal,5,000176_10.png,000177_10.png,1,4,0,3,-0.32837852835655212,-0.24957017600536346,0.07880835235118866,0,1,0.53752990067005157
gate,H2_seed1,1,horizontal,5,000176_10.png,000177_10.png,2,4,0,2,-0.35746949911117554,-0.33490869402885437,0.022560805082321167,0,1,0.66840365529060364
gate,H2_seed1,1,horizontal,5,000176_10.png,000177_10.png,3,5,0,2,-0.37976329028606415,-0.37812291085720062,0.0016403794288635254,0,1,0.68576115369796753
gate,H2_seed1,1,horizontal,5,000176_10.png,000177_10.png,4,7,0,3,-0.38775433599948883,-0.37988877296447754,0.0078655630350112915,0,1,0.68814848363399506
gate,H2_seed1,1,horizontal,5,000176_10.png,000177_10.png,5,7,0,2,-0.37104839086532593,-0.3192964494228363,0.051751941442489624,0,1,0.6975841224193573
gate,H2_seed1,1,horizontal,5,000176_10.png,000177_10.png,6,8,0,2,-0.39445695281028748,-0.31300155818462372,0.081455394625663757,0,1,0.74382352828979492
gate,H2_seed1,2,horizontal,5,000176_10.png,000177_10.png,1,8,0,7,-0.2041008397936821,-0.1298220157623291,0.074278824031352997,0,1,0.4256705567240715
gate,H2_seed1,2,horizontal,5,000176_10.png,000177_10.png,2,9,0,7,-0.22287539392709732,-0.13625393807888031,0.08662145584821701,0,1,0.74734843522310257
gate,H2_seed1,2,horizontal,5,000176_10.png,000177_10.png,3,8,0,5,-0.18578070402145386,-0.16484105587005615,0.020939648151397705,0,1,0.6997687816619873
gate,H2_seed1,2,horizontal,5,000176_10.png,000177_10.png,4,9,0,5,-0.21206612884998322,-0.18469990789890289,0.027366220951080322,0,1,0.70815600454807281
gate,H2_seed1,2,horizontal,5,000176_10.png,000177_10.png,5,1,0,-4,-0.27230668067932129,-0.20616450905799866,0.066142171621322632,0,1,0.83666101098060608
gate,H2_seed1,2,horizontal,5,000176_10.png,000177_10.png,6,2,0,-4,-0.24067868292331696,-0.21434211730957031,0.026336565613746643,0,1,0.86403138935565948
gate,H2_seed1,3,horizontal,5,000176_10.png,000177_10.png,1,2,0,1,-0.43092659115791321,-0.1717291846871376,0.2591974064707756,0,1,0.72615857422351837
gate,H2_seed1,3,horizontal,5,000176_10.png,000177_10.png,2,3,0,1,-0.28673340380191803,-0.26034745573997498,0.026385948061943054,0,1,0.63008596003055573
gate,H2_seed1,3,horizontal,5,000176_10.png,000177_10.png,3,4,0,1,-0.31814034283161163,-0.18192185461521149,0.13621848821640015,0,1,0.61376972496509552
gate,H2_seed1,3,horizontal,5,000176_10.png,000177_10.png,4,5,0,1,-0.34206467866897583,-0.21607936918735504,0.12598530948162079,0,1,0.72372101247310638
gate,H2_seed1,3,horizontal,5,000176_10.png,000177_10.png,5,6,0,1,-0.30187590420246124,-0.21567192673683167,0.086203977465629578,0,1,0.63769866526126862
gate,H2_seed1,3,horizontal,5,000176_10.png,000177_10.png,6,7,0,1,-0.25381022691726685,-0.17923779785633087,0.074572429060935974,0,1,0.57042618095874786
gate,H2_seed1,4,horizontal,5,000176_10.png,000177_10.png,1,2,0,1,-0.3645128607749939,-0.24010481685400009,0.1244080439209938,0,1,0.70207244157791138
gate,H2_seed1,4,horizontal,5,000176_10.png,000177_10.png,2,3,0,1,-0.41293464601039886,-0.24161101877689362,0.17132362723350525,0,1,0.74391515552997589
gate,H2_seed1,4,horizontal,5,000176_10.png,000177_10.png,3,4,0,1,-0.4158359169960022,-0.23299087584018707,0.18284504115581512,0,1,0.72177959978580475
gate,H2_seed1,4,horizontal,5,000176_10.png,000177_10.png,4,5,0,1,-0.43501032888889313,-0.28736729919910431,0.14764302968978882,0,1,0.68744158744812012
gate,H2_seed1,4,horizontal,5,000176_10.png,000177_10.png,5,6,0,1,-0.42102654278278351,-0.29078340530395508,0.13024313747882843,0,1,0.6902519017457962
gate,H2_seed1,4,horizontal,5,000176_10.png,000177_10.png,6,7,0,1,-0.39935711026191711,-0.201020248234272,0.19833686202764511,0,1,0.66180038452148438
gate,H2_seed1,5,horizontal,5,000176_10.png,000177_10.png,1,2,0,1,-0.28065478801727295,-0.12556388229131699,0.15509090572595596,0,1,0.39161783456802368
gate,H2_seed1,5,horizontal,5,000176_10.png,000177_10.png,2,3,0,1,-0.19127853214740753,-0.11668901145458221,0.074589520692825317,0,1,0.31520217284560204
gate,H2_seed1,5,horizontal,5,000176_10.png,000177_10.png,3,4,0,1,-0.17075817286968231,-0.089912638068199158,0.080845534801483154,0,1,0.32370011508464813
gate,H2_seed1,5,horizontal,5,000176_10.png,000177_10.png,4,5,0,1,-0.21610440313816071,-0.10696421563625336,0.10914018750190735,0,1,0.3651004284620285
gate,H2_seed1,5,horizontal,5,000176_10.png,000177_10.png,5,6,0,1,-0.23535539209842682,-0.18713916838169098,0.04821622371673584,0,1,0.43626473844051361
gate,H2_seed1,5,horizontal,5,000176_10.png,000177_10.png,6,7,0,1,-0.26152566075325012,-0.13373313844203949,0.12779252231121063,0,1,0.42494593560695648
gate,H2_seed1,6,horizontal,5,000176_10.png,000177_10.png,1,8,0,7,-0.23364697396755219,-0.19787633419036865,0.035770639777183533,0,1,0.59151330590248108
gate,H2_seed1,6,horizontal,5,000176_10.png,000177_10.png,2,2,1,0,-0.21157637238502502,-0.19765900820493698,0.013917364180088043,0,1,0.52751286327838898
gate,H2_seed1,6,horizontal,5,000176_10.png,000177_10.png,3,10,0,7,-0.1972585916519165,-0.1919742226600647,0.0052843689918518066,0,1,0.54332804679870605
gate,H2_seed1,6,horizontal,5,000176_10.png,000177_10.png,4,2,0,-2,-0.20750880241394043,-0.20697216689586639,0.00053663551807403564,0,1,0.59761287271976471
gate,H2_seed1,6,horizontal,5,000176_10.png,000177_10.png,5,4,0,-1,-0.23772637546062469,-0.18743322789669037,0.050293147563934326,0,1,0.66209159791469574
gate,H2_seed1,6,horizontal,5,000176_10.png,000177_10.png,6,5,0,-1,-0.26901589334011078,-0.19697104394435883,0.072044849395751953,0,1,0.65317216515541077
gate,H2_seed1,7,horizontal,5,000176_10.png,000177_10.png,1,3,0,2,-0.28357447683811188,-0.22239960730075836,0.061174869537353516,0,1,0.60347475111484528
gate,H2_seed1,7,horizontal,5,000176_10.png,000177_10.png,2,4,0,2,-0.29575100541114807,-0.21798507869243622,0.077765926718711853,0,1,0.66793403029441833
gate,H2_seed1,7,horizontal,5,000176_10.png,000177_10.png,3,5,0,2,-0.34466050565242767,-0.28818103671073914,0.056479468941688538,0,1,0.63238702714443207
gate,H2_seed1,7,horizontal,5,000176_10.png,000177_10.png,4,6,0,2,-0.35607022047042847,-0.33859184384346008,0.017478376626968384,0,1,0.72678694128990173
gate,H2_seed1,7,horizontal,5,000176_10.png,000177_10.png,5,8,0,3,-0.35372364521026611,-0.29932379722595215,0.054399847984313965,0,1,0.72662512958049774
gate,H2_seed1,7,horizontal,5,000176_10.png,000177_10.png,6,9,0,3,-0.36413592100143433,-0.28161104023456573,0.082524880766868591,0,1,0.79459935426712036
gate,H2_seed1,8,horizontal,5,000176_10.png,000177_10.png,1,0,0,-1,-0.23973652720451355,-0.10132363438606262,0.13841289281845093,0,1,0.35527302324771881
gate,H2_seed1,8,horizontal,5,000176_10.png,000177_10.png,2,4,0,2,-0.12022078037261963,-0.11959405243396759,0.00062672793865203857,0,1,0.28792336583137512
gate,H2_seed1,8,horizontal,5,000176_10.png,000177_10.png,3,5,0,2,-0.10571418330073357,-0.097574606537818909,0.0081395767629146576,0,1,0.24285980686545372
gate,H2_seed1,8,horizontal,5,000176_10.png,000177_10.png,4,8,0,4,-0.17922088503837585,-0.14665742218494415,0.032563462853431702,0,1,0.47158989310264587
gate,H2_seed1,8,horizontal,5,000176_10.png,000177_10.png,5,8,0,3,-0.16717827320098877,-0.15206713974475861,0.015111133456230164,0,1,0.35794477164745331
gate,H2_seed1,8,horizontal,5,000176_10.png,000177_10.png,6,10,0,4,-0.23404416441917419,-0.20003640651702881,0.034007757902145386,0,1,0.510147824883461
gate,H2_seed1,9,horizontal,5,000176_10.png,000177_10.png,1,3,0,2,-0.25234095752239227,-0.17363925278186798,0.078701704740524292,0,1,0.46660763770341873
gate,H2_seed1,9,horizontal,5,000176_10.png,000177_10.png,2,4,0,2,-0.24765270948410034,-0.14573981612920761,0.10191289335489273,0,1,0.49940986931324005
gate,H2_seed1,9,horizontal,5,000176_10.png,000177_10.png,3,5,0,2,-0.25581854581832886,-0.13971391320228577,0.11610463261604309,0,1,0.5468842089176178
gate,H2_seed1,9,horizontal,5,000176_10.png,000177_10.png,4,6,0,2,-0.26605775952339172,-0.14957831054925919,0.11647944897413254,0,1,0.48304044455289841
gate,H2_seed1,9,horizontal,5,000176_10.png,000177_10.png,5,7,0,2,-0.25310610234737396,-0.21543261408805847,0.037673488259315491,0,1,0.51098358631134033
gate,H2_seed1,9,horizontal,5,000176_10.png,000177_10.png,6,8,0,2,-0.27002806961536407,-0.2093571275472641,0.060670942068099976,0,1,0.55465033650398254
gate,H2_seed1,10,horizontal,5,000176_10.png,000177_10.png,1,7,0,6,-0.27176064252853394,-0.1735365018248558,0.098224140703678131,0,1,0.60780948400497437
gate,H2_seed1,10,horizontal,5,000176_10.png,000177_10.png,2,8,0,6,-0.32746806740760803,-0.23443049192428589,0.093037575483322144,0,1,0.76169611513614655
gate,H2_seed1,10,horizontal,5,000176_10.png,000177_10.png,3,9,0,6,-0.31096385419368744,-0.25779223442077637,0.053171619772911072,0,1,0.74058689177036285
gate,H2_seed1,10,horizontal,5,000176_10.png,000177_10.png,4,10,0,6,-0.28263203799724579,-0.26478737592697144,0.017844662070274353,0,1,0.73414117097854614
gate,H2_seed1,10,horizontal,5,000176_10.png,000177_10.png,5,10,0,5,-0.2905392199754715,-0.20266184210777283,0.087877377867698669,0,1,0.75732450187206268
gate,H2_seed1,10,horizontal,5,000176_10.png,000177_10.png,6,2,0,-4,-0.24201659858226776,-0.2409437820315361,0.0010728165507316589,0,1,0.69634038209915161
gate,H2_seed1,11,horizontal,5,000176_10.png,000177_10.png,1,2,0,1,-0.37796767055988312,-0.16450249403715134,0.21346517652273178,0,1,0.61174395680427551
gate,H2_seed1,11,horizontal,5,000176_10.png,000177_10.png,2,3,0,1,-0.31414875388145447,-0.12233938276767731,0.19180937111377716,0,1,0.53487926721572876
gate,H2_seed1,11,horizontal,5,000176_10.png,000177_10.png,3,4,0,1,-0.34936879575252533,-0.28606550395488739,0.063303291797637939,0,1,0.60624313354492188
gate,H2_seed1,11,horizontal,5,000176_10.png,000177_10.png,4,5,0,1,-0.3182479590177536,-0.2455083504319191,0.072739608585834503,0,1,0.53598091006278992
gate,H2_seed1,11,horizontal,5,000176_10.png,000177_10.png,5,6,0,1,-0.26035474240779877,-0.22284865379333496,0.037506088614463806,0,1,0.51131238043308258
gate,H2_seed1,11,horizontal,5,000176_10.png,000177_10.png,6,7,0,1,-0.21329891681671143,-0.16894300282001495,0.044355913996696472,0,1,0.43907943367958069
gate,H2_seed1,12,horizontal,5,000176_10.png,000177_10.png,1,3,0,2,-0.32136473059654236,-0.12703688442707062,0.19432784616947174,0,1,0.68181242048740387
gate,H2_seed1,12,horizontal,5,000176_10.png,000177_10.png,2,4,0,2,-0.31926754117012024,-0.15646134316921234,0.1628061980009079,0,1,0.60814321041107178
gate,H2_seed1,12,horizontal,5,000176_10.png,000177_10.png,3,5,0,2,-0.4128510057926178,-0.20985308289527893,0.20299792289733887,0,1,0.70445194840431213
gate,H2_seed1,12,horizontal,5,000176_10.png,000177_10.png,4,6,0,2,-0.42975711822509766,-0.21347406506538391,0.21628305315971375,0,1,0.82894949615001678
gate,H2_seed1,12,horizontal,5,000176_10.png,000177_10.png,5,7,0,2,-0.41139861941337585,-0.22128620743751526,0.1901124119758606,0,1,0.79884830117225647
gate,H2_seed1,12,horizontal,5,000176_10.png,000177_10.png,6,8,0,2,-0.34417301416397095,-0.26709954440593719,0.077073469758033752,0,1,0.6934492439031601
gate,H2_seed1,13,horizontal,5,000176_10.png,000177_10.png,1,8,0,7,-0.17501300573348999,-0.11038823425769806,0.064624771475791931,0,1,0.4303564727306366
gate,H2_seed1,13,horizontal,5,000176_10.png,000177_10.png,2,6,0,4,-0.14084663987159729,-0.13613338768482208,0.0047132521867752075,0,1,0.35619397461414337
gate,H2_seed1,13,horizontal,5,000176_10.png,000177_10.png,3,7,0,4,-0.17813074588775635,-0.16191403567790985,0.016216710209846497,0,1,0.40273216366767883
gate,H2_seed1,13,horizontal,5,000176_10.png,000177_10.png,4,11,0,7,-0.19108200073242188,-0.16312927007675171,0.027952730655670166,0,1,0.36122162640094757
gate,H2_seed1,13,horizontal,5,000176_10.png,000177_10.png,5,7,0,2,-0.11658871173858643,-0.09973597526550293,0.016852736473083496,0,1,0.22795583307743073
gate,H2_seed1,13,horizontal,5,000176_10.png,000177_10.png,6,8,0,2,-0.14619860053062439,-0.11548057198524475,0.030718028545379639,0,1,0.25598277896642685
gate,H2_seed1,14,horizontal,5,000176_10.png,000177_10.png,1,3,0,2,-0.09496452659368515,-0.088609099388122559,0.0063554272055625916,0,1,0.34668280929327011
gate,H2_seed1,14,horizontal,5,000176_10.png,000177_10.png,2,3,0,1,-0.14384405314922333,-0.11547057330608368,0.028373479843139648,0,1,0.32602240145206451
gate,H2_seed1,14,horizontal,5,000176_10.png,000177_10.png,3,11,0,8,-0.12829550355672836,-0.10427623987197876,0.024019263684749603,0,1,0.26916150003671646
gate,H2_seed1,14,horizontal,5,000176_10.png,000177_10.png,4,8,0,4,-0.15404143929481506,-0.12670569121837616,0.027335748076438904,0,1,0.33262905478477478
gate,H2_seed1,14,horizontal,5,000176_10.png,000177_10.png,5,2,0,-3,-0.16977131366729736,-0.16565808653831482,0.0041132271289825439,0,1,0.31823396682739258
gate,H2_seed1,14,horizontal,5,000176_10.png,000177_10.png,6,3,0,-3,-0.12433761358261108,-0.10806336998939514,0.016274243593215942,0,1,0.22830849885940552
gate,H2_seed1,15,horizontal,5,000176_10.png,000177_10.png,1,2,0,1,-0.39791081845760345,-0.27235919237136841,0.12555162608623505,0,1,0.61087188869714737
gate,H2_seed1,15,horizontal,5,000176_10.png,000177_10.png,2,2,1,0,-0.44212472438812256,-0.39261540770530701,0.049509316682815552,0,1,0.68623431771993637
gate,H2_seed1,15,horizontal,5,000176_10.png,000177_10.png,3,3,1,0,-0.43309427797794342,-0.42223289608955383,0.010861381888389587,0,1,0.70781616866588593
gate,H2_seed1,15,horizontal,5,000176_10.png,000177_10.png,4,5,0,1,-0.48680078983306885,-0.4557010680437088,0.031099721789360046,0,1,0.77035327255725861
gate,H2_seed1,15,horizontal,5,000176_10.png,000177_10.png,5,6,0,1,-0.52170184254646301,-0.46410906314849854,0.057592779397964478,0,1,0.84924048185348511
gate,H2_seed1,15,horizontal,5,000176_10.png,000177_10.png,6,6,1,0,-0.50420400500297546,-0.45590689778327942,0.048297107219696045,0,1,0.79461172223091125
gate,H2_seed1,16,horizontal,5,000176_10.png,000177_10.png,1,5,0,4,-0.33722028136253357,-0.14546337723731995,0.19175690412521362,0,1,0.68978917598724365
gate,H2_seed1,16,horizontal,5,000176_10.png,000177_10.png,2,6,0,4,-0.31597650051116943,-0.18480627238750458,0.13117022812366486,0,1,0.74952872097492218
gate,H2_seed1,16,horizontal,5,000176_10.png,000177_10.png,3,7,0,4,-0.28663234412670135,-0.18897157162427902,0.097660772502422333,0,1,0.75691072642803192
gate,H2_seed1,16,horizontal,5,000176_10.png,000177_10.png,4,8,0,4,-0.22781765460968018,-0.16906875371932983,0.058748900890350342,0,1,0.72898468375205994
gate,H2_seed1,16,horizontal,5,000176_10.png,000177_10.png,5,1,0,-4,-0.26104392111301422,-0.15404295921325684,0.10700096189975739,0,1,0.76451541483402252
gate,H2_seed1,16,horizontal,5,000176_10.png,000177_10.png,6,2,0,-4,-0.20940857380628586,-0.17315343022346497,0.036255143582820892,0,1,0.72030802816152573
gate,H2_seed1,17,horizontal,5,000176_10.png,000177_10.png,1,0,0,-1,-0.28008720278739929,-0.18962828069925308,0.09045892208814621,0,1,0.5661519467830658
gate,H2_seed1,17,horizontal,5,000176_10.png,000177_10.png,2,1,0,-1,-0.52339291572570801,-0.34227383136749268,0.18111908435821533,0,1,0.91211679577827454
gate,H2_seed1,17,horizontal,5,000176_10.png,000177_10.png,3,2,0,-1,-0.51089358329772949,-0.45739692449569702,0.053496658802032471,0,1,0.93404261767864227
gate,H2_seed1,17,horizontal,5,000176_10.png,000177_10.png,4,3,0,-1,-0.53133231401443481,-0.45884737372398376,0.07248494029045105,0,1,0.94129347801208496
gate,H2_seed1,17,horizontal,5,000176_10.png,000177_10.png,5,4,0,-1,-0.54786616563796997,-0.5425545871257782,0.0053115785121917725,0,1,0.93632772564888
gate,H2_seed1,17,horizontal,5,000176_10.png,000177_10.png,6,5,0,-1,-0.54565721750259399,-0.50659427046775818,0.039062947034835815,0,1,0.93098080158233643
gate,H2_seed1,18,horizontal,5,000176_10.png,000177_10.png,1,2,0,1,-0.34382399916648865,-0.1763472855091095,0.16747671365737915,0,1,0.56346449255943298
gate,H2_seed1,18,horizontal,5,000176_10.png,000177_10.png,2,3,0,1,-0.31816539168357849,-0.26856708526611328,0.04959830641746521,0,1,0.51766704022884369
gate,H2_seed1,18,horizontal,5,000176_10.png,000177_10.png,3,4,0,1,-0.33655720949172974,-0.28604596853256226,0.05051124095916748,0,1,0.54054974019527435
gate,H2_seed1,18,horizontal,5,000176_10.png,000177_10.png,4,5,0,1,-0.33547548949718475,-0.29707221686840057,0.03840327262878418,0,1,0.57207772880792618
gate,H2_seed1,18,horizontal,5,000176_10.png,000177_10.png,5,6,0,1,-0.36091592907905579,-0.3203837126493454,0.040532216429710388,0,1,0.62192437052726746
gate,H2_seed1,18,horizontal,5,000176_10.png,000177_10.png,6,7,0,1,-0.39411751925945282,-0.33088411390781403,0.063233405351638794,0,1,0.68251438438892365
gate,H2_seed1,19,horizontal,5,000176_10.png,000177_10.png,1,3,0,2,-0.29275403916835785,-0.26463903486728668,0.028115004301071167,0,1,0.68252478539943695
gate,H2_seed1,19,horizontal,5,000176_10.png,000177_10.png,2,4,0,2,-0.3119647353887558,-0.22057607769966125,0.091388657689094543,0,1,0.53834351897239685
gate,H2_seed1,19,horizontal,5,000176_10.png,000177_10.png,3,5,0,2,-0.27237324416637421,-0.19986237585544586,0.072510868310928345,0,1,0.57761289179325104
gate,H2_seed1,19,horizontal,5,000176_10.png,000177_10.png,4,6,0,2,-0.24809575080871582,-0.18834390491247177,0.059751845896244049,0,1,0.64475071430206299
gate,H2_seed1,19,horizontal,5,000176_10.png,000177_10.png,5,7,0,2,-0.22016298770904541,-0.16058509051799774,0.059577897191047668,0,1,0.53625765442848206
gate,H2_seed1,19,horizontal,5,000176_10.png,000177_10.png,6,8,0,2,-0.2381313294172287,-0.18738670647144318,0.050744622945785522,0,1,0.56670424342155457
gate,H2_seed1,20,horizontal,5,000176_10.png,000177_10.png,1,2,0,1,-0.17092686891555786,-0.11557319760322571,0.055353671312332153,0,1,0.50678637623786926
gate,H2_seed1,20,horizontal,5,000176_10.png,000177_10.png,2,0,0,-2,-0.2266424298286438,-0.16911804676055908,0.057524383068084717,0,1,0.58441203832626343
gate,H2_seed1,20,horizontal,5,000176_10.png,000177_10.png,3,3,1,0,-0.24104870855808258,-0.21805807948112488,0.022990629076957703,0,1,0.62598942220211029
gate,H2_seed1,20,horizontal,5,000176_10.png,000177_10.png,4,4,1,0,-0.300217404961586,-0.13353483378887177,0.16668257117271423,0,1,0.6738390177488327
gate,H2_seed1,20,horizontal,5,000176_10.png,000177_10.png,5,5,1,0,-0.27547839283943176,-0.16464793682098389,0.11083045601844788,0,1,0.65307916700839996
gate,H2_seed1,20,horizontal,5,000176_10.png,000177_10.png,6,6,1,0,-0.28273011744022369,-0.24457056820392609,0.038159549236297607,0,1,0.56119710206985474
gate,H2_seed1,21,horizontal,5,000176_10.png,000177_10.png,1,5,0,4,-0.22425617277622223,-0.20069561898708344,0.023560553789138794,0,1,0.83565835654735565
gate,H2_seed1,21,horizontal,5,000176_10.png,000177_10.png,2,8,0,6,-0.23831016570329666,-0.22848455607891083,0.0098256096243858337,0,1,0.73728644102811813
gate,H2_seed1,21,horizontal,5,000176_10.png,000177_10.png,3,9,0,6,-0.28239086270332336,-0.2283809632062912,0.054009899497032166,0,1,0.77525460720062256
gate,H2_seed1,21,horizontal,5,000176_10.png,000177_10.png,4,8,0,4,-0.24754667282104492,-0.24622497707605362,0.0013216957449913025,0,1,0.80174997448921204
gate,H2_seed1,21,horizontal,5,000176_10.png,000177_10.png,5,10,0,5,-0.21580910682678223,-0.19474112242460251,0.021067984402179718,0,1,0.73496097326278687
gate,H2_seed1,21,horizontal,5,000176_10.png,000177_10.png,6,1,0,-5,-0.23419409990310669,-0.22228731215000153,0.011906787753105164,0,1,0.74752408266067505
gate,H2_seed1,22,horizontal,5,000176_10.png,000177_10.png,1,1,1,0,-0.77443286776542664,-0.52996709942817688,0.24446576833724976,0,1,1.0944536030292511
gate,H2_seed1,22,horizontal,5,000176_10.png,000177_10.png,2,2,1,0,-0.62617945671081543,-0.60280153155326843,0.023377925157546997,0,1,0.95856897532939911
gate,H2_seed1,22,horizontal,5,000176_10.png,000177_10.png,3,3,1,0,-0.68567162752151489,-0.57622116804122925,0.10945045948028564,0,1,0.96542702615261078
gate,H2_seed1,22,horizontal,5,000176_10.png,000177_10.png,4,4,1,0,-0.72039696574211121,-0.58809688687324524,0.13230007886886597,0,1,1.0634328871965408
gate,H2_seed1,22,horizontal,5,000176_10.png,000177_10.png,5,5,1,0,-0.73139992356300354,-0.52530854940414429,0.20609137415885925,0,1,1.1196976006031036
gate,H2_seed1,22,horizontal,5,000176_10.png,000177_10.png,6,6,1,0,-0.72311407327651978,-0.53715616464614868,0.18595790863037109,0,1,1.0582271665334702
gate,H2_seed1,23,horizontal,5,000176_10.png,000177_10.png,1,7,0,6,-0.17624714970588684,-0.14998292922973633,0.026264220476150513,0,1,0.48624379932880402
gate,H2_seed1,23,horizontal,5,000176_10.png,000177_10.png,2,8,0,6,-0.22509250044822693,-0.1430208683013916,0.082071632146835327,0,1,0.64295116066932678
gate,H2_seed1,23,horizontal,5,000176_10.png,000177_10.png,3,9,0,6,-0.21747986972332001,-0.14867079257965088,0.068809077143669128,0,1,0.51131331920623779
gate,H2_seed1,23,horizontal,5,000176_10.png,000177_10.png,4,10,0,6,-0.27458086609840393,-0.187127485871315,0.087453380227088928,0,1,0.53395941853523254
gate,H2_seed1,23,horizontal,5,000176_10.png,000177_10.png,5,10,0,5,-0.25085465610027313,-0.18282152712345123,0.068033128976821899,0,1,0.55671736598014832
gate,H2_seed1,23,horizontal,5,000176_10.png,000177_10.png,6,2,0,-4,-0.24763864278793335,-0.16232270002365112,0.085315942764282227,0,1,0.59137517213821411
gate,H2_seed1,24,horizontal,5,000176_10.png,000177_10.png,1,6,0,5,-0.28332281112670898,-0.16231484711170197,0.12100796401500702,0,1,0.66285566985607147
gate,H2_seed1,24,horizontal,5,000176_10.png,000177_10.png,2,7,0,5,-0.28014722466468811,-0.15405141562223434,0.12609580904245377,0,1,0.53703558444976807
gate,H2_seed1,24,horizontal,5,000176_10.png,000177_10.png,3,8,0,5,-0.24838149547576904,-0.12253684550523758,0.12584464997053146,0,1,0.60186490416526794
gate,H2_seed1,24,horizontal,5,000176_10.png,000177_10.png,4,9,0,5,-0.19611766934394836,-0.1753849983215332,0.020732671022415161,0,1,0.52560915052890778
gate,H2_seed1,24,horizontal,5,000176_10.png,000177_10.png,5,0,0,-5,-0.33461634814739227,-0.24349716305732727,0.091119185090065002,0,1,0.69301344454288483
gate,H2_seed1,24,horizontal,5,000176_10.png,000177_10.png,6,1,0,-5,-0.22207897901535034,-0.19978690147399902,0.022292077541351318,0,1,0.57633519172668457
gate,H2_seed1,25,horizontal,5,000176_10.png,000177_10.png,1,3,0,2,-0.265229731798172,-0.25662115216255188,0.0086085796356201172,0,1,0.62660717964172363
gate,H2_seed1,25,horizontal,5,000176_10.png,000177_10.png,2,5,0,3,-0.29866990447044373,-0.2664436399936676,0.032226264476776123,0,1,0.67964598536491394
gate,H2_seed1,25,horizontal,5,000176_10.png,000177_10.png,3,6,0,3,-0.31876480579376221,-0.22267003357410431,0.096094772219657898,0,1,0.7451070100069046
gate,H2_seed1,25,horizontal,5,000176_10.png,000177_10.png,4,7,0,3,-0.26345834136009216,-0.1662767231464386,0.097181618213653564,0,1,0.61542788147926331
gate,H2_seed1,25,horizontal,5,000176_10.png,000177_10.png,5,8,0,3,-0.26386809349060059,-0.17862553149461746,0.085242561995983124,0,1,0.55805341899394989
gate,H2_seed1,25,horizontal,5,000176_10.png,000177_10.png,6,9,0,3,-0.23350764065980911,-0.1803378239274025,0.053169816732406616,0,1,0.52745182067155838
gate,H2_seed1,26,horizontal,5,000176_10.png,000177_10.png,1,4,0,3,-0.14041233062744141,-0.1088026687502861,0.031609661877155304,0,1,0.23756635934114456
gate,H2_seed1,26,horizontal,5,000176_10.png,000177_10.png,2,5,0,3,-0.17187941074371338,-0.10017034411430359,0.07170906662940979,0,1,0.34194132685661316
gate,H2_seed1,26,horizontal,5,000176_10.png,000177_10.png,3,6,0,3,-0.12439009547233582,-0.07236182689666748,0.052028268575668335,0,1,0.38640400767326355
gate,H2_seed1,26,horizontal,5,000176_10.png,000177_10.png,4,1,0,-3,-0.15035019814968109,-0.13924571871757507,0.011104479432106018,0,1,0.30130352079868317
gate,H2_seed1,26,horizontal,5,000176_10.png,000177_10.png,5,8,0,3,-0.20828947424888611,-0.10161064565181732,0.10667882859706879,0,1,0.36028099805116653
gate,H2_seed1,26,horizontal,5,000176_10.png,000177_10.png,6,9,0,3,-0.24779148399829865,-0.14209088683128357,0.10570059716701508,0,1,0.41625598073005676
gate,H2_seed1,27,horizontal,5,000176_10.png,000177_10.png,1,1,1,0,-0.36432211101055145,-0.14918231964111328,0.21513979136943817,0,1,0.53864230215549469
gate,H2_seed1,27,horizontal,5,000176_10.png,000177_10.png,2,2,1,0,-0.36984246969223022,-0.19088764488697052,0.1789548248052597,0,1,0.55170522630214691
gate,H2_seed1,27,horizontal,5,000176_10.png,000177_10.png,3,3,1,0,-0.41232094168663025,-0.17795009166002274,0.23437085002660751,0,1,0.61530985683202744
gate,H2_seed1,27,horizontal,5,000176_10.png,000177_10.png,4,4,1,0,-0.43262198567390442,-0.2372489795088768,0.19537300616502762,0,1,0.64121079444885254
gate,H2_seed1,27,horizontal,5,000176_10.png,000177_10.png,5,5,1,0,-0.43459823727607727,-0.24321139603853226,0.19138684123754501,0,1,0.64508308470249176
gate,H2_seed1,27,horizontal,5,000176_10.png,000177_10.png,6,6,1,0,-0.48206484317779541,-0.22205576300621033,0.26000908017158508,0,1,0.75268140435218811
gate,H2_seed1,28,horizontal,5,000176_10.png,000177_10.png,1,1,1,0,-0.3049582839012146,-0.29939891397953033,0.0055593699216842651,0,1,0.52452506124973297
gate,H2_seed1,28,horizontal,5,000176_10.png,000177_10.png,2,3,0,1,-0.34101524949073792,-0.31003186106681824,0.030983388423919678,0,1,0.62918315827846527
gate,H2_seed1,28,horizontal,5,000176_10.png,000177_10.png,3,3,1,0,-0.300771564245224,-0.29457680881023407,0.0061947554349899292,0,1,0.54155966639518738
gate,H2_seed1,28,horizontal,5,000176_10.png,000177_10.png,4,5,0,1,-0.332699254155159,-0.31531840562820435,0.017380848526954651,0,1,0.57097580283880234
gate,H2_seed1,28,horizontal,5,000176_10.png,000177_10.png,5,6,0,1,-0.35119800269603729,-0.32247410714626312,0.02872389554977417,0,1,0.5738077387213707
gate,H2_seed1,28,horizontal,5,000176_10.png,000177_10.png,6,7,0,1,-0.31422780454158783,-0.30537843704223633,0.0088493674993515015,0,1,0.60315413773059845
gate,H2_seed1,29,horizontal,5,000176_10.png,000177_10.png,1,5,0,4,-0.29525552690029144,-0.16627702116966248,0.12897850573062897,0,1,0.63196544349193573
gate,H2_seed1,29,horizontal,5,000176_10.png,000177_10.png,2,6,0,4,-0.30656468868255615,-0.18252158910036087,0.12404309958219528,0,1,0.58251431584358215
gate,H2_seed1,29,horizontal,5,000176_10.png,000177_10.png,3,7,0,4,-0.26911148428916931,-0.22493086755275726,0.044180616736412048,0,1,0.60830053687095642
gate,H2_seed1,29,horizontal,5,000176_10.png,000177_10.png,4,7,0,3,-0.23656901717185974,-0.22365840524435043,0.012910611927509308,0,1,0.53217597305774689
gate,H2_seed1,29,horizontal,5,000176_10.png,000177_10.png,5,9,0,4,-0.24900004267692566,-0.19550104439258575,0.053498998284339905,0,1,0.54168960452079773
gate,H2_seed1,29,horizontal,5,000176_10.png,000177_10.png,6,1,0,-5,-0.22917556762695312,-0.22786833345890045,0.0013072341680526733,0,1,0.55331467092037201
gate,H2_seed1,30,horizontal,5,000176_10.png,000177_10.png,1,1,1,0,-0.50253069400787354,-0.3319021612405777,0.17062853276729584,0,1,0.76066970825195312
gate,H2_seed1,30,horizontal,5,000176_10.png,000177_10.png,2,2,1,0,-0.50342592597007751,-0.46063414216041565,0.042791783809661865,0,1,0.78481930494308472
gate,H2_seed1,30,horizontal,5,000176_10.png,000177_10.png,3,3,1,0,-0.47814366221427917,-0.42672936618328094,0.05141429603099823,0,1,0.7776484489440918
gate,H2_seed1,30,horizontal,5,000176_10.png,000177_10.png,4,4,1,0,-0.51267132163047791,-0.36440950632095337,0.14826181530952454,0,1,0.85510693490505219
gate,H2_seed1,30,horizontal,5,000176_10.png,000177_10.png,5,5,1,0,-0.56788894534111023,-0.41290760040283203,0.1549813449382782,0,1,0.91587625443935394
gate,H2_seed1,30,horizontal,5,000176_10.png,000177_10.png,6,6,1,0,-0.56307351589202881,-0.40659883618354797,0.15647467970848083,0,1,0.89035616815090179
gate,H2_seed1,31,horizontal,5,000176_10.png,000177_10.png,1,4,0,3,-0.25641864538192749,-0.24809931218624115,0.0083193331956863403,0,1,0.48523491621017456
gate,H2_seed1,31,horizontal,5,000176_10.png,000177_10.png,2,3,0,1,-0.22831624746322632,-0.20634546875953674,0.021970778703689575,0,1,0.45955362915992737
gate,H2_seed1,31,horizontal,5,000176_10.png,000177_10.png,3,6,0,3,-0.26477131247520447,-0.16728091239929199,0.097490400075912476,0,1,0.51059295982122421
gate,H2_seed1,31,horizontal,5,000176_10.png,000177_10.png,4,7,0,3,-0.27101582288742065,-0.16791046410799026,0.10310535877943039,0,1,0.53063371777534485
gate,H2_seed1,31,horizontal,5,000176_10.png,000177_10.png,5,8,0,3,-0.25501787662506104,-0.14827351272106171,0.10674436390399933,0,1,0.4775465726852417
gate,H2_seed1,31,horizontal,5,000176_10.png,000177_10.png,6,9,0,3,-0.14841845631599426,-0.10654069483280182,0.041877761483192444,0,1,0.31977147608995438
gate,H2_seed2,0,horizontal,0,000161_10.png,000162_10.png,1,1,1,0,-0.13388460874557495,-0.061258625239133835,0.072625983506441116,0,1,0.29957348108291626
gate,H2_seed2,0,horizontal,0,000161_10.png,000162_10.png,2,2,1,0,-0.16822372376918793,-0.12754863500595093,0.040675088763237,0,1,0.34402494877576828
gate,H2_seed2,0,horizontal,0,000161_10.png,000162_10.png,3,2,0,-1,-0.1230798065662384,-0.067728102207183838,0.055351704359054565,0,1,0.27230855822563171
gate,H2_seed2,0,horizontal,0,000161_10.png,000162_10.png,4,2,0,-2,-0.17834824323654175,-0.099225908517837524,0.079122334718704224,0,1,0.3249848410487175
gate,H2_seed2,0,horizontal,0,000161_10.png,000162_10.png,5,3,0,-2,-0.21207793056964874,-0.19056792557239532,0.021510004997253418,0,1,0.46782475709915161
gate,H2_seed2,0,horizontal,0,000161_10.png,000162_10.png,6,4,0,-2,-0.22308690100908279,-0.20931053161621094,0.013776369392871857,0,1,0.54054438322782516
gate,H2_seed2,1,horizontal,0,000161_10.png,000162_10.png,1,4,0,3,-0.22335666418075562,-0.1905205175280571,0.032836146652698517,0,1,0.36018370091915131
gate,H2_seed2,1,horizontal,0,000161_10.png,000162_10.png,2,5,0,3,-0.25877425074577332,-0.17159400880336761,0.087180241942405701,0,1,0.34955375641584396
gate,H2_seed2,1,horizontal,0,000161_10.png,000162_10.png,3,6,0,3,-0.22591365873813629,-0.18994587659835815,0.035967782139778137,0,1,0.36304338276386261
gate,H2_seed2,1,horizontal,0,000161_10.png,000162_10.png,4,7,0,3,-0.20549074560403824,-0.16688650846481323,0.038604237139225006,0,1,0.32816330343484879
gate,H2_seed2,1,horizontal,0,000161_10.png,000162_10.png,5,8,0,3,-0.19076234102249146,-0.18039816617965698,0.010364174842834473,0,1,0.31262208521366119
gate,H2_seed2,1,horizontal,0,000161_10.png,000162_10.png,6,8,0,2,-0.18598900735378265,-0.13126766681671143,0.054721340537071228,0,1,0.34780821204185486
gate,H2_seed2,2,horizontal,0,000161_10.png,000162_10.png,1,4,0,3,-0.19514039158821106,-0.13520374149084091,0.059936650097370148,0,1,0.42830204963684082
gate,H2_seed2,2,horizontal,0,000161_10.png,000162_10.png,2,3,0,1,-0.21591462194919586,-0.19434806704521179,0.02156655490398407,0,1,0.55317665636539459
gate,H2_seed2,2,horizontal,0,000161_10.png,000162_10.png,3,4,0,1,-0.28196954727172852,-0.23082143068313599,0.051148116588592529,0,1,0.6989656388759613
gate,H2_seed2,2,horizontal,0,000161_10.png,000162_10.png,4,5,0,1,-0.28272302448749542,-0.22727011144161224,0.055452913045883179,0,1,0.71526114642620087
gate,H2_seed2,2,horizontal,0,000161_10.png,000162_10.png,5,6,0,1,-0.24239171296358109,-0.24079497903585434,0.0015967339277267456,0,1,0.77959493547677994
gate,H2_seed2,2,horizontal,0,000161_10.png,000162_10.png,6,1,0,-5,-0.29384686052799225,-0.2659534215927124,0.027893438935279846,0,1,0.85115869343280792
gate,H2_seed2,3,horizontal,0,000161_10.png,000162_10.png,1,1,1,0,-0.23138388991355896,-0.11880826950073242,0.11257562041282654,0,1,0.40730884671211243
gate,H2_seed2,3,horizontal,0,000161_10.png,000162_10.png,2,1,0,-1,-0.1818387508392334,-0.087984532117843628,0.093854218721389771,0,1,0.3248632550239563
gate,H2_seed2,3,horizontal,0,000161_10.png,000162_10.png,3,2,0,-1,-0.17364919185638428,-0.096988610923290253,0.076660580933094025,0,1,0.32388755679130554
gate,H2_seed2,3,horizontal,0,000161_10.png,000162_10.png,4,3,0,-1,-0.14366219937801361,-0.12118776142597198,0.022474437952041626,0,1,0.31598234921693802
gate,H2_seed2,3,horizontal,0,000161_10.png,000162_10.png,5,4,0,-1,-0.19825667142868042,-0.10942737758159637,0.088829293847084045,0,1,0.41258347034454346
gate,H2_seed2,3,horizontal,0,000161_10.png,000162_10.png,6,5,0,-1,-0.22020453214645386,-0.080714911222457886,0.13948962092399597,0,1,0.45964665710926056
gate,H2_seed2,4,horizontal,0,000161_10.png,000162_10.png,1,2,0,1,-0.26285351812839508,-0.20822858810424805,0.054624930024147034,0,1,0.48643635958433151
gate,H2_seed2,4,horizontal,0,000161_10.png,000162_10.png,2,3,0,1,-0.20728199183940887,-0.19419803470373154,0.013083957135677338,0,1,0.44908244907855988
gate,H2_seed2,4,horizontal,0,000161_10.png,000162_10.png,3,5,0,2,-0.19850799441337585,-0.19427204132080078,0.0042359530925750732,0,1,0.4521280974149704
gate,H2_seed2,4,horizontal,0,000161_10.png,000162_10.png,4,5,0,1,-0.19694069027900696,-0.19426997005939484,0.0026707202196121216,0,1,0.42928075790405273
gate,H2_seed2,4,horizontal,0,000161_10.png,000162_10.png,5,7,0,2,-0.16872632503509521,-0.16570645570755005,0.003019869327545166,0,1,0.44308850169181824
gate,H2_seed2,4,horizontal,0,000161_10.png,000162_10.png,6,8,0,2,-0.20317737758159637,-0.20198938250541687,0.0011879950761795044,0,1,0.4683888852596283
gate,H2_seed2,5,horizontal,0,000161_10.png,000162_10.png,1,2,0,1,-0.17556241154670715,-0.1594577431678772,0.016104668378829956,0,1,0.33723294734954834
gate,H2_seed2,5,horizontal,0,000161_10.png,000162_10.png,2,3,0,1,-0.24636761844158173,-0.23889371752738953,0.0074739009141921997,0,1,0.40585942566394806
gate,H2_seed2,5,horizontal,0,000161_10.png,000162_10.png,3,4,0,1,-0.20272673666477203,-0.17690695822238922,0.025819778442382812,0,1,0.33393696695566177
gate,H2_seed2,5,horizontal,0,000161_10.png,000162_10.png,4,4,1,0,-0.27358689904212952,-0.26089994609355927,0.012686952948570251,0,1,0.45306470990180969
gate,H2_seed2,5,horizontal,0,000161_10.png,000162_10.png,5,5,1,0,-0.30357864499092102,-0.23864993453025818,0.064928710460662842,0,1,0.45383009314537048
gate,H2_seed2,5,horizontal,0,000161_10.png,000162_10.png,6,6,1,0,-0.28577563166618347,-0.22943449020385742,0.05634114146232605,0,1,0.53414937853813171
gate,H2_seed2,6,horizontal,0,000161_10.png,000162_10.png,1,7,0,6,-0.16725680977106094,-0.16457504034042358,0.0026817694306373596,0,1,0.39301241189241409
gate,H2_seed2,6,horizontal,0,000161_10.png,000162_10.png,2,8,0,6,-0.11394809931516647,-0.093490928411483765,0.020457170903682709,0,1,0.2561112716794014
gate,H2_seed2,6,horizontal,0,000161_10.png,000162_10.png,3,2,0,-1,-0.28388500213623047,-0.13303619623184204,0.15084880590438843,0,1,0.4550597220659256
gate,H2_seed2,6,horizontal,0,000161_10.png,000162_10.png,4,3,0,-1,-0.2680990993976593,-0.1256878674030304,0.14241123199462891,0,1,0.43485262989997864
gate,H2_seed2,6,horizontal,0,000161_10.png,000162_10.png,5,4,0,-1,-0.26090006530284882,-0.1598055511713028,0.10109451413154602,0,1,0.41140052676200867
gate,H2_seed2,6,horizontal,0,000161_10.png,000162_10.png,6,5,0,-1,-0.25109541416168213,-0.1456054300069809,0.10548998415470123,0,1,0.41576796025037766
gate,H2_seed2,7,horizontal,0,000161_10.png,000162_10.png,1,2,0,1,-0.2659275233745575,-0.20256118476390839,0.063366338610649109,0,1,0.48971663415431976
gate,H2_seed2,7,horizontal,0,000161_10.png,000162_10.png,2,3,0,1,-0.24524740874767303,-0.19293096661567688,0.052316442131996155,0,1,0.41549839079380035
gate,H2_seed2,7,horizontal,0,000161_10.png,000162_10.png,3,4,0,1,-0.280613973736763,-0.22860961407423019,0.052004359662532806,0,1,0.56792618334293365
gate,H2_seed2,7,horizontal,0,000161_10.png,000162_10.png,4,5,0,1,-0.28732901811599731,-0.18203964829444885,0.10528936982154846,0,1,0.54746846854686737
gate,H2_seed2,7,horizontal,0,000161_10.png,000162_10.png,5,6,0,1,-0.26361621916294098,-0.16866359114646912,0.094952628016471863,0,1,0.4543122798204422
gate,H2_seed2,7,horizontal,0,000161_10.png,000162_10.png,6,7,0,1,-0.2721233069896698,-0.15034949779510498,0.12177380919456482,0,1,0.4974612295627594
gate,H2_seed2,8,horizontal,0,000161_10.png,000162_10.png,1,4,0,3,-0.13796118646860123,-0.12752877175807953,0.010432414710521698,0,1,0.27509378641843796
gate,H2_seed2,8,horizontal,0,000161_10.png,000162_10.png,2,0,0,-2,-0.22719999402761459,-0.10531949251890182,0.12188050150871277,0,1,0.36894216388463974
gate,H2_seed2,8,horizontal,0,000161_10.png,000162_10.png,3,1,0,-2,-0.15313534438610077,-0.12648648768663406,0.026648856699466705,0,1,0.34019821137189865
gate,H2_seed2,8,horizontal,0,000161_10.png,000162_10.png,4,2,0,-2,-0.17792609333992004,-0.12207354232668877,0.055852551013231277,0,1,0.32121914625167847
gate,H2_seed2,8,horizontal,0,000161_10.png,000162_10.png,5,3,0,-2,-0.24429712444543839,-0.18310676515102386,0.06119035929441452,0,1,0.37851030379533768
gate,H2_seed2,8,horizontal,0,000161_10.png,000162_10.png,6,4,0,-2,-0.26735490560531616,-0.15385103225708008,0.11350387334823608,0,1,0.42383548617362976
gate,H2_seed2,9,horizontal,0,000161_10.png,000162_10.png,1,5,0,4,-0.25222735106945038,-0.10465174913406372,0.14757560193538666,0,1,0.45510528981685638
gate,H2_seed2,9,horizontal,0,000161_10.png,000162_10.png,2,6,0,4,-0.26448017358779907,-0.089610651135444641,0.17486952245235443,0,1,0.41951029002666473
gate,H2_seed2,9,horizontal,0,000161_10.png,000162_10.png,3,7,0,4,-0.31143397092819214,-0.077316701412200928,0.23411726951599121,0,1,0.45540287345647812
gate,H2_seed2,9,horizontal,0,000161_10.png,000162_10.png,4,8,0,4,-0.36636844277381897,-0.071128353476524353,0.29524008929729462,0,1,0.48163685202598572
gate,H2_seed2,9,horizontal,0,000161_10.png,000162_10.png,5,9,0,4,-0.31077031791210175,-0.11836816370487213,0.19240215420722961,0,1,0.45802244544029236
gate,H2_seed2,9,horizontal,0,000161_10.png,000162_10.png,6,10,0,4,-0.27714139223098755,-0.06949981302022934,0.20764157921075821,0,1,0.45813872665166855
gate,H2_seed2,10,horizontal,0,000161_10.png,000162_10.png,1,5,0,4,-0.12731915712356567,-0.11768393218517303,0.0096352249383926392,0,1,0.33544823527336121
gate,H2_seed2,10,horizontal,0,000161_10.png,000162_10.png,2,8,0,6,-0.17589718848466873,-0.17512771487236023,0.0007694736123085022,0,1,0.41923511773347855
gate,H2_seed2,10,horizontal,0,000161_10.png,000162_10.png,3,9,0,6,-0.1990913525223732,-0.15314550697803497,0.045945845544338226,0,1,0.51866894215345383
gate,H2_seed2,10,horizontal,0,000161_10.png,000162_10.png,4,10,0,6,-0.19927947223186493,-0.1550358310341835,0.044243641197681427,0,1,0.60024604201316833
gate,H2_seed2,10,horizontal,0,000161_10.png,000162_10.png,5,3,0,-2,-0.21827086806297302,-0.11356575787067413,0.10470511019229889,0,1,0.6330888569355011
gate,H2_seed2,10,horizontal,0,000161_10.png,000162_10.png,6,4,0,-2,-0.21178019791841507,-0.14378391206264496,0.067996285855770111,0,1,0.66361314803361893
gate,H2_seed2,11,horizontal,0,000161_10.png,000162_10.png,1,2,0,1,-0.11648043245077133,-0.088948369026184082,0.02753206342458725,0,1,0.28509404510259628
gate,H2_seed2,11,horizontal,0,000161_10.png,000162_10.png,2,0,0,-2,-0.23049899935722351,-0.087539620697498322,0.14295937865972519,0,1,0.44687521457672119
gate,H2_seed2,11,horizontal,0,000161_10.png,000162_10.png,3,1,0,-2,-0.29780846834182739,-0.1109214574098587,0.18688701093196869,0,1,0.39550729840993881
gate,H2_seed2,11,horizontal,0,000161_10.png,000162_10.png,4,2,0,-2,-0.20252065360546112,-0.16710587590932846,0.03541477769613266,0,1,0.36302553117275238
gate,H2_seed2,11,horizontal,0,000161_10.png,000162_10.png,5,8,0,3,-0.12787146866321564,-0.11343961954116821,0.014431849122047424,0,1,0.2017105370759964
gate,H2_seed2,11,horizontal,0,000161_10.png,000162_10.png,6,9,0,3,-0.1340487003326416,-0.10519988089799881,0.028848819434642792,0,1,0.32685345411300659
gate,H2_seed2,12,horizontal,0,000161_10.png,000162_10.png,1,0,0,-1,-0.24362503737211227,-0.15669700503349304,0.086928032338619232,0,1,0.47836235910654068
gate,H2_seed2,12,horizontal,0,000161_10.png,000162_10.png,2,7,0,5,-0.15900486707687378,-0.15107950568199158,0.0079253613948822021,0,1,0.37355047464370728
gate,H2_seed2,12,horizontal,0,000161_10.png,000162_10.png,3,8,0,5,-0.14752332121133804,-0.091427803039550781,0.056095518171787262,0,1,0.32118029147386551
gate,H2_seed2,12,horizontal,0,000161_10.png,000162_10.png,4,1,0,-3,-0.13625939190387726,-0.095518574118614197,0.040740817785263062,0,1,0.33685682713985443
gate,H2_seed2,12,horizontal,0,000161_10.png,000162_10.png,5,2,0,-3,-0.16824285686016083,-0.13505357503890991,0.033189281821250916,0,1,0.36024829000234604
gate,H2_seed2,12,horizontal,0,000161_10.png,000162_10.png,6,3,0,-3,-0.15453639626502991,-0.088852629065513611,0.065683767199516296,0,1,0.381243035197258
gate,H2_seed2,13,horizontal,0,000161_10.png,000162_10.png,1,6,0,5,-0.25301976501941681,-0.18313524127006531,0.069884523749351501,0,1,0.3796020895242691
gate,H2_seed2,13,horizontal,0,000161_10.png,000162_10.png,2,7,0,5,-0.27252011001110077,-0.12400220334529877,0.148517906665802,0,1,0.52968879044055939
gate,H2_seed2,13,horizontal,0,000161_10.png,000162_10.png,3,8,0,5,-0.25788086652755737,-0.10353082418441772,0.15435004234313965,0,1,0.42684197425842285
gate,H2_seed2,13,horizontal,0,000161_10.png,000162_10.png,4,9,0,5,-0.22730602324008942,-0.15085338056087494,0.076452642679214478,0,1,0.41270310431718826
gate,H2_seed2,13,horizontal,0,000161_10.png,000162_10.png,5,3,0,-2,-0.16611921787261963,-0.12363703921437263,0.042482178658246994,0,1,0.38883012533187866
gate,H2_seed2,13,horizontal,0,000161_10.png,000162_10.png,6,4,0,-2,-0.17947843670845032,-0.13705679774284363,0.042421638965606689,0,1,0.40108166635036469
gate,H2_seed2,14,horizontal,0,000161_10.png,000162_10.png,1,5,0,4,-0.21228626370429993,-0.1370747834444046,0.075211480259895325,0,1,0.49428063631057739
gate,H2_seed2,14,horizontal,0,000161_10.png,000162_10.png,2,6,0,4,-0.20227488875389099,-0.17243143916130066,0.029843449592590332,0,1,0.51242969930171967
gate,H2_seed2,14,horizontal,0,000161_10.png,000162_10.png,3,0,0,-3,-0.18316170573234558,-0.17563748359680176,0.0075242221355438232,0,1,0.52016681432723999
gate,H2_seed2,14,horizontal,0,000161_10.png,000162_10.png,4,1,0,-3,-0.19235174357891083,-0.18087057769298553,0.011481165885925293,0,1,0.50704213976860046
gate,H2_seed2,14,horizontal,0,000161_10.png,000162_10.png,5,2,0,-3,-0.23587353527545929,-0.20825427770614624,0.027619257569313049,0,1,0.53501507639884949
gate,H2_seed2,14,horizontal,0,000161_10.png,000162_10.png,6,3,0,-3,-0.24990256130695343,-0.23544638603925705,0.014456175267696381,0,1,0.53870834410190582
gate,H2_seed2,15,horizontal,0,000161_10.png,000162_10.png,1,1,1,0,-0.17567141354084015,-0.1649751216173172,0.010696291923522949,0,1,0.47367624938488007
gate,H2_seed2,15,horizontal,0,000161_10.png,000162_10.png,2,2,1,0,-0.14446406066417694,-0.12544276565313339,0.019021295011043549,0,1,0.41625781357288361
gate,H2_seed2,15,horizontal,0,000161_10.png,000162_10.png,3,3,1,0,-0.14419304579496384,-0.12264332920312881,0.021549716591835022,0,1,0.43615534156560898
gate,H2_seed2,15,horizontal,0,000161_10.png,000162_10.png,4,4,1,0,-0.19542574882507324,-0.16424764692783356,0.031178101897239685,0,1,0.46631219983100891
gate,H2_seed2,15,horizontal,0,000161_10.png,000162_10.png,5,5,1,0,-0.25182205438613892,-0.21417925506830215,0.037642799317836761,0,1,0.47148317098617554
gate,H2_seed2,15,horizontal,0,000161_10.png,000162_10.png,6,7,0,1,-0.24568090587854385,-0.20917308330535889,0.036507822573184967,0,1,0.4088810607790947
gate,H2_seed2,16,horizontal,0,000161_10.png,000162_10.png,1,5,0,4,-0.15057234466075897,-0.14980388432741165,0.00076846033334732056,0,1,0.44126655161380768
gate,H2_seed2,16,horizontal,0,000161_10.png,000162_10.png,2,7,0,5,-0.20545092225074768,-0.18784977495670319,0.017601147294044495,0,1,0.54687123000621796
gate,H2_seed2,16,horizontal,0,000161_10.png,000162_10.png,3,8,0,5,-0.16884947568178177,-0.14815211296081543,0.020697362720966339,0,1,0.51520777493715286
gate,H2_seed2,16,horizontal,0,000161_10.png,000162_10.png,4,8,0,4,-0.14856597781181335,-0.12412175536155701,0.024444222450256348,0,1,0.48394361138343811
gate,H2_seed2,16,horizontal,0,000161_10.png,000162_10.png,5,9,0,4,-0.22151333093643188,-0.10651570558547974,0.11499762535095215,0,1,0.57715800404548645
gate,H2_seed2,16,horizontal,0,000161_10.png,000162_10.png,6,10,0,4,-0.20343677699565887,-0.13263699412345886,0.070799782872200012,0,1,0.50797891616821289
gate,H2_seed2,17,horizontal,0,000161_10.png,000162_10.png,1,1,1,0,-0.24890518188476562,-0.12113082408905029,0.12777435779571533,0,1,0.48160667717456818
gate,H2_seed2,17,horizontal,0,000161_10.png,000162_10.png,2,2,1,0,-0.37690192461013794,-0.34944736957550049,0.027454555034637451,0,1,0.70659995079040527
gate,H2_seed2,17,horizontal,0,000161_10.png,000162_10.png,3,3,1,0,-0.39731091260910034,-0.2850925624370575,0.11221835017204285,0,1,0.6616528332233429
gate,H2_seed2,17,horizontal,0,000161_10.png,000162_10.png,4,4,1,0,-0.39241120219230652,-0.17674632370471954,0.21566487848758698,0,1,0.63961441814899445
gate,H2_seed2,17,horizontal,0,000161_10.png,000162_10.png,5,5,1,0,-0.4209018349647522,-0.2520006000995636,0.1689012348651886,0,1,0.63096055388450623
gate,H2_seed2,17,horizontal,0,000161_10.png,000162_10.png,6,6,1,0,-0.41040602326393127,-0.17654281854629517,0.23386320471763611,0,1,0.64132747054100037
gate,H2_seed2,18,horizontal,0,000161_10.png,000162_10.png,1,4,0,3,-0.25003479421138763,-0.15597450733184814,0.09406028687953949,0,1,0.43606133759021759
gate,H2_seed2,18,horizontal,0,000161_10.png,000162_10.png,2,5,0,3,-0.24911066889762878,-0.13324622064828873,0.11586444824934006,0,1,0.41483882069587708
gate,H2_seed2,18,horizontal,0,000161_10.png,000162_10.png,3,6,0,3,-0.24002163857221603,-0.15130022168159485,0.088721416890621185,0,1,0.41748199611902237
gate,H2_seed2,18,horizontal,0,000161_10.png,000162_10.png,4,7,0,3,-0.21145349740982056,-0.14800575375556946,0.063447743654251099,0,1,0.3920273631811142
gate,H2_seed2,18,horizontal,0,000161_10.png,000162_10.png,5,8,0,3,-0.20999826490879059,-0.11214881762862206,0.097849447280168533,0,1,0.38313023746013641
gate,H2_seed2,18,horizontal,0,000161_10.png,000162_10.png,6,9,0,3,-0.19781917333602905,-0.094595998525619507,0.10322317481040955,0,1,0.37823821604251862
gate,H2_seed2,19,horizontal,0,000161_10.png,000162_10.png,1,2,0,1,-0.36070199310779572,-0.15517381578683853,0.20552817732095718,0,1,0.58494134247303009
gate,H2_seed2,19,horizontal,0,000161_10.png,000162_10.png,2,3,0,1,-0.26837226748466492,-0.18462762981653214,0.083744637668132782,0,1,0.39602003991603851
gate,H2_seed2,19,horizontal,0,000161_10.png,000162_10.png,3,4,0,1,-0.22683026641607285,-0.13088065385818481,0.095949612557888031,0,1,0.42002226412296295
gate,H2_seed2,19,horizontal,0,000161_10.png,000162_10.png,4,5,0,1,-0.20570826530456543,-0.14782679080963135,0.057881474494934082,0,1,0.39549315720796585
gate,H2_seed2,19,horizontal,0,000161_10.png,000162_10.png,5,6,0,1,-0.22119873762130737,-0.18334825336933136,0.037850484251976013,0,1,0.42432326078414917
gate,H2_seed2,19,horizontal,0,000161_10.png,000162_10.png,6,7,0,1,-0.21248701959848404,-0.20690238475799561,0.0055846348404884338,0,1,0.43118215352296829
gate,H2_seed2,20,horizontal,0,000161_10.png,000162_10.png,1,0,0,-1,-0.22100993990898132,-0.15182559192180634,0.069184347987174988,0,1,0.49932476878166199
gate,H2_seed2,20,horizontal,0,000161_10.png,000162_10.png,2,1,0,-1,-0.2414083331823349,-0.17194825410842896,0.069460079073905945,0,1,0.55604174733161926
gate,H2_seed2,20,horizontal,0,000161_10.png,000162_10.png,3,1,0,-2,-0.19576019048690796,-0.15278727561235428,0.04297291487455368,0,1,0.39386418461799622
gate,H2_seed2,20,horizontal,0,000161_10.png,000162_10.png,4,3,0,-1,-0.21899698674678802,-0.19468672573566437,0.024310261011123657,0,1,0.37135316431522369
gate,H2_seed2,20,horizontal,0,000161_10.png,000162_10.png,5,4,0,-1,-0.2349865660071373,-0.12594791501760483,0.10903865098953247,0,1,0.42034450173377991
gate,H2_seed2,20,horizontal,0,000161_10.png,000162_10.png,6,5,0,-1,-0.22577650099992752,-0.15247569978237152,0.073300801217556,0,1,0.3956042006611824
gate,H2_seed2,21,horizontal,0,000161_10.png,000162_10.png,1,5,0,4,-0.17050974816083908,-0.14302548766136169,0.027484260499477386,0,1,0.47784890979528427
gate,H2_seed2,21,horizontal,0,000161_10.png,000162_10.png,2,7,0,5,-0.20787200331687927,-0.17122184485197067,0.0366501584649086,0,1,0.38649215549230576
gate,H2_seed2,21,horizontal,0,000161_10.png,000162_10.png,3,8,0,5,-0.2563575804233551,-0.17004255950450897,0.08631502091884613,0,1,0.45534127950668335
gate,H2_seed2,21,horizontal,0,000161_10.png,000162_10.png,4,9,0,5,-0.23537357151508331,-0.16363513469696045,0.071738436818122864,0,1,0.51826371252536774
gate,H2_seed2,21,horizontal,0,000161_10.png,000162_10.png,5,10,0,5,-0.25163005292415619,-0.17936937510967255,0.072260677814483643,0,1,0.5435897558927536
gate,H2_seed2,21,horizontal,0,000161_10.png,000162_10.png,6,1,0,-5,-0.23853304982185364,-0.1527545228600502,0.085778526961803436,0,1,0.52609977126121521
gate,H2_seed2,22,horizontal,0,000161_10.png,000162_10.png,1,1,1,0,-0.40885582566261292,-0.36298182606697083,0.04587399959564209,0,1,0.62851068377494812
gate,H2_seed2,22,horizontal,0,000161_10.png,000162_10.png,2,1,0,-1,-0.34136639535427094,-0.21212746202945709,0.12923893332481384,0,1,0.62054669857025146
gate,H2_seed2,22,horizontal,0,000161_10.png,000162_10.png,3,2,0,-1,-0.32855361700057983,-0.29996512830257416,0.028588488698005676,0,1,0.58350908756256104
gate,H2_seed2,22,horizontal,0,000161_10.png,000162_10.png,4,3,0,-1,-0.39541201293468475,-0.35137248039245605,0.044039532542228699,0,1,0.6582549512386322
gate,H2_seed2,22,horizontal,0,000161_10.png,000162_10.png,5,4,0,-1,-0.44596804678440094,-0.31824961304664612,0.12771843373775482,0,1,0.68890835344791412
gate,H2_seed2,22,horizontal,0,000161_10.png,000162_10.png,6,5,0,-1,-0.44626480340957642,-0.29485234618186951,0.15141245722770691,0,1,0.68487913906574249
gate,H2_seed2,23,horizontal,0,000161_10.png,000162_10.png,1,6,0,5,-0.12461501359939575,-0.10127553343772888,0.02333948016166687,0,1,0.34995368868112564
gate,H2_seed2,23,horizontal,0,000161_10.png,000162_10.png,2,11,0,9,-0.1275213360786438,-0.11867371946573257,0.0088476166129112244,0,1,0.2973061203956604
gate,H2_seed2,23,horizontal,0,000161_10.png,000162_10.png,3,8,0,5,-0.13533075153827667,-0.11006522178649902,0.025265529751777649,0,1,0.3485131710767746
gate,H2_seed2,23,horizontal,0,000161_10.png,000162_10.png,4,10,0,6,-0.16567637026309967,-0.15464429557323456,0.011032074689865112,0,1,0.37913660705089569
gate,H2_seed2,23,horizontal,0,000161_10.png,000162_10.png,5,10,0,5,-0.17547720670700073,-0.091827578842639923,0.083649627864360809,0,1,0.37025094032287598
gate,H2_seed2,23,horizontal,0,000161_10.png,000162_10.png,6,10,0,4,-0.11335935443639755,-0.11056553199887276,0.0027938224375247955,0,1,0.31250693649053574
gate,H2_seed2,24,horizontal,0,000161_10.png,000162_10.png,1,8,0,7,-0.16763225197792053,-0.15825580060482025,0.0093764513731002808,0,1,0.60729964077472687
gate,H2_seed2,24,horizontal,0,000161_10.png,000162_10.png,2,5,0,3,-0.14939522743225098,-0.14816103130578995,0.0012341961264610291,0,1,0.39462723582983017
gate,H2_seed2,24,horizontal,0,000161_10.png,000162_10.png,3,0,0,-3,-0.28826196491718292,-0.11157368123531342,0.17668828368186951,0,1,0.62104015052318573
gate,H2_seed2,24,horizontal,0,000161_10.png,000162_10.png,4,1,0,-3,-0.27986636757850647,-0.18049107491970062,0.099375292658805847,0,1,0.53287380933761597
gate,H2_seed2,24,horizontal,0,000161_10.png,000162_10.png,5,2,0,-3,-0.26157130300998688,-0.1945832371711731,0.066988065838813782,0,1,0.56527645885944366
gate,H2_seed2,24,horizontal,0,000161_10.png,000162_10.png,6,3,0,-3,-0.19330905377864838,-0.10467839241027832,0.088630661368370056,0,1,0.47293145954608917
gate,H2_seed2,25,horizontal,0,000161_10.png,000162_10.png,1,4,0,3,-0.37641967833042145,-0.24600408971309662,0.13041558861732483,0,1,0.70068351924419403
gate,H2_seed2,25,horizontal,0,000161_10.png,000162_10.png,2,5,0,3,-0.33592745661735535,-0.24011211097240448,0.095815345644950867,0,1,0.55965934693813324
gate,H2_seed2,25,horizontal,0,000161_10.png,000162_10.png,3,6,0,3,-0.38852757215499878,-0.34510184824466705,0.043425723910331726,0,1,0.60001015663146973
gate,H2_seed2,25,horizontal,0,000161_10.png,000162_10.png,4,7,0,3,-0.34253615140914917,-0.34236723184585571,0.00016891956329345703,0,1,0.61687831580638885
gate,H2_seed2,25,horizontal,0,000161_10.png,000162_10.png,5,8,0,3,-0.32296791672706604,-0.27675850689411163,0.046209409832954407,0,1,0.67658817768096924
gate,H2_seed2,25,horizontal,0,000161_10.png,000162_10.png,6,9,0,3,-0.3036191314458847,-0.30323809385299683,0.00038103759288787842,0,1,0.62085933983325958
gate,H2_seed2,26,horizontal,0,000161_10.png,000162_10.png,1,1,1,0,-0.14985690265893936,-0.082793265581130981,0.06706363707780838,0,1,0.4082321897149086
gate,H2_seed2,26,horizontal,0,000161_10.png,000162_10.png,2,5,0,3,-0.11740969121456146,-0.10922369360923767,0.0081859976053237915,0,1,0.37687833607196808
gate,H2_seed2,26,horizontal,0,000161_10.png,000162_10.png,3,0,0,-3,-0.18446400016546249,-0.16846300661563873,0.016000993549823761,0,1,0.45007307082414627
gate,H2_seed2,26,horizontal,0,000161_10.png,000162_10.png,4,7,0,3,-0.13003726303577423,-0.10881149768829346,0.021225765347480774,0,1,0.43525253236293793
gate,H2_seed2,26,horizontal,0,000161_10.png,000162_10.png,5,8,0,3,-0.15322192013263702,-0.10444338619709015,0.048778533935546875,0,1,0.42636324465274811
gate,H2_seed2,26,horizontal,0,000161_10.png,000162_10.png,6,9,0,3,-0.28462335467338562,-0.12358427047729492,0.1610390841960907,0,1,0.56622986495494843
gate,H2_seed2,27,horizontal,0,000161_10.png,000162_10.png,1,1,1,0,-0.23820262402296066,-0.12980669736862183,0.10839592665433884,0,1,0.4471944198012352
gate,H2_seed2,27,horizontal,0,000161_10.png,000162_10.png,2,1,0,-1,-0.29540111124515533,-0.23071387410163879,0.064687237143516541,0,1,0.56796067953109741
gate,H2_seed2,27,horizontal,0,000161_10.png,000162_10.png,3,2,0,-1,-0.29933369159698486,-0.2264740839600563,0.072859607636928558,0,1,0.59435640275478363
gate,H2_seed2,27,horizontal,0,000161_10.png,000162_10.png,4,3,0,-1,-0.22898328304290771,-0.18308747559785843,0.045895807445049286,0,1,0.47015661746263504
gate,H2_seed2,27,horizontal,0,000161_10.png,000162_10.png,5,4,0,-1,-0.19247322529554367,-0.18407202512025833,0.0084012001752853394,0,1,0.35523667186498642
gate,H2_seed2,27,horizontal,0,000161_10.png,000162_10.png,6,4,0,-2,-0.19366893172264099,-0.19331257045269012,0.0003563612699508667,0,1,0.38073223829269409
gate,H2_seed2,28,horizontal,0,000161_10.png,000162_10.png,1,3,0,2,-0.42002354562282562,-0.34070450067520142,0.079319044947624207,0,1,0.66112883388996124
gate,H2_seed2,28,horizontal,0,000161_10.png,000162_10.png,2,4,0,2,-0.38373656570911407,-0.1817648857831955,0.20197167992591858,0,1,0.64435544610023499
gate,H2_seed2,28,horizontal,0,000161_10.png,000162_10.png,3,5,0,2,-0.3480364978313446,-0.12647689878940582,0.22155959904193878,0,1,0.55762065201997757
gate,H2_seed2,28,horizontal,0,000161_10.png,000162_10.png,4,6,0,2,-0.36809241771697998,-0.14130796492099762,0.22678445279598236,0,1,0.58679674565792084
gate,H2_seed2,28,horizontal,0,000161_10.png,000162_10.png,5,7,0,2,-0.34843936562538147,-0.14356051385402679,0.20487885177135468,0,1,0.52584189176559448
gate,H2_seed2,28,horizontal,0,000161_10.png,000162_10.png,6,8,0,2,-0.40014079213142395,-0.11373763903975487,0.28640315309166908,0,1,0.5917990505695343
gate,H2_seed2,29,horizontal,0,000161_10.png,000162_10.png,1,3,0,2,-0.22257319837808609,-0.21480703353881836,0.0077661648392677307,0,1,0.47959873825311661
gate,H2_seed2,29,horizontal,0,000161_10.png,000162_10.png,2,6,0,4,-0.27535894513130188,-0.23705198615789413,0.038306958973407745,0,1,0.55012813210487366
gate,H2_seed2,29,horizontal,0,000161_10.png,000162_10.png,3,7,0,4,-0.2837238609790802,-0.26065842807292938,0.023065432906150818,0,1,0.5450691431760788
gate,H2_seed2,29,horizontal,0,000161_10.png,000162_10.png,4,6,0,2,-0.24221082776784897,-0.20877762138843536,0.033433206379413605,0,1,0.58422438055276871
gate,H2_seed2,29,horizontal,0,000161_10.png,000162_10.png,5,7,0,2,-0.29744789004325867,-0.27009879052639008,0.027349099516868591,0,1,0.69508853554725647
gate,H2_seed2,29,horizontal,0,000161_10.png,000162_10.png,6,2,0,-4,-0.28229641914367676,-0.27860121428966522,0.0036952048540115356,0,1,0.66342291235923767
gate,H2_seed2,30,horizontal,0,000161_10.png,000162_10.png,1,2,0,1,-0.31722456216812134,-0.22855684161186218,0.088667720556259155,0,1,0.49732443690299988
gate,H2_seed2,30,horizontal,0,000161_10.png,000162_10.png,2,3,0,1,-0.23614826798439026,-0.17591269314289093,0.060235574841499329,0,1,0.41432739794254303
gate,H2_seed2,30,horizontal,0,000161_10.png,000162_10.png,3,4,0,1,-0.23760917782783508,-0.1315624862909317,0.10604669153690338,0,1,0.42166370153427124
gate,H2_seed2,30,horizontal,0,000161_10.png,000162_10.png,4,5,0,1,-0.20464599132537842,-0.16226629912853241,0.042379692196846008,0,1,0.40789936482906342
gate,H2_seed2,30,horizontal,0,000161_10.png,000162_10.png,5,6,0,1,-0.20518028736114502,-0.13819552958011627,0.066984757781028748,0,1,0.35035325586795807
gate,H2_seed2,30,horizontal,0,000161_10.png,000162_10.png,6,7,0,1,-0.21628715097904205,-0.14819302409887314,0.068094126880168915,0,1,0.38453525304794312
gate,H2_seed2,31,horizontal,0,000161_10.png,000162_10.png,1,1,1,0,-0.20940697938203812,-0.17296501994132996,0.03644195944070816,0,1,0.41595812141895294
gate,H2_seed2,31,horizontal,0,000161_10.png,000162_10.png,2,3,0,1,-0.16175907850265503,-0.13765016198158264,0.024108916521072388,0,1,0.41146571934223175
gate,H2_seed2,31,horizontal,0,000161_10.png,000162_10.png,3,4,0,1,-0.16451378911733627,-0.12840148061513901,0.036112308502197266,0,1,0.41246431320905685
gate,H2_seed2,31,horizontal,0,000161_10.png,000162_10.png,4,5,0,1,-0.172669917345047,-0.12561826407909393,0.047051653265953064,0,1,0.34612824767827988
gate,H2_seed2,31,horizontal,0,000161_10.png,000162_10.png,5,6,0,1,-0.20523452758789062,-0.19165202975273132,0.013582497835159302,0,1,0.4351118803024292
gate,H2_seed2,31,horizontal,0,000161_10.png,000162_10.png,6,9,0,3,-0.26329681277275085,-0.1915583461523056,0.071738466620445251,0,1,0.48425950109958649
gate,H2_seed2,0,horizontal,1,000163_10.png,000164_10.png,1,6,0,5,-0.088639944791793823,-0.065303534269332886,0.023336410522460938,0,1,0.16678905487060547
gate,H2_seed2,0,horizontal,1,000163_10.png,000164_10.png,2,1,0,-1,-0.20362415909767151,-0.077063620090484619,0.12656053900718689,0,1,0.32204559445381165
gate,H2_seed2,0,horizontal,1,000163_10.png,000164_10.png,3,2,0,-1,-0.15701214969158173,-0.12465119734406471,0.032360952347517014,0,1,0.32474781572818756
gate,H2_seed2,0,horizontal,1,000163_10.png,000164_10.png,4,3,0,-1,-0.18821719288825989,-0.066843748092651367,0.12137344479560852,0,1,0.35229197144508362
gate,H2_seed2,0,horizontal,1,000163_10.png,000164_10.png,5,4,0,-1,-0.17364819347858429,-0.13166213035583496,0.041986063122749329,0,1,0.34478294849395752
gate,H2_seed2,0,horizontal,1,000163_10.png,000164_10.png,6,5,0,-1,-0.16977456212043762,-0.12838366627693176,0.041390895843505859,0,1,0.33409389853477478
gate,H2_seed2,1,horizontal,1,000163_10.png,000164_10.png,1,4,0,3,-0.13046431541442871,-0.1048256903886795,0.025638625025749207,0,1,0.2360939085483551
gate,H2_seed2,1,horizontal,1,000163_10.png,000164_10.png,2,5,0,3,-0.17376852035522461,-0.058161467313766479,0.11560705304145813,0,1,0.28224289417266846
gate,H2_seed2,1,horizontal,1,000163_10.png,000164_10.png,3,6,0,3,-0.19508332014083862,-0.048837900161743164,0.14624541997909546,0,1,0.31657570600509644
gate,H2_seed2,1,horizontal,1,000163_10.png,000164_10.png,4,7,0,3,-0.20656931400299072,-0.056730881333351135,0.14983843266963959,0,1,0.30652977526187897
gate,H2_seed2,1,horizontal,1,000163_10.png,000164_10.png,5,8,0,3,-0.19038599729537964,-0.063936322927474976,0.12644967436790466,0,1,0.31893748044967651
gate,H2_seed2,1,horizontal,1,000163_10.png,000164_10.png,6,9,0,3,-0.15146610140800476,-0.12571021914482117,0.025755882263183594,0,1,0.2403181791305542
gate,H2_seed2,2,horizontal,1,000163_10.png,000164_10.png,1,3,0,2,-0.096806392073631287,-0.078828886151313782,0.017977505922317505,0,1,0.31683246791362762
gate,H2_seed2,2,horizontal,1,000163_10.png,000164_10.png,2,11,0,9,-0.15641367435455322,-0.10660702735185623,0.049806647002696991,0,1,0.41847945749759674
gate,H2_seed2,2,horizontal,1,000163_10.png,000164_10.png,3,9,0,6,-0.18619948625564575,-0.17453348636627197,0.011665999889373779,0,1,0.49617040157318115
gate,H2_seed2,2,horizontal,1,000163_10.png,000164_10.png,4,10,0,6,-0.13105502724647522,-0.12071616947650909,0.010338857769966125,0,1,0.5132727324962616
gate,H2_seed2,2,horizontal,1,000163_10.png,000164_10.png,5,11,0,6,-0.16878136992454529,-0.14871177822351456,0.020069591701030731,0,1,0.4904761016368866
gate,H2_seed2,2,horizontal,1,000163_10.png,000164_10.png,6,1,0,-5,-0.10862851142883301,-0.10088551044464111,0.0077430009841918945,0,1,0.35890281200408936
gate,H2_seed2,3,horizontal,1,000163_10.png,000164_10.png,1,1,1,0,-0.16884928941726685,-0.14497449994087219,0.023874789476394653,0,1,0.28456210345029831
gate,H2_seed2,3,horizontal,1,000163_10.png,000164_10.png,2,1,0,-1,-0.16231097280979156,-0.09418913722038269,0.068121835589408875,0,1,0.24918262660503387
gate,H2_seed2,3,horizontal,1,000163_10.png,000164_10.png,3,2,0,-1,-0.22742415964603424,-0.10139129310846329,0.12603286653757095,0,1,0.34102220833301544
gate,H2_seed2,3,horizontal,1,000163_10.png,000164_10.png,4,3,0,-1,-0.21979278326034546,-0.10726286470890045,0.11252991855144501,0,1,0.3580489382147789
gate,H2_seed2,3,horizontal,1,000163_10.png,000164_10.png,5,4,0,-1,-0.20139358192682266,-0.10778854414820671,0.093605037778615952,0,1,0.36656953394412994
gate,H2_seed2,3,horizontal,1,000163_10.png,000164_10.png,6,5,0,-1,-0.16057313978672028,-0.14791662991046906,0.012656509876251221,0,1,0.32461623102426529
gate,H2_seed2,4,horizontal,1,000163_10.png,000164_10.png,1,3,0,2,-0.23047253489494324,-0.13484495878219604,0.095627576112747192,0,1,0.37141264230012894
gate,H2_seed2,4,horizontal,1,000163_10.png,000164_10.png,2,4,0,2,-0.20004427433013916,-0.10940831154584885,0.090635962784290314,0,1,0.33945691585540771
gate,H2_seed2,4,horizontal,1,000163_10.png,000164_10.png,3,5,0,2,-0.19737778604030609,-0.099364269524812698,0.098013516515493393,0,1,0.32244746387004852
gate,H2_seed2,4,horizontal,1,000163_10.png,000164_10.png,4,6,0,2,-0.18122465908527374,-0.079912181943655014,0.10131247714161873,0,1,0.28330259770154953
gate,H2_seed2,4,horizontal,1,000163_10.png,000164_10.png,5,7,0,2,-0.22600714862346649,-0.093663811683654785,0.13234333693981171,0,1,0.39559830725193024
gate,H2_seed2,4,horizontal,1,000163_10.png,000164_10.png,6,8,0,2,-0.22473190724849701,-0.085221588611602783,0.13951031863689423,0,1,0.35380683839321136
gate,H2_seed2,5,horizontal,1,000163_10.png,000164_10.png,1,2,0,1,-0.16364865005016327,-0.1001177653670311,0.063530884683132172,0,1,0.3015262559056282
gate,H2_seed2,5,horizontal,1,000163_10.png,000164_10.png,2,1,0,-1,-0.2269742339849472,-0.18543033301830292,0.041543900966644287,0,1,0.36486981809139252
gate,H2_seed2,5,horizontal,1,000163_10.png,000164_10.png,3,2,0,-1,-0.22841092944145203,-0.16185297816991806,0.066557951271533966,0,1,0.37594321370124817
gate,H2_seed2,5,horizontal,1,000163_10.png,000164_10.png,4,5,0,1,-0.18442746996879578,-0.15706080198287964,0.027366667985916138,0,1,0.34927120804786682
gate,H2_seed2,5,horizontal,1,000163_10.png,000164_10.png,5,4,0,-1,-0.16428244113922119,-0.16014164686203003,0.0041407942771911621,0,1,0.30625692754983902
gate,H2_seed2,5,horizontal,1,000163_10.png,000164_10.png,6,5,0,-1,-0.19582043588161469,-0.1627325639128685,0.033087871968746185,0,1,0.35108014941215515
gate,H2_seed2,6,horizontal,1,000163_10.png,000164_10.png,1,0,0,-1,-0.15676736831665039,-0.14811781048774719,0.0086495578289031982,0,1,0.32831759750843048
gate,H2_seed2,6,horizontal,1,000163_10.png,000164_10.png,2,11,0,9,-0.12952017784118652,-0.10672438144683838,0.022795796394348145,0,1,0.30364816635847092
gate,H2_seed2,6,horizontal,1,000163_10.png,000164_10.png,3,1,0,-2,-0.12724842131137848,-0.10918373614549637,0.018064685165882111,0,1,0.33045576512813568
gate,H2_seed2,6,horizontal,1,000163_10.png,000164_10.png,4,2,0,-2,-0.18374980986118317,-0.1155351959168911,0.068214613944292068,0,1,0.40334901213645935
gate,H2_seed2,6,horizontal,1,000163_10.png,000164_10.png,5,3,0,-2,-0.16931688785552979,-0.12307983636856079,0.046237051486968994,0,1,0.39190416783094406
gate,H2_seed2,6,horizontal,1,000163_10.png,000164_10.png,6,4,0,-2,-0.16509536653757095,-0.11961674690246582,0.045478619635105133,0,1,0.41074288636445999
gate,H2_seed2,7,horizontal,1,000163_10.png,000164_10.png,1,2,0,1,-0.34789249300956726,-0.061473160982131958,0.2864193320274353,0,1,0.48764337599277496
gate,H2_seed2,7,horizontal,1,000163_10.png,000164_10.png,2,3,0,1,-0.26649302244186401,-0.083464086055755615,0.1830289363861084,0,1,0.44124001264572144
gate,H2_seed2,7,horizontal,1,000163_10.png,000164_10.png,3,4,0,1,-0.23301927745342255,-0.10910677909851074,0.1239124983549118,0,1,0.41415462642908096
gate,H2_seed2,7,horizontal,1,000163_10.png,000164_10.png,4,5,0,1,-0.24416540563106537,-0.095488682389259338,0.14867672324180603,0,1,0.45942799746990204
gate,H2_seed2,7,horizontal,1,000163_10.png,000164_10.png,5,6,0,1,-0.20518802106380463,-0.078560739755630493,0.12662728130817413,0,1,0.40753690898418427
gate,H2_seed2,7,horizontal,1,000163_10.png,000164_10.png,6,7,0,1,-0.23374283313751221,-0.057145863771438599,0.17659696936607361,0,1,0.43746349215507507
gate,H2_seed2,8,horizontal,1,000163_10.png,000164_10.png,1,0,0,-1,-0.18456467241048813,-0.13939020037651062,0.045174472033977509,0,1,0.36853683739900589
gate,H2_seed2,8,horizontal,1,000163_10.png,000164_10.png,2,0,0,-2,-0.18005308508872986,-0.13870176672935486,0.041351318359375,0,1,0.3790469765663147
gate,H2_seed2,8,horizontal,1,000163_10.png,000164_10.png,3,6,0,3,-0.19206655025482178,-0.14060913771390915,0.051457412540912628,0,1,0.35981966555118561
gate,H2_seed2,8,horizontal,1,000163_10.png,000164_10.png,4,2,0,-2,-0.16758240014314651,-0.12706832587718964,0.040514074265956879,0,1,0.36126984655857086
gate,H2_seed2,8,horizontal,1,000163_10.png,000164_10.png,5,8,0,3,-0.16151018440723419,-0.098650321364402771,0.062859863042831421,0,1,0.28186003863811493
gate,H2_seed2,8,horizontal,1,000163_10.png,000164_10.png,6,9,0,3,-0.17213387042284012,-0.10957920551300049,0.06255466490983963,0,1,0.32195628434419632
gate,H2_seed2,9,horizontal,1,000163_10.png,000164_10.png,1,4,0,3,-0.18610981106758118,-0.16198426485061646,0.024125546216964722,0,1,0.40896399319171906
gate,H2_seed2,9,horizontal,1,000163_10.png,000164_10.png,2,6,0,4,-0.15995195508003235,-0.15652067959308624,0.003431275486946106,0,1,0.38441921025514603
gate,H2_seed2,9,horizontal,1,000163_10.png,000164_10.png,3,6,0,3,-0.15231902897357941,-0.14310498535633087,0.0092140436172485352,0,1,0.40043057501316071
gate,H2_seed2,9,horizontal,1,000163_10.png,000164_10.png,4,7,0,3,-0.19020843505859375,-0.11562111973762512,0.074587315320968628,0,1,0.37253257632255554
gate,H2_seed2,9,horizontal,1,000163_10.png,000164_10.png,5,8,0,3,-0.18426552414894104,-0.14059840142726898,0.043667122721672058,0,1,0.35866361111402512
gate,H2_seed2,9,horizontal,1,000163_10.png,000164_10.png,6,9,0,3,-0.19097922742366791,-0.11341400444507599,0.077565222978591919,0,1,0.36721198260784149
gate,H2_seed2,10,horizontal,1,000163_10.png,000164_10.png,1,9,0,8,-0.11679291725158691,-0.10392226278781891,0.012870654463768005,0,1,0.42196139693260193
gate,H2_seed2,10,horizontal,1,000163_10.png,000164_10.png,2,8,0,6,-0.12022638320922852,-0.11046929657459259,0.0097570866346359253,0,1,0.41562440991401672
gate,H2_seed2,10,horizontal,1,000163_10.png,000164_10.png,3,9,0,6,-0.15887556970119476,-0.13811542838811874,0.020760141313076019,0,1,0.37955117225646973
gate,H2_seed2,10,horizontal,1,000163_10.png,000164_10.png,4,1,0,-3,-0.13293371349573135,-0.1159784197807312,0.016955293715000153,0,1,0.3784160390496254
gate,H2_seed2,10,horizontal,1,000163_10.png,000164_10.png,5,2,0,-3,-0.12543466687202454,-0.10927435755729675,0.016160309314727783,0,1,0.38352449238300323
gate,H2_seed2,10,horizontal,1,000163_10.png,000164_10.png,6,3,0,-3,-0.1538178026676178,-0.13007593154907227,0.023741871118545532,0,1,0.38789774477481842
gate,H2_seed2,11,horizontal,1,000163_10.png,000164_10.png,1,2,0,1,-0.172531858086586,-0.093894660472869873,0.078637197613716125,0,1,0.28831379115581512
gate,H2_seed2,11,horizontal,1,000163_10.png,000164_10.png,2,2,1,0,-0.098192840814590454,-0.080822408199310303,0.017370432615280151,0,1,0.19454704225063324
gate,H2_seed2,11,horizontal,1,000163_10.png,000164_10.png,3,1,0,-2,-0.1351400762796402,-0.081711620092391968,0.05342845618724823,0,1,0.22049138695001602
gate,H2_seed2,11,horizontal,1,000163_10.png,000164_10.png,4,7,0,3,-0.087801694869995117,-0.086589545011520386,0.0012121498584747314,0,1,0.18775254487991333
gate,H2_seed2,11,horizontal,1,000163_10.png,000164_10.png,5,6,0,1,-0.095349967479705811,-0.056005656719207764,0.039344310760498047,0,1,0.23813799023628235
gate,H2_seed2,11,horizontal,1,000163_10.png,000164_10.png,6,7,0,1,-0.10418927669525146,-0.094435438513755798,0.0097538381814956665,0,1,0.20459966361522675
gate,H2_seed2,12,horizontal,1,000163_10.png,000164_10.png,1,0,0,-1,-0.11765550076961517,-0.11107131838798523,0.0065841823816299438,0,1,0.30446632206439972
gate,H2_seed2,12,horizontal,1,000163_10.png,000164_10.png,2,5,0,3,-0.077530831098556519,-0.072146996855735779,0.0053838342428207397,0,1,0.24663653969764709
gate,H2_seed2,12,horizontal,1,000163_10.png,000164_10.png,3,3,1,0,-0.15680909156799316,-0.097795538604259491,0.059013552963733673,0,1,0.36191505193710327
gate,H2_seed2,12,horizontal,1,000163_10.png,000164_10.png,4,4,1,0,-0.16450652480125427,-0.12339969724416733,0.041106827557086945,0,1,0.37009448558092117
gate,H2_seed2,12,horizontal,1,000163_10.png,000164_10.png,5,2,0,-3,-0.18892219662666321,-0.13338351249694824,0.055538684129714966,0,1,0.40515151619911194
gate,H2_seed2,12,horizontal,1,000163_10.png,000164_10.png,6,3,0,-3,-0.2018611878156662,-0.11058706790208817,0.091274119913578033,0,1,0.41664738953113556
gate,H2_seed2,13,horizontal,1,000163_10.png,000164_10.png,1,7,0,6,-0.076363086700439453,-0.061660170555114746,0.014702916145324707,0,1,0.186065673828125
gate,H2_seed2,13,horizontal,1,000163_10.png,000164_10.png,2,11,0,9,-0.057967983186244965,-0.042319238185882568,0.015648745000362396,0,1,0.13009350746870041
gate,H2_seed2,13,horizontal,1,000163_10.png,000164_10.png,3,9,0,6,-0.11470479890704155,-0.055275470018386841,0.059429328888654709,0,1,0.17678047344088554
gate,H2_seed2,13,horizontal,1,000163_10.png,000164_10.png,4,11,0,7,-0.059655234217643738,-0.057205438613891602,0.0024497956037521362,0,1,0.14081937819719315
gate,H2_seed2,13,horizontal,1,000163_10.png,000164_10.png,5,3,0,-2,-0.050453774631023407,-0.041473805904388428,0.0089799687266349792,0,1,0.13990243524312973
gate,H2_seed2,13,horizontal,1,000163_10.png,000164_10.png,6,4,0,-2,-0.069663435220718384,-0.053153783082962036,0.016509652137756348,0,1,0.12819694727659225
gate,H2_seed2,14,horizontal,1,000163_10.png,000164_10.png,1,0,0,-1,-0.10704798251390457,-0.10338456928730011,0.0036634132266044617,0,1,0.3039521649479866
gate,H2_seed2,14,horizontal,1,000163_10.png,000164_10.png,2,10,0,8,-0.13679987192153931,-0.11873099207878113,0.018068879842758179,0,1,0.33835968375205994
gate,H2_seed2,14,horizontal,1,000163_10.png,000164_10.png,3,11,0,8,-0.15480524301528931,-0.08626256138086319,0.068542681634426117,0,1,0.42892292141914368
gate,H2_seed2,14,horizontal,1,000163_10.png,000164_10.png,4,0,0,-4,-0.12657581269741058,-0.081499397754669189,0.045076414942741394,0,1,0.37729781866073608
gate,H2_seed2,14,horizontal,1,000163_10.png,000164_10.png,5,10,0,5,-0.11455094814300537,-0.11416845768690109,0.00038249045610427856,0,1,0.33336532115936279
gate,H2_seed2,14,horizontal,1,000163_10.png,000164_10.png,6,3,0,-3,-0.15435014665126801,-0.11431580781936646,0.04003433883190155,0,1,0.36278252303600311
gate,H2_seed2,15,horizontal,1,000163_10.png,000164_10.png,1,1,1,0,-0.21913242340087891,-0.21657918393611908,0.0025532394647598267,0,1,0.34989960491657257
gate,H2_seed2,15,horizontal,1,000163_10.png,000164_10.png,2,2,1,0,-0.2417619377374649,-0.14254018664360046,0.099221751093864441,0,1,0.4014308750629425
gate,H2_seed2,15,horizontal,1,000163_10.png,000164_10.png,3,3,1,0,-0.24462072551250458,-0.1785135418176651,0.066107183694839478,0,1,0.39807301759719849
gate,H2_seed2,15,horizontal,1,000163_10.png,000164_10.png,4,5,0,1,-0.20427346229553223,-0.19899168610572815,0.0052817761898040771,0,1,0.32330122590065002
gate,H2_seed2,15,horizontal,1,000163_10.png,000164_10.png,5,6,0,1,-0.20126992464065552,-0.16686989367008209,0.034400030970573425,0,1,0.36322328448295593
gate,H2_seed2,15,horizontal,1,000163_10.png,000164_10.png,6,7,0,1,-0.18033334612846375,-0.11930257081985474,0.061030775308609009,0,1,0.29312431067228317
gate,H2_seed2,16,horizontal,1,000163_10.png,000164_10.png,1,7,0,6,-0.13086909055709839,-0.088987641036510468,0.041881449520587921,0,1,0.32013804465532303
gate,H2_seed2,16,horizontal,1,000163_10.png,000164_10.png,2,10,0,8,-0.16960906982421875,-0.13219599425792694,0.037413075566291809,0,1,0.50246751308441162
gate,H2_seed2,16,horizontal,1,000163_10.png,000164_10.png,3,9,0,6,-0.17092946171760559,-0.10591629147529602,0.06501317024230957,0,1,0.48499320447444916
gate,H2_seed2,16,horizontal,1,000163_10.png,000164_10.png,4,1,0,-3,-0.13992858678102493,-0.10726079344749451,0.032667793333530426,0,1,0.4502384290099144
gate,H2_seed2,16,horizontal,1,000163_10.png,000164_10.png,5,2,0,-3,-0.16324027627706528,-0.08211129903793335,0.081128977239131927,0,1,0.45945870131254196
gate,H2_seed2,16,horizontal,1,000163_10.png,000164_10.png,6,3,0,-3,-0.19414040446281433,-0.1874040961265564,0.0067363083362579346,0,1,0.48008963465690613
gate,H2_seed2,17,horizontal,1,000163_10.png,000164_10.png,1,1,1,0,-0.12559846043586731,-0.098870813846588135,0.026727646589279175,0,1,0.35788652300834656
gate,H2_seed2,17,horizontal,1,000163_10.png,000164_10.png,2,2,1,0,-0.27289462089538574,-0.16953945159912109,0.10335516929626465,0,1,0.50468164682388306
gate,H2_seed2,17,horizontal,1,000163_10.png,000164_10.png,3,3,1,0,-0.27468568086624146,-0.18184417486190796,0.092841506004333496,0,1,0.52400226891040802
gate,H2_seed2,17,horizontal,1,000163_10.png,000164_10.png,4,4,1,0,-0.2730305939912796,-0.097588278353214264,0.17544231563806534,0,1,0.4761136919260025
gate,H2_seed2,17,horizontal,1,000163_10.png,000164_10.png,5,5,1,0,-0.20061509311199188,-0.16371110081672668,0.036903992295265198,0,1,0.38374882936477661
gate,H2_seed2,17,horizontal,1,000163_10.png,000164_10.png,6,6,1,0,-0.19174520671367645,-0.1649697870016098,0.02677541971206665,0,1,0.35118675231933594
gate,H2_seed2,18,horizontal,1,000163_10.png,000164_10.png,1,2,0,1,-0.14537627249956131,-0.14200510829687119,0.0033711642026901245,0,1,0.25523487478494644
gate,H2_seed2,18,horizontal,1,000163_10.png,000164_10.png,2,5,0,3,-0.1564769446849823,-0.15003500878810883,0.0064419358968734741,0,1,0.2493378221988678
gate,H2_seed2,18,horizontal,1,000163_10.png,000164_10.png,3,6,0,3,-0.15264245122671127,-0.14845229685306549,0.0041901543736457825,0,1,0.26934320107102394
gate,H2_seed2,18,horizontal,1,000163_10.png,000164_10.png,4,7,0,3,-0.14744435250759125,-0.13335949182510376,0.014084860682487488,0,1,0.27144617587327957
gate,H2_seed2,18,horizontal,1,000163_10.png,000164_10.png,5,8,0,3,-0.14311063289642334,-0.10932707786560059,0.033783555030822754,0,1,0.23545748740434647
gate,H2_seed2,18,horizontal,1,000163_10.png,000164_10.png,6,9,0,3,-0.12588147073984146,-0.098909378051757812,0.026972092688083649,0,1,0.20795787125825882
gate,H2_seed2,19,horizontal,1,000163_10.png,000164_10.png,1,3,0,2,-0.18799570947885513,-0.15297922492027283,0.035016484558582306,0,1,0.29470554739236832
gate,H2_seed2,19,horizontal,1,000163_10.png,000164_10.png,2,4,0,2,-0.21609219908714294,-0.13277938961982727,0.083312809467315674,0,1,0.35033515095710754
gate,H2_seed2,19,horizontal,1,000163_10.png,000164_10.png,3,5,0,2,-0.19921723008155823,-0.11305397748947144,0.086163252592086792,0,1,0.32866161316633224
gate,H2_seed2,19,horizontal,1,000163_10.png,000164_10.png,4,6,0,2,-0.18573389947414398,-0.11456587910652161,0.071168020367622375,0,1,0.32490900158882141
gate,H2_seed2,19,horizontal,1,000163_10.png,000164_10.png,5,7,0,2,-0.20545500516891479,-0.13972939550876617,0.065725609660148621,0,1,0.36854186654090881
gate,H2_seed2,19,horizontal,1,000163_10.png,000164_10.png,6,8,0,2,-0.17177469283342361,-0.14674811065196991,0.025026582181453705,0,1,0.30385055392980576
gate,H2_seed2,20,horizontal,1,000163_10.png,000164_10.png,1,8,0,7,-0.15978346019983292,-0.11840090155601501,0.041382558643817902,0,1,0.23835846036672592
gate,H2_seed2,20,horizontal,1,000163_10.png,000164_10.png,2,9,0,7,-0.13122782111167908,-0.10734888911247253,0.023878931999206543,0,1,0.29248896241188049
gate,H2_seed2,20,horizontal,1,000163_10.png,000164_10.png,3,3,1,0,-0.13266028463840485,-0.094419375061988831,0.038240909576416016,0,1,0.25195907056331635
gate,H2_seed2,20,horizontal,1,000163_10.png,000164_10.png,4,10,0,6,-0.085921801626682281,-0.0697825588285923,0.016139242798089981,0,1,0.20311959832906723
gate,H2_seed2,20,horizontal,1,000163_10.png,000164_10.png,5,3,0,-2,-0.1500946432352066,-0.057472661137580872,0.092621982097625732,0,1,0.24894857406616211
gate,H2_seed2,20,horizontal,1,000163_10.png,000164_10.png,6,0,0,-6,-0.12545278668403625,-0.08017454668879509,0.045278239995241165,0,1,0.26268285512924194
gate,H2_seed2,21,horizontal,1,000163_10.png,000164_10.png,1,7,0,6,-0.14496903121471405,-0.070155531167984009,0.074813500046730042,0,1,0.22878260910511017
gate,H2_seed2,21,horizontal,1,000163_10.png,000164_10.png,2,8,0,6,-0.16769278794527054,-0.097168952226638794,0.070523835718631744,0,1,0.42711461335420609
gate,H2_seed2,21,horizontal,1,000163_10.png,000164_10.png,3,9,0,6,-0.1645977646112442,-0.094531677663326263,0.070066086947917938,0,1,0.30838972330093384
gate,H2_seed2,21,horizontal,1,000163_10.png,000164_10.png,4,8,0,4,-0.11186912655830383,-0.10407160222530365,0.0077975243330001831,0,1,0.29397967457771301
gate,H2_seed2,21,horizontal,1,000163_10.png,000164_10.png,5,9,0,4,-0.085260197520256042,-0.050009369850158691,0.035250827670097351,0,1,0.22951851785182953
gate,H2_seed2,21,horizontal,1,000163_10.png,000164_10.png,6,11,0,5,-0.088634252548217773,-0.086627479642629623,0.00200677290558815,0,1,0.20206016302108765
gate,H2_seed2,22,horizontal,1,000163_10.png,000164_10.png,1,0,0,-1,-0.30453059077262878,-0.22179028391838074,0.082740306854248047,0,1,0.44299128651618958
gate,H2_seed2,22,horizontal,1,000163_10.png,000164_10.png,2,1,0,-1,-0.25077900290489197,-0.17396944761276245,0.076809555292129517,0,1,0.38000944256782532
gate,H2_seed2,22,horizontal,1,000163_10.png,000164_10.png,3,2,0,-1,-0.27370551228523254,-0.17738377302885056,0.096321739256381989,0,1,0.47080627828836441
gate,H2_seed2,22,horizontal,1,000163_10.png,000164_10.png,4,3,0,-1,-0.244031623005867,-0.17536569386720657,0.068665929138660431,0,1,0.41625256836414337
gate,H2_seed2,22,horizontal,1,000163_10.png,000164_10.png,5,4,0,-1,-0.22643709182739258,-0.17177928984165192,0.054657801985740662,0,1,0.38191515207290649
gate,H2_seed2,22,horizontal,1,000163_10.png,000164_10.png,6,5,0,-1,-0.22934731841087341,-0.15786841511726379,0.071478903293609619,0,1,0.40143050253391266
gate,H2_seed2,23,horizontal,1,000163_10.png,000164_10.png,1,6,0,5,-0.12088301032781601,-0.10031944513320923,0.020563565194606781,0,1,0.38717221468687057
gate,H2_seed2,23,horizontal,1,000163_10.png,000164_10.png,2,7,0,5,-0.15225915610790253,-0.083341576159000397,0.06891757994890213,0,1,0.31654365360736847
gate,H2_seed2,23,horizontal,1,000163_10.png,000164_10.png,3,8,0,5,-0.18117675185203552,-0.12433171272277832,0.056845039129257202,0,1,0.30731554329395294
gate,H2_seed2,23,horizontal,1,000163_10.png,000164_10.png,4,10,0,6,-0.2036232203245163,-0.13433040678501129,0.069292813539505005,0,1,0.32465146481990814
gate,H2_seed2,23,horizontal,1,000163_10.png,000164_10.png,5,10,0,5,-0.13476324081420898,-0.076255112886428833,0.058508127927780151,0,1,0.24441823363304138
gate,H2_seed2,23,horizontal,1,000163_10.png,000164_10.png,6,3,0,-3,-0.12393008172512054,-0.10972446203231812,0.014205619692802429,0,1,0.23737773299217224
gate,H2_seed2,24,horizontal,1,000163_10.png,000164_10.png,1,4,0,3,-0.11613983660936356,-0.046365946531295776,0.06977389007806778,0,1,0.36958276480436325
gate,H2_seed2,24,horizontal,1,000163_10.png,000164_10.png,2,5,0,3,-0.092435583472251892,-0.071758657693862915,0.020676925778388977,0,1,0.19330438226461411
gate,H2_seed2,24,horizontal,1,000163_10.png,000164_10.png,3,0,0,-3,-0.16678087413311005,-0.05649619922041893,0.11028467491269112,0,1,0.32678274065256119
gate,H2_seed2,24,horizontal,1,000163_10.png,000164_10.png,4,1,0,-3,-0.14035207033157349,-0.049370557069778442,0.090981513261795044,0,1,0.30047139525413513
gate,H2_seed2,24,horizontal,1,000163_10.png,000164_10.png,5,2,0,-3,-0.11255364120006561,-0.059865236282348633,0.05268840491771698,0,1,0.31017680466175079
gate,H2_seed2,24,horizontal,1,000163_10.png,000164_10.png,6,3,0,-3,-0.14028464257717133,-0.096244867891073227,0.044039774686098099,0,1,0.35853405296802521
gate,H2_seed2,25,horizontal,1,000163_10.png,000164_10.png,1,4,0,3,-0.081737622618675232,-0.066353976726531982,0.01538364589214325,0,1,0.32552708685398102
gate,H2_seed2,25,horizontal,1,000163_10.png,000164_10.png,2,3,0,1,-0.10000251233577728,-0.09954473003745079,0.00045778229832649231,0,1,0.28550796210765839
gate,H2_seed2,25,horizontal,1,000163_10.png,000164_10.png,3,6,0,3,-0.16075149923563004,-0.11229158192873001,0.048459917306900024,0,1,0.30070983618497849
gate,H2_seed2,25,horizontal,1,000163_10.png,000164_10.png,4,7,0,3,-0.13349493592977524,-0.099331215023994446,0.034163720905780792,0,1,0.28164254128932953
gate,H2_seed2,25,horizontal,1,000163_10.png,000164_10.png,5,8,0,3,-0.11555494740605354,-0.091371849179267883,0.02418309822678566,0,1,0.26574474945664406
gate,H2_seed2,25,horizontal,1,000163_10.png,000164_10.png,6,9,0,3,-0.1859448254108429,-0.11631747335195541,0.069627352058887482,0,1,0.40405695885419846
gate,H2_seed2,26,horizontal,1,000163_10.png,000164_10.png,1,5,0,4,-0.18127593398094177,-0.12072310596704483,0.060552828013896942,0,1,0.32719099521636963
gate,H2_seed2,26,horizontal,1,000163_10.png,000164_10.png,2,6,0,4,-0.14172703772783279,-0.1242358535528183,0.017491184175014496,0,1,0.26535467058420181
gate,H2_seed2,26,horizontal,1,000163_10.png,000164_10.png,3,7,0,4,-0.14476613700389862,-0.14357262849807739,0.001193508505821228,0,1,0.2349582239985466
gate,H2_seed2,26,horizontal,1,000163_10.png,000164_10.png,4,9,0,5,-0.15191933512687683,-0.13051915168762207,0.021400183439254761,0,1,0.26679295301437378
gate,H2_seed2,26,horizontal,1,000163_10.png,000164_10.png,5,10,0,5,-0.11124288290739059,-0.090070351958274841,0.021172530949115753,0,1,0.21597646921873093
gate,H2_seed2,26,horizontal,1,000163_10.png,000164_10.png,6,11,0,5,-0.12963801622390747,-0.11963933706283569,0.0099986791610717773,0,1,0.23068898916244507
gate,H2_seed2,27,horizontal,1,000163_10.png,000164_10.png,1,1,1,0,-0.23940342664718628,-0.083366036415100098,0.15603739023208618,0,1,0.39853611588478088
gate,H2_seed2,27,horizontal,1,000163_10.png,000164_10.png,2,2,1,0,-0.26051034033298492,-0.14721950888633728,0.11329083144664764,0,1,0.41978384554386139
gate,H2_seed2,27,horizontal,1,000163_10.png,000164_10.png,3,3,1,0,-0.28703632950782776,-0.079802483320236206,0.20723384618759155,0,1,0.41690748929977417
gate,H2_seed2,27,horizontal,1,000163_10.png,000164_10.png,4,4,1,0,-0.25429384410381317,-0.10333386808633804,0.15095997601747513,0,1,0.38016529381275177
gate,H2_seed2,27,horizontal,1,000163_10.png,000164_10.png,5,5,1,0,-0.26028983294963837,-0.14707639813423157,0.1132134348154068,0,1,0.40302951633930206
gate,H2_seed2,27,horizontal,1,000163_10.png,000164_10.png,6,6,1,0,-0.26074610650539398,-0.16787032037973404,0.092875786125659943,0,1,0.48883114755153656
gate,H2_seed2,28,horizontal,1,000163_10.png,000164_10.png,1,3,0,2,-0.23601198941469193,-0.15224993973970413,0.083762049674987793,0,1,0.41706452518701553
gate,H2_seed2,28,horizontal,1,000163_10.png,000164_10.png,2,4,0,2,-0.24223163723945618,-0.15372614562511444,0.088505491614341736,0,1,0.44221382588148117
gate,H2_seed2,28,horizontal,1,000163_10.png,000164_10.png,3,5,0,2,-0.26628600060939789,-0.17180412262678146,0.094481877982616425,0,1,0.44734186679124832
gate,H2_seed2,28,horizontal,1,000163_10.png,000164_10.png,4,6,0,2,-0.28510956466197968,-0.1766897588968277,0.10841980576515198,0,1,0.45366612076759338
gate,H2_seed2,28,horizontal,1,000163_10.png,000164_10.png,5,7,0,2,-0.26169399917125702,-0.17307639122009277,0.088617607951164246,0,1,0.46437473595142365
gate,H2_seed2,28,horizontal,1,000163_10.png,000164_10.png,6,8,0,2,-0.22861182689666748,-0.13487833738327026,0.093733489513397217,0,1,0.37298062443733215
gate,H2_seed2,29,horizontal,1,000163_10.png,000164_10.png,1,5,0,4,-0.23698785901069641,-0.14091676473617554,0.096071094274520874,0,1,0.5368511974811554
gate,H2_seed2,29,horizontal,1,000163_10.png,000164_10.png,2,4,0,2,-0.28166836500167847,-0.257590651512146,0.024077713489532471,0,1,0.55513602495193481
gate,H2_seed2,29,horizontal,1,000163_10.png,000164_10.png,3,7,0,4,-0.2740013599395752,-0.25430402159690857,0.019697338342666626,0,1,0.53785744309425354
gate,H2_seed2,29,horizontal,1,000163_10.png,000164_10.png,4,6,0,2,-0.24283747375011444,-0.23046742379665375,0.012370049953460693,0,1,0.48076596856117249
gate,H2_seed2,29,horizontal,1,000163_10.png,000164_10.png,5,9,0,4,-0.29060734808444977,-0.20936211943626404,0.08124522864818573,0,1,0.55908451974391937
gate,H2_seed2,29,horizontal,1,000163_10.png,000164_10.png,6,8,0,2,-0.20370978116989136,-0.20137128233909607,0.0023384988307952881,0,1,0.42293781042098999
gate,H2_seed2,30,horizontal,1,000163_10.png,000164_10.png,1,2,0,1,-0.20539968460798264,-0.16349793970584869,0.041901744902133942,0,1,0.33373143523931503
gate,H2_seed2,30,horizontal,1,000163_10.png,000164_10.png,2,2,1,0,-0.16604509949684143,-0.15911027789115906,0.006934821605682373,0,1,0.30486619472503662
gate,H2_seed2,30,horizontal,1,000163_10.png,000164_10.png,3,4,0,1,-0.17400520294904709,-0.12421584129333496,0.049789361655712128,0,1,0.31509631872177124
gate,H2_seed2,30,horizontal,1,000163_10.png,000164_10.png,4,5,0,1,-0.15755008161067963,-0.1563124880194664,0.0012375935912132263,0,1,0.26072491705417633
gate,H2_seed2,30,horizontal,1,000163_10.png,000164_10.png,5,6,0,1,-0.15351755172014236,-0.11803233623504639,0.035485215485095978,0,1,0.23647630959749222
gate,H2_seed2,30,horizontal,1,000163_10.png,000164_10.png,6,7,0,1,-0.14365530014038086,-0.12707646191120148,0.016578838229179382,0,1,0.25378113612532616
gate,H2_seed2,31,horizontal,1,000163_10.png,000164_10.png,1,1,1,0,-0.1715674102306366,-0.050963670015335083,0.12060374021530151,0,1,0.30423377454280853
gate,H2_seed2,31,horizontal,1,000163_10.png,000164_10.png,2,1,0,-1,-0.067226342856884003,-0.044121474027633667,0.023104868829250336,0,1,0.20602317899465561
gate,H2_seed2,31,horizontal,1,000163_10.png,000164_10.png,3,6,0,3,-0.093507394194602966,-0.075907453894615173,0.017599940299987793,0,1,0.23038272559642792
gate,H2_seed2,31,horizontal,1,000163_10.png,000164_10.png,4,7,0,3,-0.095099076628684998,-0.074445381760597229,0.020653694868087769,0,1,0.19416263327002525
gate,H2_seed2,31,horizontal,1,000163_10.png,000164_10.png,5,8,0,3,-0.10847461223602295,-0.082096308469772339,0.02637830376625061,0,1,0.27593013644218445
gate,H2_seed2,31,horizontal,1,000163_10.png,000164_10.png,6,9,0,3,-0.14822143316268921,-0.084803253412246704,0.063418179750442505,0,1,0.30446748435497284
gate,H2_seed2,0,horizontal,2,000170_10.png,000171_10.png,1,9,0,8,-0.2710687667131424,-0.13830277323722839,0.132765993475914,0,1,0.47496175020933151
gate,H2_seed2,0,horizontal,2,000170_10.png,000171_10.png,2,10,0,8,-0.18288758397102356,-0.11850759387016296,0.064379990100860596,0,1,0.36659500002861023
gate,H2_seed2,0,horizontal,2,000170_10.png,000171_10.png,3,11,0,8,-0.19526499509811401,-0.16239665448665619,0.032868340611457825,0,1,0.41292580962181091
gate,H2_seed2,0,horizontal,2,000170_10.png,000171_10.png,4,10,0,6,-0.2306835800409317,-0.15812000632286072,0.072563573718070984,0,1,0.40118290483951569
gate,H2_seed2,0,horizontal,2,000170_10.png,000171_10.png,5,2,0,-3,-0.16311927139759064,-0.11679922789335251,0.046320043504238129,0,1,0.30574245005846024
gate,H2_seed2,0,horizontal,2,000170_10.png,000171_10.png,6,3,0,-3,-0.21072465181350708,-0.086740799248218536,0.12398385256528854,0,1,0.37262938916683197
gate,H2_seed2,1,horizontal,2,000170_10.png,000171_10.png,1,3,0,2,-0.23453634232282639,-0.13621035218238831,0.09832599014043808,0,1,0.42364377528429031
gate,H2_seed2,1,horizontal,2,000170_10.png,000171_10.png,2,5,0,3,-0.21161201596260071,-0.19667467474937439,0.014937341213226318,0,1,0.38554471731185913
gate,H2_seed2,1,horizontal,2,000170_10.png,000171_10.png,3,5,0,2,-0.2442331537604332,-0.20096506178379059,0.043268091976642609,0,1,0.44745068997144699
gate,H2_seed2,1,horizontal,2,000170_10.png,000171_10.png,4,6,0,2,-0.24232549965381622,-0.14479832351207733,0.097527176141738892,0,1,0.4576433002948761
gate,H2_seed2,1,horizontal,2,000170_10.png,000171_10.png,5,7,0,2,-0.21005551517009735,-0.17315591871738434,0.036899596452713013,0,1,0.3861987292766571
gate,H2_seed2,1,horizontal,2,000170_10.png,000171_10.png,6,8,0,2,-0.23399969935417175,-0.15803778916597366,0.07596191018819809,0,1,0.43301764130592346
gate,H2_seed2,2,horizontal,2,000170_10.png,000171_10.png,1,6,0,5,-0.22135958075523376,-0.17716342210769653,0.044196158647537231,0,1,0.59711043536663055
gate,H2_seed2,2,horizontal,2,000170_10.png,000171_10.png,2,6,0,4,-0.21594631671905518,-0.19381546974182129,0.022130846977233887,0,1,0.54137536883354187
gate,H2_seed2,2,horizontal,2,000170_10.png,000171_10.png,3,8,0,5,-0.27946946024894714,-0.27932611107826233,0.00014334917068481445,0,1,0.83737471699714661
gate,H2_seed2,2,horizontal,2,000170_10.png,000171_10.png,4,7,0,3,-0.35432852804660797,-0.34764575958251953,0.0066827684640884399,0,1,0.95700015127658844
gate,H2_seed2,2,horizontal,2,000170_10.png,000171_10.png,5,8,0,3,-0.35832387208938599,-0.28642527759075165,0.071898594498634338,0,1,1.0615245997905731
gate,H2_seed2,2,horizontal,2,000170_10.png,000171_10.png,6,9,0,3,-0.40740120410919189,-0.23732401430606842,0.17007718980312347,0,1,1.0500953793525696
gate,H2_seed2,3,horizontal,2,000170_10.png,000171_10.png,1,2,0,1,-0.3585355281829834,-0.30813007056713104,0.050405457615852356,0,1,0.57206238806247711
gate,H2_seed2,3,horizontal,2,000170_10.png,000171_10.png,2,3,0,1,-0.24995889514684677,-0.215727299451828,0.034231595695018768,0,1,0.48567987978458405
gate,H2_seed2,3,horizontal,2,000170_10.png,000171_10.png,3,2,0,-1,-0.2692733108997345,-0.2594674676656723,0.0098058432340621948,0,1,0.552602618932724
gate,H2_seed2,3,horizontal,2,000170_10.png,000171_10.png,4,5,0,1,-0.22209274768829346,-0.20552880316972733,0.016563944518566132,0,1,0.48179550468921661
gate,H2_seed2,3,horizontal,2,000170_10.png,000171_10.png,5,6,0,1,-0.20363277941942215,-0.17326159775257111,0.030371181666851044,0,1,0.41856914758682251
gate,H2_seed2,3,horizontal,2,000170_10.png,000171_10.png,6,7,0,1,-0.21977958828210831,-0.2192842960357666,0.00049529224634170532,0,1,0.45297453552484512
gate,H2_seed2,4,horizontal,2,000170_10.png,000171_10.png,1,5,0,4,-0.29185719788074493,-0.28362514078617096,0.0082320570945739746,0,1,0.58474244177341461
gate,H2_seed2,4,horizontal,2,000170_10.png,000171_10.png,2,2,1,0,-0.28969740867614746,-0.28844122588634491,0.0012561827898025513,0,1,0.61684699356555939
gate,H2_seed2,4,horizontal,2,000170_10.png,000171_10.png,3,4,0,1,-0.30885811150074005,-0.234916090965271,0.073942020535469055,0,1,0.59490989148616791
gate,H2_seed2,4,horizontal,2,000170_10.png,000171_10.png,4,5,0,1,-0.28848594427108765,-0.28644771873950958,0.002038225531578064,0,1,0.55446270108222961
gate,H2_seed2,4,horizontal,2,000170_10.png,000171_10.png,5,6,0,1,-0.2976810485124588,-0.26827678084373474,0.02940426766872406,0,1,0.50149043649435043
gate,H2_seed2,4,horizontal,2,000170_10.png,000171_10.png,6,7,0,1,-0.35224127769470215,-0.28784649074077606,0.064394786953926086,0,1,0.61743433773517609
gate,H2_seed2,5,horizontal,2,000170_10.png,000171_10.png,1,2,0,1,-0.30713394284248352,-0.1679874062538147,0.13914653658866882,0,1,0.51065235584974289
gate,H2_seed2,5,horizontal,2,000170_10.png,000171_10.png,2,1,0,-1,-0.28377395868301392,-0.26274394989013672,0.021030008792877197,0,1,0.49033939838409424
gate,H2_seed2,5,horizontal,2,000170_10.png,000171_10.png,3,2,0,-1,-0.25976963341236115,-0.17641684412956238,0.083352789282798767,0,1,0.49328590929508209
gate,H2_seed2,5,horizontal,2,000170_10.png,000171_10.png,4,3,0,-1,-0.26249103248119354,-0.18942849338054657,0.073062539100646973,0,1,0.48756736516952515
gate,H2_seed2,5,horizontal,2,000170_10.png,000171_10.png,5,6,0,1,-0.2732754647731781,-0.23744493722915649,0.035830527544021606,0,1,0.55623488128185272
gate,H2_seed2,5,horizontal,2,000170_10.png,000171_10.png,6,7,0,1,-0.27790503203868866,-0.20709327608346939,0.070811755955219269,0,1,0.58907578885555267
gate,H2_seed2,6,horizontal,2,000170_10.png,000171_10.png,1,10,0,9,-0.28251579403877258,-0.23707026243209839,0.045445531606674194,0,1,0.57229812443256378
gate,H2_seed2,6,horizontal,2,000170_10.png,000171_10.png,2,9,0,7,-0.25714841485023499,-0.24267038702964783,0.014478027820587158,0,1,0.5613681823015213
gate,H2_seed2,6,horizontal,2,000170_10.png,000171_10.png,3,10,0,7,-0.20352089405059814,-0.1987917423248291,0.004729151725769043,0,1,0.52122876048088074
gate,H2_seed2,6,horizontal,2,000170_10.png,000171_10.png,4,2,0,-2,-0.22300482541322708,-0.22058147192001343,0.0024233534932136536,0,1,0.55628588050603867
gate,H2_seed2,6,horizontal,2,000170_10.png,000171_10.png,5,3,0,-2,-0.24559424817562103,-0.18219088017940521,0.06340336799621582,0,1,0.57389143109321594
gate,H2_seed2,6,horizontal,2,000170_10.png,000171_10.png,6,4,0,-2,-0.25562471151351929,-0.20495027303695679,0.0506744384765625,0,1,0.55591341853141785
gate,H2_seed2,7,horizontal,2,000170_10.png,000171_10.png,1,4,0,3,-0.23611947894096375,-0.15538892149925232,0.080730557441711426,0,1,0.46357724815607071
gate,H2_seed2,7,horizontal,2,000170_10.png,000171_10.png,2,5,0,3,-0.28251805901527405,-0.13221338391304016,0.15030467510223389,0,1,0.52373003959655762
gate,H2_seed2,7,horizontal,2,000170_10.png,000171_10.png,3,6,0,3,-0.29820734262466431,-0.19589396566152573,0.10231337696313858,0,1,0.58561703562736511
gate,H2_seed2,7,horizontal,2,000170_10.png,000171_10.png,4,7,0,3,-0.2634844183921814,-0.17387897521257401,0.089605443179607391,0,1,0.57520295679569244
gate,H2_seed2,7,horizontal,2,000170_10.png,000171_10.png,5,8,0,3,-0.2847307026386261,-0.19587147235870361,0.088859230279922485,0,1,0.57852371037006378
gate,H2_seed2,7,horizontal,2,000170_10.png,000171_10.png,6,9,0,3,-0.24822986125946045,-0.21416019648313522,0.034069664776325226,0,1,0.55023877322673798
gate,H2_seed2,8,horizontal,2,000170_10.png,000171_10.png,1,4,0,3,-0.23166802525520325,-0.11416969448328018,0.11749833077192307,0,1,0.37020258605480194
gate,H2_seed2,8,horizontal,2,000170_10.png,000171_10.png,2,5,0,3,-0.18965654075145721,-0.16768402606248856,0.021972514688968658,0,1,0.26935923099517822
gate,H2_seed2,8,horizontal,2,000170_10.png,000171_10.png,3,6,0,3,-0.19463174045085907,-0.13580746948719025,0.058824270963668823,0,1,0.34482920169830322
gate,H2_seed2,8,horizontal,2,000170_10.png,000171_10.png,4,7,0,3,-0.17849927395582199,-0.076750330626964569,0.10174894332885742,0,1,0.30783697217702866
gate,H2_seed2,8,horizontal,2,000170_10.png,000171_10.png,5,8,0,3,-0.23233038187026978,-0.043470483273267746,0.18885989859700203,0,1,0.31532007455825806
gate,H2_seed2,8,horizontal,2,000170_10.png,000171_10.png,6,9,0,3,-0.24232196807861328,-0.14459572732448578,0.097726240754127502,0,1,0.38265377283096313
gate,H2_seed2,9,horizontal,2,000170_10.png,000171_10.png,1,6,0,5,-0.32088953256607056,-0.11501280218362808,0.20587673038244247,0,1,0.63995885848999023
gate,H2_seed2,9,horizontal,2,000170_10.png,000171_10.png,2,7,0,5,-0.26810653507709503,-0.17272765934467316,0.095378875732421875,0,1,0.50966466963291168
gate,H2_seed2,9,horizontal,2,000170_10.png,000171_10.png,3,8,0,5,-0.24801646173000336,-0.14034854620695114,0.10766791552305222,0,1,0.48155781626701355
gate,H2_seed2,9,horizontal,2,000170_10.png,000171_10.png,4,9,0,5,-0.24109422415494919,-0.11790229380130768,0.12319193035364151,0,1,0.4861515685915947
gate,H2_seed2,9,horizontal,2,000170_10.png,000171_10.png,5,10,0,5,-0.20838060975074768,-0.11279792338609695,0.095582686364650726,0,1,0.42585320770740509
gate,H2_seed2,9,horizontal,2,000170_10.png,000171_10.png,6,1,0,-5,-0.19530074298381805,-0.18685802072286606,0.0084427222609519958,0,1,0.41196218132972717
gate,H2_seed2,10,horizontal,2,000170_10.png,000171_10.png,1,8,0,7,-0.23989060521125793,-0.18967476487159729,0.050215840339660645,0,1,0.69707812368869781
gate,H2_seed2,10,horizontal,2,000170_10.png,000171_10.png,2,8,0,6,-0.27281190454959869,-0.26416873931884766,0.0086431652307510376,0,1,0.74505789577960968
gate,H2_seed2,10,horizontal,2,000170_10.png,000171_10.png,3,8,0,5,-0.29344046115875244,-0.28696110844612122,0.0064793527126312256,0,1,0.71619531512260437
gate,H2_seed2,10,horizontal,2,000170_10.png,000171_10.png,4,10,0,6,-0.29922157526016235,-0.27364891767501831,0.025572657585144043,0,1,0.75042015314102173
gate,H2_seed2,10,horizontal,2,000170_10.png,000171_10.png,5,10,0,5,-0.24686954915523529,-0.22725191712379456,0.019617632031440735,0,1,0.675726518034935
gate,H2_seed2,10,horizontal,2,000170_10.png,000171_10.png,6,10,0,4,-0.18543770164251328,-0.17539036273956299,0.010047338902950287,0,1,0.59852050989866257
gate,H2_seed2,11,horizontal,2,000170_10.png,000171_10.png,1,2,0,1,-0.28447195887565613,-0.093092948198318481,0.19137901067733765,0,1,0.37577542290091515
gate,H2_seed2,11,horizontal,2,000170_10.png,000171_10.png,2,0,0,-2,-0.26596440374851227,-0.1397663801908493,0.12619802355766296,0,1,0.4253583699464798
gate,H2_seed2,11,horizontal,2,000170_10.png,000171_10.png,3,1,0,-2,-0.32051566243171692,-0.14772781729698181,0.17278784513473511,0,1,0.49253880977630615
gate,H2_seed2,11,horizontal,2,000170_10.png,000171_10.png,4,2,0,-2,-0.29333154857158661,-0.16323535144329071,0.1300961971282959,0,1,0.51589329540729523
gate,H2_seed2,11,horizontal,2,000170_10.png,000171_10.png,5,3,0,-2,-0.24747094511985779,-0.15671874582767487,0.090752199292182922,0,1,0.50112062692642212
gate,H2_seed2,11,horizontal,2,000170_10.png,000171_10.png,6,7,0,1,-0.20245320349931717,-0.18737989664077759,0.015073306858539581,0,1,0.41106893867254257
gate,H2_seed2,12,horizontal,2,000170_10.png,000171_10.png,1,0,0,-1,-0.18409532308578491,-0.10504399985074997,0.079051323235034943,0,1,0.29106740653514862
gate,H2_seed2,12,horizontal,2,000170_10.png,000171_10.png,2,2,1,0,-0.20314269512891769,-0.10984483361244202,0.093297861516475677,0,1,0.33038346469402313
gate,H2_seed2,12,horizontal,2,000170_10.png,000171_10.png,3,3,1,0,-0.1998169869184494,-0.091274969279766083,0.10854201763868332,0,1,0.41873110830783844
gate,H2_seed2,12,horizontal,2,000170_10.png,000171_10.png,4,4,1,0,-0.24887955188751221,-0.083303637802600861,0.16557591408491135,0,1,0.4937482625246048
gate,H2_seed2,12,horizontal,2,000170_10.png,000171_10.png,5,5,1,0,-0.26753191649913788,-0.087785810232162476,0.1797461062669754,0,1,0.43306419998407364
gate,H2_seed2,12,horizontal,2,000170_10.png,000171_10.png,6,6,1,0,-0.26722973585128784,-0.057839624583721161,0.20939011126756668,0,1,0.40894128382205963
gate,H2_seed2,13,horizontal,2,000170_10.png,000171_10.png,1,7,0,6,-0.10764519870281219,-0.074891924858093262,0.032753273844718933,0,1,0.23775432258844376
gate,H2_seed2,13,horizontal,2,000170_10.png,000171_10.png,2,0,0,-2,-0.14185456186532974,-0.12723428010940552,0.014620281755924225,0,1,0.38062623143196106
gate,H2_seed2,13,horizontal,2,000170_10.png,000171_10.png,3,9,0,6,-0.15148866176605225,-0.093138188123703003,0.058350473642349243,0,1,0.24821199476718903
gate,H2_seed2,13,horizontal,2,000170_10.png,000171_10.png,4,5,0,1,-0.11756838858127594,-0.11524644494056702,0.0023219436407089233,0,1,0.27436546981334686
gate,H2_seed2,13,horizontal,2,000170_10.png,000171_10.png,5,6,0,1,-0.165788933634758,-0.10752344131469727,0.05826549232006073,0,1,0.3817373663187027
gate,H2_seed2,13,horizontal,2,000170_10.png,000171_10.png,6,7,0,1,-0.14777478575706482,-0.12824302911758423,0.019531756639480591,0,1,0.36807835102081299
gate,H2_seed2,14,horizontal,2,000170_10.png,000171_10.png,1,3,0,2,-0.26569937169551849,-0.26386711001396179,0.0018322616815567017,0,1,0.4021008238196373
gate,H2_seed2,14,horizontal,2,000170_10.png,000171_10.png,2,4,0,2,-0.27948381006717682,-0.16224825382232666,0.11723555624485016,0,1,0.57964719831943512
gate,H2_seed2,14,horizontal,2,000170_10.png,000171_10.png,3,5,0,2,-0.33580450713634491,-0.14763113856315613,0.18817336857318878,0,1,0.6948399543762207
gate,H2_seed2,14,horizontal,2,000170_10.png,000171_10.png,4,6,0,2,-0.31118114292621613,-0.18215471506118774,0.12902642786502838,0,1,0.59027537703514099
gate,H2_seed2,14,horizontal,2,000170_10.png,000171_10.png,5,7,0,2,-0.33057716488838196,-0.20123259723186493,0.12934456765651703,0,1,0.5717545747756958
gate,H2_seed2,14,horizontal,2,000170_10.png,000171_10.png,6,8,0,2,-0.30454303324222565,-0.20259004831314087,0.10195298492908478,0,1,0.51354511082172394
gate,H2_seed2,15,horizontal,2,000170_10.png,000171_10.png,1,1,1,0,-0.28073005378246307,-0.22523780167102814,0.055492252111434937,0,1,0.54076501727104187
gate,H2_seed2,15,horizontal,2,000170_10.png,000171_10.png,2,0,0,-2,-0.25372391939163208,-0.18400736153125763,0.069716557860374451,0,1,0.49638191610574722
gate,H2_seed2,15,horizontal,2,000170_10.png,000171_10.png,3,1,0,-2,-0.2583976686000824,-0.23185974359512329,0.026537925004959106,0,1,0.55966337025165558
gate,H2_seed2,15,horizontal,2,000170_10.png,000171_10.png,4,3,0,-1,-0.23590157926082611,-0.23297092318534851,0.0029306560754776001,0,1,0.55120991170406342
gate,H2_seed2,15,horizontal,2,000170_10.png,000171_10.png,5,3,0,-2,-0.2447587326169014,-0.2314467579126358,0.013311974704265594,0,1,0.53116587549448013
gate,H2_seed2,15,horizontal,2,000170_10.png,000171_10.png,6,4,0,-2,-0.23382771015167236,-0.22029045224189758,0.01353725790977478,0,1,0.45696807652711868
gate,H2_seed2,16,horizontal,2,000170_10.png,000171_10.png,1,8,0,7,-0.25531084835529327,-0.25361147522926331,0.0016993731260299683,0,1,0.78722380101680756
gate,H2_seed2,16,horizontal,2,000170_10.png,000171_10.png,2,9,0,7,-0.36430156230926514,-0.29772740602493286,0.066574156284332275,0,1,0.91835522651672363
gate,H2_seed2,16,horizontal,2,000170_10.png,000171_10.png,3,9,0,6,-0.43287274241447449,-0.31088195741176605,0.12199078500270844,0,1,0.89452382922172546
gate,H2_seed2,16,horizontal,2,000170_10.png,000171_10.png,4,10,0,6,-0.33967682719230652,-0.28522184491157532,0.054454982280731201,0,1,0.74181516468524933
gate,H2_seed2,16,horizontal,2,000170_10.png,000171_10.png,5,9,0,4,-0.25382548570632935,-0.25342753529548645,0.00039795041084289551,0,1,0.63726268708705902
gate,H2_seed2,16,horizontal,2,000170_10.png,000171_10.png,6,1,0,-5,-0.21482644230127335,-0.18418888002634048,0.030637562274932861,0,1,0.55480634421110153
gate,H2_seed2,17,horizontal,2,000170_10.png,000171_10.png,1,1,1,0,-0.16993184387683868,-0.12520089745521545,0.04473094642162323,0,1,0.31725227832794189
gate,H2_seed2,17,horizontal,2,000170_10.png,000171_10.png,2,2,1,0,-0.31696642935276031,-0.26916384696960449,0.047802582383155823,0,1,0.56326329708099365
gate,H2_seed2,17,horizontal,2,000170_10.png,000171_10.png,3,3,1,0,-0.30865365266799927,-0.29951053857803345,0.0091431140899658203,0,1,0.58151540160179138
gate,H2_seed2,17,horizontal,2,000170_10.png,000171_10.png,4,2,0,-2,-0.29306572675704956,-0.2924267053604126,0.00063902139663696289,0,1,0.56852741539478302
gate,H2_seed2,17,horizontal,2,000170_10.png,000171_10.png,5,4,0,-1,-0.34335237741470337,-0.27621357142925262,0.067138805985450745,0,1,0.5502253845334053
gate,H2_seed2,17,horizontal,2,000170_10.png,000171_10.png,6,5,0,-1,-0.36717158555984497,-0.26329143345355988,0.1038801521062851,0,1,0.58278733491897583
gate,H2_seed2,18,horizontal,2,000170_10.png,000171_10.png,1,2,0,1,-0.31635749340057373,-0.31033676862716675,0.0060207247734069824,0,1,0.56055708974599838
gate,H2_seed2,18,horizontal,2,000170_10.png,000171_10.png,2,3,0,1,-0.33784288167953491,-0.23032785952091217,0.10751502215862274,0,1,0.64037109911441803
gate,H2_seed2,18,horizontal,2,000170_10.png,000171_10.png,3,4,0,1,-0.27311336994171143,-0.2354758083820343,0.037637561559677124,0,1,0.61026871204376221
gate,H2_seed2,18,horizontal,2,000170_10.png,000171_10.png,4,5,0,1,-0.23641704767942429,-0.13432931154966354,0.10208773612976074,0,1,0.6131429597735405
gate,H2_seed2,18,horizontal,2,000170_10.png,000171_10.png,5,6,0,1,-0.20547696948051453,-0.11381331086158752,0.091663658618927002,0,1,0.38657605648040771
gate,H2_seed2,18,horizontal,2,000170_10.png,000171_10.png,6,7,0,1,-0.21628330647945404,-0.14158063381910324,0.0747026726603508,0,1,0.54755111038684845
gate,H2_seed2,19,horizontal,2,000170_10.png,000171_10.png,1,3,0,2,-0.21143041551113129,-0.2096954807639122,0.0017349347472190857,0,1,0.49800883233547211
gate,H2_seed2,19,horizontal,2,000170_10.png,000171_10.png,2,4,0,2,-0.24073448777198792,-0.2089470773935318,0.031787410378456116,0,1,0.56523111462593079
gate,H2_seed2,19,horizontal,2,000170_10.png,000171_10.png,3,5,0,2,-0.23385831713676453,-0.18989884108304977,0.043959476053714752,0,1,0.46833159029483795
gate,H2_seed2,19,horizontal,2,000170_10.png,000171_10.png,4,6,0,2,-0.24372535943984985,-0.15649491548538208,0.087230443954467773,0,1,0.58747723698616028
gate,H2_seed2,19,horizontal,2,000170_10.png,000171_10.png,5,7,0,2,-0.28339859843254089,-0.15062180906534195,0.13277678936719894,0,1,0.62948551774024963
gate,H2_seed2,19,horizontal,2,000170_10.png,000171_10.png,6,8,0,2,-0.34360691905021667,-0.13573027402162552,0.20787664502859116,0,1,0.66624923050403595
gate,H2_seed2,20,horizontal,2,000170_10.png,000171_10.png,1,11,0,10,-0.19598996639251709,-0.16571034491062164,0.030279621481895447,0,1,0.44156473875045776
gate,H2_seed2,20,horizontal,2,000170_10.png,000171_10.png,2,2,1,0,-0.24344034492969513,-0.15100318193435669,0.09243716299533844,0,1,0.44976264238357544
gate,H2_seed2,20,horizontal,2,000170_10.png,000171_10.png,3,3,1,0,-0.27492982149124146,-0.10851500183343887,0.16641481965780258,0,1,0.54578790068626404
gate,H2_seed2,20,horizontal,2,000170_10.png,000171_10.png,4,4,1,0,-0.24890176951885223,-0.17454539984464645,0.07435636967420578,0,1,0.50905132293701172
gate,H2_seed2,20,horizontal,2,000170_10.png,000171_10.png,5,5,1,0,-0.21228352189064026,-0.16839244961738586,0.043891072273254395,0,1,0.54893749952316284
gate,H2_seed2,20,horizontal,2,000170_10.png,000171_10.png,6,6,1,0,-0.2259138822555542,-0.15165063738822937,0.074263244867324829,0,1,0.48593714833259583
gate,H2_seed2,21,horizontal,2,000170_10.png,000171_10.png,1,8,0,7,-0.20541229844093323,-0.19525602459907532,0.01015627384185791,0,1,0.49838146567344666
gate,H2_seed2,21,horizontal,2,000170_10.png,000171_10.png,2,9,0,7,-0.26757407188415527,-0.21641585230827332,0.051158219575881958,0,1,0.60541230440139771
gate,H2_seed2,21,horizontal,2,000170_10.png,000171_10.png,3,10,0,7,-0.31255806982517242,-0.24572667479515076,0.066831395030021667,0,1,0.56924404203891754
gate,H2_seed2,21,horizontal,2,000170_10.png,000171_10.png,4,9,0,5,-0.24248620867729187,-0.23746394366025925,0.0050222650170326233,0,1,0.51642942428588867
gate,H2_seed2,21,horizontal,2,000170_10.png,000171_10.png,5,11,0,6,-0.19807043671607971,-0.14951989054679871,0.048550546169281006,0,1,0.43964625895023346
gate,H2_seed2,21,horizontal,2,000170_10.png,000171_10.png,6,1,0,-5,-0.28555893898010254,-0.18521568179130554,0.100343257188797,0,1,0.54444101452827454
gate,H2_seed2,22,horizontal,2,000170_10.png,000171_10.png,1,1,1,0,-0.41185832023620605,-0.3882908821105957,0.023567438125610352,0,1,0.70918706059455872
gate,H2_seed2,22,horizontal,2,000170_10.png,000171_10.png,2,1,0,-1,-0.43030211329460144,-0.36772666871547699,0.062575444579124451,0,1,0.72215244174003601
gate,H2_seed2,22,horizontal,2,000170_10.png,000171_10.png,3,2,0,-1,-0.47122924029827118,-0.34580861032009125,0.12542062997817993,0,1,0.77155770361423492
gate,H2_seed2,22,horizontal,2,000170_10.png,000171_10.png,4,3,0,-1,-0.45964939892292023,-0.3610917329788208,0.098557665944099426,0,1,0.74329224228858948
gate,H2_seed2,22,horizontal,2,000170_10.png,000171_10.png,5,4,0,-1,-0.42385897040367126,-0.39930634200572968,0.024552628397941589,0,1,0.7165728360414505
gate,H2_seed2,22,horizontal,2,000170_10.png,000171_10.png,6,5,0,-1,-0.41680794954299927,-0.39354176819324493,0.023266181349754333,0,1,0.77234333753585815
gate,H2_seed2,23,horizontal,2,000170_10.png,000171_10.png,1,7,0,6,-0.24078157544136047,-0.21072289347648621,0.030058681964874268,0,1,0.69487988948822021
gate,H2_seed2,23,horizontal,2,000170_10.png,000171_10.png,2,8,0,6,-0.26773926615715027,-0.23247766494750977,0.035261601209640503,0,1,0.57941928505897522
gate,H2_seed2,23,horizontal,2,000170_10.png,000171_10.png,3,9,0,6,-0.29530802369117737,-0.22668617963790894,0.068621844053268433,0,1,0.6673305332660675
gate,H2_seed2,23,horizontal,2,000170_10.png,000171_10.png,4,10,0,6,-0.35638225078582764,-0.20965060591697693,0.14673164486885071,0,1,0.63988061249256134
gate,H2_seed2,23,horizontal,2,000170_10.png,000171_10.png,5,10,0,5,-0.28975187242031097,-0.1885475367307663,0.10120433568954468,0,1,0.52638579159975052
gate,H2_seed2,23,horizontal,2,000170_10.png,000171_10.png,6,1,0,-5,-0.2402244508266449,-0.18080389499664307,0.059420555830001831,0,1,0.48532333970069885
gate,H2_seed2,24,horizontal,2,000170_10.png,000171_10.png,1,6,0,5,-0.31720370054244995,-0.20734892785549164,0.10985477268695831,0,1,0.72478541731834412
gate,H2_seed2,24,horizontal,2,000170_10.png,000171_10.png,2,7,0,5,-0.30615541338920593,-0.29348364472389221,0.012671768665313721,0,1,0.64376802742481232
gate,H2_seed2,24,horizontal,2,000170_10.png,000171_10.png,3,9,0,6,-0.28262217342853546,-0.25442448258399963,0.028197690844535828,0,1,0.58294679224491119
gate,H2_seed2,24,horizontal,2,000170_10.png,000171_10.png,4,10,0,6,-0.3269774317741394,-0.18263760954141617,0.14433982223272324,0,1,0.59104637801647186
gate,H2_seed2,24,horizontal,2,000170_10.png,000171_10.png,5,11,0,6,-0.21630339324474335,-0.166229248046875,0.050074145197868347,0,1,0.54157432913780212
gate,H2_seed2,24,horizontal,2,000170_10.png,000171_10.png,6,0,0,-6,-0.24194277822971344,-0.2266271710395813,0.015315607190132141,0,1,0.58590684831142426
gate,H2_seed2,25,horizontal,2,000170_10.png,000171_10.png,1,4,0,3,-0.24879956990480423,-0.21141117811203003,0.0373883917927742,0,1,0.60892824083566666
gate,H2_seed2,25,horizontal,2,000170_10.png,000171_10.png,2,5,0,3,-0.2560688853263855,-0.15497776865959167,0.10109111666679382,0,1,0.4405844509601593
gate,H2_seed2,25,horizontal,2,000170_10.png,000171_10.png,3,6,0,3,-0.29992674291133881,-0.23518038541078568,0.064746357500553131,0,1,0.59824608266353607
gate,H2_seed2,25,horizontal,2,000170_10.png,000171_10.png,4,7,0,3,-0.32042747735977173,-0.23954005539417267,0.08088742196559906,0,1,0.68170161545276642
gate,H2_seed2,25,horizontal,2,000170_10.png,000171_10.png,5,8,0,3,-0.31788212060928345,-0.21527817100286484,0.10260394960641861,0,1,0.67938600480556488
gate,H2_seed2,25,horizontal,2,000170_10.png,000171_10.png,6,9,0,3,-0.3005950003862381,-0.24570346623659134,0.054891534149646759,0,1,0.63366653025150299
gate,H2_seed2,26,horizontal,2,000170_10.png,000171_10.png,1,6,0,5,-0.16094651818275452,-0.13868230581283569,0.022264212369918823,0,1,0.48363727331161499
gate,H2_seed2,26,horizontal,2,000170_10.png,000171_10.png,2,7,0,5,-0.1738845482468605,-0.14750126004219055,0.026383288204669952,0,1,0.42237211763858795
gate,H2_seed2,26,horizontal,2,000170_10.png,000171_10.png,3,9,0,6,-0.20588530600070953,-0.1767498180270195,0.029135487973690033,0,1,0.50019116699695587
gate,H2_seed2,26,horizontal,2,000170_10.png,000171_10.png,4,10,0,6,-0.27988436818122864,-0.15173730254173279,0.12814706563949585,0,1,0.51040732860565186
gate,H2_seed2,26,horizontal,2,000170_10.png,000171_10.png,5,10,0,5,-0.21048410981893539,-0.18485772609710693,0.025626383721828461,0,1,0.44822602719068527
gate,H2_seed2,26,horizontal,2,000170_10.png,000171_10.png,6,10,0,4,-0.24509978294372559,-0.20271679759025574,0.042382985353469849,0,1,0.53587017953395844
gate,H2_seed2,27,horizontal,2,000170_10.png,000171_10.png,1,1,1,0,-0.40159571170806885,-0.28014782071113586,0.12144789099693298,0,1,0.66171149909496307
gate,H2_seed2,27,horizontal,2,000170_10.png,000171_10.png,2,2,1,0,-0.52325165271759033,-0.26525981724262238,0.25799183547496796,0,1,0.82068228721618652
gate,H2_seed2,27,horizontal,2,000170_10.png,000171_10.png,3,3,1,0,-0.58593311905860901,-0.33365359902381897,0.25227952003479004,0,1,0.90043997764587402
gate,H2_seed2,27,horizontal,2,000170_10.png,000171_10.png,4,4,1,0,-0.57025012373924255,-0.19053490459918976,0.3797152191400528,0,1,0.94258975982666016
gate,H2_seed2,27,horizontal,2,000170_10.png,000171_10.png,5,5,1,0,-0.55484259128570557,-0.19018128514289856,0.36466130614280701,0,1,0.80365195125341415
gate,H2_seed2,27,horizontal,2,000170_10.png,000171_10.png,6,6,1,0,-0.51440480351448059,-0.2388395220041275,0.27556528151035309,0,1,0.72384034097194672
gate,H2_seed2,28,horizontal,2,000170_10.png,000171_10.png,1,3,0,2,-0.43034963309764862,-0.32400545477867126,0.10634417831897736,0,1,0.73824699223041534
gate,H2_seed2,28,horizontal,2,000170_10.png,000171_10.png,2,4,0,2,-0.42784802615642548,-0.3151414692401886,0.11270655691623688,0,1,0.8194621354341507
gate,H2_seed2,28,horizontal,2,000170_10.png,000171_10.png,3,5,0,2,-0.46748988330364227,-0.26785115897655487,0.1996387243270874,0,1,0.78686480224132538
gate,H2_seed2,28,horizontal,2,000170_10.png,000171_10.png,4,6,0,2,-0.4419851154088974,-0.28752127289772034,0.15446384251117706,0,1,0.71992376446723938
gate,H2_seed2,28,horizontal,2,000170_10.png,000171_10.png,5,7,0,2,-0.42084294557571411,-0.27186585962772369,0.14897708594799042,0,1,0.67003528028726578
gate,H2_seed2,28,horizontal,2,000170_10.png,000171_10.png,6,8,0,2,-0.42296114563941956,-0.31505459547042847,0.10790655016899109,0,1,0.73287636041641235
gate,H2_seed2,29,horizontal,2,000170_10.png,000171_10.png,1,3,0,2,-0.21665221452713013,-0.16301411390304565,0.053638100624084473,0,1,0.55346079170703888
gate,H2_seed2,29,horizontal,2,000170_10.png,000171_10.png,2,4,0,2,-0.23612721264362335,-0.15407145023345947,0.082055762410163879,0,1,0.46344618499279022
gate,H2_seed2,29,horizontal,2,000170_10.png,000171_10.png,3,5,0,2,-0.2436506450176239,-0.11047512292861938,0.13317552208900452,0,1,0.51082406938076019
gate,H2_seed2,29,horizontal,2,000170_10.png,000171_10.png,4,6,0,2,-0.22231198102235794,-0.11232064664363861,0.10999133437871933,0,1,0.422601617872715
gate,H2_seed2,29,horizontal,2,000170_10.png,000171_10.png,5,7,0,2,-0.25567235052585602,-0.20556023716926575,0.050112113356590271,0,1,0.45804686844348907
gate,H2_seed2,29,horizontal,2,000170_10.png,000171_10.png,6,8,0,2,-0.21288855373859406,-0.16490276157855988,0.04798579216003418,0,1,0.41380373388528824
gate,H2_seed2,30,horizontal,2,000170_10.png,000171_10.png,1,2,0,1,-0.46208392083644867,-0.42154461145401001,0.04053930938243866,0,1,0.7984720915555954
gate,H2_seed2,30,horizontal,2,000170_10.png,000171_10.png,2,2,1,0,-0.42588303983211517,-0.2976585328578949,0.12822450697422028,0,1,0.76678118109703064
gate,H2_seed2,30,horizontal,2,000170_10.png,000171_10.png,3,3,1,0,-0.41916359961032867,-0.30437782406806946,0.11478577554225922,0,1,0.78634439408779144
gate,H2_seed2,30,horizontal,2,000170_10.png,000171_10.png,4,4,1,0,-0.36564946174621582,-0.26014548540115356,0.10550397634506226,0,1,0.7198881208896637
gate,H2_seed2,30,horizontal,2,000170_10.png,000171_10.png,5,5,1,0,-0.33739562332630157,-0.28129614889621735,0.056099474430084229,0,1,0.58610096573829651
gate,H2_seed2,30,horizontal,2,000170_10.png,000171_10.png,6,6,1,0,-0.34783051908016205,-0.34348049759864807,0.0043500214815139771,0,1,0.68436527252197266
gate,H2_seed2,31,horizontal,2,000170_10.png,000171_10.png,1,1,1,0,-0.29274372756481171,-0.21133890748023987,0.081404820084571838,0,1,0.49664714932441711
gate,H2_seed2,31,horizontal,2,000170_10.png,000171_10.png,2,5,0,3,-0.22584632039070129,-0.16073448956012726,0.065111830830574036,0,1,0.4039556086063385
gate,H2_seed2,31,horizontal,2,000170_10.png,000171_10.png,3,6,0,3,-0.28691957890987396,-0.19785657525062561,0.089063003659248352,0,1,0.46812246739864349
gate,H2_seed2,31,horizontal,2,000170_10.png,000171_10.png,4,7,0,3,-0.27851194143295288,-0.24113937467336655,0.037372566759586334,0,1,0.50009068846702576
gate,H2_seed2,31,horizontal,2,000170_10.png,000171_10.png,5,8,0,3,-0.22916284948587418,-0.18701151013374329,0.04215133935213089,0,1,0.45486185699701309
gate,H2_seed2,31,horizontal,2,000170_10.png,000171_10.png,6,9,0,3,-0.3378339409828186,-0.21710208058357239,0.12073186039924622,0,1,0.61922329664230347
gate,H2_seed2,0,horizontal,3,000172_10.png,000173_10.png,1,5,0,4,-0.16339015960693359,-0.14105090498924255,0.02233925461769104,0,1,0.29643066227436066
gate,H2_seed2,0,horizontal,3,000172_10.png,000173_10.png,2,9,0,7,-0.16896329820156097,-0.14282570779323578,0.026137590408325195,0,1,0.33920019865036011
gate,H2_seed2,0,horizontal,3,000172_10.png,000173_10.png,3,8,0,5,-0.17671208828687668,-0.15324759483337402,0.023464493453502655,0,1,0.45579779893159866
gate,H2_seed2,0,horizontal,3,000172_10.png,000173_10.png,4,8,0,4,-0.14814958721399307,-0.14448794722557068,0.0036616399884223938,0,1,0.34309897571802139
gate,H2_seed2,0,horizontal,3,000172_10.png,000173_10.png,5,3,0,-2,-0.16535469889640808,-0.15702765434980392,0.0083270445466041565,0,1,0.36477856338024139
gate,H2_seed2,0,horizontal,3,000172_10.png,000173_10.png,6,10,0,4,-0.14610408246517181,-0.13897043466567993,0.0071336477994918823,0,1,0.34633989632129669
gate,H2_seed2,1,horizontal,3,000172_10.png,000173_10.png,1,4,0,3,-0.2274601012468338,-0.14614085108041763,0.081319250166416168,0,1,0.41565946489572525
gate,H2_seed2,1,horizontal,3,000172_10.png,000173_10.png,2,5,0,3,-0.25677604973316193,-0.11081750690937042,0.1459585428237915,0,1,0.41612182557582855
gate,H2_seed2,1,horizontal,3,000172_10.png,000173_10.png,3,6,0,3,-0.25192973017692566,-0.20544324815273285,0.04648648202419281,0,1,0.439383864402771
gate,H2_seed2,1,horizontal,3,000172_10.png,000173_10.png,4,3,0,-1,-0.23405992984771729,-0.16736024618148804,0.066699683666229248,0,1,0.46361851692199707
gate,H2_seed2,1,horizontal,3,000172_10.png,000173_10.png,5,4,0,-1,-0.24813631176948547,-0.14629824459552765,0.10183806717395782,0,1,0.56396482884883881
gate,H2_seed2,1,horizontal,3,000172_10.png,000173_10.png,6,5,0,-1,-0.22020742297172546,-0.19403470307588577,0.026172719895839691,0,1,0.57007487118244171
gate,H2_seed2,2,horizontal,3,000172_10.png,000173_10.png,1,4,0,3,-0.22086571156978607,-0.15738216042518616,0.063483551144599915,0,1,0.54595766961574554
gate,H2_seed2,2,horizontal,3,000172_10.png,000173_10.png,2,5,0,3,-0.23647931218147278,-0.16011608392000198,0.076363228261470795,0,1,0.50923304259777069
gate,H2_seed2,2,horizontal,3,000172_10.png,000173_10.png,3,6,0,3,-0.2779756486415863,-0.17667161673307419,0.10130403190851212,0,1,0.68836498260498047
gate,H2_seed2,2,horizontal,3,000172_10.png,000173_10.png,4,7,0,3,-0.24323415756225586,-0.21510547399520874,0.028128683567047119,0,1,0.70745974779129028
gate,H2_seed2,2,horizontal,3,000172_10.png,000173_10.png,5,1,0,-4,-0.25023311376571655,-0.2260938435792923,0.024139270186424255,0,1,0.67942678928375244
gate,H2_seed2,2,horizontal,3,000172_10.png,000173_10.png,6,9,0,3,-0.20764665305614471,-0.20524630695581436,0.0024003461003303528,0,1,0.6546514481306076
gate,H2_seed2,3,horizontal,3,000172_10.png,000173_10.png,1,2,0,1,-0.47092312574386597,-0.30141644179821014,0.16950668394565582,0,1,0.72998335957527161
gate,H2_seed2,3,horizontal,3,000172_10.png,000173_10.png,2,3,0,1,-0.29425647854804993,-0.28383719921112061,0.010419279336929321,0,1,0.53735527396202087
gate,H2_seed2,3,horizontal,3,000172_10.png,000173_10.png,3,2,0,-1,-0.34991401433944702,-0.27089601755142212,0.079017996788024902,0,1,0.63739378750324249
gate,H2_seed2,3,horizontal,3,000172_10.png,000173_10.png,4,5,0,1,-0.32691596448421478,-0.24684959650039673,0.080066367983818054,0,1,0.54649139195680618
gate,H2_seed2,3,horizontal,3,000172_10.png,000173_10.png,5,6,0,1,-0.35873293876647949,-0.29493886232376099,0.063794076442718506,0,1,0.55302539467811584
gate,H2_seed2,3,horizontal,3,000172_10.png,000173_10.png,6,5,0,-1,-0.32767894864082336,-0.32082453370094299,0.0068544149398803711,0,1,0.60240311920642853
gate,H2_seed2,4,horizontal,3,000172_10.png,000173_10.png,1,2,0,1,-0.35869762301445007,-0.29155626893043518,0.067141354084014893,0,1,0.6459621787071228
gate,H2_seed2,4,horizontal,3,000172_10.png,000173_10.png,2,3,0,1,-0.34225742518901825,-0.32811617851257324,0.014141246676445007,0,1,0.68369448184967041
gate,H2_seed2,4,horizontal,3,000172_10.png,000173_10.png,3,5,0,2,-0.31272777915000916,-0.31146201491355896,0.0012657642364501953,0,1,0.63436567783355713
gate,H2_seed2,4,horizontal,3,000172_10.png,000173_10.png,4,5,0,1,-0.32297760248184204,-0.28272168338298798,0.040255919098854065,0,1,0.60401129722595215
gate,H2_seed2,4,horizontal,3,000172_10.png,000173_10.png,5,7,0,2,-0.31889171898365021,-0.3105696439743042,0.0083220750093460083,0,1,0.59656344354152679
gate,H2_seed2,4,horizontal,3,000172_10.png,000173_10.png,6,7,0,1,-0.3153490275144577,-0.30516181886196136,0.010187208652496338,0,1,0.61004206538200378
gate,H2_seed2,5,horizontal,3,000172_10.png,000173_10.png,1,2,0,1,-0.36045621335506439,-0.072051063179969788,0.2884051501750946,0,1,0.67540602385997772
gate,H2_seed2,5,horizontal,3,000172_10.png,000173_10.png,2,1,0,-1,-0.20698827505111694,-0.20254844427108765,0.0044398307800292969,0,1,0.5082956850528717
gate,H2_seed2,5,horizontal,3,000172_10.png,000173_10.png,3,4,0,1,-0.20142599940299988,-0.18830795586109161,0.013118043541908264,0,1,0.49953597784042358
gate,H2_seed2,5,horizontal,3,000172_10.png,000173_10.png,4,5,0,1,-0.20690663158893585,-0.12596650421619415,0.080940127372741699,0,1,0.54090750217437744
gate,H2_seed2,5,horizontal,3,000172_10.png,000173_10.png,5,6,0,1,-0.1979295015335083,-0.14156576991081238,0.056363731622695923,0,1,0.47424718737602234
gate,H2_seed2,5,horizontal,3,000172_10.png,000173_10.png,6,7,0,1,-0.1672133281826973,-0.14571914076805115,0.021494187414646149,0,1,0.4148833379149437
gate,H2_seed2,6,horizontal,3,000172_10.png,000173_10.png,1,0,0,-1,-0.21794235706329346,-0.12484076619148254,0.093101590871810913,0,1,0.5027783215045929
gate,H2_seed2,6,horizontal,3,000172_10.png,000173_10.png,2,10,0,8,-0.15477900952100754,-0.12778618931770325,0.026992820203304291,0,1,0.38836432248353958
gate,H2_seed2,6,horizontal,3,000172_10.png,000173_10.png,3,2,0,-1,-0.16726759076118469,-0.13066422939300537,0.036603361368179321,0,1,0.38647277653217316
gate,H2_seed2,6,horizontal,3,000172_10.png,000173_10.png,4,3,0,-1,-0.22027492523193359,-0.18894428014755249,0.031330645084381104,0,1,0.43068642169237137
gate,H2_seed2,6,horizontal,3,000172_10.png,000173_10.png,5,3,0,-2,-0.23233655095100403,-0.19923162460327148,0.033104926347732544,0,1,0.44589152932167053
gate,H2_seed2,6,horizontal,3,000172_10.png,000173_10.png,6,3,0,-3,-0.19553875178098679,-0.17618550360202789,0.019353248178958893,0,1,0.45850574225187302
gate,H2_seed2,7,horizontal,3,000172_10.png,000173_10.png,1,2,0,1,-0.22959819436073303,-0.22855107486248016,0.0010471194982528687,0,1,0.48336297273635864
gate,H2_seed2,7,horizontal,3,000172_10.png,000173_10.png,2,3,0,1,-0.33574123680591583,-0.21013236045837402,0.12560887634754181,0,1,0.55525390803813934
gate,H2_seed2,7,horizontal,3,000172_10.png,000173_10.png,3,4,0,1,-0.3577040433883667,-0.18478076905012131,0.17292327433824539,0,1,0.59776638448238373
gate,H2_seed2,7,horizontal,3,000172_10.png,000173_10.png,4,5,0,1,-0.2965647280216217,-0.17570341378450394,0.12086131423711777,0,1,0.50277280807495117
gate,H2_seed2,7,horizontal,3,000172_10.png,000173_10.png,5,6,0,1,-0.30937835574150085,-0.14805950969457626,0.16131884604692459,0,1,0.4837786853313446
gate,H2_seed2,7,horizontal,3,000172_10.png,000173_10.png,6,7,0,1,-0.34768581390380859,-0.12185352295637131,0.22583229094743729,0,1,0.5089695006608963
gate,H2_seed2,8,horizontal,3,000172_10.png,000173_10.png,1,4,0,3,-0.13215962052345276,-0.083818748593330383,0.048340871930122375,0,1,0.23420256376266479
gate,H2_seed2,8,horizontal,3,000172_10.png,000173_10.png,2,0,0,-2,-0.24804212152957916,-0.12373211979866028,0.12431000173091888,0,1,0.40871325880289078
gate,H2_seed2,8,horizontal,3,000172_10.png,000173_10.png,3,1,0,-2,-0.33435630798339844,-0.24905058741569519,0.085305720567703247,0,1,0.57728296518325806
gate,H2_seed2,8,horizontal,3,000172_10.png,000173_10.png,4,2,0,-2,-0.28604353964328766,-0.15498122572898865,0.13106231391429901,0,1,0.47390790283679962
gate,H2_seed2,8,horizontal,3,000172_10.png,000173_10.png,5,3,0,-2,-0.23119503259658813,-0.18879520893096924,0.042399823665618896,0,1,0.411831334233284
gate,H2_seed2,8,horizontal,3,000172_10.png,000173_10.png,6,4,0,-2,-0.2097044438123703,-0.15340638160705566,0.056298062205314636,0,1,0.33791780471801758
gate,H2_seed2,9,horizontal,3,000172_10.png,000173_10.png,1,5,0,4,-0.28713832795619965,-0.17886584252119064,0.108272485435009,0,1,0.55949656665325165
gate,H2_seed2,9,horizontal,3,000172_10.png,000173_10.png,2,6,0,4,-0.30863119661808014,-0.2021583616733551,0.10647283494472504,0,1,0.59173847734928131
gate,H2_seed2,9,horizontal,3,000172_10.png,000173_10.png,3,7,0,4,-0.28625041246414185,-0.23329808562994003,0.052952326834201813,0,1,0.51270006597042084
gate,H2_seed2,9,horizontal,3,000172_10.png,000173_10.png,4,8,0,4,-0.23430109024047852,-0.08688824251294136,0.14741284772753716,0,1,0.39539337158203125
gate,H2_seed2,9,horizontal,3,000172_10.png,000173_10.png,5,9,0,4,-0.19162210822105408,-0.093726299703121185,0.097895808517932892,0,1,0.37259024381637573
gate,H2_seed2,9,horizontal,3,000172_10.png,000173_10.png,6,2,0,-4,-0.1819894015789032,-0.12185078859329224,0.060138612985610962,0,1,0.38961178064346313
gate,H2_seed2,10,horizontal,3,000172_10.png,000173_10.png,1,6,0,5,-0.22026818990707397,-0.21403420716524124,0.0062339827418327332,0,1,0.60049101710319519
gate,H2_seed2,10,horizontal,3,000172_10.png,000173_10.png,2,7,0,5,-0.24238237738609314,-0.2230277955532074,0.019354581832885742,0,1,0.65583530068397522
gate,H2_seed2,10,horizontal,3,000172_10.png,000173_10.png,3,9,0,6,-0.25496836006641388,-0.24463975429534912,0.010328605771064758,0,1,0.63419914245605469
gate,H2_seed2,10,horizontal,3,000172_10.png,000173_10.png,4,10,0,6,-0.30051261186599731,-0.18222064524888992,0.11829196661710739,0,1,0.73689268529415131
gate,H2_seed2,10,horizontal,3,000172_10.png,000173_10.png,5,3,0,-2,-0.21931345760822296,-0.18917299807071686,0.030140459537506104,0,1,0.65113501250743866
gate,H2_seed2,10,horizontal,3,000172_10.png,000173_10.png,6,2,0,-4,-0.29241402447223663,-0.21194826066493988,0.080465763807296753,0,1,0.69830988347530365
gate,H2_seed2,11,horizontal,3,000172_10.png,000173_10.png,1,2,0,1,-0.20511166751384735,-0.12577523291110992,0.079336434602737427,0,1,0.31142820417881012
gate,H2_seed2,11,horizontal,3,000172_10.png,000173_10.png,2,0,0,-2,-0.22067713737487793,-0.13930302113294601,0.081374116241931915,0,1,0.48572616279125214
gate,H2_seed2,11,horizontal,3,000172_10.png,000173_10.png,3,1,0,-2,-0.25559069216251373,-0.15748599171638489,0.098104700446128845,0,1,0.47789670526981354
gate,H2_seed2,11,horizontal,3,000172_10.png,000173_10.png,4,2,0,-2,-0.22631993889808655,-0.21562707424163818,0.010692864656448364,0,1,0.43432681262493134
gate,H2_seed2,11,horizontal,3,000172_10.png,000173_10.png,5,3,0,-2,-0.19897852838039398,-0.16257471591234207,0.03640381246805191,0,1,0.42009426653385162
gate,H2_seed2,11,horizontal,3,000172_10.png,000173_10.png,6,4,0,-2,-0.21366554498672485,-0.14415833353996277,0.069507211446762085,0,1,0.40064775943756104
gate,H2_seed2,12,horizontal,3,000172_10.png,000173_10.png,1,1,1,0,-0.23111392557621002,-0.20730979740619659,0.023804128170013428,0,1,0.35536804795265198
gate,H2_seed2,12,horizontal,3,000172_10.png,000173_10.png,2,2,1,0,-0.20573852956295013,-0.12789011001586914,0.077848419547080994,0,1,0.34427407383918762
gate,H2_seed2,12,horizontal,3,000172_10.png,000173_10.png,3,3,1,0,-0.14190280437469482,-0.13072025775909424,0.011182546615600586,0,1,0.32390226423740387
gate,H2_seed2,12,horizontal,3,000172_10.png,000173_10.png,4,0,0,-4,-0.13268944621086121,-0.11364203691482544,0.019047409296035767,0,1,0.30299831926822662
gate,H2_seed2,12,horizontal,3,000172_10.png,000173_10.png,5,5,1,0,-0.10240729153156281,-0.060007065534591675,0.04240022599697113,0,1,0.32070033252239227
gate,H2_seed2,12,horizontal,3,000172_10.png,000173_10.png,6,3,0,-3,-0.18653741478919983,-0.10563939809799194,0.080898016691207886,0,1,0.40477100014686584
gate,H2_seed2,13,horizontal,3,000172_10.png,000173_10.png,1,7,0,6,-0.081194214522838593,-0.071336492896080017,0.0098577216267585754,0,1,0.28066899627447128
gate,H2_seed2,13,horizontal,3,000172_10.png,000173_10.png,2,10,0,8,-0.1284053772687912,-0.10808365046977997,0.02032172679901123,0,1,0.3288167268037796
gate,H2_seed2,13,horizontal,3,000172_10.png,000173_10.png,3,1,0,-2,-0.12198273465037346,-0.097303785383701324,0.024678949266672134,0,1,0.38101432844996452
gate,H2_seed2,13,horizontal,3,000172_10.png,000173_10.png,4,2,0,-2,-0.16454722732305527,-0.11731883883476257,0.047228388488292694,0,1,0.32187081128358841
gate,H2_seed2,13,horizontal,3,000172_10.png,000173_10.png,5,6,0,1,-0.11354904621839523,-0.10640478134155273,0.0071442648768424988,0,1,0.26956409960985184
gate,H2_seed2,13,horizontal,3,000172_10.png,000173_10.png,6,7,0,1,-0.12096542119979858,-0.098360758274793625,0.022604662925004959,0,1,0.30460227280855179
gate,H2_seed2,14,horizontal,3,000172_10.png,000173_10.png,1,3,0,2,-0.17203379422426224,-0.14303071796894073,0.029003076255321503,0,1,0.33563970029354095
gate,H2_seed2,14,horizontal,3,000172_10.png,000173_10.png,2,4,0,2,-0.20072124898433685,-0.12509485334157944,0.075626395642757416,0,1,0.38358230888843536
gate,H2_seed2,14,horizontal,3,000172_10.png,000173_10.png,3,5,0,2,-0.20024406164884567,-0.12329068779945374,0.076953373849391937,0,1,0.39236900955438614
gate,H2_seed2,14,horizontal,3,000172_10.png,000173_10.png,4,6,0,2,-0.16143797338008881,-0.11284992098808289,0.04858805239200592,0,1,0.37616771459579468
gate,H2_seed2,14,horizontal,3,000172_10.png,000173_10.png,5,7,0,2,-0.18423458188772202,-0.12911229580640793,0.055122286081314087,0,1,0.3958674892783165
gate,H2_seed2,14,horizontal,3,000172_10.png,000173_10.png,6,8,0,2,-0.18808704614639282,-0.15765997767448425,0.030427068471908569,0,1,0.38502097129821777
gate,H2_seed2,15,horizontal,3,000172_10.png,000173_10.png,1,1,1,0,-0.31611022353172302,-0.184737429022789,0.13137279450893402,0,1,0.51631265878677368
gate,H2_seed2,15,horizontal,3,000172_10.png,000173_10.png,2,2,1,0,-0.41415053606033325,-0.20301009714603424,0.21114043891429901,0,1,0.67559817433357239
gate,H2_seed2,15,horizontal,3,000172_10.png,000173_10.png,3,3,1,0,-0.42767690122127533,-0.15092940628528595,0.27674749493598938,0,1,0.64094601571559906
gate,H2_seed2,15,horizontal,3,000172_10.png,000173_10.png,4,4,1,0,-0.42965187132358551,-0.17533949017524719,0.25431238114833832,0,1,0.61400274932384491
gate,H2_seed2,15,horizontal,3,000172_10.png,000173_10.png,5,5,1,0,-0.43883213400840759,-0.25777548551559448,0.18105664849281311,0,1,0.69606047868728638
gate,H2_seed2,15,horizontal,3,000172_10.png,000173_10.png,6,6,1,0,-0.41459463536739349,-0.21833261102437973,0.19626202434301376,0,1,0.7467133104801178
gate,H2_seed2,16,horizontal,3,000172_10.png,000173_10.png,1,7,0,6,-0.29450485110282898,-0.13092884421348572,0.16357600688934326,0,1,0.63110758364200592
gate,H2_seed2,16,horizontal,3,000172_10.png,000173_10.png,2,8,0,6,-0.29727284610271454,-0.1801910400390625,0.11708180606365204,0,1,0.69793866574764252
gate,H2_seed2,16,horizontal,3,000172_10.png,000173_10.png,3,9,0,6,-0.26540444791316986,-0.17525079846382141,0.09015364944934845,0,1,0.68166641891002655
gate,H2_seed2,16,horizontal,3,000172_10.png,000173_10.png,4,9,0,5,-0.23884148895740509,-0.14470548182725906,0.094136007130146027,0,1,0.61904782056808472
gate,H2_seed2,16,horizontal,3,000172_10.png,000173_10.png,5,11,0,6,-0.150093674659729,-0.12127663940191269,0.028817035257816315,0,1,0.49626448750495911
gate,H2_seed2,16,horizontal,3,000172_10.png,000173_10.png,6,10,0,4,-0.15294677019119263,-0.14580129086971283,0.0071454793214797974,0,1,0.47209981083869934
gate,H2_seed2,17,horizontal,3,000172_10.png,000173_10.png,1,7,0,6,-0.21193036437034607,-0.15446373820304871,0.057466626167297363,0,1,0.53448282182216644
gate,H2_seed2,17,horizontal,3,000172_10.png,000173_10.png,2,0,0,-2,-0.21910053491592407,-0.20575946569442749,0.013341069221496582,0,1,0.62107613682746887
gate,H2_seed2,17,horizontal,3,000172_10.png,000173_10.png,3,1,0,-2,-0.28133434057235718,-0.14806652069091797,0.13326781988143921,0,1,0.6851818859577179
gate,H2_seed2,17,horizontal,3,000172_10.png,000173_10.png,4,2,0,-2,-0.22776971757411957,-0.17805925756692886,0.049710460007190704,0,1,0.58875672519207001
gate,H2_seed2,17,horizontal,3,000172_10.png,000173_10.png,5,2,0,-3,-0.27343298494815826,-0.25423364341259003,0.019199341535568237,0,1,0.59749750792980194
gate,H2_seed2,17,horizontal,3,000172_10.png,000173_10.png,6,4,0,-2,-0.3262200802564621,-0.2653864324092865,0.060833647847175598,0,1,0.66277095675468445
gate,H2_seed2,18,horizontal,3,000172_10.png,000173_10.png,1,3,0,2,-0.23017291724681854,-0.22733566164970398,0.002837255597114563,0,1,0.37558136880397797
gate,H2_seed2,18,horizontal,3,000172_10.png,000173_10.png,2,3,0,1,-0.23879171907901764,-0.18074758350849152,0.058044135570526123,0,1,0.4272979348897934
gate,H2_seed2,18,horizontal,3,000172_10.png,000173_10.png,3,4,0,1,-0.20374181866645813,-0.15765827894210815,0.046083539724349976,0,1,0.40003874152898788
gate,H2_seed2,18,horizontal,3,000172_10.png,000173_10.png,4,5,0,1,-0.15274351835250854,-0.14479086548089981,0.0079526528716087341,0,1,0.3285519927740097
gate,H2_seed2,18,horizontal,3,000172_10.png,000173_10.png,5,7,0,2,-0.16506940126419067,-0.1496308371424675,0.015438564121723175,0,1,0.30566035211086273
gate,H2_seed2,18,horizontal,3,000172_10.png,000173_10.png,6,8,0,2,-0.17791961133480072,-0.16493518650531769,0.012984424829483032,0,1,0.35556347668170929
gate,H2_seed2,19,horizontal,3,000172_10.png,000173_10.png,1,2,0,1,-0.2999342679977417,-0.225511834025383,0.074422433972358704,0,1,0.47484618425369263
gate,H2_seed2,19,horizontal,3,000172_10.png,000173_10.png,2,4,0,2,-0.25122001767158508,-0.2438548281788826,0.0073651894927024841,0,1,0.4213637113571167
gate,H2_seed2,19,horizontal,3,000172_10.png,000173_10.png,3,5,0,2,-0.22114596515893936,-0.17637116461992264,0.044774800539016724,0,1,0.34038578718900681
gate,H2_seed2,19,horizontal,3,000172_10.png,000173_10.png,4,6,0,2,-0.22125013172626495,-0.1454264298081398,0.075823701918125153,0,1,0.47095547616481781
gate,H2_seed2,19,horizontal,3,000172_10.png,000173_10.png,5,7,0,2,-0.25546067953109741,-0.11491867899894714,0.14054200053215027,0,1,0.53604826331138611
gate,H2_seed2,19,horizontal,3,000172_10.png,000173_10.png,6,8,0,2,-0.24186766892671585,-0.10621925443410873,0.13564841449260712,0,1,0.52549078315496445
gate,H2_seed2,20,horizontal,3,000172_10.png,000173_10.png,1,1,1,0,-0.13142368197441101,-0.093228980898857117,0.038194701075553894,0,1,0.26879339665174484
gate,H2_seed2,20,horizontal,3,000172_10.png,000173_10.png,2,2,1,0,-0.33309175074100494,-0.10228201001882553,0.23080974072217941,0,1,0.58375534415245056
gate,H2_seed2,20,horizontal,3,000172_10.png,000173_10.png,3,3,1,0,-0.36510682106018066,-0.22823932766914368,0.13686749339103699,0,1,0.5750611275434494
gate,H2_seed2,20,horizontal,3,000172_10.png,000173_10.png,4,4,1,0,-0.32686643302440643,-0.30894231796264648,0.017924115061759949,0,1,0.49941430985927582
gate,H2_seed2,20,horizontal,3,000172_10.png,000173_10.png,5,5,1,0,-0.34305815398693085,-0.25315046310424805,0.0899076908826828,0,1,0.747386634349823
gate,H2_seed2,20,horizontal,3,000172_10.png,000173_10.png,6,6,1,0,-0.29947303235530853,-0.18831560015678406,0.11115743219852448,0,1,0.58665987849235535
gate,H2_seed2,21,horizontal,3,000172_10.png,000173_10.png,1,6,0,5,-0.18015258014202118,-0.16952553391456604,0.010627046227455139,0,1,0.4495992511510849
gate,H2_seed2,21,horizontal,3,000172_10.png,000173_10.png,2,7,0,5,-0.23035562783479691,-0.22224410623311996,0.0081115216016769409,0,1,0.46735817939043045
gate,H2_seed2,21,horizontal,3,000172_10.png,000173_10.png,3,8,0,5,-0.27233007550239563,-0.12513458728790283,0.1471954882144928,0,1,0.48896119743585587
gate,H2_seed2,21,horizontal,3,000172_10.png,000173_10.png,4,9,0,5,-0.25379207730293274,-0.080074869096279144,0.17371720820665359,0,1,0.45977722853422165
gate,H2_seed2,21,horizontal,3,000172_10.png,000173_10.png,5,1,0,-4,-0.22894367575645447,-0.09273306280374527,0.1362106129527092,0,1,0.41709530353546143
gate,H2_seed2,21,horizontal,3,000172_10.png,000173_10.png,6,1,0,-5,-0.24241282045841217,-0.14156924933195114,0.10084357112646103,0,1,0.44549643993377686
gate,H2_seed2,22,horizontal,3,000172_10.png,000173_10.png,1,1,1,0,-0.44157606363296509,-0.41576816141605377,0.025807902216911316,0,1,0.70558111369609833
gate,H2_seed2,22,horizontal,3,000172_10.png,000173_10.png,2,1,0,-1,-0.32466208934783936,-0.26751217246055603,0.057149916887283325,0,1,0.65432293713092804
gate,H2_seed2,22,horizontal,3,000172_10.png,000173_10.png,3,2,0,-1,-0.37215456366539001,-0.22657027840614319,0.14558428525924683,0,1,0.68929564952850342
gate,H2_seed2,22,horizontal,3,000172_10.png,000173_10.png,4,3,0,-1,-0.39477553963661194,-0.34992301464080811,0.044852524995803833,0,1,0.65626983344554901
gate,H2_seed2,22,horizontal,3,000172_10.png,000173_10.png,5,4,0,-1,-0.33955010771751404,-0.27601413428783417,0.063535973429679871,0,1,0.57225897908210754
gate,H2_seed2,22,horizontal,3,000172_10.png,000173_10.png,6,5,0,-1,-0.31055301427841187,-0.27815808355808258,0.032394930720329285,0,1,0.55690780282020569
gate,H2_seed2,23,horizontal,3,000172_10.png,000173_10.png,1,7,0,6,-0.25421974062919617,-0.22185051441192627,0.032369226217269897,0,1,0.62080088257789612
gate,H2_seed2,23,horizontal,3,000172_10.png,000173_10.png,2,9,0,7,-0.30596980452537537,-0.2663104385137558,0.039659366011619568,0,1,0.6721101701259613
gate,H2_seed2,23,horizontal,3,000172_10.png,000173_10.png,3,8,0,5,-0.27771303057670593,-0.276686891913414,0.0010261386632919312,0,1,0.59116512537002563
gate,H2_seed2,23,horizontal,3,000172_10.png,000173_10.png,4,10,0,6,-0.23007924109697342,-0.21851664781570435,0.011562593281269073,0,1,0.53227647393941879
gate,H2_seed2,23,horizontal,3,000172_10.png,000173_10.png,5,10,0,5,-0.32934656739234924,-0.21749559044837952,0.11185097694396973,0,1,0.63663816452026367
gate,H2_seed2,23,horizontal,3,000172_10.png,000173_10.png,6,3,0,-3,-0.25749257206916809,-0.22837204486131668,0.02912052720785141,0,1,0.51522006094455719
gate,H2_seed2,24,horizontal,3,000172_10.png,000173_10.png,1,6,0,5,-0.25180348753929138,-0.24147339165210724,0.010330095887184143,0,1,0.6344703733921051
gate,H2_seed2,24,horizontal,3,000172_10.png,000173_10.png,2,8,0,6,-0.26123359799385071,-0.24457662552595139,0.016656972467899323,0,1,0.56771545112133026
gate,H2_seed2,24,horizontal,3,000172_10.png,000173_10.png,3,8,0,5,-0.21305181831121445,-0.18483953177928925,0.028212286531925201,0,1,0.54006645828485489
gate,H2_seed2,24,horizontal,3,000172_10.png,000173_10.png,4,1,0,-3,-0.29085671901702881,-0.17856825888156891,0.1122884601354599,0,1,0.60020321607589722
gate,H2_seed2,24,horizontal,3,000172_10.png,000173_10.png,5,2,0,-3,-0.20462116599082947,-0.16028736531734467,0.044333800673484802,0,1,0.53990595042705536
gate,H2_seed2,24,horizontal,3,000172_10.png,000173_10.png,6,2,0,-4,-0.29386577010154724,-0.27279390394687653,0.021071866154670715,0,1,0.68095503747463226
gate,H2_seed2,25,horizontal,3,000172_10.png,000173_10.png,1,4,0,3,-0.37173905968666077,-0.31628331542015076,0.05545574426651001,0,1,0.68792444467544556
gate,H2_seed2,25,horizontal,3,000172_10.png,000173_10.png,2,5,0,3,-0.33155880868434906,-0.28589709103107452,0.045661717653274536,0,1,0.53686423599720001
gate,H2_seed2,25,horizontal,3,000172_10.png,000173_10.png,3,6,0,3,-0.35234692692756653,-0.30355331301689148,0.048793613910675049,0,1,0.57030856609344482
gate,H2_seed2,25,horizontal,3,000172_10.png,000173_10.png,4,7,0,3,-0.32978890836238861,-0.28991910815238953,0.039869800209999084,0,1,0.53838378936052322
gate,H2_seed2,25,horizontal,3,000172_10.png,000173_10.png,5,8,0,3,-0.31058081984519958,-0.22734776139259338,0.083233058452606201,0,1,0.53071064502000809
gate,H2_seed2,25,horizontal,3,000172_10.png,000173_10.png,6,9,0,3,-0.31329673528671265,-0.22684802114963531,0.086448714137077332,0,1,0.55630513280630112
gate,H2_seed2,26,horizontal,3,000172_10.png,000173_10.png,1,5,0,4,-0.22714811563491821,-0.15741905570030212,0.069729059934616089,0,1,0.46682865917682648
gate,H2_seed2,26,horizontal,3,000172_10.png,000173_10.png,2,6,0,4,-0.24217671155929565,-0.2033500075340271,0.038826704025268555,0,1,0.48087695986032486
gate,H2_seed2,26,horizontal,3,000172_10.png,000173_10.png,3,7,0,4,-0.22757291048765182,-0.19478154182434082,0.032791368663311005,0,1,0.49335750192403793
gate,H2_seed2,26,horizontal,3,000172_10.png,000173_10.png,4,8,0,4,-0.19531658291816711,-0.17740031331777573,0.017916269600391388,0,1,0.59413500130176544
gate,H2_seed2,26,horizontal,3,000172_10.png,000173_10.png,5,2,0,-3,-0.23632711172103882,-0.19328905642032623,0.043038055300712585,0,1,0.58650511503219604
gate,H2_seed2,26,horizontal,3,000172_10.png,000173_10.png,6,3,0,-3,-0.21054042875766754,-0.11501136422157288,0.095529064536094666,0,1,0.51687699556350708
gate,H2_seed2,27,horizontal,3,000172_10.png,000173_10.png,1,1,1,0,-0.30386921763420105,-0.13063104450702667,0.17323817312717438,0,1,0.48968541622161865
gate,H2_seed2,27,horizontal,3,000172_10.png,000173_10.png,2,2,1,0,-0.42479345202445984,-0.13344487547874451,0.29134857654571533,0,1,0.5793125107884407
gate,H2_seed2,27,horizontal,3,000172_10.png,000173_10.png,3,3,1,0,-0.3748575896024704,-0.10182581841945648,0.27303177118301392,0,1,0.55097444355487823
gate,H2_seed2,27,horizontal,3,000172_10.png,000173_10.png,4,4,1,0,-0.33156928420066833,-0.087724499404430389,0.24384478479623795,0,1,0.50638394057750702
gate,H2_seed2,27,horizontal,3,000172_10.png,000173_10.png,5,5,1,0,-0.33332568407058716,-0.10701816901564598,0.22630751505494118,0,1,0.52649012207984924
gate,H2_seed2,27,horizontal,3,000172_10.png,000173_10.png,6,6,1,0,-0.37542589008808136,-0.08970373123884201,0.28572215884923935,0,1,0.5187147855758667
gate,H2_seed2,28,horizontal,3,000172_10.png,000173_10.png,1,3,0,2,-0.37256908416748047,-0.32611961662769318,0.046449467539787292,0,1,0.70319683849811554
gate,H2_seed2,28,horizontal,3,000172_10.png,000173_10.png,2,4,0,2,-0.29300740361213684,-0.1991303414106369,0.093877062201499939,0,1,0.65005902945995331
gate,H2_seed2,28,horizontal,3,000172_10.png,000173_10.png,3,5,0,2,-0.27213975787162781,-0.23224729299545288,0.039892464876174927,0,1,0.5287252813577652
gate,H2_seed2,28,horizontal,3,000172_10.png,000173_10.png,4,6,0,2,-0.28738139569759369,-0.25859728455543518,0.028784111142158508,0,1,0.57044690847396851
gate,H2_seed2,28,horizontal,3,000172_10.png,000173_10.png,5,7,0,2,-0.29826569557189941,-0.25627468526363373,0.041991010308265686,0,1,0.54398469626903534
gate,H2_seed2,28,horizontal,3,000172_10.png,000173_10.png,6,8,0,2,-0.30220110714435577,-0.25997255742549896,0.042228549718856812,0,1,0.66532063484191895
gate,H2_seed2,29,horizontal,3,000172_10.png,000173_10.png,1,6,0,5,-0.163345105946064,-0.10917025804519653,0.054174847900867462,0,1,0.36422819644212723
gate,H2_seed2,29,horizontal,3,000172_10.png,000173_10.png,2,4,0,2,-0.11987867951393127,-0.10529118776321411,0.014587491750717163,0,1,0.31230321526527405
gate,H2_seed2,29,horizontal,3,000172_10.png,000173_10.png,3,6,0,3,-0.16847631335258484,-0.16132913529872894,0.007147178053855896,0,1,0.46956898272037506
gate,H2_seed2,29,horizontal,3,000172_10.png,000173_10.png,4,6,0,2,-0.21952153742313385,-0.1877983957529068,0.031723141670227051,0,1,0.42204626649618149
gate,H2_seed2,29,horizontal,3,000172_10.png,000173_10.png,5,7,0,2,-0.26943504810333252,-0.19842283427715302,0.071012213826179504,0,1,0.45939852297306061
gate,H2_seed2,29,horizontal,3,000172_10.png,000173_10.png,6,8,0,2,-0.28611022233963013,-0.26794573664665222,0.018164485692977905,0,1,0.55533227324485779
gate,H2_seed2,30,horizontal,3,000172_10.png,000173_10.png,1,2,0,1,-0.34850476682186127,-0.33861903846263885,0.0098857283592224121,0,1,0.53801387548446655
gate,H2_seed2,30,horizontal,3,000172_10.png,000173_10.png,2,2,1,0,-0.30726304650306702,-0.26524737477302551,0.042015671730041504,0,1,0.50024470686912537
gate,H2_seed2,30,horizontal,3,000172_10.png,000173_10.png,3,3,1,0,-0.27209347486495972,-0.14228325337171555,0.12981022149324417,0,1,0.45096924901008606
gate,H2_seed2,30,horizontal,3,000172_10.png,000173_10.png,4,4,1,0,-0.24774520099163055,-0.11065961420536041,0.13708558678627014,0,1,0.45617164671421051
gate,H2_seed2,30,horizontal,3,000172_10.png,000173_10.png,5,5,1,0,-0.27202518284320831,-0.12104029953479767,0.15098488330841064,0,1,0.46617043018341064
gate,H2_seed2,30,horizontal,3,000172_10.png,000173_10.png,6,6,1,0,-0.23853768408298492,-0.17410914599895477,0.064428538084030151,0,1,0.47800371050834656
gate,H2_seed2,31,horizontal,3,000172_10.png,000173_10.png,1,1,1,0,-0.3110155463218689,-0.12747873365879059,0.18353681266307831,0,1,0.44480507075786591
gate,H2_seed2,31,horizontal,3,000172_10.png,000173_10.png,2,2,1,0,-0.2170516699552536,-0.18212810158729553,0.034923568367958069,0,1,0.34579469263553619
gate,H2_seed2,31,horizontal,3,000172_10.png,000173_10.png,3,4,0,1,-0.16097834706306458,-0.14805996417999268,0.012918382883071899,0,1,0.3609505295753479
gate,H2_seed2,31,horizontal,3,000172_10.png,000173_10.png,4,5,0,1,-0.19795650243759155,-0.15960908681154251,0.038347415626049042,0,1,0.37628602236509323
gate,H2_seed2,31,horizontal,3,000172_10.png,000173_10.png,5,6,0,1,-0.22972509264945984,-0.15302237868309021,0.076702713966369629,0,1,0.46063801646232605
gate,H2_seed2,31,horizontal,3,000172_10.png,000173_10.png,6,9,0,3,-0.22861515730619431,-0.21626025438308716,0.012354902923107147,0,1,0.47405365109443665
gate,H2_seed2,0,horizontal,4,000174_10.png,000175_10.png,1,6,0,5,-0.18073327839374542,-0.10247212648391724,0.078261151909828186,0,1,0.32189165055751801
gate,H2_seed2,0,horizontal,4,000174_10.png,000175_10.png,2,1,0,-1,-0.23166852444410324,-0.14639851450920105,0.085270009934902191,0,1,0.42276225984096527
gate,H2_seed2,0,horizontal,4,000174_10.png,000175_10.png,3,9,0,6,-0.17741876840591431,-0.1743733137845993,0.0030454546213150024,0,1,0.42748206853866577
gate,H2_seed2,0,horizontal,4,000174_10.png,000175_10.png,4,3,0,-1,-0.19658659398555756,-0.18842339515686035,0.0081631988286972046,0,1,0.45433694124221802
gate,H2_seed2,0,horizontal,4,000174_10.png,000175_10.png,5,3,0,-2,-0.26868802309036255,-0.21235860139131546,0.056329421699047089,0,1,0.53031228482723236
gate,H2_seed2,0,horizontal,4,000174_10.png,000175_10.png,6,3,0,-3,-0.26910966634750366,-0.26785376667976379,0.0012558996677398682,0,1,0.54781457781791687
gate,H2_seed2,1,horizontal,4,000174_10.png,000175_10.png,1,4,0,3,-0.26258502900600433,-0.14202047139406204,0.12056455761194229,0,1,0.51559759676456451
gate,H2_seed2,1,horizontal,4,000174_10.png,000175_10.png,2,5,0,3,-0.31756150722503662,-0.1955946609377861,0.12196684628725052,0,1,0.57178255915641785
gate,H2_seed2,1,horizontal,4,000174_10.png,000175_10.png,3,6,0,3,-0.31907027959823608,-0.21815839409828186,0.10091188549995422,0,1,0.55500594526529312
gate,H2_seed2,1,horizontal,4,000174_10.png,000175_10.png,4,7,0,3,-0.32149958610534668,-0.1864674910902977,0.13503209501504898,0,1,0.52149109542369843
gate,H2_seed2,1,horizontal,4,000174_10.png,000175_10.png,5,8,0,3,-0.27727927267551422,-0.18267078697681427,0.094608485698699951,0,1,0.47410821914672852
gate,H2_seed2,1,horizontal,4,000174_10.png,000175_10.png,6,9,0,3,-0.20573244988918304,-0.20272332429885864,0.0030091255903244019,0,1,0.39038659632205963
gate,H2_seed2,2,horizontal,4,000174_10.png,000175_10.png,1,5,0,4,-0.17040261626243591,-0.13203065097332001,0.038371965289115906,0,1,0.36629809439182281
gate,H2_seed2,2,horizontal,4,000174_10.png,000175_10.png,2,4,0,2,-0.23360884189605713,-0.19683977961540222,0.036769062280654907,0,1,0.52287545800209045
gate,H2_seed2,2,horizontal,4,000174_10.png,000175_10.png,3,5,0,2,-0.3169725239276886,-0.25200624763965607,0.064966276288032532,0,1,0.79328261315822601
gate,H2_seed2,2,horizontal,4,000174_10.png,000175_10.png,4,6,0,2,-0.30639097094535828,-0.27860918641090393,0.027781784534454346,0,1,0.88644704222679138
gate,H2_seed2,2,horizontal,4,000174_10.png,000175_10.png,5,8,0,3,-0.27063450217247009,-0.2319146990776062,0.038719803094863892,0,1,0.89218905568122864
gate,H2_seed2,2,horizontal,4,000174_10.png,000175_10.png,6,1,0,-5,-0.32387706637382507,-0.26669400930404663,0.057183057069778442,0,1,1.0012946724891663
gate,H2_seed2,3,horizontal,4,000174_10.png,000175_10.png,1,2,0,1,-0.468035027384758,-0.22785487771034241,0.24018014967441559,0,1,0.70368817448616028
gate,H2_seed2,3,horizontal,4,000174_10.png,000175_10.png,2,3,0,1,-0.20483501255512238,-0.11976352334022522,0.085071489214897156,0,1,0.39052353054285049
gate,H2_seed2,3,horizontal,4,000174_10.png,000175_10.png,3,5,0,2,-0.18934112042188644,-0.16732649505138397,0.022014625370502472,0,1,0.36855310201644897
gate,H2_seed2,3,horizontal,4,000174_10.png,000175_10.png,4,6,0,2,-0.18761769682168961,-0.14574271440505981,0.041874982416629791,0,1,0.33108460903167725
gate,H2_seed2,3,horizontal,4,000174_10.png,000175_10.png,5,7,0,2,-0.15776322782039642,-0.14531077444553375,0.012452453374862671,0,1,0.30684813857078552
gate,H2_seed2,3,horizontal,4,000174_10.png,000175_10.png,6,5,0,-1,-0.16436120867729187,-0.14656189829111099,0.017799310386180878,0,1,0.40134097635746002
gate,H2_seed2,4,horizontal,4,000174_10.png,000175_10.png,1,2,0,1,-0.29215426743030548,-0.19758565723896027,0.094568610191345215,0,1,0.47999974340200424
gate,H2_seed2,4,horizontal,4,000174_10.png,000175_10.png,2,3,0,1,-0.32094234228134155,-0.2263827919960022,0.094559550285339355,0,1,0.54529891163110733
gate,H2_seed2,4,horizontal,4,000174_10.png,000175_10.png,3,4,0,1,-0.29790171980857849,-0.25876268744468689,0.039139032363891602,0,1,0.5455053448677063
gate,H2_seed2,4,horizontal,4,000174_10.png,000175_10.png,4,6,0,2,-0.26347996294498444,-0.25353111326694489,0.0099488496780395508,0,1,0.42926684767007828
gate,H2_seed2,4,horizontal,4,000174_10.png,000175_10.png,5,7,0,2,-0.27497246861457825,-0.2484312504529953,0.026541218161582947,0,1,0.51412400603294373
gate,H2_seed2,4,horizontal,4,000174_10.png,000175_10.png,6,7,0,1,-0.23986592888832092,-0.1929125040769577,0.04695342481136322,0,1,0.53846144676208496
gate,H2_seed2,5,horizontal,4,000174_10.png,000175_10.png,1,2,0,1,-0.49365095794200897,-0.149471715092659,0.34417924284934998,0,1,0.7089478075504303
gate,H2_seed2,5,horizontal,4,000174_10.png,000175_10.png,2,3,0,1,-0.41425146162509918,-0.32146336138248444,0.092788100242614746,0,1,0.61982978135347366
gate,H2_seed2,5,horizontal,4,000174_10.png,000175_10.png,3,4,0,1,-0.41160821914672852,-0.27613537013530731,0.1354728490114212,0,1,0.59978347271680832
gate,H2_seed2,5,horizontal,4,000174_10.png,000175_10.png,4,5,0,1,-0.38886705040931702,-0.15239831060171127,0.23646873980760574,0,1,0.64794470369815826
gate,H2_seed2,5,horizontal,4,000174_10.png,000175_10.png,5,6,0,1,-0.38145653903484344,-0.22029528021812439,0.16116125881671906,0,1,0.728207066655159
gate,H2_seed2,5,horizontal,4,000174_10.png,000175_10.png,6,7,0,1,-0.34711942076683044,-0.22398801147937775,0.1231314092874527,0,1,0.63833671808242798
gate,H2_seed2,6,horizontal,4,000174_10.png,000175_10.png,1,0,0,-1,-0.24158191680908203,-0.21501626819372177,0.02656564861536026,0,1,0.64552517235279083
gate,H2_seed2,6,horizontal,4,000174_10.png,000175_10.png,2,9,0,7,-0.26420654356479645,-0.16187310218811035,0.1023334413766861,0,1,0.65995495021343231
gate,H2_seed2,6,horizontal,4,000174_10.png,000175_10.png,3,1,0,-2,-0.24494385719299316,-0.1805841475725174,0.064359709620475769,0,1,0.62081257998943329
gate,H2_seed2,6,horizontal,4,000174_10.png,000175_10.png,4,2,0,-2,-0.33717012405395508,-0.25849710404872894,0.078673020005226135,0,1,0.73356993496417999
gate,H2_seed2,6,horizontal,4,000174_10.png,000175_10.png,5,3,0,-2,-0.380494624376297,-0.24495275318622589,0.13554187119007111,0,1,0.80801662802696228
gate,H2_seed2,6,horizontal,4,000174_10.png,000175_10.png,6,4,0,-2,-0.35383272171020508,-0.26075321435928345,0.093079507350921631,0,1,0.72901323437690735
gate,H2_seed2,7,horizontal,4,000174_10.png,000175_10.png,1,2,0,1,-0.31142917275428772,-0.14979640394449234,0.16163276880979538,0,1,0.43492971360683441
gate,H2_seed2,7,horizontal,4,000174_10.png,000175_10.png,2,3,0,1,-0.36192169785499573,-0.22438706457614899,0.13753463327884674,0,1,0.661237433552742
gate,H2_seed2,7,horizontal,4,000174_10.png,000175_10.png,3,4,0,1,-0.43059869110584259,-0.28739587962627411,0.14320281147956848,0,1,0.75748759508132935
gate,H2_seed2,7,horizontal,4,000174_10.png,000175_10.png,4,5,0,1,-0.45416241884231567,-0.28272542357444763,0.17143699526786804,0,1,0.73631896078586578
gate,H2_seed2,7,horizontal,4,000174_10.png,000175_10.png,5,6,0,1,-0.46257087588310242,-0.25483295321464539,0.20773792266845703,0,1,0.72591987252235413
gate,H2_seed2,7,horizontal,4,000174_10.png,000175_10.png,6,7,0,1,-0.42454597353935242,-0.14025324583053589,0.28429272770881653,0,1,0.66930897533893585
gate,H2_seed2,8,horizontal,4,000174_10.png,000175_10.png,1,4,0,3,-0.091560691595077515,-0.090968936681747437,0.00059175491333007812,0,1,0.21288223564624786
gate,H2_seed2,8,horizontal,4,000174_10.png,000175_10.png,2,0,0,-2,-0.19737286865711212,-0.15099829435348511,0.046374574303627014,0,1,0.36385358870029449
gate,H2_seed2,8,horizontal,4,000174_10.png,000175_10.png,3,2,0,-1,-0.18196199834346771,-0.11173959076404572,0.070222407579421997,0,1,0.30959597229957581
gate,H2_seed2,8,horizontal,4,000174_10.png,000175_10.png,4,2,0,-2,-0.19109150767326355,-0.12689830362796783,0.064193204045295715,0,1,0.34255562722682953
gate,H2_seed2,8,horizontal,4,000174_10.png,000175_10.png,5,3,0,-2,-0.14122048020362854,-0.088817358016967773,0.052403122186660767,0,1,0.28785774111747742
gate,H2_seed2,8,horizontal,4,000174_10.png,000175_10.png,6,9,0,3,-0.15804475545883179,-0.13111044466495514,0.026934310793876648,0,1,0.29238341003656387
gate,H2_seed2,9,horizontal,4,000174_10.png,000175_10.png,1,2,0,1,-0.19347069412469864,-0.19268116354942322,0.00078953057527542114,0,1,0.40563680976629257
gate,H2_seed2,9,horizontal,4,000174_10.png,000175_10.png,2,6,0,4,-0.15978431701660156,-0.139655701816082,0.020128615200519562,0,1,0.3165867030620575
gate,H2_seed2,9,horizontal,4,000174_10.png,000175_10.png,3,8,0,5,-0.13446398079395294,-0.12550416588783264,0.0089598149061203003,0,1,0.28710353374481201
gate,H2_seed2,9,horizontal,4,000174_10.png,000175_10.png,4,8,0,4,-0.15778544545173645,-0.11173181235790253,0.046053633093833923,0,1,0.3356722891330719
gate,H2_seed2,9,horizontal,4,000174_10.png,000175_10.png,5,9,0,4,-0.19081659615039825,-0.12438288331031799,0.066433712840080261,0,1,0.40404623746871948
gate,H2_seed2,9,horizontal,4,000174_10.png,000175_10.png,6,2,0,-4,-0.17472272366285324,-0.16062299907207489,0.014099724590778351,0,1,0.39434771984815598
gate,H2_seed2,10,horizontal,4,000174_10.png,000175_10.png,1,5,0,4,-0.20942369103431702,-0.16997157037258148,0.039452120661735535,0,1,0.63242450356483459
gate,H2_seed2,10,horizontal,4,000174_10.png,000175_10.png,2,5,0,3,-0.25830584764480591,-0.25245591998100281,0.0058499276638031006,0,1,0.69881707429885864
gate,H2_seed2,10,horizontal,4,000174_10.png,000175_10.png,3,6,0,3,-0.2523825615644455,-0.21621471643447876,0.036167845129966736,0,1,0.65100668370723724
gate,H2_seed2,10,horizontal,4,000174_10.png,000175_10.png,4,7,0,3,-0.22192095965147018,-0.16771098971366882,0.054209969937801361,0,1,0.64520085602998734
gate,H2_seed2,10,horizontal,4,000174_10.png,000175_10.png,5,8,0,3,-0.22179549932479858,-0.14958307147026062,0.072212427854537964,0,1,0.62405321002006531
gate,H2_seed2,10,horizontal,4,000174_10.png,000175_10.png,6,3,0,-3,-0.1664569079875946,-0.15502679347991943,0.011430114507675171,0,1,0.55220723152160645
gate,H2_seed2,11,horizontal,4,000174_10.png,000175_10.png,1,2,0,1,-0.27385850250720978,-0.14727579057216644,0.12658271193504333,0,1,0.47545313090085983
gate,H2_seed2,11,horizontal,4,000174_10.png,000175_10.png,2,0,0,-2,-0.31808285415172577,-0.11272206902503967,0.2053607851266861,0,1,0.56633325666189194
gate,H2_seed2,11,horizontal,4,000174_10.png,000175_10.png,3,1,0,-2,-0.32378377020359039,-0.13870733231306076,0.18507643789052963,0,1,0.53231553733348846
gate,H2_seed2,11,horizontal,4,000174_10.png,000175_10.png,4,2,0,-2,-0.2184213325381279,-0.13737450540065765,0.081046827137470245,0,1,0.38927497714757919
gate,H2_seed2,11,horizontal,4,000174_10.png,000175_10.png,5,3,0,-2,-0.26462896168231964,-0.14931759238243103,0.11531136929988861,0,1,0.43389613181352615
gate,H2_seed2,11,horizontal,4,000174_10.png,000175_10.png,6,4,0,-2,-0.2738853394985199,-0.19006675481796265,0.083818584680557251,0,1,0.48125874996185303
gate,H2_seed2,12,horizontal,4,000174_10.png,000175_10.png,1,6,0,5,-0.2457200288772583,-0.16903506219387054,0.076684966683387756,0,1,0.37255506962537766
gate,H2_seed2,12,horizontal,4,000174_10.png,000175_10.png,2,7,0,5,-0.21225915104150772,-0.16779777407646179,0.044461376965045929,0,1,0.35666871815919876
gate,H2_seed2,12,horizontal,4,000174_10.png,000175_10.png,3,8,0,5,-0.17391152679920197,-0.16328500211238861,0.010626524686813354,0,1,0.29445934295654297
gate,H2_seed2,12,horizontal,4,000174_10.png,000175_10.png,4,9,0,5,-0.16209429502487183,-0.081121355295181274,0.080972939729690552,0,1,0.28227712213993073
gate,H2_seed2,12,horizontal,4,000174_10.png,000175_10.png,5,2,0,-3,-0.10776111856102943,-0.091956734657287598,0.015804383903741837,0,1,0.24265802279114723
gate,H2_seed2,12,horizontal,4,000174_10.png,000175_10.png,6,11,0,5,-0.27421188354492188,-0.087998509407043457,0.18621337413787842,0,1,0.40417613089084625
gate,H2_seed2,13,horizontal,4,000174_10.png,000175_10.png,1,5,0,4,-0.15471097826957703,-0.14167742431163788,0.013033553957939148,0,1,0.33331194519996643
gate,H2_seed2,13,horizontal,4,000174_10.png,000175_10.png,2,6,0,4,-0.18884074687957764,-0.12255343794822693,0.066287308931350708,0,1,0.42604582011699677
gate,H2_seed2,13,horizontal,4,000174_10.png,000175_10.png,3,7,0,4,-0.1603328064084053,-0.15736730396747589,0.0029655024409294128,0,1,0.34149230271577835
gate,H2_seed2,13,horizontal,4,000174_10.png,000175_10.png,4,8,0,4,-0.16269561648368835,-0.10998799279332161,0.052707623690366745,0,1,0.33043639361858368
gate,H2_seed2,13,horizontal,4,000174_10.png,000175_10.png,5,2,0,-3,-0.26241086423397064,-0.16436713933944702,0.098043724894523621,0,1,0.44727480411529541
gate,H2_seed2,13,horizontal,4,000174_10.png,000175_10.png,6,3,0,-3,-0.22023698687553406,-0.11218066513538361,0.10805632174015045,0,1,0.4148431271314621
gate,H2_seed2,14,horizontal,4,000174_10.png,000175_10.png,1,3,0,2,-0.12936103343963623,-0.10404683649539948,0.025314196944236755,0,1,0.3131767064332962
gate,H2_seed2,14,horizontal,4,000174_10.png,000175_10.png,2,4,0,2,-0.17264661192893982,-0.12599322944879532,0.046653382480144501,0,1,0.34184250235557556
gate,H2_seed2,14,horizontal,4,000174_10.png,000175_10.png,3,2,0,-1,-0.19306039810180664,-0.15578931570053101,0.037271082401275635,0,1,0.44325533509254456
gate,H2_seed2,14,horizontal,4,000174_10.png,000175_10.png,4,3,0,-1,-0.17616313695907593,-0.16559106111526489,0.010572075843811035,0,1,0.40104334056377411
gate,H2_seed2,14,horizontal,4,000174_10.png,000175_10.png,5,4,0,-1,-0.22603598237037659,-0.19355078041553497,0.032485201954841614,0,1,0.43201148509979248
gate,H2_seed2,14,horizontal,4,000174_10.png,000175_10.png,6,8,0,2,-0.23056259751319885,-0.1755504310131073,0.055012166500091553,0,1,0.43479543924331665
gate,H2_seed2,15,horizontal,4,000174_10.png,000175_10.png,1,1,1,0,-0.21238566935062408,-0.19154217839241028,0.020843490958213806,0,1,0.57260192930698395
gate,H2_seed2,15,horizontal,4,000174_10.png,000175_10.png,2,2,1,0,-0.27640779316425323,-0.22420014441013336,0.052207648754119873,0,1,0.61177557706832886
gate,H2_seed2,15,horizontal,4,000174_10.png,000175_10.png,3,1,0,-2,-0.29619050025939941,-0.23422633856534958,0.061964161694049835,0,1,0.59450677037239075
gate,H2_seed2,15,horizontal,4,000174_10.png,000175_10.png,4,2,0,-2,-0.27925780415534973,-0.20387257635593414,0.075385227799415588,0,1,0.54012838006019592
gate,H2_seed2,15,horizontal,4,000174_10.png,000175_10.png,5,3,0,-2,-0.26958523690700531,-0.17942868173122406,0.09015655517578125,0,1,0.50529240071773529
gate,H2_seed2,15,horizontal,4,000174_10.png,000175_10.png,6,4,0,-2,-0.21807641535997391,-0.20026873052120209,0.01780768483877182,0,1,0.41007251292467117
gate,H2_seed2,16,horizontal,4,000174_10.png,000175_10.png,1,5,0,4,-0.20836645364761353,-0.10820674151182175,0.10015971213579178,0,1,0.57506100833415985
gate,H2_seed2,16,horizontal,4,000174_10.png,000175_10.png,2,6,0,4,-0.26047974824905396,-0.17645341157913208,0.084026336669921875,0,1,0.56333976984024048
gate,H2_seed2,16,horizontal,4,000174_10.png,000175_10.png,3,7,0,4,-0.2260473370552063,-0.19366453588008881,0.032382801175117493,0,1,0.5508514940738678
gate,H2_seed2,16,horizontal,4,000174_10.png,000175_10.png,4,8,0,4,-0.26850104331970215,-0.21448229253292084,0.054018750786781311,0,1,0.55428777635097504
gate,H2_seed2,16,horizontal,4,000174_10.png,000175_10.png,5,9,0,4,-0.28457313776016235,-0.10335591435432434,0.18121722340583801,0,1,0.60282851755619049
gate,H2_seed2,16,horizontal,4,000174_10.png,000175_10.png,6,0,0,-6,-0.22443884611129761,-0.18682751059532166,0.037611335515975952,0,1,0.53465473651885986
gate,H2_seed2,17,horizontal,4,000174_10.png,000175_10.png,1,8,0,7,-0.14236663281917572,-0.14197754859924316,0.00038908421993255615,0,1,0.3863288089632988
gate,H2_seed2,17,horizontal,4,000174_10.png,000175_10.png,2,0,0,-2,-0.24197500944137573,-0.17219626903533936,0.069778740406036377,0,1,0.51417845487594604
gate,H2_seed2,17,horizontal,4,000174_10.png,000175_10.png,3,1,0,-2,-0.31272128224372864,-0.18538075685501099,0.12734052538871765,0,1,0.58306972682476044
gate,H2_seed2,17,horizontal,4,000174_10.png,000175_10.png,4,2,0,-2,-0.29682283103466034,-0.24965463578701019,0.047168195247650146,0,1,0.589433953166008
gate,H2_seed2,17,horizontal,4,000174_10.png,000175_10.png,5,3,0,-2,-0.32165023684501648,-0.25054353475570679,0.071106702089309692,0,1,0.60566230118274689
gate,H2_seed2,17,horizontal,4,000174_10.png,000175_10.png,6,4,0,-2,-0.29302316904067993,-0.26780781149864197,0.025215357542037964,0,1,0.51976121962070465
gate,H2_seed2,18,horizontal,4,000174_10.png,000175_10.png,1,4,0,3,-0.25534462928771973,-0.21954654157161713,0.0357980877161026,0,1,0.46745786070823669
gate,H2_seed2,18,horizontal,4,000174_10.png,000175_10.png,2,3,0,1,-0.23800208419561386,-0.23284250497817993,0.0051595792174339294,0,1,0.4611830860376358
gate,H2_seed2,18,horizontal,4,000174_10.png,000175_10.png,3,4,0,1,-0.227971151471138,-0.21607598662376404,0.011895164847373962,0,1,0.46719824522733688
gate,H2_seed2,18,horizontal,4,000174_10.png,000175_10.png,4,5,0,1,-0.23846431076526642,-0.21051622927188873,0.027948081493377686,0,1,0.48270599544048309
gate,H2_seed2,18,horizontal,4,000174_10.png,000175_10.png,5,6,0,1,-0.24602439254522324,-0.18890498578548431,0.057119406759738922,0,1,0.46681828051805496
gate,H2_seed2,18,horizontal,4,000174_10.png,000175_10.png,6,7,0,1,-0.25558759272098541,-0.20878989994525909,0.046797692775726318,0,1,0.50304313004016876
gate,H2_seed2,19,horizontal,4,000174_10.png,000175_10.png,1,2,0,1,-0.2396891713142395,-0.21658271551132202,0.02310645580291748,0,1,0.39628708362579346
gate,H2_seed2,19,horizontal,4,000174_10.png,000175_10.png,2,4,0,2,-0.25674045085906982,-0.21927927434444427,0.037461176514625549,0,1,0.45641875267028809
gate,H2_seed2,19,horizontal,4,000174_10.png,000175_10.png,3,5,0,2,-0.24602916091680527,-0.17872563004493713,0.067303530871868134,0,1,0.47120364755392075
gate,H2_seed2,19,horizontal,4,000174_10.png,000175_10.png,4,6,0,2,-0.22750172019004822,-0.18309406936168671,0.044407650828361511,0,1,0.54858516156673431
gate,H2_seed2,19,horizontal,4,000174_10.png,000175_10.png,5,7,0,2,-0.20182827860116959,-0.17451054602861404,0.027317732572555542,0,1,0.57726197689771652
gate,H2_seed2,19,horizontal,4,000174_10.png,000175_10.png,6,8,0,2,-0.18728209286928177,-0.12920117378234863,0.058080919086933136,0,1,0.504305399954319
gate,H2_seed2,20,horizontal,4,000174_10.png,000175_10.png,1,1,1,0,-0.27251338958740234,-0.25050945580005646,0.022003933787345886,0,1,0.45191152393817902
gate,H2_seed2,20,horizontal,4,000174_10.png,000175_10.png,2,2,1,0,-0.44997580349445343,-0.11487677693367004,0.33509902656078339,0,1,0.71361653506755829
gate,H2_seed2,20,horizontal,4,000174_10.png,000175_10.png,3,3,1,0,-0.3931242823600769,-0.099499136209487915,0.29362514615058899,0,1,0.54188957810401917
gate,H2_seed2,20,horizontal,4,000174_10.png,000175_10.png,4,4,1,0,-0.30710218846797943,-0.125588059425354,0.18151412904262543,0,1,0.46547101438045502
gate,H2_seed2,20,horizontal,4,000174_10.png,000175_10.png,5,5,1,0,-0.30538536608219147,-0.16540136933326721,0.13998399674892426,0,1,0.55138140916824341
gate,H2_seed2,20,horizontal,4,000174_10.png,000175_10.png,6,6,1,0,-0.29788316786289215,-0.1764681488275528,0.12141501903533936,0,1,0.50388174504041672
gate,H2_seed2,21,horizontal,4,000174_10.png,000175_10.png,1,6,0,5,-0.21711328625679016,-0.14670154452323914,0.070411741733551025,0,1,0.5241820365190506
gate,H2_seed2,21,horizontal,4,000174_10.png,000175_10.png,2,7,0,5,-0.28162616491317749,-0.15415337681770325,0.12747278809547424,0,1,0.59282788634300232
gate,H2_seed2,21,horizontal,4,000174_10.png,000175_10.png,3,8,0,5,-0.28194889426231384,-0.17347580194473267,0.10847309231758118,0,1,0.46304626762866974
gate,H2_seed2,21,horizontal,4,000174_10.png,000175_10.png,4,9,0,5,-0.26826539635658264,-0.1356944739818573,0.13257092237472534,0,1,0.52235279977321625
gate,H2_seed2,21,horizontal,4,000174_10.png,000175_10.png,5,10,0,5,-0.20210586488246918,-0.13853627443313599,0.063569590449333191,0,1,0.44889925420284271
gate,H2_seed2,21,horizontal,4,000174_10.png,000175_10.png,6,1,0,-5,-0.26870429515838623,-0.13914287090301514,0.12956142425537109,0,1,0.56810005009174347
gate,H2_seed2,22,horizontal,4,000174_10.png,000175_10.png,1,0,0,-1,-0.42431464791297913,-0.34370033442974091,0.08061431348323822,0,1,0.69693237543106079
gate,H2_seed2,22,horizontal,4,000174_10.png,000175_10.png,2,1,0,-1,-0.47199264168739319,-0.22488826513290405,0.24710437655448914,0,1,0.82502022385597229
gate,H2_seed2,22,horizontal,4,000174_10.png,000175_10.png,3,2,0,-1,-0.4931938648223877,-0.24506151676177979,0.24813234806060791,0,1,0.8258732408285141
gate,H2_seed2,22,horizontal,4,000174_10.png,000175_10.png,4,3,0,-1,-0.49221044778823853,-0.26155906915664673,0.2306513786315918,0,1,0.75326201319694519
gate,H2_seed2,22,horizontal,4,000174_10.png,000175_10.png,5,4,0,-1,-0.42550350725650787,-0.2732280045747757,0.15227550268173218,0,1,0.72698968648910522
gate,H2_seed2,22,horizontal,4,000174_10.png,000175_10.png,6,5,0,-1,-0.43141603469848633,-0.24578343331813812,0.18563260138034821,0,1,0.74686194956302643
gate,H2_seed2,23,horizontal,4,000174_10.png,000175_10.png,1,6,0,5,-0.20356166362762451,-0.12533879280090332,0.078222870826721191,0,1,0.45898622274398804
gate,H2_seed2,23,horizontal,4,000174_10.png,000175_10.png,2,7,0,5,-0.20075279474258423,-0.1351170539855957,0.065635740756988525,0,1,0.38205784559249878
gate,H2_seed2,23,horizontal,4,000174_10.png,000175_10.png,3,8,0,5,-0.20553727447986603,-0.12789008021354675,0.077647194266319275,0,1,0.43664411455392838
gate,H2_seed2,23,horizontal,4,000174_10.png,000175_10.png,4,9,0,5,-0.23491872847080231,-0.10550098121166229,0.12941774725914001,0,1,0.42170965671539307
gate,H2_seed2,23,horizontal,4,000174_10.png,000175_10.png,5,10,0,5,-0.25082632899284363,-0.13727077841758728,0.11355555057525635,0,1,0.44651539623737335
gate,H2_seed2,23,horizontal,4,000174_10.png,000175_10.png,6,4,0,-2,-0.11753666400909424,-0.10522723197937012,0.012309432029724121,0,1,0.28040545433759689
gate,H2_seed2,24,horizontal,4,000174_10.png,000175_10.png,1,6,0,5,-0.2425139993429184,-0.2005435973405838,0.041970402002334595,0,1,0.62719579041004181
gate,H2_seed2,24,horizontal,4,000174_10.png,000175_10.png,2,7,0,5,-0.23517800867557526,-0.19354373216629028,0.041634276509284973,0,1,0.59197144210338593
gate,H2_seed2,24,horizontal,4,000174_10.png,000175_10.png,3,0,0,-3,-0.18456366658210754,-0.16916358470916748,0.015400081872940063,0,1,0.65942749381065369
gate,H2_seed2,24,horizontal,4,000174_10.png,000175_10.png,4,1,0,-3,-0.26667657494544983,-0.22454309463500977,0.042133480310440063,0,1,0.78133490681648254
gate,H2_seed2,24,horizontal,4,000174_10.png,000175_10.png,5,2,0,-3,-0.23654231429100037,-0.20801874250173569,0.028523571789264679,0,1,0.77882188558578491
gate,H2_seed2,24,horizontal,4,000174_10.png,000175_10.png,6,3,0,-3,-0.22318325936794281,-0.20203223824501038,0.021151021122932434,0,1,0.75990815460681915
gate,H2_seed2,25,horizontal,4,000174_10.png,000175_10.png,1,3,0,2,-0.3325863778591156,-0.26863439381122589,0.063951984047889709,0,1,0.69652983546257019
gate,H2_seed2,25,horizontal,4,000174_10.png,000175_10.png,2,4,0,2,-0.39384010434150696,-0.30801418423652649,0.085825920104980469,0,1,0.66887429356575012
gate,H2_seed2,25,horizontal,4,000174_10.png,000175_10.png,3,5,0,2,-0.43697971105575562,-0.34558393061161041,0.091395780444145203,0,1,0.75088867545127869
gate,H2_seed2,25,horizontal,4,000174_10.png,000175_10.png,4,6,0,2,-0.47165778279304504,-0.36671032011508942,0.10494746267795563,0,1,0.854554682970047
gate,H2_seed2,25,horizontal,4,000174_10.png,000175_10.png,5,7,0,2,-0.4220384806394577,-0.35397794842720032,0.068060532212257385,0,1,0.80578772723674774
gate,H2_seed2,25,horizontal,4,000174_10.png,000175_10.png,6,9,0,3,-0.37959682941436768,-0.3625069260597229,0.017089903354644775,0,1,0.75398333370685577
gate,H2_seed2,26,horizontal,4,000174_10.png,000175_10.png,1,1,1,0,-0.24206306040287018,-0.15857711434364319,0.08348594605922699,0,1,0.61873404681682587
gate,H2_seed2,26,horizontal,4,000174_10.png,000175_10.png,2,7,0,5,-0.12367330491542816,-0.077630788087844849,0.046042516827583313,0,1,0.46612529456615448
gate,H2_seed2,26,horizontal,4,000174_10.png,000175_10.png,3,8,0,5,-0.17049230635166168,-0.11247703433036804,0.05801527202129364,0,1,0.49097853899002075
gate,H2_seed2,26,horizontal,4,000174_10.png,000175_10.png,4,9,0,5,-0.21792774647474289,-0.088797926902770996,0.12912981957197189,0,1,0.54116799682378769
gate,H2_seed2,26,horizontal,4,000174_10.png,000175_10.png,5,10,0,5,-0.21405863761901855,-0.16534112393856049,0.048717513680458069,0,1,0.50225219130516052
gate,H2_seed2,26,horizontal,4,000174_10.png,000175_10.png,6,1,0,-5,-0.22495974600315094,-0.13205096125602722,0.092908784747123718,0,1,0.48605547845363617
gate,H2_seed2,27,horizontal,4,000174_10.png,000175_10.png,1,1,1,0,-0.35158883035182953,-0.14115762710571289,0.21043120324611664,0,1,0.54163132607936859
gate,H2_seed2,27,horizontal,4,000174_10.png,000175_10.png,2,2,1,0,-0.42631067335605621,-0.26059378683567047,0.16571688652038574,0,1,0.64565354585647583
gate,H2_seed2,27,horizontal,4,000174_10.png,000175_10.png,3,3,1,0,-0.47142839431762695,-0.23161142319440842,0.23981697112321854,0,1,0.67879071086645126
gate,H2_seed2,27,horizontal,4,000174_10.png,000175_10.png,4,4,1,0,-0.39529135823249817,-0.15129870176315308,0.24399265646934509,0,1,0.63562548160552979
gate,H2_seed2,27,horizontal,4,000174_10.png,000175_10.png,5,5,1,0,-0.38833031058311462,-0.15028994530439377,0.23804036527872086,0,1,0.55489504337310791
gate,H2_seed2,27,horizontal,4,000174_10.png,000175_10.png,6,6,1,0,-0.36659640073776245,-0.1294531524181366,0.23714324831962585,0,1,0.60029654949903488
gate,H2_seed2,28,horizontal,4,000174_10.png,000175_10.png,1,3,0,2,-0.24921656399965286,-0.19463928043842316,0.054577283561229706,0,1,0.49674550443887711
gate,H2_seed2,28,horizontal,4,000174_10.png,000175_10.png,2,4,0,2,-0.26945935189723969,-0.18367832899093628,0.085781022906303406,0,1,0.60556612908840179
gate,H2_seed2,28,horizontal,4,000174_10.png,000175_10.png,3,2,0,-1,-0.27007417380809784,-0.2608804851770401,0.0091936886310577393,0,1,0.62239758670330048
gate,H2_seed2,28,horizontal,4,000174_10.png,000175_10.png,4,6,0,2,-0.32428821921348572,-0.27329689264297485,0.050991326570510864,0,1,0.61205512285232544
gate,H2_seed2,28,horizontal,4,000174_10.png,000175_10.png,5,7,0,2,-0.32090802490711212,-0.2669861763715744,0.05392184853553772,0,1,0.57564850151538849
gate,H2_seed2,28,horizontal,4,000174_10.png,000175_10.png,6,8,0,2,-0.35884389281272888,-0.27700339257717133,0.081840500235557556,0,1,0.63935627043247223
gate,H2_seed2,29,horizontal,4,000174_10.png,000175_10.png,1,3,0,2,-0.29592779278755188,-0.16881915181875229,0.12710864096879959,0,1,0.52434127032756805
gate,H2_seed2,29,horizontal,4,000174_10.png,000175_10.png,2,4,0,2,-0.41927289962768555,-0.14444658160209656,0.27482631802558899,0,1,0.92605087161064148
gate,H2_seed2,29,horizontal,4,000174_10.png,000175_10.png,3,5,0,2,-0.40024065971374512,-0.16073831915855408,0.23950234055519104,0,1,0.77188779413700104
gate,H2_seed2,29,horizontal,4,000174_10.png,000175_10.png,4,6,0,2,-0.32630698382854462,-0.18942561745643616,0.13688136637210846,0,1,0.72881202399730682
gate,H2_seed2,29,horizontal,4,000174_10.png,000175_10.png,5,7,0,2,-0.33645772933959961,-0.14482349157333374,0.19163423776626587,0,1,0.68202295899391174
gate,H2_seed2,29,horizontal,4,000174_10.png,000175_10.png,6,8,0,2,-0.39607371389865875,-0.20175297558307648,0.19432073831558228,0,1,0.73352478444576263
gate,H2_seed2,30,horizontal,4,000174_10.png,000175_10.png,1,2,0,1,-0.33804135024547577,-0.31169234216213226,0.026349008083343506,0,1,0.54007808864116669
gate,H2_seed2,30,horizontal,4,000174_10.png,000175_10.png,2,2,1,0,-0.27276614308357239,-0.24660242348909378,0.026163719594478607,0,1,0.50525282323360443
gate,H2_seed2,30,horizontal,4,000174_10.png,000175_10.png,3,3,1,0,-0.30802804231643677,-0.18902508914470673,0.11900295317173004,0,1,0.56890806555747986
gate,H2_seed2,30,horizontal,4,000174_10.png,000175_10.png,4,4,1,0,-0.33850134909152985,-0.19937010854482651,0.13913124054670334,0,1,0.56961500644683838
gate,H2_seed2,30,horizontal,4,000174_10.png,000175_10.png,5,5,1,0,-0.37622672319412231,-0.19884967803955078,0.17737704515457153,0,1,0.63317960500717163
gate,H2_seed2,30,horizontal,4,000174_10.png,000175_10.png,6,6,1,0,-0.34561866521835327,-0.19689080119132996,0.14872786402702332,0,1,0.5565682053565979
gate,H2_seed2,31,horizontal,4,000174_10.png,000175_10.png,1,1,1,0,-0.32269418239593506,-0.16325938701629639,0.15943479537963867,0,1,0.5238531231880188
gate,H2_seed2,31,horizontal,4,000174_10.png,000175_10.png,2,1,0,-1,-0.27357742190361023,-0.19225136935710907,0.08132605254650116,0,1,0.4708489328622818
gate,H2_seed2,31,horizontal,4,000174_10.png,000175_10.png,3,4,0,1,-0.23883052915334702,-0.17061138898134232,0.0682191401720047,0,1,0.39472002536058426
gate,H2_seed2,31,horizontal,4,000174_10.png,000175_10.png,4,5,0,1,-0.26689343154430389,-0.18875871598720551,0.078134715557098389,0,1,0.4968465119600296
gate,H2_seed2,31,horizontal,4,000174_10.png,000175_10.png,5,6,0,1,-0.27507933974266052,-0.17442948371171951,0.10064985603094101,0,1,0.55995659530162811
gate,H2_seed2,31,horizontal,4,000174_10.png,000175_10.png,6,9,0,3,-0.24128531664609909,-0.23707905411720276,0.0042062625288963318,0,1,0.46597469598054886
gate,H2_seed2,0,horizontal,5,000176_10.png,000177_10.png,1,6,0,5,-0.13998910784721375,-0.07386818528175354,0.066120922565460205,0,1,0.21681621670722961
gate,H2_seed2,0,horizontal,5,000176_10.png,000177_10.png,2,1,0,-1,-0.16979029774665833,-0.11759470403194427,0.05219559371471405,0,1,0.36006615310907364
gate,H2_seed2,0,horizontal,5,000176_10.png,000177_10.png,3,2,0,-1,-0.19822236895561218,-0.18697664141654968,0.0112457275390625,0,1,0.49732449650764465
gate,H2_seed2,0,horizontal,5,000176_10.png,000177_10.png,4,3,0,-1,-0.24754080176353455,-0.21692595630884171,0.030614845454692841,0,1,0.52172635495662689
gate,H2_seed2,0,horizontal,5,000176_10.png,000177_10.png,5,3,0,-2,-0.3963019996881485,-0.20366775989532471,0.19263423979282379,0,1,0.64711877703666687
gate,H2_seed2,0,horizontal,5,000176_10.png,000177_10.png,6,4,0,-2,-0.33427789807319641,-0.1566714346408844,0.17760646343231201,0,1,0.63657782971858978
gate,H2_seed2,1,horizontal,5,000176_10.png,000177_10.png,1,3,0,2,-0.27523154020309448,-0.15058750659227371,0.12464403361082077,0,1,0.45740170776844025
gate,H2_seed2,1,horizontal,5,000176_10.png,000177_10.png,2,5,0,3,-0.18031235039234161,-0.1682954877614975,0.012016862630844116,0,1,0.37828097492456436
gate,H2_seed2,1,horizontal,5,000176_10.png,000177_10.png,3,6,0,3,-0.23215965926647186,-0.1865151971578598,0.045644462108612061,0,1,0.5008045881986618
gate,H2_seed2,1,horizontal,5,000176_10.png,000177_10.png,4,7,0,3,-0.26997664570808411,-0.25901031494140625,0.010966330766677856,0,1,0.42649281024932861
gate,H2_seed2,1,horizontal,5,000176_10.png,000177_10.png,5,7,0,2,-0.33143506944179535,-0.29114000499248505,0.040295064449310303,0,1,0.53419061005115509
gate,H2_seed2,1,horizontal,5,000176_10.png,000177_10.png,6,8,0,2,-0.35298532247543335,-0.2321489006280899,0.12083642184734344,0,1,0.54200318455696106
gate,H2_seed2,2,horizontal,5,000176_10.png,000177_10.png,1,3,0,2,-0.29565954208374023,-0.21951046586036682,0.076149076223373413,0,1,0.53666385263204575
gate,H2_seed2,2,horizontal,5,000176_10.png,000177_10.png,2,4,0,2,-0.40617001056671143,-0.23681734502315521,0.16935266554355621,0,1,0.86855138838291168
gate,H2_seed2,2,horizontal,5,000176_10.png,000177_10.png,3,5,0,2,-0.41192929446697235,-0.2564939558506012,0.15543533861637115,0,1,0.95508192479610443
gate,H2_seed2,2,horizontal,5,000176_10.png,000177_10.png,4,6,0,2,-0.35496002435684204,-0.25683312118053436,0.098126903176307678,0,1,0.8896389901638031
gate,H2_seed2,2,horizontal,5,000176_10.png,000177_10.png,5,7,0,2,-0.36253637075424194,-0.30176034569740295,0.060776025056838989,0,1,0.86504513025283813
gate,H2_seed2,2,horizontal,5,000176_10.png,000177_10.png,6,8,0,2,-0.39522610604763031,-0.28218919038772583,0.11303691565990448,0,1,0.91979648172855377
gate,H2_seed2,3,horizontal,5,000176_10.png,000177_10.png,1,2,0,1,-0.3927091509103775,-0.22494462132453918,0.16776452958583832,0,1,0.69746294617652893
gate,H2_seed2,3,horizontal,5,000176_10.png,000177_10.png,2,3,0,1,-0.27451083064079285,-0.26749417185783386,0.0070166587829589844,0,1,0.62542200088500977
gate,H2_seed2,3,horizontal,5,000176_10.png,000177_10.png,3,2,0,-1,-0.40675860643386841,-0.24989606440067291,0.1568625420331955,0,1,0.79977735877037048
gate,H2_seed2,3,horizontal,5,000176_10.png,000177_10.png,4,3,0,-1,-0.4377303272485733,-0.27647259831428528,0.16125772893428802,0,1,0.79377846419811249
gate,H2_seed2,3,horizontal,5,000176_10.png,000177_10.png,5,4,0,-1,-0.36496643722057343,-0.27703070640563965,0.087935730814933777,0,1,0.71578115224838257
gate,H2_seed2,3,horizontal,5,000176_10.png,000177_10.png,6,5,0,-1,-0.36792948842048645,-0.27383404970169067,0.094095438718795776,0,1,0.65965554118156433
gate,H2_seed2,4,horizontal,5,000176_10.png,000177_10.png,1,3,0,2,-0.25835725665092468,-0.23094145953655243,0.027415797114372253,0,1,0.43095068633556366
gate,H2_seed2,4,horizontal,5,000176_10.png,000177_10.png,2,4,0,2,-0.26268255710601807,-0.22198161482810974,0.040700942277908325,0,1,0.48701584339141846
gate,H2_seed2,4,horizontal,5,000176_10.png,000177_10.png,3,5,0,2,-0.26022142171859741,-0.24754597246646881,0.012675449252128601,0,1,0.44734939932823181
gate,H2_seed2,4,horizontal,5,000176_10.png,000177_10.png,4,6,0,2,-0.24712483584880829,-0.21741138398647308,0.029713451862335205,0,1,0.55378343164920807
gate,H2_seed2,4,horizontal,5,000176_10.png,000177_10.png,5,7,0,2,-0.25505119562149048,-0.25047107040882111,0.0045801252126693726,0,1,0.60595378279685974
gate,H2_seed2,4,horizontal,5,000176_10.png,000177_10.png,6,8,0,2,-0.29585576057434082,-0.28541247546672821,0.01044328510761261,0,1,0.65179777145385742
gate,H2_seed2,5,horizontal,5,000176_10.png,000177_10.png,1,1,1,0,-0.25183135271072388,-0.24157211184501648,0.010259240865707397,0,1,0.44182367622852325
gate,H2_seed2,5,horizontal,5,000176_10.png,000177_10.png,2,1,0,-1,-0.33566670119762421,-0.30680865049362183,0.02885805070400238,0,1,0.57031212747097015
gate,H2_seed2,5,horizontal,5,000176_10.png,000177_10.png,3,2,0,-1,-0.40639328956604004,-0.29566925764083862,0.11072403192520142,0,1,0.67418716847896576
gate,H2_seed2,5,horizontal,5,000176_10.png,000177_10.png,4,3,0,-1,-0.4183388352394104,-0.3042742908000946,0.1140645444393158,0,1,0.65451654046773911
gate,H2_seed2,5,horizontal,5,000176_10.png,000177_10.png,5,4,0,-1,-0.37493585050106049,-0.34907440841197968,0.025861442089080811,0,1,0.60611517727375031
gate,H2_seed2,5,horizontal,5,000176_10.png,000177_10.png,6,5,0,-1,-0.39239773154258728,-0.35848557949066162,0.033912152051925659,0,1,0.67159995436668396
gate,H2_seed2,6,horizontal,5,000176_10.png,000177_10.png,1,0,0,-1,-0.33988142013549805,-0.28400452435016632,0.055876895785331726,0,1,0.73656551539897919
gate,H2_seed2,6,horizontal,5,000176_10.png,000177_10.png,2,8,0,6,-0.27330462634563446,-0.17851215600967407,0.094792470335960388,0,1,0.6016562432050705
gate,H2_seed2,6,horizontal,5,000176_10.png,000177_10.png,3,2,0,-1,-0.2777961939573288,-0.17893341928720474,0.098862774670124054,0,1,0.62335354089736938
gate,H2_seed2,6,horizontal,5,000176_10.png,000177_10.png,4,3,0,-1,-0.32308860123157501,-0.2726786881685257,0.050409913063049316,0,1,0.68643707036972046
gate,H2_seed2,6,horizontal,5,000176_10.png,000177_10.png,5,2,0,-3,-0.40645261108875275,-0.31601196527481079,0.090440645813941956,0,1,0.75568321347236633
gate,H2_seed2,6,horizontal,5,000176_10.png,000177_10.png,6,3,0,-3,-0.32273556292057037,-0.27363309264183044,0.049102470278739929,0,1,0.70266616344451904
gate,H2_seed2,7,horizontal,5,000176_10.png,000177_10.png,1,2,0,1,-0.22319667041301727,-0.2026517391204834,0.020544931292533875,0,1,0.44140775501728058
gate,H2_seed2,7,horizontal,5,000176_10.png,000177_10.png,2,3,0,1,-0.38045160472393036,-0.24126535654067993,0.13918624818325043,0,1,0.67076486349105835
gate,H2_seed2,7,horizontal,5,000176_10.png,000177_10.png,3,4,0,1,-0.43328988552093506,-0.29314696788787842,0.14014291763305664,0,1,0.78268833458423615
gate,H2_seed2,7,horizontal,5,000176_10.png,000177_10.png,4,5,0,1,-0.42785073816776276,-0.283979132771492,0.14387160539627075,0,1,0.70158499479293823
gate,H2_seed2,7,horizontal,5,000176_10.png,000177_10.png,5,6,0,1,-0.39557982981204987,-0.28208108246326447,0.1134987473487854,0,1,0.65328529477119446
gate,H2_seed2,7,horizontal,5,000176_10.png,000177_10.png,6,7,0,1,-0.36196926236152649,-0.30763992667198181,0.054329335689544678,0,1,0.65768024325370789
gate,H2_seed2,8,horizontal,5,000176_10.png,000177_10.png,1,1,1,0,-0.17141817510128021,-0.13519902527332306,0.036219149827957153,0,1,0.35336800664663315
gate,H2_seed2,8,horizontal,5,000176_10.png,000177_10.png,2,0,0,-2,-0.34440475702285767,-0.058829039335250854,0.28557571768760681,0,1,0.58837413042783737
gate,H2_seed2,8,horizontal,5,000176_10.png,000177_10.png,3,1,0,-2,-0.21251203119754791,-0.13163693249225616,0.080875098705291748,0,1,0.43142546713352203
gate,H2_seed2,8,horizontal,5,000176_10.png,000177_10.png,4,2,0,-2,-0.21347071975469589,-0.18313203006982803,0.030338689684867859,0,1,0.37376149743795395
gate,H2_seed2,8,horizontal,5,000176_10.png,000177_10.png,5,4,0,-1,-0.23749327659606934,-0.21002483367919922,0.027468442916870117,0,1,0.48437726497650146
gate,H2_seed2,8,horizontal,5,000176_10.png,000177_10.png,6,5,0,-1,-0.29033677279949188,-0.20150206983089447,0.088834702968597412,0,1,0.49120476096868515
gate,H2_seed2,9,horizontal,5,000176_10.png,000177_10.png,1,6,0,5,-0.27561497688293457,-0.20855598151683807,0.067058995366096497,0,1,0.54145538806915283
gate,H2_seed2,9,horizontal,5,000176_10.png,000177_10.png,2,7,0,5,-0.22388094663619995,-0.20977915078401566,0.014101795852184296,0,1,0.46725139766931534
gate,H2_seed2,9,horizontal,5,000176_10.png,000177_10.png,3,8,0,5,-0.26339894533157349,-0.15793269872665405,0.10546624660491943,0,1,0.48716966062784195
gate,H2_seed2,9,horizontal,5,000176_10.png,000177_10.png,4,9,0,5,-0.29304122924804688,-0.09877389669418335,0.19426733255386353,0,1,0.53447176516056061
gate,H2_seed2,9,horizontal,5,000176_10.png,000177_10.png,5,10,0,5,-0.20035663992166519,-0.12881737947463989,0.071539260447025299,0,1,0.43950695544481277
gate,H2_seed2,9,horizontal,5,000176_10.png,000177_10.png,6,0,0,-6,-0.24647112935781479,-0.1955883800983429,0.050882749259471893,0,1,0.51619633287191391
gate,H2_seed2,10,horizontal,5,000176_10.png,000177_10.png,1,4,0,3,-0.24922153353691101,-0.21811044961214066,0.031111083924770355,0,1,0.69243189692497253
gate,H2_seed2,10,horizontal,5,000176_10.png,000177_10.png,2,5,0,3,-0.28375762701034546,-0.24981439113616943,0.033943235874176025,0,1,0.73802301287651062
gate,H2_seed2,10,horizontal,5,000176_10.png,000177_10.png,3,6,0,3,-0.28774166107177734,-0.26296395063400269,0.024777710437774658,0,1,0.75753484666347504
gate,H2_seed2,10,horizontal,5,000176_10.png,000177_10.png,4,7,0,3,-0.26017853617668152,-0.24989694356918335,0.010281592607498169,0,1,0.78226622939109802
gate,H2_seed2,10,horizontal,5,000176_10.png,000177_10.png,5,1,0,-4,-0.28331625461578369,-0.25322380661964417,0.030092447996139526,0,1,0.84392851591110229
gate,H2_seed2,10,horizontal,5,000176_10.png,000177_10.png,6,2,0,-4,-0.35405655205249786,-0.27980589866638184,0.074250653386116028,0,1,0.9028807133436203
gate,H2_seed2,11,horizontal,5,000176_10.png,000177_10.png,1,2,0,1,-0.29612809419631958,-0.076322317123413086,0.21980577707290649,0,1,0.3818436861038208
gate,H2_seed2,11,horizontal,5,000176_10.png,000177_10.png,2,0,0,-2,-0.2190779447555542,-0.13761818408966064,0.081459760665893555,0,1,0.32227435708045959
gate,H2_seed2,11,horizontal,5,000176_10.png,000177_10.png,3,1,0,-2,-0.41036140918731689,-0.14423695206642151,0.26612445712089539,0,1,0.54949395358562469
gate,H2_seed2,11,horizontal,5,000176_10.png,000177_10.png,4,2,0,-2,-0.33207850158214569,-0.1287485808134079,0.20332992076873779,0,1,0.4530247300863266
gate,H2_seed2,11,horizontal,5,000176_10.png,000177_10.png,5,3,0,-2,-0.34835989773273468,-0.11925038695335388,0.2291095107793808,0,1,0.45451328158378601
gate,H2_seed2,11,horizontal,5,000176_10.png,000177_10.png,6,4,0,-2,-0.3316228985786438,-0.11990920454263687,0.21171369403600693,0,1,0.53005783259868622
gate,H2_seed2,12,horizontal,5,000176_10.png,000177_10.png,1,0,0,-1,-0.27796021103858948,-0.12695325165987015,0.15100695937871933,0,1,0.41097421944141388
gate,H2_seed2,12,horizontal,5,000176_10.png,000177_10.png,2,0,0,-2,-0.15560881793498993,-0.11662212759256363,0.0389866903424263,0,1,0.38450542092323303
gate,H2_seed2,12,horizontal,5,000176_10.png,000177_10.png,3,3,1,0,-0.15313337743282318,-0.10516035556793213,0.047973021864891052,0,1,0.29869832098484039
gate,H2_seed2,12,horizontal,5,000176_10.png,000177_10.png,4,4,1,0,-0.16698537766933441,-0.14604750275611877,0.020937874913215637,0,1,0.34302331507205963
gate,H2_seed2,12,horizontal,5,000176_10.png,000177_10.png,5,5,1,0,-0.19313643127679825,-0.15444713830947876,0.038689292967319489,0,1,0.38536185026168823
gate,H2_seed2,12,horizontal,5,000176_10.png,000177_10.png,6,5,0,-1,-0.17021569609642029,-0.15924382954835892,0.010971866548061371,0,1,0.3253263458609581
gate,H2_seed2,13,horizontal,5,000176_10.png,000177_10.png,1,7,0,6,-0.19999752193689346,-0.14142617583274841,0.05857134610414505,0,1,0.41860757023096085
gate,H2_seed2,13,horizontal,5,000176_10.png,000177_10.png,2,10,0,8,-0.16518355160951614,-0.15149875730276108,0.013684794306755066,0,1,0.4377925768494606
gate,H2_seed2,13,horizontal,5,000176_10.png,000177_10.png,3,9,0,6,-0.11813069880008698,-0.087920770049095154,0.030209928750991821,0,1,0.29396992176771164
gate,H2_seed2,13,horizontal,5,000176_10.png,000177_10.png,4,5,0,1,-0.11008206009864807,-0.10116446018218994,0.0089175999164581299,0,1,0.25992485135793686
gate,H2_seed2,13,horizontal,5,000176_10.png,000177_10.png,5,2,0,-3,-0.16686524450778961,-0.14358118176460266,0.023284062743186951,0,1,0.33747155964374542
gate,H2_seed2,13,horizontal,5,000176_10.png,000177_10.png,6,3,0,-3,-0.17013990879058838,-0.15042642503976822,0.01971348375082016,0,1,0.30526155233383179
gate,H2_seed2,14,horizontal,5,000176_10.png,000177_10.png,1,6,0,5,-0.31551723182201385,-0.14854989945888519,0.16696733236312866,0,1,0.64300553500652313
gate,H2_seed2,14,horizontal,5,000176_10.png,000177_10.png,2,7,0,5,-0.26878884434700012,-0.13417228311300278,0.13461656123399734,0,1,0.60145479440689087
gate,H2_seed2,14,horizontal,5,000176_10.png,000177_10.png,3,8,0,5,-0.20080024003982544,-0.16650759428739548,0.034292645752429962,0,1,0.5945180356502533
gate,H2_seed2,14,horizontal,5,000176_10.png,000177_10.png,4,9,0,5,-0.26064251363277435,-0.23013463616371155,0.030507877469062805,0,1,0.64111624658107758
gate,H2_seed2,14,horizontal,5,000176_10.png,000177_10.png,5,1,0,-4,-0.21131806075572968,-0.17521288990974426,0.036105170845985413,0,1,0.59003295004367828
gate,H2_seed2,14,horizontal,5,000176_10.png,000177_10.png,6,3,0,-3,-0.17714791744947433,-0.16758725047111511,0.0095606669783592224,0,1,0.58294782787561417
gate,H2_seed2,15,horizontal,5,000176_10.png,000177_10.png,1,1,1,0,-0.29073576629161835,-0.22632987797260284,0.064405888319015503,0,1,0.51359523832798004
gate,H2_seed2,15,horizontal,5,000176_10.png,000177_10.png,2,2,1,0,-0.32562583684921265,-0.22289317846298218,0.10273265838623047,0,1,0.5336727499961853
gate,H2_seed2,15,horizontal,5,000176_10.png,000177_10.png,3,3,1,0,-0.3052552193403244,-0.26436379551887512,0.04089142382144928,0,1,0.55240722000598907
gate,H2_seed2,15,horizontal,5,000176_10.png,000177_10.png,4,4,1,0,-0.23357389867305756,-0.17951402068138123,0.054059877991676331,0,1,0.42602328211069107
gate,H2_seed2,15,horizontal,5,000176_10.png,000177_10.png,5,5,1,0,-0.27699311077594757,-0.27416279911994934,0.00283031165599823,0,1,0.48247519135475159
gate,H2_seed2,15,horizontal,5,000176_10.png,000177_10.png,6,6,1,0,-0.30009914934635162,-0.23877672851085663,0.061322420835494995,0,1,0.55580772459506989
gate,H2_seed2,16,horizontal,5,000176_10.png,000177_10.png,1,10,0,9,-0.14293941855430603,-0.11854121088981628,0.024398207664489746,0,1,0.30135605484247208
gate,H2_seed2,16,horizontal,5,000176_10.png,000177_10.png,2,7,0,5,-0.17161627858877182,-0.13276588916778564,0.038850389420986176,0,1,0.44791770726442337
gate,H2_seed2,16,horizontal,5,000176_10.png,000177_10.png,3,8,0,5,-0.22135552763938904,-0.12260705232620239,0.098748475313186646,0,1,0.42508922517299652
gate,H2_seed2,16,horizontal,5,000176_10.png,000177_10.png,4,9,0,5,-0.17250789701938629,-0.11130672693252563,0.061201170086860657,0,1,0.42095674574375153
gate,H2_seed2,16,horizontal,5,000176_10.png,000177_10.png,5,10,0,5,-0.22376932203769684,-0.13163186609745026,0.092137455940246582,0,1,0.54634499549865723
gate,H2_seed2,16,horizontal,5,000176_10.png,000177_10.png,6,3,0,-3,-0.18233185261487961,-0.17981596291065216,0.0025158897042274475,0,1,0.52544718235731125
gate,H2_seed2,17,horizontal,5,000176_10.png,000177_10.png,1,1,1,0,-0.3063686192035675,-0.13220319151878357,0.17416542768478394,0,1,0.53569042682647705
gate,H2_seed2,17,horizontal,5,000176_10.png,000177_10.png,2,2,1,0,-0.37586157023906708,-0.29826787114143372,0.077593699097633362,0,1,0.67287811636924744
gate,H2_seed2,17,horizontal,5,000176_10.png,000177_10.png,3,1,0,-2,-0.34817875921726227,-0.28745581209659576,0.060722947120666504,0,1,0.67283277213573456
gate,H2_seed2,17,horizontal,5,000176_10.png,000177_10.png,4,4,1,0,-0.39601223170757294,-0.35188406705856323,0.044128164649009705,0,1,0.76445466279983521
gate,H2_seed2,17,horizontal,5,000176_10.png,000177_10.png,5,5,1,0,-0.4231569766998291,-0.36782494187355042,0.055332034826278687,0,1,0.73217476904392242
gate,H2_seed2,17,horizontal,5,000176_10.png,000177_10.png,6,6,1,0,-0.43431690335273743,-0.35745254158973694,0.076864361763000488,0,1,0.76305076479911804
gate,H2_seed2,18,horizontal,5,000176_10.png,000177_10.png,1,2,0,1,-0.22561424225568771,-0.19090975821018219,0.034704484045505524,0,1,0.44150935858488083
gate,H2_seed2,18,horizontal,5,000176_10.png,000177_10.png,2,3,0,1,-0.23224922269582748,-0.1768648624420166,0.055384360253810883,0,1,0.50473915785551071
gate,H2_seed2,18,horizontal,5,000176_10.png,000177_10.png,3,4,0,1,-0.19231201708316803,-0.16142107546329498,0.030890941619873047,0,1,0.42580437660217285
gate,H2_seed2,18,horizontal,5,000176_10.png,000177_10.png,4,5,0,1,-0.18550419807434082,-0.13869380950927734,0.046810388565063477,0,1,0.40649836510419846
gate,H2_seed2,18,horizontal,5,000176_10.png,000177_10.png,5,6,0,1,-0.20867115259170532,-0.16475650668144226,0.043914645910263062,0,1,0.41572028398513794
gate,H2_seed2,18,horizontal,5,000176_10.png,000177_10.png,6,7,0,1,-0.20271116495132446,-0.17078229784965515,0.031928867101669312,0,1,0.38648833334445953
gate,H2_seed2,19,horizontal,5,000176_10.png,000177_10.png,1,3,0,2,-0.31413060426712036,-0.29610636830329895,0.018024235963821411,0,1,0.61226290464401245
gate,H2_seed2,19,horizontal,5,000176_10.png,000177_10.png,2,4,0,2,-0.3082432895898819,-0.29686452448368073,0.011378765106201172,0,1,0.53351547569036484
gate,H2_seed2,19,horizontal,5,000176_10.png,000177_10.png,3,5,0,2,-0.30694164335727692,-0.26544323563575745,0.04149840772151947,0,1,0.55522516369819641
gate,H2_seed2,19,horizontal,5,000176_10.png,000177_10.png,4,5,0,1,-0.28999483585357666,-0.25979961454868317,0.030195221304893494,0,1,0.55002082884311676
gate,H2_seed2,19,horizontal,5,000176_10.png,000177_10.png,5,6,0,1,-0.31190399825572968,-0.25893840193748474,0.052965596318244934,0,1,0.60954385995864868
gate,H2_seed2,19,horizontal,5,000176_10.png,000177_10.png,6,8,0,2,-0.28815329074859619,-0.27521783113479614,0.012935459613800049,0,1,0.58980929851531982
gate,H2_seed2,20,horizontal,5,000176_10.png,000177_10.png,1,0,0,-1,-0.15034535527229309,-0.081068247556686401,0.069277107715606689,0,1,0.28877189755439758
gate,H2_seed2,20,horizontal,5,000176_10.png,000177_10.png,2,2,1,0,-0.31155604124069214,-0.066075623035430908,0.24548041820526123,0,1,0.5140235498547554
gate,H2_seed2,20,horizontal,5,000176_10.png,000177_10.png,3,3,1,0,-0.24784460663795471,-0.15233327448368073,0.095511332154273987,0,1,0.46887066960334778
gate,H2_seed2,20,horizontal,5,000176_10.png,000177_10.png,4,4,1,0,-0.24854600429534912,-0.17434784770011902,0.074198156595230103,0,1,0.41866981983184814
gate,H2_seed2,20,horizontal,5,000176_10.png,000177_10.png,5,5,1,0,-0.22600525617599487,-0.14765766263008118,0.078347593545913696,0,1,0.45316586643457413
gate,H2_seed2,20,horizontal,5,000176_10.png,000177_10.png,6,6,1,0,-0.26123197376728058,-0.11717595160007477,0.14405602216720581,0,1,0.42686763405799866
gate,H2_seed2,21,horizontal,5,000176_10.png,000177_10.png,1,4,0,3,-0.24449057877063751,-0.1503584086894989,0.094132170081138611,0,1,0.57749801874160767
gate,H2_seed2,21,horizontal,5,000176_10.png,000177_10.png,2,5,0,3,-0.2559824138879776,-0.2039371132850647,0.052045300602912903,0,1,0.63578763604164124
gate,H2_seed2,21,horizontal,5,000176_10.png,000177_10.png,3,7,0,4,-0.30485230684280396,-0.26222118735313416,0.0426311194896698,0,1,0.59720414876937866
gate,H2_seed2,21,horizontal,5,000176_10.png,000177_10.png,4,8,0,4,-0.25223273038864136,-0.22465924918651581,0.027573481202125549,0,1,0.59432314336299896
gate,H2_seed2,21,horizontal,5,000176_10.png,000177_10.png,5,1,0,-4,-0.22689147293567657,-0.20845427364110947,0.018437199294567108,0,1,0.55292080342769623
gate,H2_seed2,21,horizontal,5,000176_10.png,000177_10.png,6,1,0,-5,-0.39270322024822235,-0.21631313860416412,0.17639008164405823,0,1,0.72474730014801025
gate,H2_seed2,22,horizontal,5,000176_10.png,000177_10.png,1,1,1,0,-0.53065958619117737,-0.44842110574245453,0.082238480448722839,0,1,0.83828426897525787
gate,H2_seed2,22,horizontal,5,000176_10.png,000177_10.png,2,1,0,-1,-0.53111487627029419,-0.28004004061222076,0.25107483565807343,0,1,0.85506775975227356
gate,H2_seed2,22,horizontal,5,000176_10.png,000177_10.png,3,2,0,-1,-0.48954944312572479,-0.30526651442050934,0.18428292870521545,0,1,0.80695225298404694
gate,H2_seed2,22,horizontal,5,000176_10.png,000177_10.png,4,3,0,-1,-0.52461123466491699,-0.34540790319442749,0.1792033314704895,0,1,0.81316578388214111
gate,H2_seed2,22,horizontal,5,000176_10.png,000177_10.png,5,4,0,-1,-0.49019105732440948,-0.36609870195388794,0.12409235537052155,0,1,0.81535504758358002
gate,H2_seed2,22,horizontal,5,000176_10.png,000177_10.png,6,5,0,-1,-0.44418239593505859,-0.34949308633804321,0.094689309597015381,0,1,0.7768862247467041
gate,H2_seed2,23,horizontal,5,000176_10.png,000177_10.png,1,11,0,10,-0.21028214693069458,-0.18259267508983612,0.027689471840858459,0,1,0.491079181432724
gate,H2_seed2,23,horizontal,5,000176_10.png,000177_10.png,2,9,0,7,-0.26172563433647156,-0.18805918842554092,0.073666445910930634,0,1,0.48853424191474915
gate,H2_seed2,23,horizontal,5,000176_10.png,000177_10.png,3,10,0,7,-0.28724265098571777,-0.25099010765552521,0.036252543330192566,0,1,0.60906004905700684
gate,H2_seed2,23,horizontal,5,000176_10.png,000177_10.png,4,10,0,6,-0.24505602568387985,-0.21823851764202118,0.026817508041858673,0,1,0.48170372098684311
gate,H2_seed2,23,horizontal,5,000176_10.png,000177_10.png,5,10,0,5,-0.26645411550998688,-0.16661576926708221,0.099838346242904663,0,1,0.48474445939064026
gate,H2_seed2,23,horizontal,5,000176_10.png,000177_10.png,6,10,0,4,-0.18650650978088379,-0.16663560271263123,0.019870907068252563,0,1,0.39602985233068466
gate,H2_seed2,24,horizontal,5,000176_10.png,000177_10.png,1,4,0,3,-0.29847121238708496,-0.24305559694766998,0.055415615439414978,0,1,0.75256350636482239
gate,H2_seed2,24,horizontal,5,000176_10.png,000177_10.png,2,5,0,3,-0.30177004635334015,-0.24123375117778778,0.060536295175552368,0,1,0.55457480251789093
gate,H2_seed2,24,horizontal,5,000176_10.png,000177_10.png,3,6,0,3,-0.30539102852344513,-0.2056489884853363,0.099742040038108826,0,1,0.58824923634529114
gate,H2_seed2,24,horizontal,5,000176_10.png,000177_10.png,4,1,0,-3,-0.23498129844665527,-0.21060226112604141,0.024379037320613861,0,1,0.553670734167099
gate,H2_seed2,24,horizontal,5,000176_10.png,000177_10.png,5,2,0,-3,-0.18838399648666382,-0.16284980624914169,0.025534190237522125,0,1,0.52501223981380463
gate,H2_seed2,24,horizontal,5,000176_10.png,000177_10.png,6,3,0,-3,-0.31571945548057556,-0.23947370052337646,0.076245754957199097,0,1,0.6780707836151123
gate,H2_seed2,25,horizontal,5,000176_10.png,000177_10.png,1,3,0,2,-0.41463451087474823,-0.39457343518733978,0.020061075687408447,0,1,0.8356112539768219
gate,H2_seed2,25,horizontal,5,000176_10.png,000177_10.png,2,4,0,2,-0.46200922131538391,-0.41573750972747803,0.046271711587905884,0,1,0.82633551955223083
gate,H2_seed2,25,horizontal,5,000176_10.png,000177_10.png,3,5,0,2,-0.51904833316802979,-0.50142550468444824,0.017622828483581543,0,1,0.97880659997463226
gate,H2_seed2,25,horizontal,5,000176_10.png,000177_10.png,4,6,0,2,-0.5053330659866333,-0.48142305016517639,0.023910015821456909,0,1,0.99730223417282104
gate,H2_seed2,25,horizontal,5,000176_10.png,000177_10.png,5,7,0,2,-0.47680777311325073,-0.44385716319084167,0.032950609922409058,0,1,0.94253478944301605
gate,H2_seed2,25,horizontal,5,000176_10.png,000177_10.png,6,8,0,2,-0.44666513800621033,-0.38704538345336914,0.059619754552841187,0,1,0.91877943277359009
gate,H2_seed2,26,horizontal,5,000176_10.png,000177_10.png,1,4,0,3,-0.23752576112747192,-0.1292315348982811,0.10829422622919083,0,1,0.60335837304592133
gate,H2_seed2,26,horizontal,5,000176_10.png,000177_10.png,2,5,0,3,-0.27873831987380981,-0.16650713980197906,0.11223118007183075,0,1,0.60429637134075165
gate,H2_seed2,26,horizontal,5,000176_10.png,000177_10.png,3,6,0,3,-0.30908796191215515,-0.22419863939285278,0.084889322519302368,0,1,0.64754945039749146
gate,H2_seed2,26,horizontal,5,000176_10.png,000177_10.png,4,7,0,3,-0.26327967643737793,-0.21497158706188202,0.048308089375495911,0,1,0.62322799861431122
gate,H2_seed2,26,horizontal,5,000176_10.png,000177_10.png,5,8,0,3,-0.27308543026447296,-0.24844407290220261,0.024641357362270355,0,1,0.63638754189014435
gate,H2_seed2,26,horizontal,5,000176_10.png,000177_10.png,6,2,0,-4,-0.25008015334606171,-0.2497737854719162,0.00030636787414550781,0,1,0.62882064282894135
gate,H2_seed2,27,horizontal,5,000176_10.png,000177_10.png,1,1,1,0,-0.28038911521434784,-0.12369793653488159,0.15669117867946625,0,1,0.66645942628383636
gate,H2_seed2,27,horizontal,5,000176_10.png,000177_10.png,2,1,0,-1,-0.3606596440076828,-0.32050515711307526,0.040154486894607544,0,1,0.77564294636249542
gate,H2_seed2,27,horizontal,5,000176_10.png,000177_10.png,3,3,1,0,-0.34554223716259003,-0.29703295230865479,0.048509284853935242,0,1,0.72810490429401398
gate,H2_seed2,27,horizontal,5,000176_10.png,000177_10.png,4,4,1,0,-0.38512270152568817,-0.29795914888381958,0.087163552641868591,0,1,0.7672901451587677
gate,H2_seed2,27,horizontal,5,000176_10.png,000177_10.png,5,5,1,0,-0.41077740490436554,-0.28863856196403503,0.12213884294033051,0,1,0.75057026743888855
gate,H2_seed2,27,horizontal,5,000176_10.png,000177_10.png,6,6,1,0,-0.43958061933517456,-0.26638895273208618,0.17319166660308838,0,1,0.71807339787483215
gate,H2_seed2,28,horizontal,5,000176_10.png,000177_10.png,1,1,1,0,-0.40932855010032654,-0.37867800891399384,0.030650541186332703,0,1,0.71464158594608307
gate,H2_seed2,28,horizontal,5,000176_10.png,000177_10.png,2,4,0,2,-0.32189863920211792,-0.20106443762779236,0.12083420157432556,0,1,0.63902761042118073
gate,H2_seed2,28,horizontal,5,000176_10.png,000177_10.png,3,5,0,2,-0.35018035769462585,-0.26671437919139862,0.083465978503227234,0,1,0.66020160913467407
gate,H2_seed2,28,horizontal,5,000176_10.png,000177_10.png,4,6,0,2,-0.42203110456466675,-0.2919934093952179,0.13003769516944885,0,1,0.69276560842990875
gate,H2_seed2,28,horizontal,5,000176_10.png,000177_10.png,5,7,0,2,-0.44628918170928955,-0.30226336419582367,0.14402581751346588,0,1,0.70902566611766815
gate,H2_seed2,28,horizontal,5,000176_10.png,000177_10.png,6,8,0,2,-0.46483683586120605,-0.2666136622428894,0.19822317361831665,0,1,0.71352867782115936
gate,H2_seed2,29,horizontal,5,000176_10.png,000177_10.png,1,5,0,4,-0.20489214360713959,-0.16065029799938202,0.044241845607757568,0,1,0.4247196763753891
gate,H2_seed2,29,horizontal,5,000176_10.png,000177_10.png,2,6,0,4,-0.21617855131626129,-0.16574546694755554,0.05043308436870575,0,1,0.38145095109939575
gate,H2_seed2,29,horizontal,5,000176_10.png,000177_10.png,3,7,0,4,-0.24808353185653687,-0.18276824057102203,0.065315291285514832,0,1,0.46115776896476746
gate,H2_seed2,29,horizontal,5,000176_10.png,000177_10.png,4,8,0,4,-0.28882476687431335,-0.1550213098526001,0.13380345702171326,0,1,0.53552359342575073
gate,H2_seed2,29,horizontal,5,000176_10.png,000177_10.png,5,9,0,4,-0.33709754049777985,-0.19137619435787201,0.14572134613990784,0,1,0.59169885516166687
gate,H2_seed2,29,horizontal,5,000176_10.png,000177_10.png,6,10,0,4,-0.23429515212774277,-0.19178514182567596,0.042510010302066803,0,1,0.50881173461675644
gate,H2_seed2,30,horizontal,5,000176_10.png,000177_10.png,1,0,0,-1,-0.30186966061592102,-0.29929882287979126,0.0025708377361297607,0,1,0.47511040419340134
gate,H2_seed2,30,horizontal,5,000176_10.png,000177_10.png,2,2,1,0,-0.30235500633716583,-0.22328449785709381,0.079070508480072021,0,1,0.48821692168712616
gate,H2_seed2,30,horizontal,5,000176_10.png,000177_10.png,3,4,0,1,-0.30407834053039551,-0.21172040700912476,0.092357933521270752,0,1,0.52649234235286713
gate,H2_seed2,30,horizontal,5,000176_10.png,000177_10.png,4,5,0,1,-0.37280800938606262,-0.20025332272052765,0.17255468666553497,0,1,0.6189689114689827
gate,H2_seed2,30,horizontal,5,000176_10.png,000177_10.png,5,6,0,1,-0.36912468075752258,-0.22122091054916382,0.14790377020835876,0,1,0.60076501965522766
gate,H2_seed2,30,horizontal,5,000176_10.png,000177_10.png,6,7,0,1,-0.36336296796798706,-0.25126944482326508,0.11209352314472198,0,1,0.59624248743057251
gate,H2_seed2,31,horizontal,5,000176_10.png,000177_10.png,1,1,1,0,-0.46334007382392883,-0.17533547431230545,0.28800459951162338,0,1,0.74906846880912781
gate,H2_seed2,31,horizontal,5,000176_10.png,000177_10.png,2,1,0,-1,-0.23239143937826157,-0.1666092574596405,0.065782181918621063,0,1,0.491965152323246
gate,H2_seed2,31,horizontal,5,000176_10.png,000177_10.png,3,6,0,3,-0.2303590327501297,-0.20057803392410278,0.029780998826026917,0,1,0.46161724627017975
gate,H2_seed2,31,horizontal,5,000176_10.png,000177_10.png,4,4,1,0,-0.26337411999702454,-0.18919233232736588,0.074181787669658661,0,1,0.50092613697052002
gate,H2_seed2,31,horizontal,5,000176_10.png,000177_10.png,5,5,1,0,-0.25209434330463409,-0.21842936426401138,0.033664979040622711,0,1,0.56317490339279175
gate,H2_seed2,31,horizontal,5,000176_10.png,000177_10.png,6,6,1,0,-0.25361695885658264,-0.22087441384792328,0.032742545008659363,0,1,0.52784958481788635
