STAGEB-DETERMINISTIC-BASELINE-ARM-A-RUNA [04:12:04] WARNING config fields not supplied: split, resolution, disparity_range
STAGEB-DETERMINISTIC-BASELINE-ARM-A-RUNA [04:12:04] note: A refinement stack trained at 6 residual blocks matches six-block H2 at the same budget, seed and recipe, and stays stereo-functional.
STAGEB-DETERMINISTIC-BASELINE-ARM-A-RUNA [04:12:04] note: 160 training scenes from random initialisation: a capacity result here does NOT transfer to a pretrained model. MACs are arithmetic, not latency (Phase 1 measured 0.67x-142x misprediction on this stack). One seed in stage 1; no significance test and none claimed.
STAGEB-DETERMINISTIC-BASELINE-ARM-A-RUNA [04:12:04] note: Stereo dependence is RECORDED at epochs 10 and 100 and JUDGED only at epoch 200 -- never gated before epoch 20, per EXP-H2-EMERGENCE-001.
STAGEB-DETERMINISTIC-BASELINE-ARM-A-RUNA [04:12:10] checkpoint epoch   0 (untrained)  val EPE 31.958  D1 95.13%
STAGEB-DETERMINISTIC-BASELINE-ARM-A-RUNA [04:12:37] epoch   0  loss  10.5324  grad    54.798  match 3.809e+01 (100%)  lr 1.00e-03  val EPE 15.325  D1 87.45%
STAGEB-DETERMINISTIC-BASELINE-ARM-A-RUNA [04:12:43] metric checkpoint_epoch_1 = {'epoch': 1, 'val_epe': 15.32539188316842, 'val_d1': 87.44677261821234, 'val_loss': 14.37296657562256, 'stage_stats': {'entropy': 1.6789457374294343, 'max_weight': 0.522928357250306, 'median_top2_gap': 1.6936387419700623, 'initial_std': 1.5850265331894713, 'initial_mean': 7.525967931685068, 'initial_corr_gt': 0.3218161593206824, 'residual_mean_abs': 23.77779343096113, 'residual_corr_final': 0.9904026681382068, 'final_std': 7.547337903911439, 'final_corr_gt': 0.3053566804703527}, 'train_loss_of_previous_epoch': 10.532406491041183, 'grad': {'median_total': 54.79760932922363, 'max_total': 308.0343933105469, 'median_matching': 38.08825267293058, 'matching_present_fraction': 1.0}}
STAGEB-DETERMINISTIC-BASELINE-ARM-A-RUNA [04:13:08] epoch   1  loss  10.0244  grad    64.989  match 3.552e+01 (100%)  lr 1.00e-03  val EPE 13.916  D1 84.99%
STAGEB-DETERMINISTIC-BASELINE-ARM-A-RUNA [04:13:14] metric checkpoint_epoch_2 = {'epoch': 2, 'val_epe': 13.91629144540189, 'val_d1': 84.98684291112814, 'val_loss': 12.989084196090698, 'stage_stats': {'entropy': 1.719775167902349, 'max_weight': 0.48947671707510293, 'median_top2_gap': 1.462775307893753, 'initial_std': 1.8784141594892847, 'initial_mean': 7.156683632595342, 'initial_corr_gt': 0.5077445732705763, 'residual_mean_abs': 22.780030937407606, 'residual_corr_final': 0.9962805275356539, 'final_std': 8.968448447493742, 'final_corr_gt': 0.5229373746788349}, 'train_loss_of_previous_epoch': 10.024383011460305, 'grad': {'median_total': 59.13309097290039, 'max_total': 308.0343933105469, 'median_matching': 36.164378305598134, 'matching_present_fraction': 1.0}}
STAGEB-DETERMINISTIC-BASELINE-ARM-A-RUNA [04:13:38] epoch   2  loss   9.1213  grad    60.817  match 3.507e+01 (100%)  lr 9.99e-04
STAGEB-DETERMINISTIC-BASELINE-ARM-A-RUNA [04:14:02] epoch   3  loss   9.2610  grad    64.266  match 4.007e+01 (100%)  lr 9.99e-04
STAGEB-DETERMINISTIC-BASELINE-ARM-A-RUNA [04:14:27] epoch   4  loss   8.3768  grad    63.475  match 4.294e+01 (100%)  lr 9.98e-04  val EPE 19.537  D1 90.90%
STAGEB-DETERMINISTIC-BASELINE-ARM-A-RUNA [04:14:33] metric checkpoint_epoch_5 = {'epoch': 5, 'val_epe': 19.536581224718365, 'val_d1': 90.89770135073715, 'val_loss': 18.711572456359864, 'stage_stats': {'entropy': 2.0064460097691645, 'max_weight': 0.3206747354643588, 'median_top2_gap': 0.3418094336986542, 'initial_std': 1.8164417336778427, 'initial_mean': 5.45262563109623, 'initial_corr_gt': 0.6491352265694237, 'residual_mean_abs': 14.068696572366898, 'residual_corr_final': 0.9984018528186354, 'final_std': 6.865474251064809, 'final_corr_gt': 0.6467688514551957}, 'train_loss_of_previous_epoch': 8.376802578568459, 'grad': {'median_total': 61.826480865478516, 'max_total': 308.0343933105469, 'median_matching': 37.94292007040954, 'matching_present_fraction': 1.0}}
STAGEB-DETERMINISTIC-BASELINE-ARM-A-RUNA [04:14:57] epoch   5  loss   7.7295  grad    56.059  match 3.719e+01 (100%)  lr 9.98e-04
STAGEB-DETERMINISTIC-BASELINE-ARM-A-RUNA [04:15:21] epoch   6  loss   6.4897  grad    39.152  match 2.528e+01 (100%)  lr 9.97e-04
STAGEB-DETERMINISTIC-BASELINE-ARM-A-RUNA [04:15:46] epoch   7  loss   5.5922  grad    47.556  match 2.714e+01 (100%)  lr 9.96e-04
STAGEB-DETERMINISTIC-BASELINE-ARM-A-RUNA [04:16:10] epoch   8  loss   5.4975  grad    49.907  match 2.342e+01 (100%)  lr 9.95e-04
STAGEB-DETERMINISTIC-BASELINE-ARM-A-RUNA [04:16:37] epoch   9  loss   4.7445  grad    44.820  match 2.293e+01 (100%)  lr 9.94e-04  val EPE 9.001  D1 64.55%
STAGEB-DETERMINISTIC-BASELINE-ARM-A-RUNA [04:16:42] metric checkpoint_epoch_10 = {'epoch': 10, 'val_epe': 9.001487655636739, 'val_d1': 64.55236349453139, 'val_loss': 8.298967695236206, 'stage_stats': {'entropy': 1.7350130575698444, 'max_weight': 0.4698075937105547, 'median_top2_gap': 0.8854308247566223, 'initial_std': 2.4511354591270607, 'initial_mean': 5.408232831702879, 'initial_corr_gt': 0.7548377640815696, 'residual_mean_abs': 23.167772818352283, 'residual_corr_final': 0.9997422282930923, 'final_std': 13.673578046582193, 'final_corr_gt': 0.7634300789864008}, 'train_loss_of_previous_epoch': 4.744472429156303, 'grad': {'median_total': 53.98678970336914, 'max_total': 308.0343933105469, 'median_matching': 30.97114143206533, 'matching_present_fraction': 1.0}}
STAGEB-DETERMINISTIC-BASELINE-ARM-A-RUNA [04:16:45] metric stereo_ablation_epoch_10 = [{'scene': '000187_10.png', 'baseline': {'epe': 3.0542925632556117, 'd1': 36.594856097845685}, 'softmax_entropy': 1.7181528074247392, 'right_black': {'epe': 13.619850045018861, 'd1': 89.36070868082126, 'd1_penalty': 52.765852582975576, 'mean_abs_change_px': 15.183764965550049}, 'right_noise': {'epe': 13.591601394017248, 'd1': 88.35683065070492, 'd1_penalty': 51.761974552859236, 'mean_abs_change_px': 15.121212499542766}, 'right_equals_left': {'epe': 19.629085055937665, 'd1': 90.76406272292188, 'd1_penalty': 54.16920662507619, 'mean_abs_change_px': 12.875097734270957}, 'initial_constant_mean': {'epe': 13.116883009593698, 'd1': 80.04046640121399, 'd1_penalty': 43.445610303368305, 'mean_abs_change_px': 12.14876506037701}, 'initial_shuffled': {'epe': 13.63554711229979, 'd1': 84.07024552210737, 'd1_penalty': 47.475389424261685, 'mean_abs_change_px': 12.373034473081061}}, {'scene': '000160_10.png', 'baseline': {'epe': 4.004702698152192, 'd1': 51.668097510332025}, 'softmax_entropy': 1.6996677856339837, 'right_black': {'epe': 12.560492153644876, 'd1': 90.99067622337134, 'd1_penalty': 39.32257871303931, 'mean_abs_change_px': 14.352700654835346}, 'right_noise': {'epe': 10.760516908280321, 'd1': 86.63325813085233, 'd1_penalty': 34.9651606205203, 'mean_abs_change_px': 13.219812968405588}, 'right_equals_left': {'epe': 20.751001386207193, 'd1': 91.86715115698685, 'd1_penalty': 40.199053646654825, 'mean_abs_change_px': 14.270670677580988}, 'initial_constant_mean': {'epe': 13.36948460292304, 'd1': 88.57188492023879, 'd1_penalty': 36.90378740990676, 'mean_abs_change_px': 12.7704805449153}, 'initial_shuffled': {'epe': 13.74068016273533, 'd1': 86.31780701579252, 'd1_penalty': 34.6497095054605, 'mean_abs_change_px': 12.957473203997884}}, {'scene': '000191_10.png', 'baseline': {'epe': 3.466963702488142, 'd1': 36.665391591910264}, 'softmax_entropy': 1.6764810365987244, 'right_black': {'epe': 13.249471722702859, 'd1': 86.58703619155736, 'd1_penalty': 49.921644599647095, 'mean_abs_change_px': 16.488049297820186}, 'right_noise': {'epe': 12.58046506661256, 'd1': 86.45253637047914, 'd1_penalty': 49.78714477856887, 'mean_abs_change_px': 15.578159002396832}, 'right_equals_left': {'epe': 21.063649292605053, 'd1': 93.83151738009155, 'd1_penalty': 57.16612578818129, 'mean_abs_change_px': 13.183686932163415}, 'initial_constant_mean': {'epe': 13.361963541224323, 'd1': 86.37356399846992, 'd1_penalty': 49.708172406559655, 'mean_abs_change_px': 12.583821879650394}, 'initial_shuffled': {'epe': 13.754867220752791, 'd1': 85.50116607643045, 'd1_penalty': 48.835774484520186, 'mean_abs_change_px': 12.838059123020718}}, {'scene': '000166_10.png', 'baseline': {'epe': 3.776984104893673, 'd1': 48.07772860551094}, 'softmax_entropy': 1.7247926918154288, 'right_black': {'epe': 11.591193652417447, 'd1': 81.33092935584331, 'd1_penalty': 33.25320075033237, 'mean_abs_change_px': 11.613162540713402}, 'right_noise': {'epe': 11.033963026447509, 'd1': 79.55344296927645, 'd1_penalty': 31.475714363765505, 'mean_abs_change_px': 11.669911619481951}, 'right_equals_left': {'epe': 22.327404340190736, 'd1': 93.3571909887268, 'd1_penalty': 45.27946238321586, 'mean_abs_change_px': 18.612603292539653}, 'initial_constant_mean': {'epe': 11.250528182261574, 'd1': 81.51669125280009, 'd1_penalty': 33.438962647289145, 'mean_abs_change_px': 11.349714069372176}, 'initial_shuffled': {'epe': 11.629818821750574, 'd1': 82.71685880274636, 'd1_penalty': 34.63913019723542, 'mean_abs_change_px': 11.680431821266266}}]
STAGEB-DETERMINISTIC-BASELINE-ARM-A-RUNA [04:16:45] metric gate_epoch_10 = {'val_epe_start': 31.957647916930014, 'val_epe_at_gate': 9.001487655636739, 'val_epe_improvement': 22.956160261293277, 'learning': True, 'matching_gradient_fraction': 1.0, 'matching_gradient': True, 'right_image_d1_penalty': 31.475714363765505, 'matching_map_d1_penalty': 33.438962647289145, 'stereo_dependence_at_this_epoch': True, 'stereo_dependence_enforced': False, 'PASS': True}
STAGEB-DETERMINISTIC-BASELINE-ARM-A-RUNA [04:16:45] GATE at epoch 10: PASS
STAGEB-DETERMINISTIC-BASELINE-ARM-A-RUNA [04:17:10] epoch  10  loss   3.9251  grad    32.621  match 1.969e+01 (100%)  lr 9.93e-04
STAGEB-DETERMINISTIC-BASELINE-ARM-A-RUNA [04:17:34] epoch  11  loss   4.2363  grad    41.438  match 1.965e+01 (100%)  lr 9.91e-04
STAGEB-DETERMINISTIC-BASELINE-ARM-A-RUNA [04:17:59] epoch  12  loss   3.8779  grad    34.895  match 1.722e+01 (100%)  lr 9.90e-04
STAGEB-DETERMINISTIC-BASELINE-ARM-A-RUNA [04:18:23] epoch  13  loss   3.5425  grad    38.092  match 1.614e+01 (100%)  lr 9.88e-04
STAGEB-DETERMINISTIC-BASELINE-ARM-A-RUNA [04:18:49] epoch  14  loss   3.8854  grad    35.633  match 1.443e+01 (100%)  lr 9.86e-04  val EPE 8.007  D1 55.57%
STAGEB-DETERMINISTIC-BASELINE-ARM-A-RUNA [04:19:12] epoch  15  loss   3.6781  grad    24.445  match 1.459e+01 (100%)  lr 9.84e-04
STAGEB-DETERMINISTIC-BASELINE-ARM-A-RUNA [04:19:39] epoch  16  loss   3.3360  grad    33.717  match 1.507e+01 (100%)  lr 9.82e-04
STAGEB-DETERMINISTIC-BASELINE-ARM-A-RUNA [04:20:03] epoch  17  loss   3.2453  grad    35.903  match 1.373e+01 (100%)  lr 9.80e-04
STAGEB-DETERMINISTIC-BASELINE-ARM-A-RUNA [04:20:27] epoch  18  loss   3.1324  grad    37.115  match 1.608e+01 (100%)  lr 9.78e-04
STAGEB-DETERMINISTIC-BASELINE-ARM-A-RUNA [04:20:53] epoch  19  loss   2.8466  grad    27.465  match 1.296e+01 (100%)  lr 9.76e-04  val EPE 7.332  D1 51.11%
STAGEB-DETERMINISTIC-BASELINE-ARM-A-RUNA [04:20:59] metric checkpoint_epoch_20 = {'epoch': 20, 'val_epe': 7.332060208206768, 'val_d1': 51.10548557662863, 'val_loss': 6.6495250225067135, 'stage_stats': {'entropy': 1.6808615021244968, 'max_weight': 0.50099517464346, 'median_top2_gap': 1.0521517992019653, 'initial_std': 2.460299433961498, 'initial_mean': 4.658508990111959, 'initial_corr_gt': 0.7808166694861497, 'residual_mean_abs': 24.77010574406654, 'residual_corr_final': 0.9998740066067364, 'final_std': 16.093127883306384, 'final_corr_gt': 0.7865405114888808}, 'train_loss_of_previous_epoch': 2.846620035171509, 'grad': {'median_total': 42.50162887573242, 'max_total': 308.0343933105469, 'median_matching': 20.31144101540715, 'matching_present_fraction': 1.0}}
STAGEB-DETERMINISTIC-BASELINE-ARM-A-RUNA [04:21:23] epoch  20  loss   2.8419  grad    32.100  match 1.367e+01 (100%)  lr 9.73e-04
STAGEB-DETERMINISTIC-BASELINE-ARM-A-RUNA [04:21:47] epoch  21  loss   2.9075  grad    29.987  match 1.271e+01 (100%)  lr 9.70e-04
STAGEB-DETERMINISTIC-BASELINE-ARM-A-RUNA [04:22:11] epoch  22  loss   3.1064  grad    29.552  match 1.422e+01 (100%)  lr 9.68e-04
STAGEB-DETERMINISTIC-BASELINE-ARM-A-RUNA [04:22:34] epoch  23  loss   3.2842  grad    36.030  match 1.550e+01 (100%)  lr 9.65e-04
STAGEB-DETERMINISTIC-BASELINE-ARM-A-RUNA [04:23:00] epoch  24  loss   3.1159  grad    34.580  match 1.531e+01 (100%)  lr 9.62e-04  val EPE 6.956  D1 48.98%
STAGEB-DETERMINISTIC-BASELINE-ARM-A-RUNA [04:23:24] epoch  25  loss   2.7186  grad    30.275  match 1.307e+01 (100%)  lr 9.59e-04
STAGEB-DETERMINISTIC-BASELINE-ARM-A-RUNA [04:23:47] epoch  26  loss   3.1826  grad    40.902  match 1.620e+01 (100%)  lr 9.56e-04
STAGEB-DETERMINISTIC-BASELINE-ARM-A-RUNA [04:24:11] epoch  27  loss   2.9047  grad    35.286  match 1.386e+01 (100%)  lr 9.52e-04
STAGEB-DETERMINISTIC-BASELINE-ARM-A-RUNA [04:24:35] epoch  28  loss   2.7699  grad    36.725  match 1.414e+01 (100%)  lr 9.49e-04
STAGEB-DETERMINISTIC-BASELINE-ARM-A-RUNA [04:25:00] epoch  29  loss   2.7556  grad    35.715  match 1.348e+01 (100%)  lr 9.46e-04  val EPE 7.189  D1 51.88%
STAGEB-DETERMINISTIC-BASELINE-ARM-A-RUNA [04:25:24] epoch  30  loss   2.9011  grad    35.677  match 1.446e+01 (100%)  lr 9.42e-04
STAGEB-DETERMINISTIC-BASELINE-ARM-A-RUNA [04:25:48] epoch  31  loss   2.8670  grad    31.426  match 1.198e+01 (100%)  lr 9.38e-04
STAGEB-DETERMINISTIC-BASELINE-ARM-A-RUNA [04:26:11] epoch  32  loss   2.6207  grad    35.643  match 1.362e+01 (100%)  lr 9.34e-04
STAGEB-DETERMINISTIC-BASELINE-ARM-A-RUNA [04:26:35] epoch  33  loss   2.5166  grad    20.423  match 9.590e+00 (100%)  lr 9.30e-04
STAGEB-DETERMINISTIC-BASELINE-ARM-A-RUNA [04:27:01] epoch  34  loss   2.4287  grad    25.447  match 1.082e+01 (100%)  lr 9.26e-04  val EPE 6.588  D1 47.27%
STAGEB-DETERMINISTIC-BASELINE-ARM-A-RUNA [04:27:25] epoch  35  loss   2.5998  grad    32.095  match 1.321e+01 (100%)  lr 9.22e-04
STAGEB-DETERMINISTIC-BASELINE-ARM-A-RUNA [04:27:49] epoch  36  loss   2.3307  grad    28.489  match 9.886e+00 (100%)  lr 9.18e-04
STAGEB-DETERMINISTIC-BASELINE-ARM-A-RUNA [04:28:12] epoch  37  loss   2.6594  grad    37.962  match 1.522e+01 (100%)  lr 9.14e-04
STAGEB-DETERMINISTIC-BASELINE-ARM-A-RUNA [04:28:36] epoch  38  loss   2.5930  grad    35.530  match 1.194e+01 (100%)  lr 9.09e-04
STAGEB-DETERMINISTIC-BASELINE-ARM-A-RUNA [04:29:02] epoch  39  loss   2.3787  grad    26.798  match 1.107e+01 (100%)  lr 9.05e-04  val EPE 6.076  D1 43.88%
STAGEB-DETERMINISTIC-BASELINE-ARM-A-RUNA [04:29:26] epoch  40  loss   2.1278  grad    24.822  match 9.585e+00 (100%)  lr 9.00e-04
STAGEB-DETERMINISTIC-BASELINE-ARM-A-RUNA [04:29:50] epoch  41  loss   2.5041  grad    24.022  match 9.558e+00 (100%)  lr 8.95e-04
STAGEB-DETERMINISTIC-BASELINE-ARM-A-RUNA [04:30:13] epoch  42  loss   2.2634  grad    22.671  match 8.562e+00 (100%)  lr 8.90e-04
STAGEB-DETERMINISTIC-BASELINE-ARM-A-RUNA [04:30:37] epoch  43  loss   2.2318  grad    22.677  match 9.393e+00 (100%)  lr 8.85e-04
STAGEB-DETERMINISTIC-BASELINE-ARM-A-RUNA [04:31:02] epoch  44  loss   2.1764  grad    19.681  match 8.475e+00 (100%)  lr 8.80e-04  val EPE 5.697  D1 44.93%
STAGEB-DETERMINISTIC-BASELINE-ARM-A-RUNA [04:31:26] epoch  45  loss   2.1459  grad    27.790  match 1.094e+01 (100%)  lr 8.75e-04
STAGEB-DETERMINISTIC-BASELINE-ARM-A-RUNA [04:31:50] epoch  46  loss   2.2421  grad    37.031  match 1.214e+01 (100%)  lr 8.70e-04
STAGEB-DETERMINISTIC-BASELINE-ARM-A-RUNA [04:32:14] epoch  47  loss   2.2078  grad    24.547  match 9.520e+00 (100%)  lr 8.64e-04
STAGEB-DETERMINISTIC-BASELINE-ARM-A-RUNA [04:32:39] epoch  48  loss   2.3010  grad    24.159  match 9.779e+00 (100%)  lr 8.59e-04
STAGEB-DETERMINISTIC-BASELINE-ARM-A-RUNA [04:33:05] epoch  49  loss   2.1217  grad    33.007  match 1.166e+01 (100%)  lr 8.54e-04  val EPE 5.594  D1 37.82%
STAGEB-DETERMINISTIC-BASELINE-ARM-A-RUNA [04:33:10] metric checkpoint_epoch_50 = {'epoch': 50, 'val_epe': 5.59364831609006, 'val_d1': 37.81849127033332, 'val_loss': 4.948307514190674, 'stage_stats': {'entropy': 1.7150942156974431, 'max_weight': 0.4751380634859614, 'median_top2_gap': 0.7764232277870178, 'initial_std': 2.1859593936630057, 'initial_mean': 4.202171086040649, 'initial_corr_gt': 0.8596167166728049, 'residual_mean_abs': 26.34992078378379, 'residual_corr_final': 0.999908459132174, 'final_std': 16.75229162833795, 'final_corr_gt': 0.8681259994764092}, 'train_loss_of_previous_epoch': 2.121694239228964, 'grad': {'median_total': 34.33575248718262, 'max_total': 308.0343933105469, 'median_matching': 14.297019011610534, 'matching_present_fraction': 1.0}}
STAGEB-DETERMINISTIC-BASELINE-ARM-A-RUNA [04:33:34] epoch  50  loss   2.4127  grad    32.842  match 1.213e+01 (100%)  lr 8.48e-04
STAGEB-DETERMINISTIC-BASELINE-ARM-A-RUNA [04:33:58] epoch  51  loss   2.0642  grad    25.103  match 9.017e+00 (100%)  lr 8.42e-04
STAGEB-DETERMINISTIC-BASELINE-ARM-A-RUNA [04:34:22] epoch  52  loss   2.2742  grad    35.004  match 1.144e+01 (100%)  lr 8.37e-04
STAGEB-DETERMINISTIC-BASELINE-ARM-A-RUNA [04:34:45] epoch  53  loss   2.2476  grad    27.062  match 9.222e+00 (100%)  lr 8.31e-04
STAGEB-DETERMINISTIC-BASELINE-ARM-A-RUNA [04:35:11] epoch  54  loss   2.1172  grad    26.368  match 1.022e+01 (100%)  lr 8.25e-04  val EPE 6.316  D1 46.88%
STAGEB-DETERMINISTIC-BASELINE-ARM-A-RUNA [04:35:34] epoch  55  loss   2.0235  grad    23.646  match 7.917e+00 (100%)  lr 8.19e-04
STAGEB-DETERMINISTIC-BASELINE-ARM-A-RUNA [04:35:59] epoch  56  loss   1.9874  grad    28.498  match 9.593e+00 (100%)  lr 8.13e-04
STAGEB-DETERMINISTIC-BASELINE-ARM-A-RUNA [04:36:24] epoch  57  loss   1.9115  grad    24.824  match 8.656e+00 (100%)  lr 8.06e-04
STAGEB-DETERMINISTIC-BASELINE-ARM-A-RUNA [04:36:48] epoch  58  loss   1.9336  grad    22.402  match 8.087e+00 (100%)  lr 8.00e-04
STAGEB-DETERMINISTIC-BASELINE-ARM-A-RUNA [04:37:15] epoch  59  loss   2.0449  grad    27.089  match 8.763e+00 (100%)  lr 7.94e-04  val EPE 5.704  D1 46.97%
STAGEB-DETERMINISTIC-BASELINE-ARM-A-RUNA [04:37:39] epoch  60  loss   1.7892  grad    20.877  match 8.059e+00 (100%)  lr 7.88e-04
STAGEB-DETERMINISTIC-BASELINE-ARM-A-RUNA [04:38:03] epoch  61  loss   2.0729  grad    30.653  match 9.942e+00 (100%)  lr 7.81e-04
STAGEB-DETERMINISTIC-BASELINE-ARM-A-RUNA [04:38:27] epoch  62  loss   1.9695  grad    25.244  match 8.748e+00 (100%)  lr 7.75e-04
STAGEB-DETERMINISTIC-BASELINE-ARM-A-RUNA [04:38:51] epoch  63  loss   1.9957  grad    25.912  match 8.490e+00 (100%)  lr 7.68e-04
STAGEB-DETERMINISTIC-BASELINE-ARM-A-RUNA [04:39:17] epoch  64  loss   1.7844  grad    26.343  match 8.631e+00 (100%)  lr 7.61e-04  val EPE 5.231  D1 37.68%
STAGEB-DETERMINISTIC-BASELINE-ARM-A-RUNA [04:39:42] epoch  65  loss   1.8611  grad    27.397  match 8.508e+00 (100%)  lr 7.55e-04
STAGEB-DETERMINISTIC-BASELINE-ARM-A-RUNA [04:40:07] epoch  66  loss   1.9866  grad    22.289  match 8.267e+00 (100%)  lr 7.48e-04
STAGEB-DETERMINISTIC-BASELINE-ARM-A-RUNA [04:40:30] epoch  67  loss   1.8932  grad    23.875  match 8.116e+00 (100%)  lr 7.41e-04
STAGEB-DETERMINISTIC-BASELINE-ARM-A-RUNA [04:40:55] epoch  68  loss   1.7846  grad    21.314  match 8.278e+00 (100%)  lr 7.34e-04
STAGEB-DETERMINISTIC-BASELINE-ARM-A-RUNA [04:41:20] epoch  69  loss   1.8167  grad    21.331  match 7.723e+00 (100%)  lr 7.27e-04  val EPE 4.921  D1 32.26%
STAGEB-DETERMINISTIC-BASELINE-ARM-A-RUNA [04:41:44] epoch  70  loss   1.7129  grad    26.719  match 7.835e+00 (100%)  lr 7.20e-04
STAGEB-DETERMINISTIC-BASELINE-ARM-A-RUNA [04:42:08] epoch  71  loss   1.7502  grad    28.490  match 9.117e+00 (100%)  lr 7.13e-04
STAGEB-DETERMINISTIC-BASELINE-ARM-A-RUNA [04:42:32] epoch  72  loss   1.9892  grad    33.762  match 9.986e+00 (100%)  lr 7.06e-04
STAGEB-DETERMINISTIC-BASELINE-ARM-A-RUNA [04:42:56] epoch  73  loss   1.8596  grad    32.181  match 9.274e+00 (100%)  lr 6.99e-04
STAGEB-DETERMINISTIC-BASELINE-ARM-A-RUNA [04:43:22] epoch  74  loss   1.7713  grad    24.512  match 7.435e+00 (100%)  lr 6.91e-04  val EPE 4.694  D1 30.86%
STAGEB-DETERMINISTIC-BASELINE-ARM-A-RUNA [04:43:46] epoch  75  loss   1.6308  grad    18.695  match 6.911e+00 (100%)  lr 6.84e-04
STAGEB-DETERMINISTIC-BASELINE-ARM-A-RUNA [04:44:10] epoch  76  loss   1.7682  grad    22.582  match 7.511e+00 (100%)  lr 6.77e-04
STAGEB-DETERMINISTIC-BASELINE-ARM-A-RUNA [04:44:34] epoch  77  loss   1.7405  grad    26.001  match 8.838e+00 (100%)  lr 6.69e-04
STAGEB-DETERMINISTIC-BASELINE-ARM-A-RUNA [04:44:58] epoch  78  loss   1.7097  grad    33.361  match 9.979e+00 (100%)  lr 6.62e-04
STAGEB-DETERMINISTIC-BASELINE-ARM-A-RUNA [04:45:24] epoch  79  loss   1.6160  grad    25.205  match 7.502e+00 (100%)  lr 6.55e-04  val EPE 5.607  D1 38.29%
STAGEB-DETERMINISTIC-BASELINE-ARM-A-RUNA [04:45:48] epoch  80  loss   1.6411  grad    20.506  match 7.007e+00 (100%)  lr 6.47e-04
STAGEB-DETERMINISTIC-BASELINE-ARM-A-RUNA [04:46:12] epoch  81  loss   1.8632  grad    28.961  match 9.178e+00 (100%)  lr 6.39e-04
STAGEB-DETERMINISTIC-BASELINE-ARM-A-RUNA [04:46:36] epoch  82  loss   1.5737  grad    25.427  match 7.574e+00 (100%)  lr 6.32e-04
STAGEB-DETERMINISTIC-BASELINE-ARM-A-RUNA [04:47:00] epoch  83  loss   1.6533  grad    22.904  match 7.365e+00 (100%)  lr 6.24e-04
STAGEB-DETERMINISTIC-BASELINE-ARM-A-RUNA [04:47:26] epoch  84  loss   1.5335  grad    23.481  match 7.014e+00 (100%)  lr 6.17e-04  val EPE 4.929  D1 34.50%
STAGEB-DETERMINISTIC-BASELINE-ARM-A-RUNA [04:47:50] epoch  85  loss   1.7590  grad    30.350  match 9.616e+00 (100%)  lr 6.09e-04
STAGEB-DETERMINISTIC-BASELINE-ARM-A-RUNA [04:48:14] epoch  86  loss   1.7050  grad    20.704  match 7.167e+00 (100%)  lr 6.01e-04
STAGEB-DETERMINISTIC-BASELINE-ARM-A-RUNA [04:48:38] epoch  87  loss   1.7719  grad    24.519  match 7.209e+00 (100%)  lr 5.94e-04
STAGEB-DETERMINISTIC-BASELINE-ARM-A-RUNA [04:49:02] epoch  88  loss   1.5555  grad    20.017  match 6.153e+00 (100%)  lr 5.86e-04
STAGEB-DETERMINISTIC-BASELINE-ARM-A-RUNA [04:49:28] epoch  89  loss   1.6212  grad    26.093  match 7.979e+00 (100%)  lr 5.78e-04  val EPE 4.619  D1 29.43%
STAGEB-DETERMINISTIC-BASELINE-ARM-A-RUNA [04:49:52] epoch  90  loss   1.5742  grad    21.366  match 6.475e+00 (100%)  lr 5.70e-04
STAGEB-DETERMINISTIC-BASELINE-ARM-A-RUNA [04:50:16] epoch  91  loss   1.5653  grad    19.438  match 6.096e+00 (100%)  lr 5.63e-04
STAGEB-DETERMINISTIC-BASELINE-ARM-A-RUNA [04:50:40] epoch  92  loss   1.3558  grad    25.180  match 7.154e+00 (100%)  lr 5.55e-04
STAGEB-DETERMINISTIC-BASELINE-ARM-A-RUNA [04:51:04] epoch  93  loss   1.5710  grad    25.151  match 7.495e+00 (100%)  lr 5.47e-04
STAGEB-DETERMINISTIC-BASELINE-ARM-A-RUNA [04:51:30] epoch  94  loss   1.5497  grad    18.445  match 6.231e+00 (100%)  lr 5.39e-04  val EPE 4.973  D1 30.51%
STAGEB-DETERMINISTIC-BASELINE-ARM-A-RUNA [04:51:54] epoch  95  loss   1.4974  grad    26.981  match 7.446e+00 (100%)  lr 5.31e-04
STAGEB-DETERMINISTIC-BASELINE-ARM-A-RUNA [04:52:18] epoch  96  loss   1.5846  grad    27.181  match 7.846e+00 (100%)  lr 5.24e-04
STAGEB-DETERMINISTIC-BASELINE-ARM-A-RUNA [04:52:43] epoch  97  loss   1.5802  grad    18.985  match 6.677e+00 (100%)  lr 5.16e-04
STAGEB-DETERMINISTIC-BASELINE-ARM-A-RUNA [04:53:07] epoch  98  loss   1.5126  grad    22.373  match 7.292e+00 (100%)  lr 5.08e-04
STAGEB-DETERMINISTIC-BASELINE-ARM-A-RUNA [04:53:33] epoch  99  loss   1.3898  grad    23.372  match 7.438e+00 (100%)  lr 5.00e-04  val EPE 4.796  D1 31.58%
STAGEB-DETERMINISTIC-BASELINE-ARM-A-RUNA [04:53:39] metric checkpoint_epoch_100 = {'epoch': 100, 'val_epe': 4.796256235330435, 'val_d1': 31.578625022429907, 'val_loss': 4.213552045822143, 'stage_stats': {'entropy': 1.7561254206241652, 'max_weight': 0.4543483149308666, 'median_top2_gap': 0.6742748260498047, 'initial_std': 2.091761618837449, 'initial_mean': 4.03471298769699, 'initial_corr_gt': 0.8865279080512328, 'residual_mean_abs': 25.82800343214621, 'residual_corr_final': 0.9998858713128189, 'final_std': 17.182712801581026, 'final_corr_gt': 0.8936259008071079}, 'train_loss_of_previous_epoch': 1.3897728461772203, 'grad': {'median_total': 28.988651275634766, 'max_total': 308.0343933105469, 'median_matching': 10.45726661443102, 'matching_present_fraction': 1.0}}
STAGEB-DETERMINISTIC-BASELINE-ARM-A-RUNA [04:53:42] metric stereo_ablation_epoch_100 = [{'scene': '000187_10.png', 'baseline': {'epe': 1.6377552350444602, 'd1': 12.21384936641548}, 'softmax_entropy': 1.7136950305931251, 'right_black': {'epe': 29.667024214040975, 'd1': 97.0428399112852, 'd1_penalty': 84.82899054486973, 'mean_abs_change_px': 35.56580437022408}, 'right_noise': {'epe': 27.62269230306746, 'd1': 94.71472484144175, 'd1_penalty': 82.50087547502628, 'mean_abs_change_px': 30.65354232493586}, 'right_equals_left': {'epe': 22.511570673202506, 'd1': 94.72380384171412, 'd1_penalty': 82.50995447529863, 'mean_abs_change_px': 15.54266975462523}, 'initial_constant_mean': {'epe': 12.931481508483166, 'd1': 82.59944747798342, 'd1_penalty': 70.38559811156793, 'mean_abs_change_px': 12.705022911266658}, 'initial_shuffled': {'epe': 13.12197702411325, 'd1': 83.59035550771067, 'd1_penalty': 71.37650614129518, 'mean_abs_change_px': 12.84766939073172}}, {'scene': '000160_10.png', 'baseline': {'epe': 1.503364715135007, 'd1': 11.948210114400942}, 'softmax_entropy': 1.6980631932424564, 'right_black': {'epe': 29.85844645478382, 'd1': 95.12148860981891, 'd1_penalty': 83.17327849541797, 'mean_abs_change_px': 34.898245530989165}, 'right_noise': {'epe': 30.144187199542724, 'd1': 94.24102062411404, 'd1_penalty': 82.2928105097131, 'mean_abs_change_px': 33.824819779357455}, 'right_equals_left': {'epe': 23.645914627701394, 'd1': 93.01814842174616, 'd1_penalty': 81.06993830734523, 'mean_abs_change_px': 16.672596166409942}, 'initial_constant_mean': {'epe': 13.481550347558212, 'd1': 86.41364026593726, 'd1_penalty': 74.46543015153632, 'mean_abs_change_px': 14.135098988995932}, 'initial_shuffled': {'epe': 13.727676350055505, 'd1': 86.40565416175853, 'd1_penalty': 74.4574440473576, 'mean_abs_change_px': 14.208255349767285}}, {'scene': '000191_10.png', 'baseline': {'epe': 1.504312440956897, 'd1': 12.513419133525005}, 'softmax_entropy': 1.6314913011274579, 'right_black': {'epe': 30.400016827973474, 'd1': 98.68338248540863, 'd1_penalty': 86.16996335188362, 'mean_abs_change_px': 36.77496120648092}, 'right_noise': {'epe': 30.391990232661232, 'd1': 97.89242482200368, 'd1_penalty': 85.37900568847867, 'mean_abs_change_px': 34.095939651837355}, 'right_equals_left': {'epe': 24.073626561072537, 'd1': 96.39935341370418, 'd1_penalty': 83.88593428017917, 'mean_abs_change_px': 15.378994531849035}, 'initial_constant_mean': {'epe': 13.388757384215705, 'd1': 85.32101035278438, 'd1_penalty': 72.80759121925938, 'mean_abs_change_px': 14.149500204388522}, 'initial_shuffled': {'epe': 13.574911452324098, 'd1': 85.72204192939377, 'd1_penalty': 73.20862279586876, 'mean_abs_change_px': 14.278010536683066}}, {'scene': '000166_10.png', 'baseline': {'epe': 2.1618803046792587, 'd1': 23.566264182556594}, 'softmax_entropy': 1.8135426667983663, 'right_black': {'epe': 27.83769499258863, 'd1': 96.83020998379136, 'd1_penalty': 73.26394580123477, 'mean_abs_change_px': 29.550159820802204}, 'right_noise': {'epe': 26.139769040957923, 'd1': 93.99825165273452, 'd1_penalty': 70.43198747017793, 'mean_abs_change_px': 26.782584243550538}, 'right_equals_left': {'epe': 25.857386292434985, 'd1': 95.62002586096997, 'd1_penalty': 72.05376167841338, 'mean_abs_change_px': 21.48083814093554}, 'initial_constant_mean': {'epe': 11.136306757832196, 'd1': 81.15063104409114, 'd1_penalty': 57.58436686153455, 'mean_abs_change_px': 11.856505094925367}, 'initial_shuffled': {'epe': 11.356411751445254, 'd1': 82.28159318144567, 'd1_penalty': 58.71532899888908, 'mean_abs_change_px': 12.052754860537002}}]
STAGEB-DETERMINISTIC-BASELINE-ARM-A-RUNA [04:53:42] metric collapse_check_epoch_100 = {'epoch': 100, 'val_epe_at_epoch_10': 9.001487655636739, 'val_epe_now': 4.796256235330435, 'no_regression_vs_epoch_10': True, 'matching_gradient_fraction': 1.0, 'matching_gradient': True, 'final_disparity_std': 17.182712801581026, 'not_collapsed': True, 'softmax_entropy': 1.7561254206241652, 'entropy_ok': True, 'PASS': True}
STAGEB-DETERMINISTIC-BASELINE-ARM-A-RUNA [04:53:42] COLLAPSE CHECK at epoch 100: PASS
STAGEB-DETERMINISTIC-BASELINE-ARM-A-RUNA [04:54:06] epoch 100  loss   1.5631  grad    27.116  match 7.389e+00 (100%)  lr 4.92e-04
STAGEB-DETERMINISTIC-BASELINE-ARM-A-RUNA [04:54:30] epoch 101  loss   1.4796  grad    24.227  match 8.002e+00 (100%)  lr 4.84e-04
STAGEB-DETERMINISTIC-BASELINE-ARM-A-RUNA [04:54:54] epoch 102  loss   1.4969  grad    25.999  match 7.018e+00 (100%)  lr 4.76e-04
STAGEB-DETERMINISTIC-BASELINE-ARM-A-RUNA [04:55:18] epoch 103  loss   1.2985  grad    23.557  match 6.853e+00 (100%)  lr 4.69e-04
STAGEB-DETERMINISTIC-BASELINE-ARM-A-RUNA [04:55:44] epoch 104  loss   1.2920  grad    23.570  match 7.164e+00 (100%)  lr 4.61e-04  val EPE 4.471  D1 30.62%
STAGEB-DETERMINISTIC-BASELINE-ARM-A-RUNA [04:56:08] epoch 105  loss   1.4611  grad    21.336  match 7.605e+00 (100%)  lr 4.53e-04
STAGEB-DETERMINISTIC-BASELINE-ARM-A-RUNA [04:56:32] epoch 106  loss   1.4175  grad    21.881  match 6.211e+00 (100%)  lr 4.45e-04
STAGEB-DETERMINISTIC-BASELINE-ARM-A-RUNA [04:56:56] epoch 107  loss   1.3055  grad    19.826  match 6.132e+00 (100%)  lr 4.37e-04
STAGEB-DETERMINISTIC-BASELINE-ARM-A-RUNA [04:57:20] epoch 108  loss   1.4676  grad    23.439  match 7.371e+00 (100%)  lr 4.30e-04
STAGEB-DETERMINISTIC-BASELINE-ARM-A-RUNA [04:57:46] epoch 109  loss   1.3277  grad    20.335  match 7.121e+00 (100%)  lr 4.22e-04  val EPE 4.151  D1 28.85%
STAGEB-DETERMINISTIC-BASELINE-ARM-A-RUNA [04:58:10] epoch 110  loss   1.3199  grad    27.178  match 7.372e+00 (100%)  lr 4.14e-04
STAGEB-DETERMINISTIC-BASELINE-ARM-A-RUNA [04:58:34] epoch 111  loss   1.3012  grad    18.501  match 5.553e+00 (100%)  lr 4.06e-04
STAGEB-DETERMINISTIC-BASELINE-ARM-A-RUNA [04:58:58] epoch 112  loss   1.3790  grad    19.546  match 6.471e+00 (100%)  lr 3.99e-04
STAGEB-DETERMINISTIC-BASELINE-ARM-A-RUNA [04:59:22] epoch 113  loss   1.4147  grad    24.099  match 7.113e+00 (100%)  lr 3.91e-04
STAGEB-DETERMINISTIC-BASELINE-ARM-A-RUNA [04:59:49] epoch 114  loss   1.3025  grad    27.350  match 7.433e+00 (100%)  lr 3.83e-04  val EPE 4.443  D1 27.33%
STAGEB-DETERMINISTIC-BASELINE-ARM-A-RUNA [05:00:12] epoch 115  loss   1.4284  grad    28.953  match 7.870e+00 (100%)  lr 3.76e-04
STAGEB-DETERMINISTIC-BASELINE-ARM-A-RUNA [05:00:37] epoch 116  loss   1.2913  grad    22.573  match 6.642e+00 (100%)  lr 3.68e-04
STAGEB-DETERMINISTIC-BASELINE-ARM-A-RUNA [05:01:01] epoch 117  loss   1.1871  grad    19.357  match 5.584e+00 (100%)  lr 3.61e-04
STAGEB-DETERMINISTIC-BASELINE-ARM-A-RUNA [05:01:25] epoch 118  loss   1.3146  grad    25.558  match 7.350e+00 (100%)  lr 3.53e-04
STAGEB-DETERMINISTIC-BASELINE-ARM-A-RUNA [05:01:51] epoch 119  loss   1.2519  grad    25.986  match 7.352e+00 (100%)  lr 3.45e-04  val EPE 4.401  D1 29.75%
STAGEB-DETERMINISTIC-BASELINE-ARM-A-RUNA [05:02:15] epoch 120  loss   1.1658  grad    16.033  match 5.089e+00 (100%)  lr 3.38e-04
STAGEB-DETERMINISTIC-BASELINE-ARM-A-RUNA [05:02:39] epoch 121  loss   1.2892  grad    25.618  match 7.340e+00 (100%)  lr 3.31e-04
STAGEB-DETERMINISTIC-BASELINE-ARM-A-RUNA [05:03:03] epoch 122  loss   1.1481  grad    17.727  match 5.645e+00 (100%)  lr 3.23e-04
STAGEB-DETERMINISTIC-BASELINE-ARM-A-RUNA [05:03:27] epoch 123  loss   1.3238  grad    25.050  match 6.729e+00 (100%)  lr 3.16e-04
STAGEB-DETERMINISTIC-BASELINE-ARM-A-RUNA [05:03:53] epoch 124  loss   1.0930  grad    21.073  match 6.018e+00 (100%)  lr 3.09e-04  val EPE 4.216  D1 26.85%
STAGEB-DETERMINISTIC-BASELINE-ARM-A-RUNA [05:04:17] epoch 125  loss   1.3193  grad    18.666  match 6.270e+00 (100%)  lr 3.01e-04
STAGEB-DETERMINISTIC-BASELINE-ARM-A-RUNA [05:04:41] epoch 126  loss   1.2994  grad    23.552  match 6.839e+00 (100%)  lr 2.94e-04
STAGEB-DETERMINISTIC-BASELINE-ARM-A-RUNA [05:05:05] epoch 127  loss   1.2916  grad    22.513  match 6.891e+00 (100%)  lr 2.87e-04
STAGEB-DETERMINISTIC-BASELINE-ARM-A-RUNA [05:05:29] epoch 128  loss   1.1103  grad    17.388  match 5.223e+00 (100%)  lr 2.80e-04
STAGEB-DETERMINISTIC-BASELINE-ARM-A-RUNA [05:05:55] epoch 129  loss   1.2277  grad    16.575  match 5.985e+00 (100%)  lr 2.73e-04  val EPE 4.132  D1 24.23%
STAGEB-DETERMINISTIC-BASELINE-ARM-A-RUNA [05:06:19] epoch 130  loss   1.1602  grad    17.441  match 5.367e+00 (100%)  lr 2.66e-04
STAGEB-DETERMINISTIC-BASELINE-ARM-A-RUNA [05:06:43] epoch 131  loss   1.2416  grad    17.207  match 5.580e+00 (100%)  lr 2.59e-04
STAGEB-DETERMINISTIC-BASELINE-ARM-A-RUNA [05:07:07] epoch 132  loss   1.2136  grad    16.246  match 4.846e+00 (100%)  lr 2.52e-04
STAGEB-DETERMINISTIC-BASELINE-ARM-A-RUNA [05:07:31] epoch 133  loss   1.0799  grad    30.158  match 8.092e+00 (100%)  lr 2.45e-04
STAGEB-DETERMINISTIC-BASELINE-ARM-A-RUNA [05:07:56] epoch 134  loss   1.1135  grad    18.047  match 5.318e+00 (100%)  lr 2.39e-04  val EPE 4.095  D1 26.48%
STAGEB-DETERMINISTIC-BASELINE-ARM-A-RUNA [05:08:20] epoch 135  loss   1.1272  grad    22.312  match 5.782e+00 (100%)  lr 2.32e-04
STAGEB-DETERMINISTIC-BASELINE-ARM-A-RUNA [05:08:44] epoch 136  loss   1.1298  grad    21.355  match 6.120e+00 (100%)  lr 2.25e-04
STAGEB-DETERMINISTIC-BASELINE-ARM-A-RUNA [05:09:08] epoch 137  loss   1.1684  grad    18.694  match 5.986e+00 (100%)  lr 2.19e-04
STAGEB-DETERMINISTIC-BASELINE-ARM-A-RUNA [05:09:32] epoch 138  loss   1.1039  grad    20.661  match 6.333e+00 (100%)  lr 2.12e-04
STAGEB-DETERMINISTIC-BASELINE-ARM-A-RUNA [05:09:58] epoch 139  loss   1.1427  grad    19.818  match 5.579e+00 (100%)  lr 2.06e-04  val EPE 3.914  D1 24.73%
STAGEB-DETERMINISTIC-BASELINE-ARM-A-RUNA [05:10:22] epoch 140  loss   1.0356  grad    20.941  match 6.015e+00 (100%)  lr 2.00e-04
STAGEB-DETERMINISTIC-BASELINE-ARM-A-RUNA [05:10:46] epoch 141  loss   1.1100  grad    18.743  match 5.825e+00 (100%)  lr 1.94e-04
STAGEB-DETERMINISTIC-BASELINE-ARM-A-RUNA [05:11:10] epoch 142  loss   1.1491  grad    18.026  match 5.704e+00 (100%)  lr 1.87e-04
STAGEB-DETERMINISTIC-BASELINE-ARM-A-RUNA [05:11:34] epoch 143  loss   1.1020  grad    15.732  match 5.251e+00 (100%)  lr 1.81e-04
STAGEB-DETERMINISTIC-BASELINE-ARM-A-RUNA [05:12:00] epoch 144  loss   1.0392  grad    17.101  match 5.392e+00 (100%)  lr 1.75e-04  val EPE 3.841  D1 23.90%
STAGEB-DETERMINISTIC-BASELINE-ARM-A-RUNA [05:12:24] epoch 145  loss   1.0504  grad    16.140  match 4.817e+00 (100%)  lr 1.69e-04
STAGEB-DETERMINISTIC-BASELINE-ARM-A-RUNA [05:12:48] epoch 146  loss   1.0789  grad    17.035  match 5.240e+00 (100%)  lr 1.63e-04
STAGEB-DETERMINISTIC-BASELINE-ARM-A-RUNA [05:13:12] epoch 147  loss   1.0331  grad    18.224  match 5.352e+00 (100%)  lr 1.58e-04
STAGEB-DETERMINISTIC-BASELINE-ARM-A-RUNA [05:13:36] epoch 148  loss   1.0549  grad    17.465  match 5.591e+00 (100%)  lr 1.52e-04
STAGEB-DETERMINISTIC-BASELINE-ARM-A-RUNA [05:14:01] epoch 149  loss   1.0303  grad    16.309  match 5.274e+00 (100%)  lr 1.46e-04  val EPE 3.996  D1 25.89%
STAGEB-DETERMINISTIC-BASELINE-ARM-A-RUNA [05:14:07] metric checkpoint_epoch_150 = {'epoch': 150, 'val_epe': 3.9960720091701933, 'val_d1': 25.889325727400593, 'val_loss': 3.4552357375621794, 'stage_stats': {'entropy': 1.7590573064265942, 'max_weight': 0.4511994885478591, 'median_top2_gap': 0.6682977914810181, 'initial_std': 2.068208351359996, 'initial_mean': 4.035486259847329, 'initial_corr_gt': 0.9157955198019231, 'residual_mean_abs': 26.9459517157853, 'residual_corr_final': 0.9998569317785119, 'final_std': 18.028154826157603, 'final_corr_gt': 0.9250700248922896}, 'train_loss_of_previous_epoch': 1.0303053110837936, 'grad': {'median_total': 25.57300090789795, 'max_total': 308.0343933105469, 'median_matching': 8.590507777565714, 'matching_present_fraction': 1.0}}
STAGEB-DETERMINISTIC-BASELINE-ARM-A-RUNA [05:14:30] epoch 150  loss   1.0628  grad    19.865  match 5.576e+00 (100%)  lr 1.41e-04
STAGEB-DETERMINISTIC-BASELINE-ARM-A-RUNA [05:14:54] epoch 151  loss   0.9788  grad    16.083  match 5.147e+00 (100%)  lr 1.36e-04
STAGEB-DETERMINISTIC-BASELINE-ARM-A-RUNA [05:15:18] epoch 152  loss   1.0595  grad    19.608  match 5.676e+00 (100%)  lr 1.30e-04
STAGEB-DETERMINISTIC-BASELINE-ARM-A-RUNA [05:15:42] epoch 153  loss   1.0705  grad    20.631  match 6.071e+00 (100%)  lr 1.25e-04
STAGEB-DETERMINISTIC-BASELINE-ARM-A-RUNA [05:16:07] epoch 154  loss   1.0329  grad    15.144  match 4.979e+00 (100%)  lr 1.20e-04  val EPE 4.092  D1 25.17%
STAGEB-DETERMINISTIC-BASELINE-ARM-A-RUNA [05:16:31] epoch 155  loss   1.0782  grad    19.920  match 5.673e+00 (100%)  lr 1.15e-04
STAGEB-DETERMINISTIC-BASELINE-ARM-A-RUNA [05:16:55] epoch 156  loss   0.9872  grad    16.033  match 5.532e+00 (100%)  lr 1.10e-04
STAGEB-DETERMINISTIC-BASELINE-ARM-A-RUNA [05:17:19] epoch 157  loss   1.0209  grad    16.516  match 5.029e+00 (100%)  lr 1.05e-04
STAGEB-DETERMINISTIC-BASELINE-ARM-A-RUNA [05:17:43] epoch 158  loss   1.0041  grad    15.303  match 4.867e+00 (100%)  lr 1.00e-04
STAGEB-DETERMINISTIC-BASELINE-ARM-A-RUNA [05:18:09] epoch 159  loss   0.9803  grad    14.712  match 5.099e+00 (100%)  lr 9.55e-05  val EPE 4.051  D1 25.39%
STAGEB-DETERMINISTIC-BASELINE-ARM-A-RUNA [05:18:33] epoch 160  loss   0.9404  grad    17.047  match 5.069e+00 (100%)  lr 9.09e-05
STAGEB-DETERMINISTIC-BASELINE-ARM-A-RUNA [05:18:56] epoch 161  loss   0.9961  grad    15.281  match 4.555e+00 (100%)  lr 8.65e-05
STAGEB-DETERMINISTIC-BASELINE-ARM-A-RUNA [05:19:20] epoch 162  loss   0.9461  grad    16.686  match 5.007e+00 (100%)  lr 8.21e-05
STAGEB-DETERMINISTIC-BASELINE-ARM-A-RUNA [05:19:44] epoch 163  loss   0.9866  grad    16.681  match 5.159e+00 (100%)  lr 7.78e-05
STAGEB-DETERMINISTIC-BASELINE-ARM-A-RUNA [05:20:10] epoch 164  loss   1.0172  grad    18.940  match 5.260e+00 (100%)  lr 7.37e-05  val EPE 3.795  D1 23.54%
STAGEB-DETERMINISTIC-BASELINE-ARM-A-RUNA [05:20:34] epoch 165  loss   1.0711  grad    16.712  match 5.780e+00 (100%)  lr 6.96e-05
STAGEB-DETERMINISTIC-BASELINE-ARM-A-RUNA [05:20:58] epoch 166  loss   0.9737  grad    15.717  match 5.029e+00 (100%)  lr 6.57e-05
STAGEB-DETERMINISTIC-BASELINE-ARM-A-RUNA [05:21:22] epoch 167  loss   0.9491  grad    14.660  match 4.714e+00 (100%)  lr 6.18e-05
STAGEB-DETERMINISTIC-BASELINE-ARM-A-RUNA [05:21:45] epoch 168  loss   0.9333  grad    14.513  match 4.760e+00 (100%)  lr 5.81e-05
STAGEB-DETERMINISTIC-BASELINE-ARM-A-RUNA [05:22:11] epoch 169  loss   0.9313  grad    15.329  match 4.624e+00 (100%)  lr 5.45e-05  val EPE 3.747  D1 22.77%
STAGEB-DETERMINISTIC-BASELINE-ARM-A-RUNA [05:22:34] epoch 170  loss   1.0234  grad    15.280  match 4.627e+00 (100%)  lr 5.10e-05
STAGEB-DETERMINISTIC-BASELINE-ARM-A-RUNA [05:22:58] epoch 171  loss   0.9727  grad    16.512  match 4.964e+00 (100%)  lr 4.76e-05
STAGEB-DETERMINISTIC-BASELINE-ARM-A-RUNA [05:23:22] epoch 172  loss   0.9575  grad    16.251  match 5.144e+00 (100%)  lr 4.43e-05
STAGEB-DETERMINISTIC-BASELINE-ARM-A-RUNA [05:23:46] epoch 173  loss   0.8871  grad    17.581  match 4.972e+00 (100%)  lr 4.11e-05
STAGEB-DETERMINISTIC-BASELINE-ARM-A-RUNA [05:24:11] epoch 174  loss   0.9749  grad    17.009  match 4.630e+00 (100%)  lr 3.81e-05  val EPE 3.746  D1 22.57%
STAGEB-DETERMINISTIC-BASELINE-ARM-A-RUNA [05:24:35] epoch 175  loss   0.9052  grad    13.701  match 4.482e+00 (100%)  lr 3.51e-05
STAGEB-DETERMINISTIC-BASELINE-ARM-A-RUNA [05:24:59] epoch 176  loss   0.9149  grad    14.665  match 4.835e+00 (100%)  lr 3.23e-05
STAGEB-DETERMINISTIC-BASELINE-ARM-A-RUNA [05:25:22] epoch 177  loss   0.9520  grad    16.122  match 4.261e+00 (100%)  lr 2.96e-05
STAGEB-DETERMINISTIC-BASELINE-ARM-A-RUNA [05:25:46] epoch 178  loss   1.0329  grad    15.724  match 5.225e+00 (100%)  lr 2.70e-05
STAGEB-DETERMINISTIC-BASELINE-ARM-A-RUNA [05:26:12] epoch 179  loss   0.9210  grad    14.929  match 4.647e+00 (100%)  lr 2.45e-05  val EPE 3.896  D1 23.44%
STAGEB-DETERMINISTIC-BASELINE-ARM-A-RUNA [05:26:35] epoch 180  loss   1.0599  grad    14.866  match 4.660e+00 (100%)  lr 2.21e-05
STAGEB-DETERMINISTIC-BASELINE-ARM-A-RUNA [05:26:59] epoch 181  loss   0.9020  grad    12.709  match 4.164e+00 (100%)  lr 1.99e-05
STAGEB-DETERMINISTIC-BASELINE-ARM-A-RUNA [05:27:23] epoch 182  loss   1.0262  grad    16.747  match 4.925e+00 (100%)  lr 1.77e-05
STAGEB-DETERMINISTIC-BASELINE-ARM-A-RUNA [05:27:47] epoch 183  loss   0.8132  grad    13.785  match 4.538e+00 (100%)  lr 1.57e-05
STAGEB-DETERMINISTIC-BASELINE-ARM-A-RUNA [05:28:12] epoch 184  loss   0.9486  grad    14.016  match 4.519e+00 (100%)  lr 1.38e-05  val EPE 3.824  D1 22.96%
STAGEB-DETERMINISTIC-BASELINE-ARM-A-RUNA [05:28:36] epoch 185  loss   0.9069  grad    12.092  match 4.265e+00 (100%)  lr 1.20e-05
STAGEB-DETERMINISTIC-BASELINE-ARM-A-RUNA [05:28:59] epoch 186  loss   0.9000  grad    14.755  match 4.667e+00 (100%)  lr 1.04e-05
STAGEB-DETERMINISTIC-BASELINE-ARM-A-RUNA [05:29:23] epoch 187  loss   0.9542  grad    15.002  match 4.532e+00 (100%)  lr 8.86e-06
STAGEB-DETERMINISTIC-BASELINE-ARM-A-RUNA [05:29:47] epoch 188  loss   0.9255  grad    14.108  match 4.828e+00 (100%)  lr 7.45e-06
STAGEB-DETERMINISTIC-BASELINE-ARM-A-RUNA [05:30:13] epoch 189  loss   0.8906  grad    12.886  match 4.591e+00 (100%)  lr 6.16e-06  val EPE 3.832  D1 22.87%
STAGEB-DETERMINISTIC-BASELINE-ARM-A-RUNA [05:30:37] epoch 190  loss   0.9814  grad    15.619  match 4.906e+00 (100%)  lr 4.99e-06
STAGEB-DETERMINISTIC-BASELINE-ARM-A-RUNA [05:31:00] epoch 191  loss   0.9183  grad    14.102  match 4.503e+00 (100%)  lr 3.94e-06
STAGEB-DETERMINISTIC-BASELINE-ARM-A-RUNA [05:31:24] epoch 192  loss   0.9414  grad    13.544  match 4.427e+00 (100%)  lr 3.02e-06
STAGEB-DETERMINISTIC-BASELINE-ARM-A-RUNA [05:31:48] epoch 193  loss   0.9467  grad    15.231  match 5.048e+00 (100%)  lr 2.22e-06
STAGEB-DETERMINISTIC-BASELINE-ARM-A-RUNA [05:32:16] epoch 194  loss   0.9529  grad    14.453  match 4.275e+00 (100%)  lr 1.54e-06  val EPE 3.854  D1 23.21%
STAGEB-DETERMINISTIC-BASELINE-ARM-A-RUNA [05:32:42] epoch 195  loss   0.9585  grad    16.399  match 5.256e+00 (100%)  lr 9.87e-07
STAGEB-DETERMINISTIC-BASELINE-ARM-A-RUNA [05:33:06] epoch 196  loss   0.8865  grad    12.768  match 4.008e+00 (100%)  lr 5.55e-07
STAGEB-DETERMINISTIC-BASELINE-ARM-A-RUNA [05:33:30] epoch 197  loss   0.9793  grad    12.136  match 4.189e+00 (100%)  lr 2.47e-07
STAGEB-DETERMINISTIC-BASELINE-ARM-A-RUNA [05:33:54] epoch 198  loss   0.8552  grad    13.005  match 4.104e+00 (100%)  lr 6.17e-08
STAGEB-DETERMINISTIC-BASELINE-ARM-A-RUNA [05:34:19] epoch 199  loss   0.9037  grad    14.260  match 4.714e+00 (100%)  lr 0.00e+00  val EPE 3.835  D1 23.05%
STAGEB-DETERMINISTIC-BASELINE-ARM-A-RUNA [05:34:25] metric checkpoint_epoch_200 = {'epoch': 200, 'val_epe': 3.8346742340931033, 'val_d1': 23.047093674819514, 'val_loss': 3.3030083179473877, 'stage_stats': {'entropy': 1.7754722617356193, 'max_weight': 0.4447229381915271, 'median_top2_gap': 0.6653794884681702, 'initial_std': 2.02399534351754, 'initial_mean': 4.0039651603012265, 'initial_corr_gt': 0.9167753674046011, 'residual_mean_abs': 27.06978489498461, 'residual_corr_final': 0.999805845837281, 'final_std': 18.00000275061116, 'final_corr_gt': 0.9243262505968642}, 'train_loss_of_previous_epoch': 0.9037397231906652, 'grad': {'median_total': 21.9161958694458, 'max_total': 308.0343933105469, 'median_matching': 7.332180033447209, 'matching_present_fraction': 1.0}}
STAGEB-DETERMINISTIC-BASELINE-ARM-A-RUNA [05:34:28] metric stereo_ablation_epoch_200 = [{'scene': '000187_10.png', 'baseline': {'epe': 1.3206049773333173, 'd1': 9.60298828808965}, 'softmax_entropy': 1.7258253471681035, 'right_black': {'epe': 32.86954538558804, 'd1': 97.36319892089597, 'd1_penalty': 87.76021063280632, 'mean_abs_change_px': 38.08183720549868}, 'right_noise': {'epe': 32.74539783209026, 'd1': 95.91834087755022, 'd1_penalty': 86.31535258946057, 'mean_abs_change_px': 35.21501887049884}, 'right_equals_left': {'epe': 21.348477304022754, 'd1': 93.45922880377687, 'd1_penalty': 83.85624051568722, 'mean_abs_change_px': 14.733903128504416}, 'initial_constant_mean': {'epe': 12.80791271902538, 'd1': 83.74080751222422, 'd1_penalty': 74.13781922413457, 'mean_abs_change_px': 13.219342406146556}, 'initial_shuffled': {'epe': 12.988510367629162, 'd1': 84.62665853879976, 'd1_penalty': 75.02367025071011, 'mean_abs_change_px': 13.3301423569365}}, {'scene': '000160_10.png', 'baseline': {'epe': 1.1598853403765041, 'd1': 8.462275640385728}, 'softmax_entropy': 1.7235677210977864, 'right_black': {'epe': 34.05611245633647, 'd1': 97.79783177271547, 'd1_penalty': 89.33555613232974, 'mean_abs_change_px': 39.25045192712904}, 'right_noise': {'epe': 34.3318666769097, 'd1': 97.81580050711761, 'd1_penalty': 89.35352486673189, 'mean_abs_change_px': 38.595770768061875}, 'right_equals_left': {'epe': 21.047330436302506, 'd1': 90.83794198095315, 'd1_penalty': 82.37566634056742, 'mean_abs_change_px': 14.877917842889012}, 'initial_constant_mean': {'epe': 13.364573706135785, 'd1': 85.19176632659173, 'd1_penalty': 76.729490686206, 'mean_abs_change_px': 14.417598864172476}, 'initial_shuffled': {'epe': 13.597001594118323, 'd1': 85.97340627308483, 'd1_penalty': 77.5111306326991, 'mean_abs_change_px': 14.450505374659448}}, {'scene': '000191_10.png', 'baseline': {'epe': 1.2915135596885572, 'd1': 8.661048111449759}, 'softmax_entropy': 1.654684241569548, 'right_black': {'epe': 34.884138579988814, 'd1': 98.9671894473168, 'd1_penalty': 90.30614133586704, 'mean_abs_change_px': 42.24180295847131}, 'right_noise': {'epe': 35.3237306348172, 'd1': 99.06960674226626, 'd1_penalty': 90.4085586308165, 'mean_abs_change_px': 39.19425070240835}, 'right_equals_left': {'epe': 23.27180706195674, 'd1': 96.24881232956159, 'd1_penalty': 87.58776421811183, 'mean_abs_change_px': 15.496881472893408}, 'initial_constant_mean': {'epe': 13.359841683005621, 'd1': 85.43329919423502, 'd1_penalty': 76.77225108278526, 'mean_abs_change_px': 14.567369117327917}, 'initial_shuffled': {'epe': 13.455891357937587, 'd1': 86.0243580409916, 'd1_penalty': 77.36330992954184, 'mean_abs_change_px': 14.600793074920063}}, {'scene': '000166_10.png', 'baseline': {'epe': 1.6868097021100856, 'd1': 14.578666520971062}, 'softmax_entropy': 1.823406937513888, 'right_black': {'epe': 32.421502180913535, 'd1': 98.29627201369539, 'd1_penalty': 83.71760549272432, 'mean_abs_change_px': 35.5124667129676}, 'right_noise': {'epe': 32.54964987493377, 'd1': 98.38186818190097, 'd1_penalty': 83.80320166092991, 'mean_abs_change_px': 31.663020423550122}, 'right_equals_left': {'epe': 23.90267435097404, 'd1': 95.3914658799104, 'd1_penalty': 80.81279935893934, 'mean_abs_change_px': 20.120173003608944}, 'initial_constant_mean': {'epe': 10.890436320549851, 'd1': 80.76635888470014, 'd1_penalty': 66.18769236372907, 'mean_abs_change_px': 12.385037355724183}, 'initial_shuffled': {'epe': 11.045020789014929, 'd1': 81.47844615636781, 'd1_penalty': 66.89977963539675, 'mean_abs_change_px': 12.501057113782949}}]
STAGEB-DETERMINISTIC-BASELINE-ARM-A-RUNA [05:34:28] metric stereo_verdict_epoch_200 = {'threshold_d1_points': 20.0, 'right_image_min_d1_penalty': 80.81279935893934, 'right_image_dependence': True, 'matching_map_min_d1_penalty': 66.18769236372907, 'matching_map_dependence': True, 'matching_gradient_fraction': 1.0, 'matching_gradient': True, 'softmax_entropy': 1.7754722617356193, 'entropy_ok': True, 'final_disparity_std': 18.00000275061116, 'not_collapsed': True, 'STEREO_FUNCTIONAL': True}
STAGEB-DETERMINISTIC-BASELINE-ARM-A-RUNA [05:34:28] STEREO VERDICT at epoch 200: STEREO-FUNCTIONAL
STAGEB-DETERMINISTIC-BASELINE-ARM-A-RUNA [05:34:28] metric history = [{'epoch': 0, 'mean_loss': 10.532406491041183, 'lr': 0.0009999383162408303, 'median_grad_norm': 54.79760932922363, 'median_matching_grad_norm': 38.08825267293058, 'matching_present_fraction_this_epoch': 1.0, 'val_epe': 15.32539188316842, 'val_d1': 87.44677261821234}, {'epoch': 1, 'mean_loss': 10.024383011460305, 'lr': 0.0009997532801828658, 'median_grad_norm': 64.98911476135254, 'median_matching_grad_norm': 35.52116526029684, 'matching_present_fraction_this_epoch': 1.0, 'val_epe': 13.91629144540189, 'val_d1': 84.98684291112814}, {'epoch': 2, 'mean_loss': 9.121274501085281, 'lr': 0.0009994449374809851, 'median_grad_norm': 60.817100524902344, 'median_matching_grad_norm': 35.06676005856441, 'matching_present_fraction_this_epoch': 1.0}, {'epoch': 3, 'mean_loss': 9.261001881957053, 'lr': 0.0009990133642141358, 'median_grad_norm': 64.26558876037598, 'median_matching_grad_norm': 40.067222043035756, 'matching_present_fraction_this_epoch': 1.0}, {'epoch': 4, 'mean_loss': 8.376802578568459, 'lr': 0.000998458666866564, 'median_grad_norm': 63.47509574890137, 'median_matching_grad_norm': 42.9376536991565, 'matching_present_fraction_this_epoch': 1.0, 'val_epe': 19.536581224718365, 'val_d1': 90.89770135073715}, {'epoch': 5, 'mean_loss': 7.729520270228386, 'lr': 0.00099778098230154, 'median_grad_norm': 56.059181213378906, 'median_matching_grad_norm': 37.18627922088912, 'matching_present_fraction_this_epoch': 1.0}, {'epoch': 6, 'mean_loss': 6.489659631252289, 'lr': 0.0009969804777275899, 'median_grad_norm': 39.15186309814453, 'median_matching_grad_norm': 25.279583168160226, 'matching_present_fraction_this_epoch': 1.0}, {'epoch': 7, 'mean_loss': 5.592242366075515, 'lr': 0.000996057350657239, 'median_grad_norm': 47.55551528930664, 'median_matching_grad_norm': 27.138866718306723, 'matching_present_fraction_this_epoch': 1.0}, {'epoch': 8, 'mean_loss': 5.497454813122749, 'lr': 0.0009950118288582787, 'median_grad_norm': 49.906843185424805, 'median_matching_grad_norm': 23.41711799506403, 'matching_present_fraction_this_epoch': 1.0}, {'epoch': 9, 'mean_loss': 4.744472429156303, 'lr': 0.0009938441702975688, 'median_grad_norm': 44.82000923156738, 'median_matching_grad_norm': 22.933893100942512, 'matching_present_fraction_this_epoch': 1.0, 'val_epe': 9.001487655636739, 'val_d1': 64.55236349453139}, {'epoch': 10, 'mean_loss': 3.9251458257436753, 'lr': 0.000992554663077387, 'median_grad_norm': 32.62128925323486, 'median_matching_grad_norm': 19.69059809440585, 'matching_present_fraction_this_epoch': 1.0}, {'epoch': 11, 'mean_loss': 4.236331243813038, 'lr': 0.0009911436253643444, 'median_grad_norm': 41.4381103515625, 'median_matching_grad_norm': 19.65250706668317, 'matching_present_fraction_this_epoch': 1.0}, {'epoch': 12, 'mean_loss': 3.877850040793419, 'lr': 0.0009896114053108828, 'median_grad_norm': 34.89504623413086, 'median_matching_grad_norm': 17.22048333661427, 'matching_present_fraction_this_epoch': 1.0}, {'epoch': 13, 'mean_loss': 3.542497496306896, 'lr': 0.0009879583809693736, 'median_grad_norm': 38.09162902832031, 'median_matching_grad_norm': 16.13889110762745, 'matching_present_fraction_this_epoch': 1.0}, {'epoch': 14, 'mean_loss': 3.8854406401515007, 'lr': 0.0009861849601988382, 'median_grad_norm': 35.633358001708984, 'median_matching_grad_norm': 14.431639227785872, 'matching_present_fraction_this_epoch': 1.0, 'val_epe': 8.006755461555136, 'val_d1': 55.56503491544328}, {'epoch': 15, 'mean_loss': 3.678061679005623, 'lr': 0.0009842915805643154, 'median_grad_norm': 24.445100784301758, 'median_matching_grad_norm': 14.588125410275632, 'matching_present_fraction_this_epoch': 1.0}, {'epoch': 16, 'mean_loss': 3.3360197603702546, 'lr': 0.000982278709228899, 'median_grad_norm': 33.716684341430664, 'median_matching_grad_norm': 15.06560748650294, 'matching_present_fraction_this_epoch': 1.0}, {'epoch': 17, 'mean_loss': 3.2453495293855665, 'lr': 0.0009801468428384714, 'median_grad_norm': 35.9025764465332, 'median_matching_grad_norm': 13.733757287401062, 'matching_present_fraction_this_epoch': 1.0}, {'epoch': 18, 'mean_loss': 3.1324137181043623, 'lr': 0.0009778965073991648, 'median_grad_norm': 37.11494827270508, 'median_matching_grad_norm': 16.08198170697214, 'matching_present_fraction_this_epoch': 1.0}, {'epoch': 19, 'mean_loss': 2.846620035171509, 'lr': 0.0009755282581475766, 'median_grad_norm': 27.46502685546875, 'median_matching_grad_norm': 12.964381305566157, 'matching_present_fraction_this_epoch': 1.0, 'val_epe': 7.332060208206768, 'val_d1': 51.10548557662863}, {'epoch': 20, 'mean_loss': 2.8418912678956985, 'lr': 0.0009730426794137723, 'median_grad_norm': 32.09986972808838, 'median_matching_grad_norm': 13.671544309012036, 'matching_present_fraction_this_epoch': 1.0}, {'epoch': 21, 'mean_loss': 2.9075496286153792, 'lr': 0.0009704403844771124, 'median_grad_norm': 29.986939430236816, 'median_matching_grad_norm': 12.705219968508406, 'matching_present_fraction_this_epoch': 1.0}, {'epoch': 22, 'mean_loss': 3.106428621709347, 'lr': 0.0009677220154149334, 'median_grad_norm': 29.552053451538086, 'median_matching_grad_norm': 14.224301129607113, 'matching_present_fraction_this_epoch': 1.0}, {'epoch': 23, 'mean_loss': 3.2842022597789766, 'lr': 0.0009648882429441253, 'median_grad_norm': 36.02996253967285, 'median_matching_grad_norm': 15.496926101531933, 'matching_present_fraction_this_epoch': 1.0}, {'epoch': 24, 'mean_loss': 3.1158747002482414, 'lr': 0.000961939766255643, 'median_grad_norm': 34.579660415649414, 'median_matching_grad_norm': 15.307208086319145, 'matching_present_fraction_this_epoch': 1.0, 'val_epe': 6.956183404798813, 'val_d1': 48.98208508429885}, {'epoch': 25, 'mean_loss': 2.718574030697346, 'lr': 0.0009588773128419901, 'median_grad_norm': 30.274768829345703, 'median_matching_grad_norm': 13.072738361242974, 'matching_present_fraction_this_epoch': 1.0}, {'epoch': 26, 'mean_loss': 3.1825827434659004, 'lr': 0.0009557016383177221, 'median_grad_norm': 40.902313232421875, 'median_matching_grad_norm': 16.19855429599059, 'matching_present_fraction_this_epoch': 1.0}, {'epoch': 27, 'mean_loss': 2.9046763703227043, 'lr': 0.0009524135262330093, 'median_grad_norm': 35.28607177734375, 'median_matching_grad_norm': 13.85732962314233, 'matching_present_fraction_this_epoch': 1.0}, {'epoch': 28, 'mean_loss': 2.769876356422901, 'lr': 0.0009490137878803073, 'median_grad_norm': 36.724754333496094, 'median_matching_grad_norm': 14.140278313120234, 'matching_present_fraction_this_epoch': 1.0}, {'epoch': 29, 'mean_loss': 2.7555653274059297, 'lr': 0.0009455032620941834, 'median_grad_norm': 35.715288162231445, 'median_matching_grad_norm': 13.478433225760282, 'matching_present_fraction_this_epoch': 1.0, 'val_epe': 7.189295924166878, 'val_d1': 51.879653198693}, {'epoch': 30, 'mean_loss': 2.901106742024422, 'lr': 0.0009418828150443463, 'median_grad_norm': 35.67654991149902, 'median_matching_grad_norm': 14.464378250591555, 'matching_present_fraction_this_epoch': 1.0}, {'epoch': 31, 'mean_loss': 2.866992825269699, 'lr': 0.0009381533400219311, 'median_grad_norm': 31.425835609436035, 'median_matching_grad_norm': 11.979182083342794, 'matching_present_fraction_this_epoch': 1.0}, {'epoch': 32, 'mean_loss': 2.620714721828699, 'lr': 0.0009343157572190951, 'median_grad_norm': 35.64263343811035, 'median_matching_grad_norm': 13.620286284823159, 'matching_present_fraction_this_epoch': 1.0}, {'epoch': 33, 'mean_loss': 2.516619861125946, 'lr': 0.0009303710135019713, 'median_grad_norm': 20.422690391540527, 'median_matching_grad_norm': 9.59004870937581, 'matching_present_fraction_this_epoch': 1.0}, {'epoch': 34, 'mean_loss': 2.428705157339573, 'lr': 0.0009263200821770456, 'median_grad_norm': 25.447345733642578, 'median_matching_grad_norm': 10.819776591486821, 'matching_present_fraction_this_epoch': 1.0, 'val_epe': 6.587698840247228, 'val_d1': 47.267849103394624}, {'epoch': 35, 'mean_loss': 2.5997735902667047, 'lr': 0.000922163962751007, 'median_grad_norm': 32.0945348739624, 'median_matching_grad_norm': 13.205039017733148, 'matching_present_fraction_this_epoch': 1.0}, {'epoch': 36, 'mean_loss': 2.3307168573141097, 'lr': 0.0009179036806841347, 'median_grad_norm': 28.488926887512207, 'median_matching_grad_norm': 9.886438121455623, 'matching_present_fraction_this_epoch': 1.0}, {'epoch': 37, 'mean_loss': 2.6593892574310303, 'lr': 0.0009135402871372803, 'median_grad_norm': 37.9621524810791, 'median_matching_grad_norm': 15.21809487321119, 'matching_present_fraction_this_epoch': 1.0}, {'epoch': 38, 'mean_loss': 2.5929777696728706, 'lr': 0.0009090748587125112, 'median_grad_norm': 35.52988052368164, 'median_matching_grad_norm': 11.942917667137504, 'matching_present_fraction_this_epoch': 1.0}, {'epoch': 39, 'mean_loss': 2.378744334727526, 'lr': 0.0009045084971874732, 'median_grad_norm': 26.79770565032959, 'median_matching_grad_norm': 11.069927592856146, 'matching_present_fraction_this_epoch': 1.0, 'val_epe': 6.075609605706197, 'val_d1': 43.882356607072055}, {'epoch': 40, 'mean_loss': 2.127778381854296, 'lr': 0.0008998423292435448, 'median_grad_norm': 24.82232093811035, 'median_matching_grad_norm': 9.584838954811786, 'matching_present_fraction_this_epoch': 1.0}, {'epoch': 41, 'mean_loss': 2.5040643244981764, 'lr': 0.0008950775061878447, 'median_grad_norm': 24.022357940673828, 'median_matching_grad_norm': 9.558096579888307, 'matching_present_fraction_this_epoch': 1.0}, {'epoch': 42, 'mean_loss': 2.2633838936686517, 'lr': 0.0008902152036691643, 'median_grad_norm': 22.670732498168945, 'median_matching_grad_norm': 8.562357772859183, 'matching_present_fraction_this_epoch': 1.0}, {'epoch': 43, 'mean_loss': 2.231758841872215, 'lr': 0.000885256621387894, 'median_grad_norm': 22.676926612854004, 'median_matching_grad_norm': 9.393062449246552, 'matching_present_fraction_this_epoch': 1.0}, {'epoch': 44, 'mean_loss': 2.1763940498232843, 'lr': 0.0008802029828000149, 'median_grad_norm': 19.68124485015869, 'median_matching_grad_norm': 8.47524872181284, 'matching_present_fraction_this_epoch': 1.0, 'val_epe': 5.6974229326176715, 'val_d1': 44.92815445100717}, {'epoch': 45, 'mean_loss': 2.1458784461021425, 'lr': 0.0008750555348152292, 'median_grad_norm': 27.79026985168457, 'median_matching_grad_norm': 10.938800977594308, 'matching_present_fraction_this_epoch': 1.0}, {'epoch': 46, 'mean_loss': 2.2421418257057666, 'lr': 0.0008698155474893041, 'median_grad_norm': 37.03073692321777, 'median_matching_grad_norm': 12.138550361267395, 'matching_present_fraction_this_epoch': 1.0}, {'epoch': 47, 'mean_loss': 2.2077813409268856, 'lr': 0.0008644843137107051, 'median_grad_norm': 24.54672622680664, 'median_matching_grad_norm': 9.519905286316728, 'matching_present_fraction_this_epoch': 1.0}, {'epoch': 48, 'mean_loss': 2.3009920537471773, 'lr': 0.0008590631488815939, 'median_grad_norm': 24.159141540527344, 'median_matching_grad_norm': 9.779228607567987, 'matching_present_fraction_this_epoch': 1.0}, {'epoch': 49, 'mean_loss': 2.121694239228964, 'lr': 0.0008535533905932731, 'median_grad_norm': 33.00651741027832, 'median_matching_grad_norm': 11.663639521667593, 'matching_present_fraction_this_epoch': 1.0, 'val_epe': 5.59364831609006, 'val_d1': 37.81849127033332}, {'epoch': 50, 'mean_loss': 2.4126933470368384, 'lr': 0.0008479563982961564, 'median_grad_norm': 32.841726303100586, 'median_matching_grad_norm': 12.130063357737015, 'matching_present_fraction_this_epoch': 1.0}, {'epoch': 51, 'mean_loss': 2.0642006918787956, 'lr': 0.0008422735529643437, 'median_grad_norm': 25.103432655334473, 'median_matching_grad_norm': 9.017259974338302, 'matching_present_fraction_this_epoch': 1.0}, {'epoch': 52, 'mean_loss': 2.2741611666977404, 'lr': 0.000836506256754886, 'median_grad_norm': 35.00424575805664, 'median_matching_grad_norm': 11.440418559160923, 'matching_present_fraction_this_epoch': 1.0}, {'epoch': 53, 'mean_loss': 2.2475552551448343, 'lr': 0.0008306559326618253, 'median_grad_norm': 27.062026023864746, 'median_matching_grad_norm': 9.221820106138662, 'matching_present_fraction_this_epoch': 1.0}, {'epoch': 54, 'mean_loss': 2.117245639115572, 'lr': 0.0008247240241650912, 'median_grad_norm': 26.36804962158203, 'median_matching_grad_norm': 10.223388639441364, 'matching_present_fraction_this_epoch': 1.0, 'val_epe': 6.315956499717986, 'val_d1': 46.88103391402173}, {'epoch': 55, 'mean_loss': 2.0235340528190138, 'lr': 0.0008187119948743442, 'median_grad_norm': 23.646268844604492, 'median_matching_grad_norm': 7.917089112292873, 'matching_present_fraction_this_epoch': 1.0}, {'epoch': 56, 'mean_loss': 1.987409545481205, 'lr': 0.000812621328167852, 'median_grad_norm': 28.49826145172119, 'median_matching_grad_norm': 9.592571876059289, 'matching_present_fraction_this_epoch': 1.0}, {'epoch': 57, 'mean_loss': 1.9115332961082458, 'lr': 0.0008064535268264877, 'median_grad_norm': 24.823872566223145, 'median_matching_grad_norm': 8.65576368490302, 'matching_present_fraction_this_epoch': 1.0}, {'epoch': 58, 'mean_loss': 1.9336018152534962, 'lr': 0.0008002101126629415, 'median_grad_norm': 22.40159797668457, 'median_matching_grad_norm': 8.086746149951185, 'matching_present_fraction_this_epoch': 1.0}, {'epoch': 59, 'mean_loss': 2.0448639653623104, 'lr': 0.000793892626146236, 'median_grad_norm': 27.08907699584961, 'median_matching_grad_norm': 8.76268809588267, 'matching_present_fraction_this_epoch': 1.0, 'val_epe': 5.703952033815909, 'val_d1': 46.970323753568636}, {'epoch': 60, 'mean_loss': 1.7892178654670716, 'lr': 0.0007875026260216388, 'median_grad_norm': 20.87661647796631, 'median_matching_grad_norm': 8.059040990379028, 'matching_present_fraction_this_epoch': 1.0}, {'epoch': 61, 'mean_loss': 2.0729134447872637, 'lr': 0.0007810416889260649, 'median_grad_norm': 30.652562141418457, 'median_matching_grad_norm': 9.9423611552013, 'matching_present_fraction_this_epoch': 1.0}, {'epoch': 62, 'mean_loss': 1.9694960169494151, 'lr': 0.0007745114089990654, 'median_grad_norm': 25.243606567382812, 'median_matching_grad_norm': 8.74844685377626, 'matching_present_fraction_this_epoch': 1.0}, {'epoch': 63, 'mean_loss': 1.9957427501678466, 'lr': 0.0007679133974894978, 'median_grad_norm': 25.9124698638916, 'median_matching_grad_norm': 8.49015059437448, 'matching_present_fraction_this_epoch': 1.0}, {'epoch': 64, 'mean_loss': 1.784427622705698, 'lr': 0.0007612492823579739, 'median_grad_norm': 26.342538833618164, 'median_matching_grad_norm': 8.630664065931668, 'matching_present_fraction_this_epoch': 1.0, 'val_epe': 5.231301210104283, 'val_d1': 37.67891545616793}, {'epoch': 65, 'mean_loss': 1.8611264422535896, 'lr': 0.0007545207078751852, 'median_grad_norm': 27.397205352783203, 'median_matching_grad_norm': 8.507931415093836, 'matching_present_fraction_this_epoch': 1.0}, {'epoch': 66, 'mean_loss': 1.9865723326802254, 'lr': 0.0007477293342162034, 'median_grad_norm': 22.289329528808594, 'median_matching_grad_norm': 8.266712746012146, 'matching_present_fraction_this_epoch': 1.0}, {'epoch': 67, 'mean_loss': 1.8931770995259285, 'lr': 0.0007408768370508571, 'median_grad_norm': 23.875462532043457, 'median_matching_grad_norm': 8.115701384822515, 'matching_present_fraction_this_epoch': 1.0}, {'epoch': 68, 'mean_loss': 1.7845569588243961, 'lr': 0.0007339649071302863, 'median_grad_norm': 21.31355381011963, 'median_matching_grad_norm': 8.278212585849513, 'matching_present_fraction_this_epoch': 1.0}, {'epoch': 69, 'mean_loss': 1.8166794128715993, 'lr': 0.0007269952498697729, 'median_grad_norm': 21.330575942993164, 'median_matching_grad_norm': 7.723155870631219, 'matching_present_fraction_this_epoch': 1.0, 'val_epe': 4.920564493767384, 'val_d1': 32.26414749692966}, {'epoch': 70, 'mean_loss': 1.7128675289452076, 'lr': 0.000719969584927957, 'median_grad_norm': 26.719205856323242, 'median_matching_grad_norm': 7.834830798316542, 'matching_present_fraction_this_epoch': 1.0}, {'epoch': 71, 'mean_loss': 1.7501669712364674, 'lr': 0.0007128896457825358, 'median_grad_norm': 28.49025535583496, 'median_matching_grad_norm': 9.11669206627718, 'matching_present_fraction_this_epoch': 1.0}, {'epoch': 72, 'mean_loss': 1.989226121455431, 'lr': 0.0007057571793025539, 'median_grad_norm': 33.76184844970703, 'median_matching_grad_norm': 9.985693847662537, 'matching_present_fraction_this_epoch': 1.0}, {'epoch': 73, 'mean_loss': 1.8595801964402199, 'lr': 0.0006985739453173898, 'median_grad_norm': 32.18052291870117, 'median_matching_grad_norm': 9.274123517891775, 'matching_present_fraction_this_epoch': 1.0}, {'epoch': 74, 'mean_loss': 1.771272486448288, 'lr': 0.0006913417161825444, 'median_grad_norm': 24.511637687683105, 'median_matching_grad_norm': 7.43503473385657, 'matching_present_fraction_this_epoch': 1.0, 'val_epe': 4.694052096784793, 'val_d1': 30.85936366752375}, {'epoch': 75, 'mean_loss': 1.6307741597294807, 'lr': 0.0006840622763423385, 'median_grad_norm': 18.694725036621094, 'median_matching_grad_norm': 6.911251338253331, 'matching_present_fraction_this_epoch': 1.0}, {'epoch': 76, 'mean_loss': 1.7681705988943577, 'lr': 0.000676737421889628, 'median_grad_norm': 22.582362174987793, 'median_matching_grad_norm': 7.511263828170257, 'matching_present_fraction_this_epoch': 1.0}, {'epoch': 77, 'mean_loss': 1.7405355885624885, 'lr': 0.0006693689601226452, 'median_grad_norm': 26.00142192840576, 'median_matching_grad_norm': 8.837623916393378, 'matching_present_fraction_this_epoch': 1.0}, {'epoch': 78, 'mean_loss': 1.7097177870571614, 'lr': 0.0006619587090990741, 'median_grad_norm': 33.36138725280762, 'median_matching_grad_norm': 9.979296168748663, 'matching_present_fraction_this_epoch': 1.0}, {'epoch': 79, 'mean_loss': 1.6160449482500554, 'lr': 0.0006545084971874731, 'median_grad_norm': 25.205162048339844, 'median_matching_grad_norm': 7.502319153428125, 'matching_present_fraction_this_epoch': 1.0, 'val_epe': 5.606610888844336, 'val_d1': 38.29362926127969}, {'epoch': 80, 'mean_loss': 1.6411488339304925, 'lr': 0.0006470201626161514, 'median_grad_norm': 20.50589370727539, 'median_matching_grad_norm': 7.0065153366707325, 'matching_present_fraction_this_epoch': 1.0}, {'epoch': 81, 'mean_loss': 1.863247674703598, 'lr': 0.0006394955530196142, 'median_grad_norm': 28.96129035949707, 'median_matching_grad_norm': 9.178341043136225, 'matching_present_fraction_this_epoch': 1.0}, {'epoch': 82, 'mean_loss': 1.5736729070544242, 'lr': 0.0006319365249826858, 'median_grad_norm': 25.427051544189453, 'median_matching_grad_norm': 7.573803290578278, 'matching_present_fraction_this_epoch': 1.0}, {'epoch': 83, 'mean_loss': 1.6532830983400344, 'lr': 0.0006243449435824268, 'median_grad_norm': 22.90402126312256, 'median_matching_grad_norm': 7.3645350511064285, 'matching_present_fraction_this_epoch': 1.0}, {'epoch': 84, 'mean_loss': 1.533467198163271, 'lr': 0.0006167226819279523, 'median_grad_norm': 23.481377601623535, 'median_matching_grad_norm': 7.014074939860464, 'matching_present_fraction_this_epoch': 1.0, 'val_epe': 4.929087749275714, 'val_d1': 34.50305530275273}, {'epoch': 85, 'mean_loss': 1.7589504227042199, 'lr': 0.0006090716206982709, 'median_grad_norm': 30.349702835083008, 'median_matching_grad_norm': 9.616062484853543, 'matching_present_fraction_this_epoch': 1.0}, {'epoch': 86, 'mean_loss': 1.7049602925777436, 'lr': 0.0006013936476782558, 'median_grad_norm': 20.70435333251953, 'median_matching_grad_norm': 7.167443963864517, 'matching_present_fraction_this_epoch': 1.0}, {'epoch': 87, 'mean_loss': 1.7719423435628414, 'lr': 0.000593690657292862, 'median_grad_norm': 24.51871967315674, 'median_matching_grad_norm': 7.208707153105012, 'matching_present_fraction_this_epoch': 1.0}, {'epoch': 88, 'mean_loss': 1.5554900646209717, 'lr': 0.0005859645501397043, 'median_grad_norm': 20.01681423187256, 'median_matching_grad_norm': 6.152940741123475, 'matching_present_fraction_this_epoch': 1.0}, {'epoch': 89, 'mean_loss': 1.6212479144334793, 'lr': 0.000578217232520115, 'median_grad_norm': 26.092713356018066, 'median_matching_grad_norm': 7.9789754995549345, 'matching_present_fraction_this_epoch': 1.0, 'val_epe': 4.619491290981176, 'val_d1': 29.43180072141033}, {'epoch': 90, 'mean_loss': 1.5741970755159855, 'lr': 0.000570450615968791, 'median_grad_norm': 21.366169929504395, 'median_matching_grad_norm': 6.475267087187257, 'matching_present_fraction_this_epoch': 1.0}, {'epoch': 91, 'mean_loss': 1.565298542380333, 'lr': 0.0005626666167821518, 'median_grad_norm': 19.437763214111328, 'median_matching_grad_norm': 6.095751805917766, 'matching_present_fraction_this_epoch': 1.0}, {'epoch': 92, 'mean_loss': 1.3558402083814145, 'lr': 0.0005548671555455222, 'median_grad_norm': 25.179797172546387, 'median_matching_grad_norm': 7.153695149104674, 'matching_present_fraction_this_epoch': 1.0}, {'epoch': 93, 'mean_loss': 1.5709806472063064, 'lr': 0.0005470541566592567, 'median_grad_norm': 25.151129722595215, 'median_matching_grad_norm': 7.495004113072538, 'matching_present_fraction_this_epoch': 1.0}, {'epoch': 94, 'mean_loss': 1.5496621906757355, 'lr': 0.000539229547863922, 'median_grad_norm': 18.444920539855957, 'median_matching_grad_norm': 6.230994997210858, 'matching_present_fraction_this_epoch': 1.0, 'val_epe': 4.972880174153224, 'val_d1': 30.51423855967215}, {'epoch': 95, 'mean_loss': 1.4973547950387, 'lr': 0.0005313952597646562, 'median_grad_norm': 26.98069477081299, 'median_matching_grad_norm': 7.4459385631435175, 'matching_present_fraction_this_epoch': 1.0}, {'epoch': 96, 'mean_loss': 1.5845913730561734, 'lr': 0.0005235532253548208, 'median_grad_norm': 27.18111515045166, 'median_matching_grad_norm': 7.845929392865122, 'matching_present_fraction_this_epoch': 1.0}, {'epoch': 97, 'mean_loss': 1.5802322059869767, 'lr': 0.0005157053795390637, 'median_grad_norm': 18.98461151123047, 'median_matching_grad_norm': 6.676577192748681, 'matching_present_fraction_this_epoch': 1.0}, {'epoch': 98, 'mean_loss': 1.5126233831048013, 'lr': 0.0005078536586559099, 'median_grad_norm': 22.372532844543457, 'median_matching_grad_norm': 7.292336260427729, 'matching_present_fraction_this_epoch': 1.0}, {'epoch': 99, 'mean_loss': 1.3897728461772203, 'lr': 0.0004999999999999996, 'median_grad_norm': 23.371933937072754, 'median_matching_grad_norm': 7.437677487421702, 'matching_present_fraction_this_epoch': 1.0, 'val_epe': 4.796256235330435, 'val_d1': 31.578625022429907}, {'epoch': 100, 'mean_loss': 1.5630851157009602, 'lr': 0.0004921463413440893, 'median_grad_norm': 27.116273880004883, 'median_matching_grad_norm': 7.388825711502431, 'matching_present_fraction_this_epoch': 1.0}, {'epoch': 101, 'mean_loss': 1.479600089788437, 'lr': 0.0004842946204609354, 'median_grad_norm': 24.22657012939453, 'median_matching_grad_norm': 8.002306203729438, 'matching_present_fraction_this_epoch': 1.0}, {'epoch': 102, 'mean_loss': 1.4968871839344502, 'lr': 0.00047644677464517824, 'median_grad_norm': 25.999276161193848, 'median_matching_grad_norm': 7.017672640545479, 'matching_present_fraction_this_epoch': 1.0}, {'epoch': 103, 'mean_loss': 1.2985329821705818, 'lr': 0.00046860474023534287, 'median_grad_norm': 23.556631088256836, 'median_matching_grad_norm': 6.852692517505197, 'matching_present_fraction_this_epoch': 1.0}, {'epoch': 104, 'mean_loss': 1.2920240059494972, 'lr': 0.00046077045213607716, 'median_grad_norm': 23.570185661315918, 'median_matching_grad_norm': 7.1643089956478585, 'matching_present_fraction_this_epoch': 1.0, 'val_epe': 4.471277178235897, 'val_d1': 30.618463763475408}, {'epoch': 105, 'mean_loss': 1.461092083901167, 'lr': 0.0004529458433407424, 'median_grad_norm': 21.33583641052246, 'median_matching_grad_norm': 7.605161625505932, 'matching_present_fraction_this_epoch': 1.0}, {'epoch': 106, 'mean_loss': 1.4174963757395744, 'lr': 0.000445132844454477, 'median_grad_norm': 21.880712509155273, 'median_matching_grad_norm': 6.210736965698402, 'matching_present_fraction_this_epoch': 1.0}, {'epoch': 107, 'mean_loss': 1.3054617386311294, 'lr': 0.0004373333832178475, 'median_grad_norm': 19.826390266418457, 'median_matching_grad_norm': 6.131953416277148, 'matching_present_fraction_this_epoch': 1.0}, {'epoch': 108, 'mean_loss': 1.467554048448801, 'lr': 0.0004295493840312084, 'median_grad_norm': 23.438838005065918, 'median_matching_grad_norm': 7.371258538913958, 'matching_present_fraction_this_epoch': 1.0}, {'epoch': 109, 'mean_loss': 1.3277101032435894, 'lr': 0.0004217827674798842, 'median_grad_norm': 20.33477210998535, 'median_matching_grad_norm': 7.121470800297166, 'matching_present_fraction_this_epoch': 1.0, 'val_epe': 4.151322467172615, 'val_d1': 28.847494888129827}, {'epoch': 110, 'mean_loss': 1.319907319918275, 'lr': 0.00041403544986029484, 'median_grad_norm': 27.177926063537598, 'median_matching_grad_norm': 7.372315078908175, 'matching_present_fraction_this_epoch': 1.0}, {'epoch': 111, 'mean_loss': 1.301153828203678, 'lr': 0.0004063093427071374, 'median_grad_norm': 18.50130844116211, 'median_matching_grad_norm': 5.552839066815633, 'matching_present_fraction_this_epoch': 1.0}, {'epoch': 112, 'mean_loss': 1.3790063872933387, 'lr': 0.00039860635232174353, 'median_grad_norm': 19.54576015472412, 'median_matching_grad_norm': 6.470540710895057, 'matching_present_fraction_this_epoch': 1.0}, {'epoch': 113, 'mean_loss': 1.4146908171474935, 'lr': 0.0003909283793017286, 'median_grad_norm': 24.098875999450684, 'median_matching_grad_norm': 7.113471637197641, 'matching_present_fraction_this_epoch': 1.0}, {'epoch': 114, 'mean_loss': 1.3025451231747867, 'lr': 0.000383277318072047, 'median_grad_norm': 27.35002899169922, 'median_matching_grad_norm': 7.432649977543427, 'matching_present_fraction_this_epoch': 1.0, 'val_epe': 4.443113800283188, 'val_d1': 27.32870802652263}, {'epoch': 115, 'mean_loss': 1.4284419257193803, 'lr': 0.00037565505641757235, 'median_grad_norm': 28.95293140411377, 'median_matching_grad_norm': 7.870327744146071, 'matching_present_fraction_this_epoch': 1.0}, {'epoch': 116, 'mean_loss': 1.2913018465042114, 'lr': 0.0003680634750173133, 'median_grad_norm': 22.573437690734863, 'median_matching_grad_norm': 6.642137106040258, 'matching_present_fraction_this_epoch': 1.0}, {'epoch': 117, 'mean_loss': 1.1870520688593387, 'lr': 0.00036050444698038515, 'median_grad_norm': 19.357131958007812, 'median_matching_grad_norm': 5.583672432005908, 'matching_present_fraction_this_epoch': 1.0}, {'epoch': 118, 'mean_loss': 1.3146471813321114, 'lr': 0.0003529798373838478, 'median_grad_norm': 25.55808734893799, 'median_matching_grad_norm': 7.350391577097341, 'matching_present_fraction_this_epoch': 1.0}, {'epoch': 119, 'mean_loss': 1.25186559073627, 'lr': 0.0003454915028125262, 'median_grad_norm': 25.986055374145508, 'median_matching_grad_norm': 7.35225091664774, 'matching_present_fraction_this_epoch': 1.0, 'val_epe': 4.400839794156501, 'val_d1': 29.752427533934974}, {'epoch': 120, 'mean_loss': 1.1658168125897646, 'lr': 0.00033804129090092506, 'median_grad_norm': 16.032715797424316, 'median_matching_grad_norm': 5.089395940165353, 'matching_present_fraction_this_epoch': 1.0}, {'epoch': 121, 'mean_loss': 1.2891925260424615, 'lr': 0.0003306310398773541, 'median_grad_norm': 25.618478775024414, 'median_matching_grad_norm': 7.339563589090792, 'matching_present_fraction_this_epoch': 1.0}, {'epoch': 122, 'mean_loss': 1.1481320053339004, 'lr': 0.00032326257811037126, 'median_grad_norm': 17.72732448577881, 'median_matching_grad_norm': 5.64512068496299, 'matching_present_fraction_this_epoch': 1.0}, {'epoch': 123, 'mean_loss': 1.323814007639885, 'lr': 0.0003159377236576609, 'median_grad_norm': 25.049635887145996, 'median_matching_grad_norm': 6.729394189101945, 'matching_present_fraction_this_epoch': 1.0}, {'epoch': 124, 'mean_loss': 1.0929775569587945, 'lr': 0.000308658283817455, 'median_grad_norm': 21.07325267791748, 'median_matching_grad_norm': 6.017676789777381, 'matching_present_fraction_this_epoch': 1.0, 'val_epe': 4.215786527303098, 'val_d1': 26.84712311575337}, {'epoch': 125, 'mean_loss': 1.3193432733416557, 'lr': 0.0003014260546826094, 'median_grad_norm': 18.665520668029785, 'median_matching_grad_norm': 6.269759062315641, 'matching_present_fraction_this_epoch': 1.0}, {'epoch': 126, 'mean_loss': 1.299431100487709, 'lr': 0.0002942428206974454, 'median_grad_norm': 23.551849365234375, 'median_matching_grad_norm': 6.839363614100129, 'matching_present_fraction_this_epoch': 1.0}, {'epoch': 127, 'mean_loss': 1.291594398021698, 'lr': 0.00028711035421746345, 'median_grad_norm': 22.513100624084473, 'median_matching_grad_norm': 6.890889491614514, 'matching_present_fraction_this_epoch': 1.0}, {'epoch': 128, 'mean_loss': 1.1102550052106381, 'lr': 0.0002800304150720422, 'median_grad_norm': 17.388235092163086, 'median_matching_grad_norm': 5.222901051081765, 'matching_present_fraction_this_epoch': 1.0}, {'epoch': 129, 'mean_loss': 1.227667298913002, 'lr': 0.0002730047501302264, 'median_grad_norm': 16.57460594177246, 'median_matching_grad_norm': 5.984877720812671, 'matching_present_fraction_this_epoch': 1.0, 'val_epe': 4.132499357662248, 'val_d1': 24.23418651153945}, {'epoch': 130, 'mean_loss': 1.160166224092245, 'lr': 0.0002660350928697132, 'median_grad_norm': 17.44136619567871, 'median_matching_grad_norm': 5.366935082654837, 'matching_present_fraction_this_epoch': 1.0}, {'epoch': 131, 'mean_loss': 1.2415700480341911, 'lr': 0.0002591231629491421, 'median_grad_norm': 17.206777572631836, 'median_matching_grad_norm': 5.580173410938979, 'matching_present_fraction_this_epoch': 1.0}, {'epoch': 132, 'mean_loss': 1.213612449169159, 'lr': 0.00025227066578379596, 'median_grad_norm': 16.246027946472168, 'median_matching_grad_norm': 4.8455066956159225, 'matching_present_fraction_this_epoch': 1.0}, {'epoch': 133, 'mean_loss': 1.079938516393304, 'lr': 0.0002454792921248141, 'median_grad_norm': 30.15842342376709, 'median_matching_grad_norm': 8.092314455656755, 'matching_present_fraction_this_epoch': 1.0}, {'epoch': 134, 'mean_loss': 1.1134972162544727, 'lr': 0.00023875071764202534, 'median_grad_norm': 18.04742431640625, 'median_matching_grad_norm': 5.318152342047607, 'matching_present_fraction_this_epoch': 1.0, 'val_epe': 4.0952533383210445, 'val_d1': 26.48104551847741}, {'epoch': 135, 'mean_loss': 1.1271555602550507, 'lr': 0.0002320866025105013, 'median_grad_norm': 22.311792373657227, 'median_matching_grad_norm': 5.781927164395988, 'matching_present_fraction_this_epoch': 1.0}, {'epoch': 136, 'mean_loss': 1.1298183176666499, 'lr': 0.0002254885910009338, 'median_grad_norm': 21.355249404907227, 'median_matching_grad_norm': 6.1203806702929215, 'matching_present_fraction_this_epoch': 1.0}, {'epoch': 137, 'mean_loss': 1.1684325676411391, 'lr': 0.0002189583110739344, 'median_grad_norm': 18.694292068481445, 'median_matching_grad_norm': 5.98615904239767, 'matching_present_fraction_this_epoch': 1.0}, {'epoch': 138, 'mean_loss': 1.1038921035826206, 'lr': 0.00021249737397836048, 'median_grad_norm': 20.66114902496338, 'median_matching_grad_norm': 6.333419442838723, 'matching_present_fraction_this_epoch': 1.0}, {'epoch': 139, 'mean_loss': 1.142707372829318, 'lr': 0.00020610737385376327, 'median_grad_norm': 19.818145751953125, 'median_matching_grad_norm': 5.578667644098223, 'matching_present_fraction_this_epoch': 1.0, 'val_epe': 3.9140551862895108, 'val_d1': 24.732855759839342}, {'epoch': 140, 'mean_loss': 1.0356349743902684, 'lr': 0.00019978988733705783, 'median_grad_norm': 20.941367149353027, 'median_matching_grad_norm': 6.014958244924693, 'matching_present_fraction_this_epoch': 1.0}, {'epoch': 141, 'mean_loss': 1.1100001964718103, 'lr': 0.00019354647317351147, 'median_grad_norm': 18.742877960205078, 'median_matching_grad_norm': 5.8252673925237595, 'matching_present_fraction_this_epoch': 1.0}, {'epoch': 142, 'mean_loss': 1.1491017077118157, 'lr': 0.00018737867183214719, 'median_grad_norm': 18.02578830718994, 'median_matching_grad_norm': 5.704017100187675, 'matching_present_fraction_this_epoch': 1.0}, {'epoch': 143, 'mean_loss': 1.1020030427724123, 'lr': 0.0001812880051256549, 'median_grad_norm': 15.731871604919434, 'median_matching_grad_norm': 5.2510150237831, 'matching_present_fraction_this_epoch': 1.0}, {'epoch': 144, 'mean_loss': 1.0392334036529065, 'lr': 0.00017527597583490801, 'median_grad_norm': 17.100899696350098, 'median_matching_grad_norm': 5.3921053351666695, 'matching_present_fraction_this_epoch': 1.0, 'val_epe': 3.8406937699905006, 'val_d1': 23.90292228130705}, {'epoch': 145, 'mean_loss': 1.0504294637590648, 'lr': 0.00016934406733817395, 'median_grad_norm': 16.139525890350342, 'median_matching_grad_norm': 4.817397117362429, 'matching_present_fraction_this_epoch': 1.0}, {'epoch': 146, 'mean_loss': 1.0789008229970931, 'lr': 0.0001634937432451131, 'median_grad_norm': 17.03473949432373, 'median_matching_grad_norm': 5.239783992877268, 'matching_present_fraction_this_epoch': 1.0}, {'epoch': 147, 'mean_loss': 1.033065129816532, 'lr': 0.00015772644703565544, 'median_grad_norm': 18.224324226379395, 'median_matching_grad_norm': 5.352027677082592, 'matching_present_fraction_this_epoch': 1.0}, {'epoch': 148, 'mean_loss': 1.0548829965293407, 'lr': 0.00015204360170384266, 'median_grad_norm': 17.46513843536377, 'median_matching_grad_norm': 5.590886155405709, 'matching_present_fraction_this_epoch': 1.0}, {'epoch': 149, 'mean_loss': 1.0303053110837936, 'lr': 0.0001464466094067261, 'median_grad_norm': 16.30918550491333, 'median_matching_grad_norm': 5.27408417043217, 'matching_present_fraction_this_epoch': 1.0, 'val_epe': 3.9960720091701933, 'val_d1': 25.889325727400593}, {'epoch': 150, 'mean_loss': 1.0627845015376807, 'lr': 0.00014093685111840547, 'median_grad_norm': 19.865429878234863, 'median_matching_grad_norm': 5.576149937137571, 'matching_present_fraction_this_epoch': 1.0}, {'epoch': 151, 'mean_loss': 0.9788298379629851, 'lr': 0.00013551568628929414, 'median_grad_norm': 16.08324909210205, 'median_matching_grad_norm': 5.147318904857983, 'matching_present_fraction_this_epoch': 1.0}, {'epoch': 152, 'mean_loss': 1.0595089983195067, 'lr': 0.00013018445251069497, 'median_grad_norm': 19.608478546142578, 'median_matching_grad_norm': 5.675756373639145, 'matching_present_fraction_this_epoch': 1.0}, {'epoch': 153, 'mean_loss': 1.0704941350966692, 'lr': 0.0001249444651847701, 'median_grad_norm': 20.63058376312256, 'median_matching_grad_norm': 6.0707980737614475, 'matching_present_fraction_this_epoch': 1.0}, {'epoch': 154, 'mean_loss': 1.032924148067832, 'lr': 0.00011979701719998438, 'median_grad_norm': 15.14355182647705, 'median_matching_grad_norm': 4.979439399054241, 'matching_present_fraction_this_epoch': 1.0, 'val_epe': 4.091693249716178, 'val_d1': 25.16770050189271}, {'epoch': 155, 'mean_loss': 1.0782352123409509, 'lr': 0.00011474337861210527, 'median_grad_norm': 19.92034149169922, 'median_matching_grad_norm': 5.672765764315451, 'matching_present_fraction_this_epoch': 1.0}, {'epoch': 156, 'mean_loss': 0.9871719222515821, 'lr': 0.00010978479633083506, 'median_grad_norm': 16.032593250274658, 'median_matching_grad_norm': 5.532497667190098, 'matching_present_fraction_this_epoch': 1.0}, {'epoch': 157, 'mean_loss': 1.0208845008164644, 'lr': 0.00010492249381215464, 'median_grad_norm': 16.51570224761963, 'median_matching_grad_norm': 5.029291735218434, 'matching_present_fraction_this_epoch': 1.0}, {'epoch': 158, 'mean_loss': 1.0041357450187207, 'lr': 0.00010015767075645462, 'median_grad_norm': 15.303094387054443, 'median_matching_grad_norm': 4.866900424203938, 'matching_present_fraction_this_epoch': 1.0}, {'epoch': 159, 'mean_loss': 0.9802805740386248, 'lr': 9.549150281252619e-05, 'median_grad_norm': 14.711978435516357, 'median_matching_grad_norm': 5.098725712986778, 'matching_present_fraction_this_epoch': 1.0, 'val_epe': 4.051023225063715, 'val_d1': 25.388722403153835}, {'epoch': 160, 'mean_loss': 0.9403610672801733, 'lr': 9.092514128748822e-05, 'median_grad_norm': 17.04703712463379, 'median_matching_grad_norm': 5.069307369855152, 'matching_present_fraction_this_epoch': 1.0}, {'epoch': 161, 'mean_loss': 0.9960670966655016, 'lr': 8.645971286271907e-05, 'median_grad_norm': 15.28116750717163, 'median_matching_grad_norm': 4.554519049462671, 'matching_present_fraction_this_epoch': 1.0}, {'epoch': 162, 'mean_loss': 0.946069011837244, 'lr': 8.209631931586485e-05, 'median_grad_norm': 16.686427116394043, 'median_matching_grad_norm': 5.007152718367127, 'matching_present_fraction_this_epoch': 1.0}, {'epoch': 163, 'mean_loss': 0.986592448502779, 'lr': 7.783603724899246e-05, 'median_grad_norm': 16.68106174468994, 'median_matching_grad_norm': 5.159174090177188, 'matching_present_fraction_this_epoch': 1.0}, {'epoch': 164, 'mean_loss': 1.017179761081934, 'lr': 7.367991782295392e-05, 'median_grad_norm': 18.939632415771484, 'median_matching_grad_norm': 5.260034622073126, 'matching_present_fraction_this_epoch': 1.0, 'val_epe': 3.7946955018887896, 'val_d1': 23.53566274873023}, {'epoch': 165, 'mean_loss': 1.0710676357150077, 'lr': 6.962898649802802e-05, 'median_grad_norm': 16.71180248260498, 'median_matching_grad_norm': 5.780035962692901, 'matching_present_fraction_this_epoch': 1.0}, {'epoch': 166, 'mean_loss': 0.9737185057252645, 'lr': 6.568424278090424e-05, 'median_grad_norm': 15.717395782470703, 'median_matching_grad_norm': 5.029104983863959, 'matching_present_fraction_this_epoch': 1.0}, {'epoch': 167, 'mean_loss': 0.9490682616829872, 'lr': 6.184665997806812e-05, 'median_grad_norm': 14.659698486328125, 'median_matching_grad_norm': 4.713753952767464, 'matching_present_fraction_this_epoch': 1.0}, {'epoch': 168, 'mean_loss': 0.9332770153880119, 'lr': 5.811718495565318e-05, 'median_grad_norm': 14.513078689575195, 'median_matching_grad_norm': 4.760327656854784, 'matching_present_fraction_this_epoch': 1.0}, {'epoch': 169, 'mean_loss': 0.9313323751091958, 'lr': 5.449673790581603e-05, 'median_grad_norm': 15.328998565673828, 'median_matching_grad_norm': 4.62399780645645, 'matching_present_fraction_this_epoch': 1.0, 'val_epe': 3.7465212188616723, 'val_d1': 22.769231430453317}, {'epoch': 170, 'mean_loss': 1.0234051190316678, 'lr': 5.098621211969216e-05, 'median_grad_norm': 15.280119895935059, 'median_matching_grad_norm': 4.6268815850356635, 'matching_present_fraction_this_epoch': 1.0}, {'epoch': 171, 'mean_loss': 0.9727217301726341, 'lr': 4.7586473766990253e-05, 'median_grad_norm': 16.51246166229248, 'median_matching_grad_norm': 4.963867337082808, 'matching_present_fraction_this_epoch': 1.0}, {'epoch': 172, 'mean_loss': 0.9575206190347672, 'lr': 4.4298361682277405e-05, 'median_grad_norm': 16.25103187561035, 'median_matching_grad_norm': 5.144358108917892, 'matching_present_fraction_this_epoch': 1.0}, {'epoch': 173, 'mean_loss': 0.8870614144951106, 'lr': 4.1122687158009486e-05, 'median_grad_norm': 17.58054256439209, 'median_matching_grad_norm': 4.9715269071146775, 'matching_present_fraction_this_epoch': 1.0}, {'epoch': 174, 'mean_loss': 0.97486572265625, 'lr': 3.8060233744356686e-05, 'median_grad_norm': 17.009142875671387, 'median_matching_grad_norm': 4.630458571436098, 'matching_present_fraction_this_epoch': 1.0, 'val_epe': 3.7456174700946336, 'val_d1': 22.57131099189085}, {'epoch': 175, 'mean_loss': 0.9051570128649473, 'lr': 3.511175705587427e-05, 'median_grad_norm': 13.701324462890625, 'median_matching_grad_norm': 4.482237427711722, 'matching_present_fraction_this_epoch': 1.0}, {'epoch': 176, 'mean_loss': 0.9148516122251749, 'lr': 3.2277984585066264e-05, 'median_grad_norm': 14.664997100830078, 'median_matching_grad_norm': 4.835209838791501, 'matching_present_fraction_this_epoch': 1.0}, {'epoch': 177, 'mean_loss': 0.9519701529294252, 'lr': 2.955961552288723e-05, 'median_grad_norm': 16.12214708328247, 'median_matching_grad_norm': 4.261409042073177, 'matching_present_fraction_this_epoch': 1.0}, {'epoch': 178, 'mean_loss': 1.0329048044979572, 'lr': 2.6957320586227313e-05, 'median_grad_norm': 15.724371433258057, 'median_matching_grad_norm': 5.224590580750632, 'matching_present_fraction_this_epoch': 1.0}, {'epoch': 179, 'mean_loss': 0.9209720727056265, 'lr': 2.44717418524232e-05, 'median_grad_norm': 14.929035663604736, 'median_matching_grad_norm': 4.646560316909393, 'matching_present_fraction_this_epoch': 1.0, 'val_epe': 3.8958069064462406, 'val_d1': 23.437024875440137}, {'epoch': 180, 'mean_loss': 1.0599426947534085, 'lr': 2.210349260083491e-05, 'median_grad_norm': 14.865546226501465, 'median_matching_grad_norm': 4.6599685266407445, 'matching_present_fraction_this_epoch': 1.0}, {'epoch': 181, 'mean_loss': 0.9020129337906837, 'lr': 1.9853157161528496e-05, 'median_grad_norm': 12.708574771881104, 'median_matching_grad_norm': 4.1636012974136705, 'matching_present_fraction_this_epoch': 1.0}, {'epoch': 182, 'mean_loss': 1.026184780523181, 'lr': 1.7721290771100992e-05, 'median_grad_norm': 16.7469539642334, 'median_matching_grad_norm': 4.924920100912417, 'matching_present_fraction_this_epoch': 1.0}, {'epoch': 183, 'mean_loss': 0.8131919894367456, 'lr': 1.5708419435684497e-05, 'median_grad_norm': 13.785263538360596, 'median_matching_grad_norm': 4.538458322486587, 'matching_present_fraction_this_epoch': 1.0}, {'epoch': 184, 'mean_loss': 0.9486245431005955, 'lr': 1.3815039801161704e-05, 'median_grad_norm': 14.015931129455566, 'median_matching_grad_norm': 4.51899168817623, 'matching_present_fraction_this_epoch': 1.0, 'val_epe': 3.8243570282292394, 'val_d1': 22.96124219251147}, {'epoch': 185, 'mean_loss': 0.9069459766149521, 'lr': 1.2041619030626323e-05, 'median_grad_norm': 12.092464923858643, 'median_matching_grad_norm': 4.264833339750879, 'matching_present_fraction_this_epoch': 1.0}, {'epoch': 186, 'mean_loss': 0.9000312805175781, 'lr': 1.0388594689117057e-05, 'median_grad_norm': 14.754916191101074, 'median_matching_grad_norm': 4.666792543305446, 'matching_present_fraction_this_epoch': 1.0}, {'epoch': 187, 'mean_loss': 0.9541869610548019, 'lr': 8.856374635655629e-06, 'median_grad_norm': 15.001556396484375, 'median_matching_grad_norm': 4.531739598460103, 'matching_present_fraction_this_epoch': 1.0}, {'epoch': 188, 'mean_loss': 0.9254624150693417, 'lr': 7.445336922613057e-06, 'median_grad_norm': 14.108465194702148, 'median_matching_grad_norm': 4.828192970636954, 'matching_present_fraction_this_epoch': 1.0}, {'epoch': 189, 'mean_loss': 0.8906403798609972, 'lr': 6.155829702431163e-06, 'median_grad_norm': 12.885828495025635, 'median_matching_grad_norm': 4.590830785248998, 'matching_present_fraction_this_epoch': 1.0, 'val_epe': 3.832239115697913, 'val_d1': 22.870877866327415}, {'epoch': 190, 'mean_loss': 0.9813509672880173, 'lr': 4.988171141721226e-06, 'median_grad_norm': 15.619148254394531, 'median_matching_grad_norm': 4.906343790649933, 'matching_present_fraction_this_epoch': 1.0}, {'epoch': 191, 'mean_loss': 0.9182779923081398, 'lr': 3.942649342761113e-06, 'median_grad_norm': 14.10195016860962, 'median_matching_grad_norm': 4.503093488359779, 'matching_present_fraction_this_epoch': 1.0}, {'epoch': 192, 'mean_loss': 0.9413717500865459, 'lr': 3.0195222724101985e-06, 'median_grad_norm': 13.544065475463867, 'median_matching_grad_norm': 4.427071793830587, 'matching_present_fraction_this_epoch': 1.0}, {'epoch': 193, 'mean_loss': 0.9466540049761534, 'lr': 2.219017698459999e-06, 'median_grad_norm': 15.230590343475342, 'median_matching_grad_norm': 5.048360046514103, 'matching_present_fraction_this_epoch': 1.0}, {'epoch': 194, 'mean_loss': 0.9529442705214024, 'lr': 1.5413331334360161e-06, 'median_grad_norm': 14.453298091888428, 'median_matching_grad_norm': 4.274622416727761, 'matching_present_fraction_this_epoch': 1.0, 'val_epe': 3.8535638288956626, 'val_d1': 23.20525810780754}, {'epoch': 195, 'mean_loss': 0.9585256166756153, 'lr': 9.866357858642194e-07, 'median_grad_norm': 16.399394035339355, 'median_matching_grad_norm': 5.255568041616218, 'matching_present_fraction_this_epoch': 1.0}, {'epoch': 196, 'mean_loss': 0.8864759922027587, 'lr': 5.550625190150475e-07, 'median_grad_norm': 12.768258094787598, 'median_matching_grad_norm': 4.007596067328474, 'matching_present_fraction_this_epoch': 1.0}, {'epoch': 197, 'mean_loss': 0.979271375387907, 'lr': 2.4671981713419966e-07, 'median_grad_norm': 12.1359543800354, 'median_matching_grad_norm': 4.188621586950241, 'matching_present_fraction_this_epoch': 1.0}, {'epoch': 198, 'mean_loss': 0.8551520071923733, 'lr': 6.168375916970607e-08, 'median_grad_norm': 13.004654884338379, 'median_matching_grad_norm': 4.104129862727541, 'matching_present_fraction_this_epoch': 1.0}, {'epoch': 199, 'mean_loss': 0.9037397231906652, 'lr': 0.0, 'median_grad_norm': 14.26017951965332, 'median_matching_grad_norm': 4.714202440874755, 'matching_present_fraction_this_epoch': 1.0, 'val_epe': 3.8346742340931033, 'val_d1': 23.047093674819514}]
STAGEB-DETERMINISTIC-BASELINE-ARM-A-RUNA [05:34:28] metric checkpoints = {'0': {'epoch': 0, 'val_epe': 31.957647916930014, 'val_d1': 95.1349394043261, 'val_loss': 31.057951354980467, 'stage_stats': {'entropy': 1.5350850062913937, 'max_weight': 0.5935095124526191, 'median_top2_gap': 1.4587291359901429, 'initial_std': 0.3188631812997226, 'initial_mean': 7.809809724265369, 'initial_corr_gt': 0.19170469199748663, 'residual_mean_abs': 0.46837439559906924, 'residual_corr_final': 0.7657198957520784, 'final_std': 0.4791397476729463, 'final_corr_gt': 0.1645544145586837}, 'train_loss_of_previous_epoch': None}, '1': {'epoch': 1, 'val_epe': 15.32539188316842, 'val_d1': 87.44677261821234, 'val_loss': 14.37296657562256, 'stage_stats': {'entropy': 1.6789457374294343, 'max_weight': 0.522928357250306, 'median_top2_gap': 1.6936387419700623, 'initial_std': 1.5850265331894713, 'initial_mean': 7.525967931685068, 'initial_corr_gt': 0.3218161593206824, 'residual_mean_abs': 23.77779343096113, 'residual_corr_final': 0.9904026681382068, 'final_std': 7.547337903911439, 'final_corr_gt': 0.3053566804703527}, 'train_loss_of_previous_epoch': 10.532406491041183, 'grad': {'median_total': 54.79760932922363, 'max_total': 308.0343933105469, 'median_matching': 38.08825267293058, 'matching_present_fraction': 1.0}}, '2': {'epoch': 2, 'val_epe': 13.91629144540189, 'val_d1': 84.98684291112814, 'val_loss': 12.989084196090698, 'stage_stats': {'entropy': 1.719775167902349, 'max_weight': 0.48947671707510293, 'median_top2_gap': 1.462775307893753, 'initial_std': 1.8784141594892847, 'initial_mean': 7.156683632595342, 'initial_corr_gt': 0.5077445732705763, 'residual_mean_abs': 22.780030937407606, 'residual_corr_final': 0.9962805275356539, 'final_std': 8.968448447493742, 'final_corr_gt': 0.5229373746788349}, 'train_loss_of_previous_epoch': 10.024383011460305, 'grad': {'median_total': 59.13309097290039, 'max_total': 308.0343933105469, 'median_matching': 36.164378305598134, 'matching_present_fraction': 1.0}}, '5': {'epoch': 5, 'val_epe': 19.536581224718365, 'val_d1': 90.89770135073715, 'val_loss': 18.711572456359864, 'stage_stats': {'entropy': 2.0064460097691645, 'max_weight': 0.3206747354643588, 'median_top2_gap': 0.3418094336986542, 'initial_std': 1.8164417336778427, 'initial_mean': 5.45262563109623, 'initial_corr_gt': 0.6491352265694237, 'residual_mean_abs': 14.068696572366898, 'residual_corr_final': 0.9984018528186354, 'final_std': 6.865474251064809, 'final_corr_gt': 0.6467688514551957}, 'train_loss_of_previous_epoch': 8.376802578568459, 'grad': {'median_total': 61.826480865478516, 'max_total': 308.0343933105469, 'median_matching': 37.94292007040954, 'matching_present_fraction': 1.0}}, '10': {'epoch': 10, 'val_epe': 9.001487655636739, 'val_d1': 64.55236349453139, 'val_loss': 8.298967695236206, 'stage_stats': {'entropy': 1.7350130575698444, 'max_weight': 0.4698075937105547, 'median_top2_gap': 0.8854308247566223, 'initial_std': 2.4511354591270607, 'initial_mean': 5.408232831702879, 'initial_corr_gt': 0.7548377640815696, 'residual_mean_abs': 23.167772818352283, 'residual_corr_final': 0.9997422282930923, 'final_std': 13.673578046582193, 'final_corr_gt': 0.7634300789864008}, 'train_loss_of_previous_epoch': 4.744472429156303, 'grad': {'median_total': 53.98678970336914, 'max_total': 308.0343933105469, 'median_matching': 30.97114143206533, 'matching_present_fraction': 1.0}}, '20': {'epoch': 20, 'val_epe': 7.332060208206768, 'val_d1': 51.10548557662863, 'val_loss': 6.6495250225067135, 'stage_stats': {'entropy': 1.6808615021244968, 'max_weight': 0.50099517464346, 'median_top2_gap': 1.0521517992019653, 'initial_std': 2.460299433961498, 'initial_mean': 4.658508990111959, 'initial_corr_gt': 0.7808166694861497, 'residual_mean_abs': 24.77010574406654, 'residual_corr_final': 0.9998740066067364, 'final_std': 16.093127883306384, 'final_corr_gt': 0.7865405114888808}, 'train_loss_of_previous_epoch': 2.846620035171509, 'grad': {'median_total': 42.50162887573242, 'max_total': 308.0343933105469, 'median_matching': 20.31144101540715, 'matching_present_fraction': 1.0}}, '50': {'epoch': 50, 'val_epe': 5.59364831609006, 'val_d1': 37.81849127033332, 'val_loss': 4.948307514190674, 'stage_stats': {'entropy': 1.7150942156974431, 'max_weight': 0.4751380634859614, 'median_top2_gap': 0.7764232277870178, 'initial_std': 2.1859593936630057, 'initial_mean': 4.202171086040649, 'initial_corr_gt': 0.8596167166728049, 'residual_mean_abs': 26.34992078378379, 'residual_corr_final': 0.999908459132174, 'final_std': 16.75229162833795, 'final_corr_gt': 0.8681259994764092}, 'train_loss_of_previous_epoch': 2.121694239228964, 'grad': {'median_total': 34.33575248718262, 'max_total': 308.0343933105469, 'median_matching': 14.297019011610534, 'matching_present_fraction': 1.0}}, '100': {'epoch': 100, 'val_epe': 4.796256235330435, 'val_d1': 31.578625022429907, 'val_loss': 4.213552045822143, 'stage_stats': {'entropy': 1.7561254206241652, 'max_weight': 0.4543483149308666, 'median_top2_gap': 0.6742748260498047, 'initial_std': 2.091761618837449, 'initial_mean': 4.03471298769699, 'initial_corr_gt': 0.8865279080512328, 'residual_mean_abs': 25.82800343214621, 'residual_corr_final': 0.9998858713128189, 'final_std': 17.182712801581026, 'final_corr_gt': 0.8936259008071079}, 'train_loss_of_previous_epoch': 1.3897728461772203, 'grad': {'median_total': 28.988651275634766, 'max_total': 308.0343933105469, 'median_matching': 10.45726661443102, 'matching_present_fraction': 1.0}}, '150': {'epoch': 150, 'val_epe': 3.9960720091701933, 'val_d1': 25.889325727400593, 'val_loss': 3.4552357375621794, 'stage_stats': {'entropy': 1.7590573064265942, 'max_weight': 0.4511994885478591, 'median_top2_gap': 0.6682977914810181, 'initial_std': 2.068208351359996, 'initial_mean': 4.035486259847329, 'initial_corr_gt': 0.9157955198019231, 'residual_mean_abs': 26.9459517157853, 'residual_corr_final': 0.9998569317785119, 'final_std': 18.028154826157603, 'final_corr_gt': 0.9250700248922896}, 'train_loss_of_previous_epoch': 1.0303053110837936, 'grad': {'median_total': 25.57300090789795, 'max_total': 308.0343933105469, 'median_matching': 8.590507777565714, 'matching_present_fraction': 1.0}}, '200': {'epoch': 200, 'val_epe': 3.8346742340931033, 'val_d1': 23.047093674819514, 'val_loss': 3.3030083179473877, 'stage_stats': {'entropy': 1.7754722617356193, 'max_weight': 0.4447229381915271, 'median_top2_gap': 0.6653794884681702, 'initial_std': 2.02399534351754, 'initial_mean': 4.0039651603012265, 'initial_corr_gt': 0.9167753674046011, 'residual_mean_abs': 27.06978489498461, 'residual_corr_final': 0.999805845837281, 'final_std': 18.00000275061116, 'final_corr_gt': 0.9243262505968642}, 'train_loss_of_previous_epoch': 0.9037397231906652, 'grad': {'median_total': 21.9161958694458, 'max_total': 308.0343933105469, 'median_matching': 7.332180033447209, 'matching_present_fraction': 1.0}}}
STAGEB-DETERMINISTIC-BASELINE-ARM-A-RUNA [05:34:28] metric stereo_ablations = {'10': [{'scene': '000187_10.png', 'baseline': {'epe': 3.0542925632556117, 'd1': 36.594856097845685}, 'softmax_entropy': 1.7181528074247392, 'right_black': {'epe': 13.619850045018861, 'd1': 89.36070868082126, 'd1_penalty': 52.765852582975576, 'mean_abs_change_px': 15.183764965550049}, 'right_noise': {'epe': 13.591601394017248, 'd1': 88.35683065070492, 'd1_penalty': 51.761974552859236, 'mean_abs_change_px': 15.121212499542766}, 'right_equals_left': {'epe': 19.629085055937665, 'd1': 90.76406272292188, 'd1_penalty': 54.16920662507619, 'mean_abs_change_px': 12.875097734270957}, 'initial_constant_mean': {'epe': 13.116883009593698, 'd1': 80.04046640121399, 'd1_penalty': 43.445610303368305, 'mean_abs_change_px': 12.14876506037701}, 'initial_shuffled': {'epe': 13.63554711229979, 'd1': 84.07024552210737, 'd1_penalty': 47.475389424261685, 'mean_abs_change_px': 12.373034473081061}}, {'scene': '000160_10.png', 'baseline': {'epe': 4.004702698152192, 'd1': 51.668097510332025}, 'softmax_entropy': 1.6996677856339837, 'right_black': {'epe': 12.560492153644876, 'd1': 90.99067622337134, 'd1_penalty': 39.32257871303931, 'mean_abs_change_px': 14.352700654835346}, 'right_noise': {'epe': 10.760516908280321, 'd1': 86.63325813085233, 'd1_penalty': 34.9651606205203, 'mean_abs_change_px': 13.219812968405588}, 'right_equals_left': {'epe': 20.751001386207193, 'd1': 91.86715115698685, 'd1_penalty': 40.199053646654825, 'mean_abs_change_px': 14.270670677580988}, 'initial_constant_mean': {'epe': 13.36948460292304, 'd1': 88.57188492023879, 'd1_penalty': 36.90378740990676, 'mean_abs_change_px': 12.7704805449153}, 'initial_shuffled': {'epe': 13.74068016273533, 'd1': 86.31780701579252, 'd1_penalty': 34.6497095054605, 'mean_abs_change_px': 12.957473203997884}}, {'scene': '000191_10.png', 'baseline': {'epe': 3.466963702488142, 'd1': 36.665391591910264}, 'softmax_entropy': 1.6764810365987244, 'right_black': {'epe': 13.249471722702859, 'd1': 86.58703619155736, 'd1_penalty': 49.921644599647095, 'mean_abs_change_px': 16.488049297820186}, 'right_noise': {'epe': 12.58046506661256, 'd1': 86.45253637047914, 'd1_penalty': 49.78714477856887, 'mean_abs_change_px': 15.578159002396832}, 'right_equals_left': {'epe': 21.063649292605053, 'd1': 93.83151738009155, 'd1_penalty': 57.16612578818129, 'mean_abs_change_px': 13.183686932163415}, 'initial_constant_mean': {'epe': 13.361963541224323, 'd1': 86.37356399846992, 'd1_penalty': 49.708172406559655, 'mean_abs_change_px': 12.583821879650394}, 'initial_shuffled': {'epe': 13.754867220752791, 'd1': 85.50116607643045, 'd1_penalty': 48.835774484520186, 'mean_abs_change_px': 12.838059123020718}}, {'scene': '000166_10.png', 'baseline': {'epe': 3.776984104893673, 'd1': 48.07772860551094}, 'softmax_entropy': 1.7247926918154288, 'right_black': {'epe': 11.591193652417447, 'd1': 81.33092935584331, 'd1_penalty': 33.25320075033237, 'mean_abs_change_px': 11.613162540713402}, 'right_noise': {'epe': 11.033963026447509, 'd1': 79.55344296927645, 'd1_penalty': 31.475714363765505, 'mean_abs_change_px': 11.669911619481951}, 'right_equals_left': {'epe': 22.327404340190736, 'd1': 93.3571909887268, 'd1_penalty': 45.27946238321586, 'mean_abs_change_px': 18.612603292539653}, 'initial_constant_mean': {'epe': 11.250528182261574, 'd1': 81.51669125280009, 'd1_penalty': 33.438962647289145, 'mean_abs_change_px': 11.349714069372176}, 'initial_shuffled': {'epe': 11.629818821750574, 'd1': 82.71685880274636, 'd1_penalty': 34.63913019723542, 'mean_abs_change_px': 11.680431821266266}}], '100': [{'scene': '000187_10.png', 'baseline': {'epe': 1.6377552350444602, 'd1': 12.21384936641548}, 'softmax_entropy': 1.7136950305931251, 'right_black': {'epe': 29.667024214040975, 'd1': 97.0428399112852, 'd1_penalty': 84.82899054486973, 'mean_abs_change_px': 35.56580437022408}, 'right_noise': {'epe': 27.62269230306746, 'd1': 94.71472484144175, 'd1_penalty': 82.50087547502628, 'mean_abs_change_px': 30.65354232493586}, 'right_equals_left': {'epe': 22.511570673202506, 'd1': 94.72380384171412, 'd1_penalty': 82.50995447529863, 'mean_abs_change_px': 15.54266975462523}, 'initial_constant_mean': {'epe': 12.931481508483166, 'd1': 82.59944747798342, 'd1_penalty': 70.38559811156793, 'mean_abs_change_px': 12.705022911266658}, 'initial_shuffled': {'epe': 13.12197702411325, 'd1': 83.59035550771067, 'd1_penalty': 71.37650614129518, 'mean_abs_change_px': 12.84766939073172}}, {'scene': '000160_10.png', 'baseline': {'epe': 1.503364715135007, 'd1': 11.948210114400942}, 'softmax_entropy': 1.6980631932424564, 'right_black': {'epe': 29.85844645478382, 'd1': 95.12148860981891, 'd1_penalty': 83.17327849541797, 'mean_abs_change_px': 34.898245530989165}, 'right_noise': {'epe': 30.144187199542724, 'd1': 94.24102062411404, 'd1_penalty': 82.2928105097131, 'mean_abs_change_px': 33.824819779357455}, 'right_equals_left': {'epe': 23.645914627701394, 'd1': 93.01814842174616, 'd1_penalty': 81.06993830734523, 'mean_abs_change_px': 16.672596166409942}, 'initial_constant_mean': {'epe': 13.481550347558212, 'd1': 86.41364026593726, 'd1_penalty': 74.46543015153632, 'mean_abs_change_px': 14.135098988995932}, 'initial_shuffled': {'epe': 13.727676350055505, 'd1': 86.40565416175853, 'd1_penalty': 74.4574440473576, 'mean_abs_change_px': 14.208255349767285}}, {'scene': '000191_10.png', 'baseline': {'epe': 1.504312440956897, 'd1': 12.513419133525005}, 'softmax_entropy': 1.6314913011274579, 'right_black': {'epe': 30.400016827973474, 'd1': 98.68338248540863, 'd1_penalty': 86.16996335188362, 'mean_abs_change_px': 36.77496120648092}, 'right_noise': {'epe': 30.391990232661232, 'd1': 97.89242482200368, 'd1_penalty': 85.37900568847867, 'mean_abs_change_px': 34.095939651837355}, 'right_equals_left': {'epe': 24.073626561072537, 'd1': 96.39935341370418, 'd1_penalty': 83.88593428017917, 'mean_abs_change_px': 15.378994531849035}, 'initial_constant_mean': {'epe': 13.388757384215705, 'd1': 85.32101035278438, 'd1_penalty': 72.80759121925938, 'mean_abs_change_px': 14.149500204388522}, 'initial_shuffled': {'epe': 13.574911452324098, 'd1': 85.72204192939377, 'd1_penalty': 73.20862279586876, 'mean_abs_change_px': 14.278010536683066}}, {'scene': '000166_10.png', 'baseline': {'epe': 2.1618803046792587, 'd1': 23.566264182556594}, 'softmax_entropy': 1.8135426667983663, 'right_black': {'epe': 27.83769499258863, 'd1': 96.83020998379136, 'd1_penalty': 73.26394580123477, 'mean_abs_change_px': 29.550159820802204}, 'right_noise': {'epe': 26.139769040957923, 'd1': 93.99825165273452, 'd1_penalty': 70.43198747017793, 'mean_abs_change_px': 26.782584243550538}, 'right_equals_left': {'epe': 25.857386292434985, 'd1': 95.62002586096997, 'd1_penalty': 72.05376167841338, 'mean_abs_change_px': 21.48083814093554}, 'initial_constant_mean': {'epe': 11.136306757832196, 'd1': 81.15063104409114, 'd1_penalty': 57.58436686153455, 'mean_abs_change_px': 11.856505094925367}, 'initial_shuffled': {'epe': 11.356411751445254, 'd1': 82.28159318144567, 'd1_penalty': 58.71532899888908, 'mean_abs_change_px': 12.052754860537002}}], '200': [{'scene': '000187_10.png', 'baseline': {'epe': 1.3206049773333173, 'd1': 9.60298828808965}, 'softmax_entropy': 1.7258253471681035, 'right_black': {'epe': 32.86954538558804, 'd1': 97.36319892089597, 'd1_penalty': 87.76021063280632, 'mean_abs_change_px': 38.08183720549868}, 'right_noise': {'epe': 32.74539783209026, 'd1': 95.91834087755022, 'd1_penalty': 86.31535258946057, 'mean_abs_change_px': 35.21501887049884}, 'right_equals_left': {'epe': 21.348477304022754, 'd1': 93.45922880377687, 'd1_penalty': 83.85624051568722, 'mean_abs_change_px': 14.733903128504416}, 'initial_constant_mean': {'epe': 12.80791271902538, 'd1': 83.74080751222422, 'd1_penalty': 74.13781922413457, 'mean_abs_change_px': 13.219342406146556}, 'initial_shuffled': {'epe': 12.988510367629162, 'd1': 84.62665853879976, 'd1_penalty': 75.02367025071011, 'mean_abs_change_px': 13.3301423569365}}, {'scene': '000160_10.png', 'baseline': {'epe': 1.1598853403765041, 'd1': 8.462275640385728}, 'softmax_entropy': 1.7235677210977864, 'right_black': {'epe': 34.05611245633647, 'd1': 97.79783177271547, 'd1_penalty': 89.33555613232974, 'mean_abs_change_px': 39.25045192712904}, 'right_noise': {'epe': 34.3318666769097, 'd1': 97.81580050711761, 'd1_penalty': 89.35352486673189, 'mean_abs_change_px': 38.595770768061875}, 'right_equals_left': {'epe': 21.047330436302506, 'd1': 90.83794198095315, 'd1_penalty': 82.37566634056742, 'mean_abs_change_px': 14.877917842889012}, 'initial_constant_mean': {'epe': 13.364573706135785, 'd1': 85.19176632659173, 'd1_penalty': 76.729490686206, 'mean_abs_change_px': 14.417598864172476}, 'initial_shuffled': {'epe': 13.597001594118323, 'd1': 85.97340627308483, 'd1_penalty': 77.5111306326991, 'mean_abs_change_px': 14.450505374659448}}, {'scene': '000191_10.png', 'baseline': {'epe': 1.2915135596885572, 'd1': 8.661048111449759}, 'softmax_entropy': 1.654684241569548, 'right_black': {'epe': 34.884138579988814, 'd1': 98.9671894473168, 'd1_penalty': 90.30614133586704, 'mean_abs_change_px': 42.24180295847131}, 'right_noise': {'epe': 35.3237306348172, 'd1': 99.06960674226626, 'd1_penalty': 90.4085586308165, 'mean_abs_change_px': 39.19425070240835}, 'right_equals_left': {'epe': 23.27180706195674, 'd1': 96.24881232956159, 'd1_penalty': 87.58776421811183, 'mean_abs_change_px': 15.496881472893408}, 'initial_constant_mean': {'epe': 13.359841683005621, 'd1': 85.43329919423502, 'd1_penalty': 76.77225108278526, 'mean_abs_change_px': 14.567369117327917}, 'initial_shuffled': {'epe': 13.455891357937587, 'd1': 86.0243580409916, 'd1_penalty': 77.36330992954184, 'mean_abs_change_px': 14.600793074920063}}, {'scene': '000166_10.png', 'baseline': {'epe': 1.6868097021100856, 'd1': 14.578666520971062}, 'softmax_entropy': 1.823406937513888, 'right_black': {'epe': 32.421502180913535, 'd1': 98.29627201369539, 'd1_penalty': 83.71760549272432, 'mean_abs_change_px': 35.5124667129676}, 'right_noise': {'epe': 32.54964987493377, 'd1': 98.38186818190097, 'd1_penalty': 83.80320166092991, 'mean_abs_change_px': 31.663020423550122}, 'right_equals_left': {'epe': 23.90267435097404, 'd1': 95.3914658799104, 'd1_penalty': 80.81279935893934, 'mean_abs_change_px': 20.120173003608944}, 'initial_constant_mean': {'epe': 10.890436320549851, 'd1': 80.76635888470014, 'd1_penalty': 66.18769236372907, 'mean_abs_change_px': 12.385037355724183}, 'initial_shuffled': {'epe': 11.045020789014929, 'd1': 81.47844615636781, 'd1_penalty': 66.89977963539675, 'mean_abs_change_px': 12.501057113782949}}]}
STAGEB-DETERMINISTIC-BASELINE-ARM-A-RUNA [05:34:28] metric late_window = {'points': 10, 'epe_mean': 3.8670191778987144, 'epe_sd': 0.11131507610570436, 'd1_mean': 23.4954124793027, 'd1_sd': 0.9342409784052281}
STAGEB-DETERMINISTIC-BASELINE-ARM-A-RUNA [05:34:28] metric aborted = None
STAGEB-DETERMINISTIC-BASELINE-ARM-A-RUNA [05:34:28] metric wall_clock_s = 4943.9493906497955
STAGEB-DETERMINISTIC-BASELINE-ARM-A-RUNA [05:34:28] metric epochs_completed = 200
STAGEB-DETERMINISTIC-BASELINE-ARM-A-RUNA [05:34:28] metric parameter_count_unique = 423586
STAGEB-DETERMINISTIC-BASELINE-ARM-A-RUNA [05:34:28] metric primary_endpoint_matching_gradient = {'batches': 16000, 'present_fraction': 1.0, 'norm': {'median': 7.332180033447209, 'max': 306.6581793757545}}
STAGEB-DETERMINISTIC-BASELINE-ARM-A-RUNA [05:34:28] metric gradient_norms = {'median': 21.9161958694458, 'max': 308.0343933105469, 'any_nan': False, 'batches_above_1e4': 0}
STAGEB-DETERMINISTIC-BASELINE-ARM-A-RUNA [05:34:28] metric checkpoint = phase2\diagnostics\determinism\20260909T041500Z_baseline\checkpoints\STAGEB-DETERMINISTIC-BASELINE-ARM-A-RUNA_checkpoint.pth
STAGEB-DETERMINISTIC-BASELINE-ARM-A-RUNA [05:34:28] metric checkpoint_sha256 = 581d62e699b159945580f9627b451d953ce07b5dc763d608a9f4a8b5ecba692a
STAGEB-DETERMINISTIC-BASELINE-ARM-A-RUNA [05:34:28] conclusion: Arm A (6 blocks): 200 epochs; late-window EPE 3.8670191778987144 D1 23.4954124793027; matching gradient 100.0% of 16000 batches; no abort.

recorded as STAGEB-DETERMINISTIC-BASELINE-ARM-A-RUNA
STAGEB-DETERMINISTIC-BASELINE-ARM-A-RUNA [05:34:28] status: completed
run A done in 4949.0s; final weight sha 3ad382c50d413ad2
