layer_name,layer_type,input_height,input_width,output_channels,input_channels,kernel_height,kernel_width,strides_row,strides_col,predecessors,successors,weights,macs,power,fps,total cycles,theoretical cycles,scs,apus,input_aligners,of_per_sc,of_per_mac,l3_output_cuts,l2_weights_usage_ratio,groups,dilation_height,dilation_width,16x4_configuration,elementwise_feed_repeat,ew_add_enabled,defuse_mode,node_layer_input_bw,node_layer_output_bw,defuse_name,l3_weight_cuts,l4_cuts,lcus,node_layer_latency,deprecated,output_features_per_sc,mac_computation_utilization,apu_activation_utilization,subcluster_utilization,buffers_num,buffer_size,context,did_reach_fps,latency,l2_weights,ops,l2_data_usage,input_activation_bits,input_range_min,input_range_max,kernel_range_min,kernel_range_max,output_range_min,output_range_max,output_activation_bits,weights_bits,bias_bits,active_mac_util,width_align_util,feature_align_util,balance_fps_util,mac_layers_util,effective_mac_util,is_4bit_enhanced,is_smuffer_in,is_smuffer_out
const_input1,const_input,23,1,32,32,,,,,,concat1,0,0,,353982.30,1130,,1,1,1,32,0,2,0.0,,,,False,,False,,0.07406734675168991,0.0,stereonet/const_input1,0,0,1,0.0,0,32,0.6513274312019348,0.6513274312019348,0.00018516836540818086,128,256,context_0,False,0.0,0,0,0,8,N/A,N/A,N/A,N/A,-68.94171905517578,75.15777587890625,8,8,8,0.6513274312019348,0.125,1.0,0.0002842938229493547,0.0,2.3146045676022607e-05,False,False,False
const_input10,const_input,23,6,32,32,,,,,,concat9,0,0,,353982.30,1130,,1,1,1,32,0,2,0.0,,,,False,,False,,0.44440406560897827,0.0,stereonet/const_input10,0,0,1,0.0,0,32,0.6513274312019348,0.6513274312019348,0.00018516836540818086,128,256,context_0,False,0.0,0,0,0,8,N/A,N/A,N/A,N/A,-68.94171905517578,75.15777587890625,8,8,8,0.6513274312019348,0.75,1.0,0.0002842938229493547,0.0,0.00013887627405613563,False,False,False
const_input11,const_input,23,7,32,32,,,,,,concat10,0,0,,353982.30,1130,,1,1,1,32,0,2,0.0,,,,False,,False,,0.5184714198112488,0.0,stereonet/const_input11,0,0,1,0.0,0,32,0.6513274312019348,0.6513274312019348,0.00018516836540818086,128,256,context_0,False,0.0,0,0,0,8,N/A,N/A,N/A,N/A,-68.94171905517578,75.15777587890625,8,8,8,0.6513274312019348,0.875,1.0,0.0002842938229493547,0.0,0.00016202231973215823,False,False,False
const_input12,const_input,23,8,32,32,,,,,,concat11,0,0,,353982.30,1130,,1,1,1,32,0,2,0.0,,,,False,,False,,0.5925387740135193,0.0,stereonet/const_input12,0,0,1,0.0,0,32,0.6513274312019348,0.6513274312019348,0.00018516836540818086,128,256,context_0,False,0.0,0,0,0,8,N/A,N/A,N/A,N/A,-68.94171905517578,75.15777587890625,8,8,8,0.6513274312019348,1.0,1.0,0.0002842938229493547,0.0,0.00018516836540818086,False,False,False
const_input2,const_input,23,9,32,32,,,,,,concat2,0,0,,214362.27,1866,,1,1,1,32,0,2,0.0,,,,False,,False,,1.8915499448776245,0.0,stereonet/const_input2,0,0,1,0.0,0,32,0.7888531684875488,0.7888531684875488,0.0010508611152818665,64,512,context_1,False,0.0,0,0,0,8,N/A,N/A,N/A,N/A,-68.94171905517578,75.15777587890625,8,8,8,0.7888531684875488,0.5625,1.0,0.0013321377884513792,0.0,0.00059110937734605,False,False,False
const_input3,const_input,23,10,32,32,,,,,,concat3,0,0,,214362.27,1866,,1,1,1,32,0,2,0.0,,,,False,,False,,2.101722240447998,0.0,stereonet/const_input3,0,0,1,0.0,0,32,0.7888531684875488,0.7888531684875488,0.0010508611152818665,64,512,context_1,False,0.0,0,0,0,8,N/A,N/A,N/A,N/A,-68.94171905517578,75.15777587890625,8,8,8,0.7888531684875488,0.625,1.0,0.0013321377884513792,0.0,0.0006567881970511666,False,False,False
const_input4,const_input,368,1232,12,12,,,,,,ew_mult1,0,0,,252.01,1587209,,18.0,18.0,18.0,12,0,186.0,,,,,False,,False,combined (NORMAL),924.1917419433594,0.0,,0.0,0.0,18.0,14.9127775,0,12,0.6922809200154411,0.6922809200154411,0.02578659742262602,1589.0,29736,context_2,False,0.01491295,0,0,0,8,N/A,N/A,N/A,N/A,0.0,11.0,8,8,8,0,0,0,0,0.0,0,False,False,False
const_input5,const_input,23,2,32,32,,,,,,concat4,0,0,,353982.30,1130,,1,1,1,32,0,2,0.0,,,,False,,False,,0.14813469350337982,0.0,stereonet/const_input5,0,0,1,0.0,0,32,0.6513274312019348,0.6513274312019348,0.00018516836540818086,128,256,context_0,False,0.0,0,0,0,8,N/A,N/A,N/A,N/A,-68.94171905517578,75.15777587890625,8,8,8,0.6513274312019348,0.25,1.0,0.0002842938229493547,0.0,4.6292091352045215e-05,False,False,False
const_input6,const_input,23,11,32,32,,,,,,concat5,0,0,,214362.27,1866,,1,1,1,32,0,2,0.0,,,,False,,False,,2.311894416809082,0.0,stereonet/const_input6,0,0,1,0.0,0,32,0.7888531684875488,0.7888531684875488,0.0010508611152818665,64,512,context_1,False,0.0,0,0,0,8,N/A,N/A,N/A,N/A,-68.94171905517578,75.15777587890625,8,8,8,0.7888531684875488,0.6875,1.0,0.0013321377884513792,0.0,0.0007224670167562833,False,False,False
const_input7,const_input,23,3,32,32,,,,,,concat6,0,0,,353982.30,1130,,1,1,1,32,0,2,0.0,,,,False,,False,,0.22220203280448914,0.0,stereonet/const_input7,0,0,1,0.0,0,32,0.6513274312019348,0.6513274312019348,0.00018516836540818086,128,256,context_0,False,0.0,0,0,0,8,N/A,N/A,N/A,N/A,-68.94171905517578,75.15777587890625,8,8,8,0.6513274312019348,0.375,1.0,0.0002842938229493547,0.0,6.943813702806782e-05,False,False,False
const_input8,const_input,23,4,32,32,,,,,,concat7,0,0,,353982.30,1130,,1,1,1,32,0,2,0.0,,,,False,,False,,0.29626938700675964,0.0,stereonet/const_input8,0,0,1,0.0,0,32,0.6513274312019348,0.6513274312019348,0.00018516836540818086,128,256,context_0,False,0.0,0,0,0,8,N/A,N/A,N/A,N/A,-68.94171905517578,75.15777587890625,8,8,8,0.6513274312019348,0.5,1.0,0.0002842938229493547,0.0,9.258418270409043e-05,False,False,False
const_input9,const_input,23,5,32,32,,,,,,concat8,0,0,,353982.30,1130,,1,1,1,32,0,2,0.0,,,,False,,False,,0.37033671140670776,0.0,stereonet/const_input9,0,0,1,0.0,0,32,0.6513274312019348,0.6513274312019348,0.00018516836540818086,128,256,context_0,False,0.0,0,0,0,8,N/A,N/A,N/A,N/A,-68.94171905517578,75.15777587890625,8,8,8,0.6513274312019348,0.625,1.0,0.0002842938229493547,0.0,0.00011573022838011303,False,False,False
normalization1,normalization,368,1232,3,3,1,1,,,input_layer1,conv1 concat13,0,1360128.0,,699.43,571895,,1,1,1,8,1,1,0.0,,1,1,False,,False,,136.87644958496094,365.0038757324219,stereonet/normalization1,1,0,1,8.7348475,0,3,0.3963804543018341,0.2972853481769562,0.057031856736278586,3,9856,context_0,False,0.0087396375,0,2720256.0,0,8,0.0,255.0,0.017124753445386887,0.017507003620266914,-2.1685712337493896,7.365664482116699,8,8,16,0.3963804543018341,1.0,0.375,0.14388160696957628,1.0,0.02138694627610447,False,False,False
conv1,conv,368,1232,32,3,5,5,2,2,normalization1,conv2,2432.0,275652608,,338.43,1181941,538200,10.0,4.0,4.0,32,1,5.0,,1,1,1,False,,False,combined (SPATIAL_W),460.4026184082031,369.7441711425781,,8.0,0.0,4.0,9.6393225,0,32,0.5628485083580017,0.5728787295520306,0.12504520248403592,41.0,41320,context_0,False,0.009683525,0,544051200,78848,8,-2.1685712337493896,7.365664482116699,-0.17812101542949677,0.14911237359046936,-5.693190097808838,3.6730260848999023,8,8,16,0.4657168144739581,1.0,1.0,0.29337846924413613,0.8,0.1366323643406862,False,False,False
conv2,conv,184,616,32,32,5,5,2,2,conv1,conv3,25632.0,726308352.0,,100.63,3974761,2833600.0,4,1,1,8,1,1,0.0,1,1,1,False,,False,,365.0038757324219,91.25096893310547,stereonet/conv2,4,0,1,9.9367775,0,8,0.7356382012367249,0.02888626419007778,0.7356382012367249,1,9984,context_0,False,0.0099875175,0,1450803200.0,39936,8,-5.693190097808838,3.6730260848999023,-0.22857438027858734,0.2052348554134369,-5.563788414001465,6.773307800292969,8,8,16,0.7356382012367249,1.0,1.0,1.0,1.0,0.7356382012367249,False,False,False
conv3,conv,92,308,32,32,5,5,2,2,conv2,conv4,25632.0,181577088.0,,237.63,1683305,1416800.0,2,1,1,16,2,1,0.0,1,1,1,False,,False,,91.25096893310547,22.812742233276367,stereonet/conv3,2,0,1,9.7782725,0,16,0.9060271382331848,0.01748940348625183,0.38370106074896354,6,5120,context_0,False,0.0100756075,0,362700800.0,20480,8,-5.563788414001465,6.773307800292969,-0.2067589908838272,0.21181941032409668,-11.915512084960938,11.638407707214355,8,8,16,0.9060271382331848,0.9871794871794872,1.0,0.4234984191502332,1.0,0.3787818163803871,False,False,False
conv4,conv,46,154,32,32,5,5,2,2,conv3,conv5 conv6,25632.0,45394272.0,,464.15,861791,708400.0,1,1,1,32,2,2,0.0,1,1,1,False,,False,,22.812742233276367,5.703185558319092,stereonet/conv4,1,0,1,9.6006075,0,32,0.9146069288253784,0.008540353737771511,0.1983012361747918,24,2560,context_0,False,0.0101629525,0,90675200.0,10240,8,-11.915512084960938,11.638407707214355,-0.42493563890457153,0.40511268377304077,-56.51793670654297,56.07638931274414,8,8,16,0.9146069288253784,0.9625,1.0,0.21681580351623658,1.0,0.19086493981823716,False,False,False
conv5,conv,23,77,32,32,3,3,1,1,conv4,conv6,9248.0,16378208.0,,1252.79,319288,255024.0,1,1,1,32,2,1,0.0,1,1,1,False,,False,,5.703185558319092,5.703185558319092,stereonet/conv5,1,0,1,9.185595,0,32,0.9050136804580688,0.023051289841532707,0.07269871270400809,12,2560,context_0,False,0.01022538,0,32643072.0,15360,8,-56.51793670654297,56.07638931274414,-0.014329265803098679,0.021762114018201828,-1.0146363973617554,4.865642547607422,8,8,16,0.9050136804580688,0.9625,1.0,0.08032885499279076,1.0,0.06997251097760777,False,False,False
conv6,conv,23,77,32,32,3,3,1,1,conv5 conv4,conv7 conv8,9248.0,16378208.0,,1134.26,352654,255024.0,1,1,1,32,2,2,0.0,1,1,1,False,,True,,5.703185558319092,5.703185558319092,stereonet/conv6,1,0,1,9.253400000000001,0,32,0.902754545211792,0.02087031491100788,0.08009538218451859,256,256,context_0,False,0.010293185,0,32643072.0,10240,8,-1.0146363973617554,4.865642547607422,-1.055368185043335,0.5800669193267822,-10.577359199523926,48.05800247192383,8,8,16,0.902754545211792,0.9625,1.0,0.08872332198086878,1.0,0.07709180535259914,False,False,True
conv7,conv,23,77,32,32,3,3,1,1,conv6,conv8,9248.0,16378208.0,,1239.68,322664,255024.0,1,1,1,32,2,1,0.0,1,1,1,False,,False,,5.703185558319092,5.703185558319092,stereonet/conv7,1,0,1,8.40547,0,32,0.8955445885658264,0.022810105234384537,0.07269871046963675,128,256,context_0,False,0.0103335175,0,32643072.0,10240,8,-10.577359199523926,48.05800247192383,-0.037446245551109314,0.03423792123794556,-1.5795472860336304,5.247309684753418,8,8,16,0.8955445885658264,0.9625,1.0,0.0811782142372837,1.0,0.06997250882702537,False,True,True
conv8,conv,23,77,32,32,3,3,1,1,conv7 conv6,conv9 conv10,9248.0,16378208.0,,1127.09,354897,255024.0,1,1,1,32,2,2,0.0,1,1,1,False,,True,,5.703185558319092,5.703185558319092,stereonet/conv8,1,0,1,8.45243,0,32,0.8970490097999573,0.02073841169476509,0.08009538244713969,256,256,context_0,False,0.0103804775,0,32643072.0,10240,8,-1.5795472860336304,5.247309684753418,-2.3914620876312256,1.602787971496582,-3.84175968170166,47.71870040893555,8,8,16,0.8970490097999573,0.9625,1.0,0.08928763264005056,1.0,0.07709180560537196,False,True,True
conv9,conv,23,77,32,32,3,3,1,1,conv8,conv10,9248.0,16378208.0,,1239.68,322664,255024.0,1,1,1,32,2,1,0.0,1,1,1,False,,False,,5.703185558319092,5.703185558319092,stereonet/conv9,1,0,1,7.626295,0,32,0.8955445885658264,0.022810105234384537,0.07269871046963675,128,256,context_0,False,0.0104206825,0,32643072.0,10240,8,-3.84175968170166,47.71870040893555,-0.05397026240825653,0.0399683453142643,-1.2050068378448486,3.5223276615142822,8,8,16,0.8955445885658264,0.9625,1.0,0.0811782142372837,1.0,0.06997250882702537,False,True,True
conv10,conv,23,77,32,32,3,3,1,1,conv9 conv8,conv11 conv12,9248.0,16378208.0,,1127.09,354897,255024.0,1,1,1,32,2,2,0.0,1,1,1,False,,True,,5.703185558319092,5.703185558319092,stereonet/conv10,1,0,1,7.673255,0,32,0.8970490097999573,0.02073841169476509,0.08009538244713969,256,256,context_0,False,0.0104676425,0,32643072.0,10240,8,-1.2050068378448486,3.5223276615142822,-2.1716959476470947,2.0226168632507324,-2.7746434211730957,47.76350402832031,8,8,16,0.8970490097999573,0.9625,1.0,0.08928763264005056,1.0,0.07709180560537196,False,True,True
conv11,conv,23,77,32,32,3,3,1,1,conv10,conv12,9248.0,16378208.0,,1239.68,322664,255024.0,1,1,1,32,2,1,0.0,1,1,1,False,,False,,5.703185558319092,5.703185558319092,stereonet/conv11,1,0,1,6.847065000000001,0,32,0.8955445885658264,0.022810105234384537,0.07269871046963675,128,256,context_0,False,0.0105078475,0,32643072.0,10240,8,-2.7746434211730957,47.76350402832031,-0.056852251291275024,0.033138930797576904,-1.0678032636642456,3.7945151329040527,8,8,16,0.8955445885658264,0.9625,1.0,0.0811782142372837,1.0,0.06997250882702537,False,True,True
conv12,conv,23,77,32,32,3,3,1,1,conv11 conv10,conv13 conv14,9248.0,16378208.0,,1127.09,354897,255024.0,1,1,1,32,2,2,0.0,1,1,1,False,,True,,5.703185558319092,5.703185558319092,stereonet/conv12,1,0,1,6.894025,0,32,0.8970490097999573,0.02073841169476509,0.08009538244713969,256,256,context_0,False,0.0105548075,0,32643072.0,10240,8,-1.0678032636642456,3.7945151329040527,-2.037447452545166,2.1539971828460693,-3.310356616973877,49.44845199584961,8,8,16,0.8970490097999573,0.9625,1.0,0.08928763264005056,1.0,0.07709180560537196,False,True,True
conv13,conv,23,77,32,32,3,3,1,1,conv12,conv14,9248.0,16378208.0,,1239.68,322664,255024.0,1,1,1,32,2,1,0.0,1,1,1,False,,False,,5.703185558319092,5.703185558319092,stereonet/conv13,1,0,1,6.0678325,0,32,0.8955445885658264,0.022810105234384537,0.07269871046963675,128,256,context_0,False,0.0105950125,0,32643072.0,10240,8,-3.310356616973877,49.44845199584961,-0.02984624169766903,0.0301336832344532,-0.9562613368034363,1.7531458139419556,8,8,16,0.8955445885658264,0.9625,1.0,0.0811782142372837,1.0,0.06997250882702537,False,True,True
conv14,conv,23,77,32,32,3,3,1,1,conv13 conv12,conv15 conv16,9248.0,16378208.0,,1127.09,354897,255024.0,1,1,1,32,2,2,0.0,1,1,1,False,,True,,5.703185558319092,5.703185558319092,stereonet/conv14,1,0,1,6.1147925,0,32,0.8970490097999573,0.02073841169476509,0.08009538244713969,256,256,context_0,False,0.0106419725,0,32643072.0,10240,8,N/A,N/A,-2.433922290802002,2.424360990524292,-2.591555595397949,48.24280548095703,8,8,16,0.8970490097999573,0.9625,1.0,0.08928763264005056,1.0,0.07709180560537196,False,True,True
conv15,conv,23,77,32,32,3,3,1,1,conv14,conv16,9248.0,16378208.0,,1239.68,322664,255024.0,1,1,1,32,2,1,0.0,1,1,1,False,,False,,5.703185558319092,5.703185558319092,stereonet/conv15,1,0,1,5.2886,0,32,0.8955445885658264,0.022810105234384537,0.07269871046963675,128,256,context_0,False,0.0106821775,0,32643072.0,10240,8,-2.591555595397949,48.24280548095703,-0.044428497552871704,0.040346067398786545,-0.8734853863716125,2.9017481803894043,8,8,16,0.8955445885658264,0.9625,1.0,0.0811782142372837,1.0,0.06997250882702537,False,True,True
conv16,conv,23,77,32,32,3,3,1,1,conv15 conv14,conv17,9248.0,16378208.0,,1127.09,354897,255024.0,1,1,1,32,2,1,0.0,1,1,1,False,,True,,5.703185558319092,5.703185558319092,stereonet/conv16,1,0,1,5.335559999999999,0,32,0.8970490097999573,0.02073841169476509,0.08009538244713969,128,256,context_0,False,0.0107291375,0,32643072.0,10240,8,-0.8734853863716125,2.9017481803894043,-2.686060667037964,2.0541579723358154,-3.771951913833618,49.664031982421875,8,8,16,0.8970490097999573,0.9625,1.0,0.08928763264005056,1.0,0.07709180560537196,False,True,True
conv17,conv,23,77,32,32,3,3,1,1,conv16,concat1 concat10 concat11 concat2 concat3 concat4 concat5 concat6 concat7 concat8 concat9 ew_sub1,9248.0,16378208.0,,1247.82,320558,255024.0,1,1,1,32,2,2,0.0,1,1,1,False,,False,,5.703185558319092,5.703185558319092,stereonet/conv17,1,0,1,4.5072475,0,32,0.9014281630516052,0.022959964349865913,0.07269871297708125,24,2560,context_0,False,0.010768565,0,32643072.0,15360,8,-3.771951913833618,49.664031982421875,-0.6991968750953674,0.4903096556663513,-68.94171905517578,75.15777587890625,8,8,16,0.9014281630516052,0.9625,1.0,0.08064837105929136,1.0,0.06997251124044071,False,True,False
concat1,concat,23|23,32|32,78,77|1,,,,,conv17 const_input1,slice1,0,0,,52569.33,7609,,1,1,1,78,0,1,1,,,,False,,False,,5.703185558319092,0.0,stereonet/concat1,0,0,1,4.035925,0,78,0.9430937170982361,0.9430937170982361,0.0018053915929537596,13,2496,context_0,False,0.010773545,0,0,0,8,N/A,N/A,N/A,N/A,-68.94171905517578,75.15777587890625,8,8,8,0.9430937170982361,1.0,1.0,0.0019143289370103008,0.0,0.0018053915929537596,False,False,False
concat10,concat,23|23,32|32,84,77|7,,,,,conv17 const_input11,slice10,0,0,,49013.60,8161,,1,1,1,84,0,1,1,,,,False,,False,,16.18326187133789,0.0,stereonet/concat10,0,0,1,0.1025,0,84,0.9469428062438965,0.9469428062438965,0.005517020981353239,12,2688,context_1,False,0.000107985,0,0,0,8,N/A,N/A,N/A,N/A,-68.94171905517578,75.15777587890625,8,8,8,0.9469428062438965,1.0,1.0,0.005826139598902306,0.0,0.005517020981353239,False,False,False
concat11,concat,23|23,32|32,85,77|8,,,,,conv17 const_input12,slice11,0,0,,48467.22,8253,,1,1,1,85,0,1,1,,,,False,,False,,16.18326187133789,0.0,stereonet/concat11,0,0,1,0.10251,0,85,0.9475342035293579,0.9475342035293579,0.0055826994720906365,12,2720,context_1,False,0.00010882,0,0,0,8,N/A,N/A,N/A,N/A,-68.94171905517578,75.15777587890625,8,8,8,0.9475342035293579,1.0,1.0,0.005891818418054251,0.0,0.0055826994720906365,False,False,False
concat2,concat,23|23,32|32,86,77|9,,,,,conv17 const_input2,slice2,0,0,,47932.89,8345,,1,1,1,86,0,1,1,,,,False,,False,,16.18326187133789,0.0,stereonet/concat2,0,0,1,0.10252,0,86,0.9481126666069031,0.9481126666069031,0.005648378591870822,11,2752,context_1,False,0.000109655,0,0,0,8,N/A,N/A,N/A,N/A,-68.94171905517578,75.15777587890625,8,8,8,0.9481126666069031,1.0,1.0,0.005957497237206194,0.0,0.005648378591870822,False,False,False
concat3,concat,23|23,32|32,87,77|10,,,,,conv17 const_input3,slice3,0,0,,47410.22,8437,,1,1,1,87,0,1,1,,,,False,,False,,16.18326187133789,0.0,stereonet/concat3,0,0,1,0.06865,0,87,0.9486784338951111,0.9486784338951111,0.00571405722822037,11,2784,context_1,False,7.2595e-05,0,0,0,8,N/A,N/A,N/A,N/A,-68.94171905517578,75.15777587890625,8,8,8,0.9486784338951111,1.0,1.0,0.0060231760563581385,0.0,0.00571405722822037,False,False,False
concat4,concat,23|23,32|32,79,77|2,,,,,conv17 const_input5,slice4,0,0,,51941.31,7701,,1,1,1,79,0,1,1,,,,False,,False,,5.703185558319092,0.0,stereonet/concat4,0,0,1,4.035935,0,79,0.9437735080718994,0.9437735080718994,0.0018285375612927916,12,2528,context_0,False,0.010772715,0,0,0,8,N/A,N/A,N/A,N/A,-68.94171905517578,75.15777587890625,8,8,8,0.9437735080718994,1.0,1.0,0.0019374749827725491,0.0,0.0018285375612927916,False,False,False
concat5,concat,23|23,32|32,88,77|11,,,,,conv17 const_input6,slice5,0,0,,46898.82,8529,,1,1,1,88,0,1,1,,,,False,,False,,16.18326187133789,0.0,stereonet/concat5,0,0,1,0.06866,0,88,0.9492320418357849,0.9492320418357849,0.005779736145922209,11,2816,context_1,False,7.343e-05,0,0,0,8,N/A,N/A,N/A,N/A,-68.94171905517578,75.15777587890625,8,8,8,0.9492320418357849,1.0,1.0,0.006088854875510081,0.0,0.005779736145922209,False,False,False
concat6,concat,23|23,32|32,80,77|3,,,,,conv17 const_input7,slice6,0,0,,51328.11,7793,,1,1,1,80,0,1,1,,,,False,,False,,5.703185558319092,0.0,stereonet/concat6,0,0,1,4.035945,0,80,0.9444373250007629,0.9444373250007629,0.0018516836795296485,12,2560,context_0,False,0.010771885,0,0,0,8,N/A,N/A,N/A,N/A,-68.94171905517578,75.15777587890625,8,8,8,0.9444373250007629,1.0,1.0,0.0019606210285347974,0.0,0.0018516836795296485,False,False,False
concat7,concat,23|23,32|32,81,77|4,,,,,conv17 const_input8,slice7,0,0,,50729.23,7885,,1,1,1,81,0,1,1,,,,False,,False,,16.18326187133789,0.0,stereonet/concat7,0,0,1,0.06991,0,81,0.9450855851173401,0.9450855851173401,0.0053199842361198,12,2592,context_1,False,7.477e-05,0,0,0,8,N/A,N/A,N/A,N/A,-68.94171905517578,75.15777587890625,8,8,8,0.9450855851173401,1.0,1.0,0.005629103141446476,0.0,0.0053199842361198,False,False,False
concat8,concat,23|23,32|32,82,77|5,,,,,conv17 const_input9,slice8,0,0,,50144.16,7977,,1,1,1,82,0,1,1,,,,False,,False,,16.18326187133789,0.0,stereonet/concat8,0,0,1,0.1038,0,82,0.9457189440727234,0.9457189440727234,0.005385663182501531,12,2624,context_1,False,0.000111025,0,0,0,8,N/A,N/A,N/A,N/A,-68.94171905517578,75.15777587890625,8,8,8,0.9457189440727234,1.0,1.0,0.00569478196059842,0.0,0.005385663182501531,False,False,False
concat9,concat,23|23,32|32,83,77|6,,,,,conv17 const_input10,slice9,0,0,,49572.44,8069,,1,1,1,83,0,1,1,,,,False,,False,,16.18326187133789,0.0,stereonet/concat9,0,0,1,0.10381,0,83,0.9463378190994263,0.9463378190994263,0.005451341891316739,12,2656,context_1,False,0.00011021,0,0,0,8,N/A,N/A,N/A,N/A,-68.94171905517578,75.15777587890625,8,8,8,0.9463378190994263,1.0,1.0,0.0057604607797503635,0.0,0.005451341891316739,False,False,False
normalization2,normalization,368,1232,3,3,1,1,,,input_layer2,conv18,0,1360128.0,,699.43,571895,,1,1,1,8,1,1,0.0,,1,1,False,,False,,136.87644958496094,365.0038757324219,stereonet/normalization2,1,0,1,8.998505,0,3,0.3963804543018341,0.2972853481769562,0.057031856736278586,3,9856,context_0,False,0.009003295,0,2720256.0,0,8,0.0,255.0,0.017124753445386887,0.017507003620266914,-2.2382609844207764,2.640000104904175,8,8,16,0.3963804543018341,1.0,0.375,0.14388160696957628,1.0,0.02138694627610447,False,False,False
conv18,conv,368,1232,32,3,5,5,2,2,normalization2,conv19,2432.0,275652608,,338.43,1181941,538200,10.0,4.0,4.0,32,1,7.0,,1,1,1,False,,False,combined (SPATIAL_W),460.4026184082031,369.7441711425781,,8.0,0.0,4.0,9.6843925,0,32,0.5628485083580017,0.5728787295520306,0.12504520248403592,44.0,41320,context_0,False,0.009728595,0,544051200,78848,8,-2.2382609844207764,2.640000104904175,-0.17812101542949677,0.14911237359046936,-5.5795416831970215,3.5997045040130615,8,8,16,0.4657168144739581,1.0,1.0,0.29337846924413613,0.8,0.1366323643406862,False,False,False
conv19,conv,184,616,32,32,5,5,2,2,conv18,conv20,25632.0,726308352.0,,100.63,3974761,2833600.0,4,1,1,8,1,1,0.0,1,1,1,False,,False,,365.0038757324219,91.25096893310547,stereonet/conv19,4,0,1,9.9367775,0,8,0.7356382012367249,0.02888626419007778,0.7356382012367249,1,9984,context_0,False,0.0099875175,0,1450803200.0,39936,8,-5.5795416831970215,3.5997045040130615,-0.22857438027858734,0.2052348554134369,-5.683957099914551,6.7041544914245605,8,8,16,0.7356382012367249,1.0,1.0,1.0,1.0,0.7356382012367249,False,False,False
conv20,conv,92,308,32,32,5,5,2,2,conv19,conv21,25632.0,181577088.0,,237.63,1683305,1416800.0,2,1,1,16,2,1,0.0,1,1,1,False,,False,,91.25096893310547,22.812742233276367,stereonet/conv20,2,0,1,9.7782725,0,16,0.9060271382331848,0.01748940348625183,0.38370106074896354,6,5120,context_0,False,0.0100756075,0,362700800.0,20480,8,-5.683957099914551,6.7041544914245605,-0.2067589908838272,0.21181941032409668,-11.242900848388672,13.472097396850586,8,8,16,0.9060271382331848,0.9871794871794872,1.0,0.4234984191502332,1.0,0.3787818163803871,False,False,False
conv21,conv,46,154,32,32,5,5,2,2,conv20,conv22 conv23,25632.0,45394272.0,,464.15,861791,708400.0,1,1,1,32,2,1,0.0,1,1,1,False,,False,,22.812742233276367,5.703185558319092,stereonet/conv21,1,0,1,9.6006075,0,32,0.9146069288253784,0.008540353737771511,0.1983012361747918,12,2560,context_0,False,0.0101629525,0,90675200.0,10240,8,-11.242900848388672,13.472097396850586,-0.42493563890457153,0.40511268377304077,-56.01388931274414,54.71124267578125,8,8,16,0.9146069288253784,0.9625,1.0,0.21681580351623658,1.0,0.19086493981823716,False,False,False
conv22,conv,23,77,32,32,3,3,1,1,conv21,conv23,9248.0,16378208.0,,1252.79,319288,255024.0,1,1,1,32,2,1,0.0,1,1,1,False,,False,,5.703185558319092,5.703185558319092,stereonet/conv22,1,0,1,9.185595,0,32,0.9050136804580688,0.023051289841532707,0.07269871270400809,12,2560,context_0,False,0.01022538,0,32643072.0,15360,8,-56.01388931274414,54.71124267578125,-0.014329265803098679,0.021762114018201828,-1.0909165143966675,5.231440544128418,8,8,16,0.9050136804580688,0.9625,1.0,0.08032885499279076,1.0,0.06997251097760777,False,False,False
conv23,conv,23,77,32,32,3,3,1,1,conv22 conv21,conv24 conv25,9248.0,16378208.0,,1134.26,352654,255024.0,1,1,1,32,2,1,0.0,1,1,1,False,,True,,5.703185558319092,5.703185558319092,stereonet/conv23,1,0,1,9.253400000000001,0,32,0.902754545211792,0.02087031491100788,0.08009538218451859,128,256,context_0,False,0.010293185,0,32643072.0,10240,8,-1.0909165143966675,5.231440544128418,-1.055368185043335,0.5800669193267822,-10.705744743347168,48.641319274902344,8,8,16,0.902754545211792,0.9625,1.0,0.08872332198086878,1.0,0.07709180535259914,False,False,True
conv24,conv,23,77,32,32,3,3,1,1,conv23,conv25,9248.0,16378208.0,,1239.68,322664,255024.0,1,1,1,32,2,1,0.0,1,1,1,False,,False,,5.703185558319092,5.703185558319092,stereonet/conv24,1,0,1,8.40547,0,32,0.8955445885658264,0.022810105234384537,0.07269871046963675,128,256,context_0,False,0.0103335175,0,32643072.0,10240,8,-10.705744743347168,48.641319274902344,-0.037446245551109314,0.03423792123794556,-1.6641285419464111,4.966383457183838,8,8,16,0.8955445885658264,0.9625,1.0,0.0811782142372837,1.0,0.06997250882702537,False,True,True
conv25,conv,23,77,32,32,3,3,1,1,conv24 conv23,conv26 conv27,9248.0,16378208.0,,1127.09,354897,255024.0,1,1,1,32,2,2,0.0,1,1,1,False,,True,,5.703185558319092,5.703185558319092,stereonet/conv25,1,0,1,8.45243,0,32,0.8970490097999573,0.02073841169476509,0.08009538244713969,256,256,context_0,False,0.0103804775,0,32643072.0,10240,8,-1.6641285419464111,4.966383457183838,-2.3914620876312256,1.602787971496582,-3.760162591934204,46.705177307128906,8,8,16,0.8970490097999573,0.9625,1.0,0.08928763264005056,1.0,0.07709180560537196,False,True,True
conv26,conv,23,77,32,32,3,3,1,1,conv25,conv27,9248.0,16378208.0,,1239.68,322664,255024.0,1,1,1,32,2,1,0.0,1,1,1,False,,False,,5.703185558319092,5.703185558319092,stereonet/conv26,1,0,1,7.626295,0,32,0.8955445885658264,0.022810105234384537,0.07269871046963675,128,256,context_0,False,0.0104206825,0,32643072.0,10240,8,-3.760162591934204,46.705177307128906,-0.05397026240825653,0.0399683453142643,-1.0998365879058838,3.024550437927246,8,8,16,0.8955445885658264,0.9625,1.0,0.0811782142372837,1.0,0.06997250882702537,False,True,True
conv27,conv,23,77,32,32,3,3,1,1,conv26 conv25,conv28 conv29,9248.0,16378208.0,,1127.09,354897,255024.0,1,1,1,32,2,2,0.0,1,1,1,False,,True,,5.703185558319092,5.703185558319092,stereonet/conv27,1,0,1,7.673255,0,32,0.8970490097999573,0.02073841169476509,0.08009538244713969,256,256,context_0,False,0.0104676425,0,32643072.0,10240,8,N/A,N/A,-2.1716959476470947,2.0226168632507324,-2.935265064239502,50.52848815917969,8,8,16,0.8970490097999573,0.9625,1.0,0.08928763264005056,1.0,0.07709180560537196,False,True,True
conv28,conv,23,77,32,32,3,3,1,1,conv27,conv29,9248.0,16378208.0,,1239.68,322664,255024.0,1,1,1,32,2,1,0.0,1,1,1,False,,False,,5.703185558319092,5.703185558319092,stereonet/conv28,1,0,1,6.847065000000001,0,32,0.8955445885658264,0.022810105234384537,0.07269871046963675,128,256,context_0,False,0.0105078475,0,32643072.0,10240,8,-2.935265064239502,50.52848815917969,-0.056852251291275024,0.033138930797576904,-1.1479463577270508,3.2211034297943115,8,8,16,0.8955445885658264,0.9625,1.0,0.0811782142372837,1.0,0.06997250882702537,False,True,True
conv29,conv,23,77,32,32,3,3,1,1,conv28 conv27,conv30 conv31,9248.0,16378208.0,,1127.09,354897,255024.0,1,1,1,32,2,1,0.0,1,1,1,False,,True,,5.703185558319092,5.703185558319092,stereonet/conv29,1,0,1,6.894025,0,32,0.8970490097999573,0.02073841169476509,0.08009538244713969,128,256,context_0,False,0.0105548075,0,32643072.0,10240,8,N/A,N/A,-2.037447452545166,2.1539971828460693,-3.6916544437408447,51.683162689208984,8,8,16,0.8970490097999573,0.9625,1.0,0.08928763264005056,1.0,0.07709180560537196,False,True,True
conv30,conv,23,77,32,32,3,3,1,1,conv29,conv31,9248.0,16378208.0,,1239.68,322664,255024.0,1,1,1,32,2,1,0.0,1,1,1,False,,False,,5.703185558319092,5.703185558319092,stereonet/conv30,1,0,1,6.0678325,0,32,0.8955445885658264,0.022810105234384537,0.07269871046963675,128,256,context_0,False,0.0105950125,0,32643072.0,10240,8,-3.6916544437408447,51.683162689208984,-0.02984624169766903,0.0301336832344532,-0.8760709762573242,1.662543773651123,8,8,16,0.8955445885658264,0.9625,1.0,0.0811782142372837,1.0,0.06997250882702537,False,True,True
conv31,conv,23,77,32,32,3,3,1,1,conv30 conv29,conv32 conv33,9248.0,16378208.0,,1127.09,354897,255024.0,1,1,1,32,2,2,0.0,1,1,1,False,,True,,5.703185558319092,5.703185558319092,stereonet/conv31,1,0,1,6.1147925,0,32,0.8970490097999573,0.02073841169476509,0.08009538244713969,256,256,context_0,False,0.0106419725,0,32643072.0,10240,8,-0.8760709762573242,1.662543773651123,-2.433922290802002,2.424360990524292,-2.5940945148468018,52.53041458129883,8,8,16,0.8970490097999573,0.9625,1.0,0.08928763264005056,1.0,0.07709180560537196,False,True,True
conv32,conv,23,77,32,32,3,3,1,1,conv31,conv33,9248.0,16378208.0,,1239.68,322664,255024.0,1,1,1,32,2,1,0.0,1,1,1,False,,False,,5.703185558319092,5.703185558319092,stereonet/conv32,1,0,1,5.2886,0,32,0.8955445885658264,0.022810105234384537,0.07269871046963675,128,256,context_0,False,0.0106821775,0,32643072.0,10240,8,-2.5940945148468018,52.53041458129883,-0.044428497552871704,0.040346067398786545,-0.8891869187355042,2.953909158706665,8,8,16,0.8955445885658264,0.9625,1.0,0.0811782142372837,1.0,0.06997250882702537,False,True,True
conv33,conv,23,77,32,32,3,3,1,1,conv32 conv31,conv34,9248.0,16378208.0,,1127.09,354897,255024.0,1,1,1,32,2,1,0.0,1,1,1,False,,True,,5.703185558319092,5.703185558319092,stereonet/conv33,1,0,1,5.335559999999999,0,32,0.8970490097999573,0.02073841169476509,0.08009538244713969,128,256,context_0,False,0.0107291375,0,32643072.0,10240,8,N/A,N/A,-2.686060667037964,2.0541579723358154,-3.2556114196777344,56.043025970458984,8,8,16,0.8970490097999573,0.9625,1.0,0.08928763264005056,1.0,0.07709180560537196,False,True,True
conv34,conv,23,77,32,32,3,3,1,1,conv33,ew_sub1 ew_sub5 ew_sub12 ew_sub2 ew_sub3 ew_sub4 ew_sub6 ew_sub7 ew_sub8 ew_sub9 ew_sub10 ew_sub11,9248.0,16378208.0,,1247.82,320558,255024.0,1,1,1,32,2,1,0.0,1,1,1,False,,False,,5.703185558319092,5.703185558319092,stereonet/conv34,1,0,1,4.5072475,0,32,0.9014281630516052,0.022959964349865913,0.07269871297708125,12,2560,context_0,False,0.010768565,0,32643072.0,15360,8,-3.2556114196777344,56.043025970458984,-0.6991968750953674,0.4903096556663513,-71.17461395263672,72.86924743652344,8,8,16,0.9014281630516052,0.9625,1.0,0.08064837105929136,1.0,0.06997251124044071,False,True,False
ew_sub1,ew_sub,23,77,32,32,,,,,conv17 conv34,concat12,0,28336.0,,17641.35,22674,,1,1,1,32,0,1,0.0,,,,False,,False,,16.18326187133789,0.0,stereonet/ew_sub1,1,0,1,0.1035025,0,32,0.6492017507553101,0.32460087537765503,0.010508611418852322,12,2560,context_1,False,0.0001109725,0,56672.0,0,8,N/A,N/A,N/A,N/A,-87.36100769042969,92.29267883300781,8,8,16,0.6492017507553101,0.9625,1.0,0.016186973320121423,1.0,0.01011453849064536,False,False,False
slice1,slice,23,78,32,32,,,,,concat1,ew_sub5,0,0,,51480.05,7770,,1,1,1,32,0,1,1,1,,,False,,False,,16.393434524536133,0.0,stereonet/slice1,0,0,1,0.03948,0,32,0.9472329616546631,0.9472329616546631,0.005254305612152817,12,2560,context_1,False,4.272e-05,0,0,0,8,-68.94171905517578,75.15777587890625,N/A,N/A,-68.94171905517578,75.15777587890625,8,8,8,0.9472329616546631,0.975,1.0,0.005547004617506546,0.0,0.005122947971848996,False,False,False
ew_sub5,ew_sub,23,77,32,32,,,,,slice1 conv34,concat12,0,28336.0,,17641.35,22674,,1,1,1,32,0,1,0.0,,,,False,,False,,16.18326187133789,0.0,stereonet/ew_sub5,1,0,1,0.0728375,0,32,0.6492017507553101,0.32460087537765503,0.010508611418852322,12,2560,context_1,False,8.03075e-05,0,56672.0,0,8,-68.94171905517578,75.15777587890625,N/A,N/A,-87.36100769042969,92.29267883300781,8,8,16,0.6492017507553101,0.9625,1.0,0.016186973320121423,1.0,0.01011453849064536,False,False,False
slice10,slice,23,84,32,32,,,,,concat10,ew_sub12,0,0,,51480.05,7770,,1,1,1,32,0,1,1,1,,,False,,False,,17.65446662902832,0.0,stereonet/slice10,0,0,1,0.1024575,0,32,0.9472329616546631,0.9472329616546631,0.005254305612152817,12,2560,context_1,False,0.0001106225,0,0,0,8,-68.94171905517578,75.15777587890625,N/A,N/A,-68.94171905517578,75.15777587890625,8,8,8,0.9472329616546631,0.9545454545454546,1.0,0.005547004617506546,0.0,0.005015473538873144,False,False,False
ew_sub12,ew_sub,23,77,32,32,,,,,slice10 conv34,concat12,0,28336.0,,17641.35,22674,,1,1,1,32,0,1,0.0,,,,False,,False,,16.18326187133789,0.0,stereonet/ew_sub12,1,0,1,0.10407749999999999,0,32,0.6492017507553101,0.32460087537765503,0.010508611418852322,12,2560,context_1,False,0.0001130825,0,56672.0,0,8,-68.94171905517578,75.15777587890625,N/A,N/A,-87.36100769042969,92.29267883300781,8,8,16,0.6492017507553101,0.9625,1.0,0.016186973320121423,1.0,0.01011453849064536,False,False,False
slice11,slice,23,85,32,32,,,,,concat11,ew_sub2,0,0,,51480.05,7770,,1,1,1,32,0,1,1,1,,,False,,False,,17.864639282226562,0.0,stereonet/slice11,0,0,1,0.1024575,0,32,0.9472329616546631,0.9472329616546631,0.005254305612152817,12,2560,context_1,False,0.0001114575,0,0,0,8,-68.94171905517578,75.15777587890625,N/A,N/A,-68.94171905517578,75.15777587890625,8,8,8,0.9472329616546631,0.9659090909090909,1.0,0.005547004617506546,0.0,0.005075181557193062,False,False,False
ew_sub2,ew_sub,23,77,32,32,,,,,slice11 conv34,concat12,0,28336.0,,17641.35,22674,,1,1,1,32,0,1,0.0,,,,False,,False,,16.18326187133789,0.0,stereonet/ew_sub2,1,0,1,0.10407749999999999,0,32,0.6492017507553101,0.32460087537765503,0.010508611418852322,12,2560,context_1,False,0.0001139175,0,56672.0,0,8,-68.94171905517578,75.15777587890625,N/A,N/A,-87.36100769042969,92.29267883300781,8,8,16,0.6492017507553101,0.9625,1.0,0.016186973320121423,1.0,0.01011453849064536,False,False,False
slice2,slice,23,86,32,32,,,,,concat2,ew_sub3,0,0,,51480.05,7770,,1,1,1,32,0,1,1,1,,,False,,False,,18.074811935424805,0.0,stereonet/slice2,0,0,1,0.1024575,0,32,0.9472329616546631,0.9472329616546631,0.005254305612152817,12,2560,context_1,False,0.0001122925,0,0,0,8,-68.94171905517578,75.15777587890625,N/A,N/A,-68.94171905517578,75.15777587890625,8,8,8,0.9472329616546631,0.9772727272727273,1.0,0.005547004617506546,0.0,0.005134889575512981,False,False,False
ew_sub3,ew_sub,23,77,32,32,,,,,slice2 conv34,concat12,0,28336.0,,17641.35,22674,,1,1,1,32,0,1,0.0,,,,False,,False,,16.18326187133789,0.0,stereonet/ew_sub3,1,0,1,0.43158250000000004,0,32,0.6492017507553101,0.32460087537765503,0.010508611418852322,12,2560,context_1,False,0.0004422575,0,56672.0,0,8,N/A,N/A,N/A,N/A,-87.36100769042969,92.29267883300781,8,8,16,0.6492017507553101,0.9625,1.0,0.016186973320121423,1.0,0.01011453849064536,False,False,False
slice3,slice,23,87,32,32,,,,,concat3,ew_sub4,0,0,,51480.05,7770,,1,1,1,32,0,1,1,1,,,False,,False,,18.284984588623047,0.0,stereonet/slice3,0,0,1,0.0685775,0,32,0.9472329616546631,0.9472329616546631,0.005254305612152817,12,2560,context_1,False,7.52325e-05,0,0,0,8,-68.94171905517578,75.15777587890625,N/A,N/A,-68.94171905517578,75.15777587890625,8,8,8,0.9472329616546631,0.9886363636363636,1.0,0.005547004617506546,0.0,0.005194597593832899,False,False,False
ew_sub4,ew_sub,23,77,32,32,,,,,slice3 conv34,concat12,0,28336.0,,17641.35,22674,,1,1,1,32,0,1,0.0,,,,False,,False,,16.18326187133789,0.0,stereonet/ew_sub4,1,0,1,0.07197250000000001,0,32,0.6492017507553101,0.32460087537765503,0.010508611418852322,12,2560,context_1,False,7.94675e-05,0,56672.0,0,8,N/A,N/A,N/A,N/A,-87.36100769042969,92.29267883300781,8,8,16,0.6492017507553101,0.9625,1.0,0.016186973320121423,1.0,0.01011453849064536,False,False,False
slice4,slice,23,79,32,32,,,,,concat4,ew_sub6,0,0,,51480.05,7770,,1,1,1,32,0,1,1,1,,,False,,False,,16.603605270385742,0.0,stereonet/slice4,0,0,1,0.0368975,0,32,0.9472329616546631,0.9472329616546631,0.005254305612152817,12,2560,context_1,False,4.01575e-05,0,0,0,8,-68.94171905517578,75.15777587890625,N/A,N/A,-68.94171905517578,75.15777587890625,8,8,8,0.9472329616546631,0.9875,1.0,0.005547004617506546,0.0,0.005188626792000908,False,False,False
ew_sub6,ew_sub,23,77,32,32,,,,,slice4 conv34,concat12,0,28336.0,,17641.35,22674,,1,1,1,32,0,1,0.0,,,,False,,False,,16.18326187133789,0.0,stereonet/ew_sub6,1,0,1,0.0728375,0,32,0.6492017507553101,0.32460087537765503,0.010508611418852322,12,2560,context_1,False,7.94675e-05,0,56672.0,0,8,N/A,N/A,N/A,N/A,-87.36100769042969,92.29267883300781,8,8,16,0.6492017507553101,0.9625,1.0,0.016186973320121423,1.0,0.01011453849064536,False,False,False
slice5,slice,23,88,32,32,,,,,concat5,ew_sub7,0,0,,51480.05,7770,,1,1,1,32,0,1,1,1,,,False,,False,,18.495155334472656,0.0,stereonet/slice5,0,0,1,0.0685775,0,32,0.9472329616546631,0.9472329616546631,0.005254305612152817,12,2560,context_1,False,7.60675e-05,0,0,0,8,-68.94171905517578,75.15777587890625,N/A,N/A,-68.94171905517578,75.15777587890625,8,8,8,0.9472329616546631,1.0,1.0,0.005547004617506546,0.0,0.005254305612152817,False,False,False
ew_sub7,ew_sub,23,77,32,32,,,,,slice5 conv34,concat12,0,28336.0,,17641.35,22674,,1,1,1,32,0,1,0.0,,,,False,,False,,16.18326187133789,0.0,stereonet/ew_sub7,1,0,1,0.0702975,0,32,0.6492017507553101,0.32460087537765503,0.010508611418852322,12,2560,context_1,False,7.86275e-05,0,56672.0,0,8,N/A,N/A,N/A,N/A,-87.36100769042969,92.29267883300781,8,8,16,0.6492017507553101,0.9625,1.0,0.016186973320121423,1.0,0.01011453849064536,False,False,False
slice6,slice,23,80,32,32,,,,,concat6,ew_sub8,0,0,,51480.05,7770,,1,1,1,32,0,1,1,1,,,False,,False,,16.813777923583984,0.0,stereonet/slice6,0,0,1,0.0698975,0,32,0.9472329616546631,0.9472329616546631,0.005254305612152817,12,2560,context_1,False,7.557e-05,0,0,0,8,-68.94171905517578,75.15777587890625,N/A,N/A,-68.94171905517578,75.15777587890625,8,8,8,0.9472329616546631,1.0,1.0,0.005547004617506546,0.0,0.005254305612152817,False,False,False
ew_sub8,ew_sub,23,77,32,32,,,,,slice6 conv34,concat12,0,28336.0,,17641.35,22674,,1,1,1,32,0,1,0.0,,,,False,,False,,16.18326187133789,0.0,stereonet/ew_sub8,1,0,1,0.072115,0,32,0.6492017507553101,0.32460087537765503,0.010508611418852322,12,2560,context_1,False,7.86275e-05,0,56672.0,0,8,-68.94171905517578,75.15777587890625,N/A,N/A,-87.36100769042969,92.29267883300781,8,8,16,0.6492017507553101,0.9625,1.0,0.016186973320121423,1.0,0.01011453849064536,False,False,False
slice7,slice,23,81,32,32,,,,,concat7,ew_sub9,0,0,,51480.05,7770,,1,1,1,32,0,1,1,1,,,False,,False,,17.023950576782227,0.0,stereonet/slice7,0,0,1,0.0698975,0,32,0.9472329616546631,0.9472329616546631,0.005254305612152817,12,2560,context_1,False,7.74075e-05,0,0,0,8,-68.94171905517578,75.15777587890625,N/A,N/A,-68.94171905517578,75.15777587890625,8,8,8,0.9472329616546631,0.9204545454545454,1.0,0.005547004617506546,0.0,0.004836349483913389,False,False,False
ew_sub9,ew_sub,23,77,32,32,,,,,slice7 conv34,concat12,0,28336.0,,17641.35,22674,,1,1,1,32,0,1,0.0,,,,False,,False,,16.18326187133789,0.0,stereonet/ew_sub9,1,0,1,0.386055,0,32,0.6492017507553101,0.32460087537765503,0.010508611418852322,12,2560,context_1,False,0.000394405,0,56672.0,0,8,-68.94171905517578,75.15777587890625,N/A,N/A,-87.36100769042969,92.29267883300781,8,8,16,0.6492017507553101,0.9625,1.0,0.016186973320121423,1.0,0.01011453849064536,False,False,False
slice8,slice,23,82,32,32,,,,,concat8,ew_sub10,0,0,,51480.05,7770,,1,1,1,32,0,1,1,1,,,False,,False,,17.234121322631836,0.0,stereonet/slice8,0,0,1,0.1037775,0,32,0.9472329616546631,0.9472329616546631,0.005254305612152817,12,2560,context_1,False,0.0001136625,0,0,0,8,-68.94171905517578,75.15777587890625,N/A,N/A,-68.94171905517578,75.15777587890625,8,8,8,0.9472329616546631,0.9318181818181818,1.0,0.005547004617506546,0.0,0.004896057502233307,False,False,False
ew_sub10,ew_sub,23,77,32,32,,,,,slice8 conv34,concat12,0,28336.0,,17641.35,22674,,1,1,1,32,0,1,0.0,,,,False,,False,,16.18326187133789,0.0,stereonet/ew_sub10,1,0,1,0.1053975,0,32,0.6492017507553101,0.32460087537765503,0.010508611418852322,12,2560,context_1,False,0.0001161225,0,56672.0,0,8,-68.94171905517578,75.15777587890625,N/A,N/A,-87.36100769042969,92.29267883300781,8,8,16,0.6492017507553101,0.9625,1.0,0.016186973320121423,1.0,0.01011453849064536,False,False,False
slice9,slice,23,83,32,32,,,,,concat9,ew_sub11,0,0,,51480.05,7770,,1,1,1,32,0,1,1,1,,,False,,False,,17.444293975830078,0.0,stereonet/slice9,0,0,1,0.1037775,0,32,0.9472329616546631,0.9472329616546631,0.005254305612152817,12,2560,context_1,False,0.0001128475,0,0,0,8,-68.94171905517578,75.15777587890625,N/A,N/A,-68.94171905517578,75.15777587890625,8,8,8,0.9472329616546631,0.9431818181818182,1.0,0.005547004617506546,0.0,0.0049557655205532255,False,False,False
ew_sub11,ew_sub,23,77,32,32,,,,,slice9 conv34,concat12,0,28336.0,,17641.35,22674,,1,1,1,32,0,1,0.0,,,,False,,False,,16.18326187133789,0.0,stereonet/ew_sub11,1,0,1,0.1053975,0,32,0.6492017507553101,0.32460087537765503,0.010508611418852322,12,2560,context_1,False,0.0001153075,0,56672.0,0,8,-68.94171905517578,75.15777587890625,N/A,N/A,-87.36100769042969,92.29267883300781,8,8,16,0.6492017507553101,0.9625,1.0,0.016186973320121423,1.0,0.01011453849064536,False,False,False
concat12,concat,23|23|23,77|77|77,384,320|32|32,,,,,ew_sub1 ew_sub5 ew_sub6 ew_sub8 ew_sub9 ew_sub10 ew_sub11 ew_sub12 ew_sub2 ew_sub3 ew_sub4 ew_sub7,external_pad1,0,0,,4501.92,88851,,1,1,1,384,0,1,1,,,,False,,False,,161.83261108398438,0.0,stereonet/concat12,0,0,1,2.2060125,0,384,0.9940236806869507,0.9940236806869507,0.06305166499569965,1,30720,context_1,False,0.002232915,0,0,0,8,N/A,N/A,N/A,N/A,-87.36100769042969,92.29267883300781,8,8,8,0.9940236806869507,0.9625,1.0,0.06343074739640595,0.0,0.060687227558360916,False,False,False
external_pad1,external_pad,23,77,448,384,,,,,concat12,conv35,0,0,,798.29,501069,,1,1,1,448,0,3,1,,,,False,,False,,194.1991424560547,0.0,stereonet/external_pad1,0,0,1,2.565825,0,448,0.17635893821716309,0.2235221117734909,0.0630859313210407,2,35840,context_1,False,0.00260238,0,0,0,8,-87.36100769042969,92.29267883300781,N/A,N/A,-87.36100769042969,92.29267883300781,8,8,8,0.17635893821716309,0.9625,1.0,0.35771326340918763,0.0,0.06072020889650168,False,False,False
conv35,conv,25,79,384,448,3,3,1,1,external_pad1,external_pad2,27680.0,588255360,,285.56,1400756,6350400,10.0,4.0,4.0,448,1,9.0,,1,1,1,False,,False,combined (SPATIAL_W),612.6063690185547,222.05152130126953,,8.0,0.0,4.0,3.5018125,0,896,0.9194211483001709,0.442670707590878,0.7561288186861922,9.0,79360,context_1,False,0.003575465,0,1175150592,122880,8,-87.36100769042969,92.29267883300781,-0.00812698993831873,0.007395686116069555,-0.0778317004442215,6.537863254547119,8,8,16,0.935285928566683,0.9250000001888788,1.0,0.9902725105607202,0.8,0.8568140893359624,False,False,False
external_pad2,external_pad,23,77,448,384,,,,,conv35,conv36,0,0,,798.29,501069,,1,1,1,448,0,3,1,,,,False,,False,,194.1991424560547,0.0,stereonet/external_pad2,0,0,1,3.1545375,0,448,0.17635893821716309,0.2235221117734909,0.0630859313210407,2,35840,context_1,False,0.00364018,0,0,0,8,-0.0778317004442215,6.537863254547119,N/A,N/A,-0.0778317004442215,6.537863254547119,8,8,8,0.17635893821716309,0.9625,1.0,0.35771326340918763,0.0,0.06072020889650168,False,False,False
conv36,conv,25,79,384,448,3,3,1,1,external_pad2,external_pad3,27680.0,588255360,,285.56,1400756,6350400,10.0,4.0,4.0,448,1,9.0,,1,1,1,False,,False,combined (SPATIAL_W),612.6063690185547,222.05152130126953,,8.0,0.0,4.0,3.5018125,0,896,0.9194211483001709,0.442670707590878,0.7561288186861922,11.0,82944,context_1,False,0.0040245525,0,1175150592,122880,8,-0.0778317004442215,6.537863254547119,-0.3269924819469452,0.21990874409675598,-0.08440986275672913,7.090428352355957,8,8,16,0.935285928566683,0.9250000001888788,1.0,0.9902725105607202,0.8,0.8568140893359624,False,False,False
external_pad3,external_pad,23,77,448,384,,,,,conv36,conv37,0,0,,798.29,501069,,1,1,1,448,0,3,1,,,,False,,False,,194.1991424560547,0.0,stereonet/external_pad3,0,0,1,3.1545375,0,448,0.17635893821716309,0.2235221117734909,0.0630859313210407,2,35840,context_1,False,0.0040892675,0,0,0,8,-0.08440986275672913,7.090428352355957,N/A,N/A,-0.08440986275672913,7.090428352355957,8,8,8,0.17635893821716309,0.9625,1.0,0.35771326340918763,0.0,0.06072020889650168,False,False,False
conv37,conv,25,79,384,448,3,3,1,1,external_pad3,external_pad4,27680.0,588255360,,285.56,1400756,6350400,10.0,4.0,4.0,448,1,9.0,,1,1,1,False,,False,combined (SPATIAL_W),612.6063690185547,222.05152130126953,,8.0,0.0,4.0,3.5018125,0,896,0.9194211483001709,0.442670707590878,0.7561288186861922,11.0,82944,context_1,False,0.00447364,0,1175150592,122880,8,-0.08440986275672913,7.090428352355957,-0.5233582854270935,0.3123602867126465,-0.09249382466077805,5.803987503051758,8,8,16,0.935285928566683,0.9250000001888788,1.0,0.9902725105607202,0.8,0.8568140893359624,False,False,False
external_pad4,external_pad,23,77,448,384,,,,,conv37,conv38,0,0,,798.29,501069,,1,1,1,448,0,3,1,,,,False,,False,,194.1991424560547,0.0,stereonet/external_pad4,0,0,1,3.1545375,0,448,0.17635893821716309,0.2235221117734909,0.0630859313210407,2,35840,context_1,False,0.004538355,0,0,0,8,-0.09249382466077805,5.803987503051758,N/A,N/A,-0.09249382466077805,5.803987503051758,8,8,8,0.17635893821716309,0.9625,1.0,0.35771326340918763,0.0,0.06072020889650168,False,False,False
conv38,conv,25,79,384,448,3,3,1,1,external_pad4,external_pad5,27680.0,588255360,,285.56,1400756,6350400,10.0,4.0,4.0,448,1,9.0,,1,1,1,False,,False,combined (SPATIAL_W),612.6063690185547,222.05152130126953,,8.0,0.0,4.0,3.5018125,0,896,0.9194211483001709,0.442670707590878,0.7561288186861922,9.0,79360,context_1,False,0.0049227275,0,1175150592,122880,8,-0.09249382466077805,5.803987503051758,-0.36969834566116333,0.5868573188781738,-0.08206368237733841,6.8933491706848145,8,8,16,0.935285928566683,0.9250000001888788,1.0,0.9902725105607202,0.8,0.8568140893359624,False,False,False
external_pad5,external_pad,23,77,448,384,,,,,conv38,conv39,0,0,,798.29,501069,,1,1,1,448,0,3,1,,,,False,,False,,194.1991424560547,0.0,stereonet/external_pad5,0,0,1,3.1545375,0,448,0.17635893821716309,0.2235221117734909,0.0630859313210407,2,35840,context_1,False,0.0049874425,0,0,0,8,-0.08206368237733841,6.8933491706848145,N/A,N/A,-0.08206368237733841,6.8933491706848145,8,8,8,0.17635893821716309,0.9625,1.0,0.35771326340918763,0.0,0.06072020889650168,False,False,False
conv39,conv,25,79,12,448,3,3,1,1,external_pad5,resize1,865.0,18382980,,292.48,1367636,793800,4.0,4.0,4.0,448,1,5.0,,1,1,1,False,,False,combined (SPATIAL_W),131.26557779312134,14.152780055999756,,2.0,0.0,4.0,3.7151625,0,896,0.8839805424213409,0.4050840148993302,0.12380770237323115,52.0,30144,context_2,False,0.0037504475,0,36723456,30720,8,-0.08206368237733841,6.8933491706848145,-0.4583956301212311,0.604020893573761,-25.441577911376953,29.538105010986328,8,8,16,0.9581612054750355,0.9250000002116274,0.125,0.24643720389918583,0.5,0.027305152751179985,False,False,False
resize1,resize,23,77,12,12,,,,,conv39,mul_and_add1,0,0,,110.15,3631449,,0,0,0,,0,0,1,,,,False,,False,,1.5471959114074707,0.0,stereonet/resize1,0,1,1,11.06004,0,,0.0,0.0,0.0,2,19712,context_2,False,0.0148113475,0,0,0,8,-25.441577911376953,29.538105010986328,N/A,N/A,-25.441577911376953,29.538105010986328,8,8,8,0.0,,,0.660945189465425,0.0,,False,False,False
mul_and_add1,normalization,368,1232,12,12,1,1,,,resize1,reduce_max_softmax1 ew_sub_softmax1,0,5440512.0,,180.56,2215383,,1,1,1,16,1,2,0.0,,1,1,False,,False,,396.0821533203125,528.1095581054688,stereonet/mul_and_add1,1,0,1,11.19935,0,12,0.35813581943511963,0.4092980623245239,0.14440494824345798,2,19712,context_2,False,0.01498769,0,10881024.0,0,8,-25.441577911376953,29.538105010986328,-1.0,-1.0,-29.753929138183594,25.22615623474121,8,8,16,0.35813581943511963,1.0,0.75,0.4032128047711758,1.0,0.10830371118259348,False,False,False
reduce_max_softmax1,reduce_max,368,1232,1,12,,,,,mul_and_add1,ew_sub_softmax1,0,0,,438.46,912291,,1,1,1,1,0,1,1,1,,,False,,False,,396.0821533203125,0.0,stereonet/reduce_max_softmax1,0,0,1,11.190495,0,1,0.7454463839530945,0.9943318367004395,0.12377567390199974,26,1232,context_2,False,0.0149938825,0,0,0,8,-29.753929138183594,25.22615623474121,N/A,N/A,-29.753929138183594,25.22615623474121,8,8,8,0.7454463839530945,1.0,1.0,0.1660423560519787,0.0,0.12377567390199974,False,False,False
ew_sub_softmax1,ew_sub,368,1232,12,12,,,,,mul_and_add1 reduce_max_softmax1,reduce_sum_softmax1 ew_mult_softmax1,0,2720256.0,,292.66,1366771,,1,1,1,12,0,1,0.0,,,,False,,False,,396.0821533203125,0.0,stereonet/ew_sub_softmax1,1,0,1,11.193585,0,12,0.9951396584510803,0.49756982922554016,0.24755134270691234,2,14784,context_2,False,0.015003165,0,5440512.0,0,8,-29.753929138183594,25.22615623474121,N/A,N/A,0.0,1.0,8,8,16,0.9951396584510803,1.0,1.0,0.24876040323045936,1.0,0.24755134270691234,False,False,False
reduce_sum_softmax1,reduce_sum,368,1232,1,12,,,,,ew_sub_softmax1,ew_mult_softmax1,0,2720256.0,,538.88,742275,,1,1,1,1,0,1,1,1,,,False,,False,,396.0821533203125,33.0068473815918,stereonet/reduce_sum_softmax1,0,0,1,11.189340000000001,0,1,0.9161887168884277,0.07634906470775604,0.1237756653050242,26,1232,context_2,False,0.0150082025,0,5440512.0,0,8,0.0,1.0,N/A,N/A,0.0,0.9847247004508972,8,8,8,0.9161887168884277,1.0,1.0,0.1350984388078831,1.0,0.1237756653050242,False,False,False
ew_mult_softmax1,ew_mult,368,1232,12,1,,,,,reduce_sum_softmax1 ew_sub_softmax1,ew_mult1,0,2720256.0,,292.66,1366771,,1,1,1,12,0,1,1,,,,False,,False,,33.0068473815918,0.0,stereonet/ew_mult_softmax1,0,0,1,11.193585,0,12,0.9951396584510803,0.9951396584510803,0.24755134270691234,2,14784,context_2,False,0.015017485,0,5440512.0,0,8,0.0,0.9847247004508972,N/A,N/A,0.0,0.9847247004508972,8,8,16,0.9951396584510803,1.0,1.0,0.24876040323045936,1.0,0.24755134270691234,False,False,False
ew_mult1,ew_mult,368,1232,12,12,,,,,ew_mult_softmax1 const_input4,reduce_sum1,0,2720256.0,,292.66,1366771,,1,1,1,12,0,1,1,,,,False,,False,,396.0821533203125,0.0,stereonet/ew_mult1,0,0,1,11.193585,0,12,0.9951396584510803,0.9951396584510803,0.24755134270691234,2,14784,context_2,False,0.0150267675,0,5440512.0,0,8,N/A,N/A,N/A,N/A,0.0,9.674088478088379,8,8,16,0.9951396584510803,1.0,1.0,0.24876040323045936,1.0,0.24755134270691234,False,False,False
reduce_sum1,reduce_sum,368,1232,1,12,,,,,ew_mult1,concat13 conv53,0,2720256.0,,538.88,742275,,1,1,1,1,0,2,1,1,,,False,,False,,396.0821533203125,33.0068473815918,stereonet/reduce_sum1,0,0,1,11.189340000000001,0,1,0.9161887168884277,0.07634906470775604,0.1237756653050242,52,1232,context_2,False,0.015031805,0,5440512.0,0,8,0.0,9.674088478088379,N/A,N/A,-3.1718993186950684,10.773519515991211,8,8,8,0.9161887168884277,1.0,1.0,0.1350984388078831,1.0,0.1237756653050242,False,False,False
concat13,concat,368|368,1232|1232,4,1|3,,,,,reduce_sum1 normalization1,conv40,0,0,,1714.30,233331,,1,1,1,4,0,1,1,,,,False,,False,,33.0068473815918,0.0,stereonet/concat13,0,0,1,11.961755,0,4,0.9715297222137451,0.9715297222137451,0.04125855661919201,6,4928,context_2,False,0.0158092575,0,0,0,8,-3.1718993186950684,10.773519515991211,N/A,N/A,-3.1718993186950684,10.773519515991211,8,8,8,0.9715297222137451,1.0,1.0,0.042467621603155405,0.0,0.04125855661919201,False,False,False
conv40,conv,368,1232,32,4,3,3,1,1,concat13,conv41 conv42,1184.0,536797184,,75.41,5304607,2040192,6.0,4.0,4.0,32,2,10.0,,1,1,1,False,,False,combined (SPATIAL_W),793.8789672851562,1069.9361572265625,,4.0,0.0,4.0,13.49073,0,32,0.5869408150513966,0.5705777071416378,0.3164049051936576,32.0,81344,context_2,False,0.0174040925,0,1044578304,0,8,-3.1718993186950684,10.773519515991211,-0.5930043458938599,0.4346183240413666,-30.07327651977539,19.40211296081543,8,8,16,0.39530482840667674,1.0,1.0,0.9654363480038461,0.6666666666666666,0.3816416503443333,False,False,False
conv41,conv,368,1232,32,32,3,3,1,1,conv40,conv42,9248.0,4192821248,,72.8,5494327,4080384,18.0,4.0,6.0,32,1,13.0,,1,1,1,False,,False,combined (SPATIAL_W),2654.2648315429688,1069.9361572265625,,8.0,0.0,4.0,13.705417500000001,0,64,0.7839773529105717,0.5751633606851101,0.7115850409784894,12.0,98816,context_2,False,0.017669195,0,8356626432,239616,8,-30.07327651977539,19.40211296081543,-0.07534465938806534,0.06264592707157135,-2.694169044494629,9.35869312286377,8,8,16,0.7590829653375734,0.9871794871794871,1.0,0.9998995226384523,0.8888888888888888,0.7492758471907429,False,False,False
conv42,conv,368,1232,32,32,3,3,1,1,conv41 conv40,conv43 conv44,9248.0,4192821248,,83.89,4768216,2066688,35.0,7.0,11.0,32,1,15.0,,1,1,1,False,,True,combined (SPATIAL_W),3216.667236328125,1097.3704528808594,,16.0,0.0,7.0,13.7741125,0,64,0.8471418448856898,0.4721008826579366,0.6748351692371158,21.0,138496,context_2,False,0.0177506,0,8356626432,239616,8,-2.694169044494629,9.35869312286377,-0.25008827447891235,0.227111354470253,-5.530157566070557,19.210020065307617,8,8,16,0.8355763075080064,0.9872530653709188,1.0,0.8489457382763477,0.9142857142857143,0.7005234431233429,False,False,False
conv43,conv,368,1232,32,32,3,3,1,1,conv42,conv44,9248.0,4192821248,,101.96,3922931,2755584,27.0,6.0,9.0,32,1,12.0,,1,2,2,False,,False,combined (SPATIAL_W),3202.9501342773438,1083.6533508300781,,12.0,0.0,6.0,13.690977499999999,0,64,0.7416959382869579,0.5650902390480042,0.4849933997381892,16.0,131840,context_2,False,0.0178853975,0,8356626432,319488,8,-5.530157566070557,19.210020065307617,-0.3721359074115753,0.3566400408744812,-3.0211846828460693,14.895142555236816,8,8,16,0.712650093698754,0.987179487209557,1.0,0.7138635377419571,0.8888888888888888,0.502212683431224,False,False,False
conv44,conv,368,1232,32,32,3,3,1,1,conv43 conv42,conv45 conv46,9248.0,4192821248,,76.09,5256600,2755584,27.0,6.0,9.0,32,1,20.0,,1,2,2,False,,True,combined (SPATIAL_W),3202.9501342773438,1083.6533508300781,,12.0,0.0,6.0,13.8599725,0,64,0.7864277671884606,0.5453692165513834,0.680581102323448,20.0,131840,context_2,False,0.0180333425,0,8356626432,319488,8,-3.0211846828460693,14.895142555236816,-0.695923388004303,0.6022372245788574,-6.75173807144165,19.334522247314453,8,8,16,0.76298702835065,0.9872046234895051,1.0,0.9551814000610857,0.8888888888888888,0.7194461909608347,False,False,False
conv45,conv,368,1232,32,32,3,3,1,1,conv44,conv46,9248.0,4192821248,,187.47,2133725,1377792,52.0,10.0,16.0,32,1,19.0,,1,4,4,False,,False,combined (SPATIAL_W),3072.6373596191406,1124.8047485351562,,24.0,0.0,10.0,13.6477075,0,64,0.6845238518256407,0.4665648594498634,0.2564459995587044,39.0,138496,context_2,False,0.018137115,0,8356626432,638976,8,-6.75173807144165,19.334522247314453,-0.3205670714378357,0.30934426188468933,-2.5505242347717285,9.956853866577148,8,8,16,0.6623101713129944,0.9871794871337949,1.0,0.38818354084914364,0.9230769230769231,0.2538017899620379,False,False,False
conv46,conv,368,1232,32,32,3,3,1,1,conv45 conv44,conv47 conv48,9248.0,4192821248,,213.97,1869459,847872,86.0,16.0,26.0,32,1,39.0,,1,4,4,False,,True,combined (SPATIAL_W),5818.180023193359,1787.0124206542969,,40.0,0.0,16.0,9.18661,0,64,0.7926527372626373,0.420863697770983,0.6560795752611674,112.0,185856,context_3,False,0.0092816525,0,8356626432,983040,8,-2.5505242347717285,9.956853866577148,-1.10075044631958,0.8199657201766968,-8.029814720153809,30.604198455810547,8,8,16,0.783052872874598,0.9627867658180247,1.0,0.8418296671406735,0.9302325581395349,0.6344637712976642,False,False,False
conv47,conv,368,1232,32,32,3,3,1,1,conv46,conv48,9248.0,4192821248,,213.97,1869459,741888,100.0,34.0,34.0,32,1,56.0,,1,8,8,False,,False,combined (SPATIAL_W),7636.361473083496,2036.3629608154297,,88.0,0.0,34.0,9.0619725,0,64,0.6174262154102328,0.33607281886917706,0.4142768727060304,472.0,233216,context_3,False,0.009606315,0,8356626432,1261568,8,-8.029814720153809,30.604198455810547,-0.44673222303390503,0.2726038992404938,-1.4208930730819702,6.2882080078125,8,8,16,0.5873570639211663,1.0,1.0,0.7074205547325839,0.88,0.41550846138111014,False,False,False
conv48,conv,368,1232,32,32,3,3,1,1,conv47 conv46,conv49 conv50,9248.0,4192821248,,213.97,1869459,741888,100.0,34.0,34.0,32,1,61.0,,1,8,8,False,,True,combined (SPATIAL_W),2979.271417617798,794.4724273681641,,88.0,1.0,34.0,22.2976875,0,64,0.6617054304480553,0.3150897682370508,0.10574276147786708,479.0,233216,context_4,False,0.022771645,0,8356626432,1261568,8,-1.4208930730819702,6.2882080078125,-1.301539659500122,1.037937045097351,-6.296690464019775,37.09941864013672,8,8,16,0.6431417856703966,1.0,1.0,0.1712675031195377,0.88,0.11014928803882054,False,False,False
conv49,conv,368,1232,32,32,3,3,1,1,conv48,conv50,9248.0,4192821248,,72.8,5494327,4080384,18.0,4.0,6.0,32,1,13.0,,1,1,1,False,,False,combined (SPATIAL_W),1568.6775512695312,632.3351440429688,,8.0,0.0,4.0,22.4132725,0,64,0.7839773529105717,0.5751633606851101,0.4205486858657132,14.0,98816,context_4,False,0.02299898,0,8356626432,239616,8,-6.296690464019775,37.09941864013672,-0.10172183811664581,0.11039789021015167,-1.800310730934143,8.875950813293457,8,8,16,0.7590829653375735,0.9871794871794872,1.0,0.5909433251507412,0.8888888888888888,0.44282405438665096,False,False,False
conv50,conv,368,1232,32,32,3,3,1,1,conv49 conv48,conv51 conv52,9248.0,4192821248,,43.03,9296619,4080384,18.0,4.0,6.0,32,1,38.0,,1,1,1,False,,True,combined (SPATIAL_W),1568.6775512695312,632.3351440429688,,8.0,0.0,4.0,23.2723625,0,64,0.8191536648405923,0.38054230622947216,0.767338467481695,34.0,98816,context_4,False,0.0238423125,0,8356626432,239616,8,-1.800310730934143,8.875950813293457,-0.689315140247345,0.7442355751991272,-10.261978149414062,39.111690521240234,8,8,16,0.8387633234493762,0.9871794871794871,1.0,0.9999406200497455,0.8888888888888888,0.8279607832372421,False,False,False
conv51,conv,368,1232,32,32,3,3,1,1,conv50,conv52,9248.0,4192821248,,72.8,5494327,4080384,18.0,4.0,6.0,32,1,10.0,,1,1,1,False,,False,combined (SPATIAL_W),1568.6775512695312,632.3351440429688,,8.0,0.0,4.0,23.135285,0,64,0.7839773529105717,0.5751633606851101,0.4205486858657132,9.0,98816,context_4,False,0.0239346275,0,8356626432,239616,8,-10.261978149414062,39.111690521240234,-0.2532378137111664,0.22130247950553894,-3.674894094467163,8.988592147827148,8,8,16,0.7590829653375735,0.9871794871794872,1.0,0.5909433251507412,0.8888888888888888,0.44282405438665096,False,False,False
conv52,conv,368,1232,32,32,3,3,1,1,conv51 conv50,conv53,9248.0,4192821248,,53.45,7483115,4080384,18.0,4.0,6.0,32,1,11.0,,1,1,1,False,,True,combined (SPATIAL_W),1568.6775512695312,632.3351440429688,,8.0,0.0,4.0,23.286495000000002,0,64,0.8200683626863691,0.5529440958052874,0.5939417133914424,12.0,98816,context_4,False,0.0240733125,0,8356626432,239616,8,-3.674894094467163,8.988592147827148,-6.508240222930908,5.128953456878662,-14.436251640319824,82.43859100341797,8,8,16,0.799685354648006,0.9871794871794871,1.0,0.8048692712122597,0.8888888888888888,0.6353903493791677,False,False,False
conv53,conv,368,1232,1,32,3,3,1,1,conv52 reduce_sum1,output_layer1,289.0,131025664,,216.91,1844071,105984,26.0,16.0,26.0,32,1,18.0,,1,1,1,False,,True,combined (SPATIAL_W),3462.9859352111816,446.7531051635742,,10.0,0.0,16.0,9.1086525,0,64,0.7231107583412756,0.30295542324893177,0.4008691719315653,652.0,17408,context_5,False,0.0091107025,0,261144576,61440,8,-14.436251640319824,82.43859100341797,-0.49116024374961853,0.5671964883804321,0.0,135.98448181152344,8,8,16,0.7172984679217121,0.962506532184196,0.125,0.6510718058193137,0.7692307692307693,0.056187481615833014,False,False,False
const_input1_concat1_transpose,format_conversion,23,1,1,32,,,,,,,0,0,,215169.45,1859,,1,1,1,1,0,1,1,1,0,0,False,,False,,0.07406734675168991,0.0,,0,0,1,0.004575,0,1,0.0,0.0,0.0,255,32,context_0,False,4.6225e-06,0,0,0,8,N/A,N/A,N/A,N/A,N/A,N/A,8,8,8,0.0,0.125,1.0,0.00046770107686977904,0.0,0.0,False,False,False
const_input10_concat9_transpose,format_conversion,23,6,6,32,,,,,,,0,0,,215169.45,1859,,1,1,1,6,0,1,1,1,0,0,False,,False,,0.44440406560897827,0.0,,0,0,1,0.004575,0,6,0.0,0.0,0.0,170,192,context_0,False,4.6225e-06,0,0,0,8,N/A,N/A,N/A,N/A,N/A,N/A,8,8,8,0.0,0.75,1.0,0.00046770107686977904,0.0,0.0,False,False,False
const_input11_concat10_transpose,format_conversion,23,7,7,32,,,,,,,0,0,,215169.45,1859,,1,1,1,7,0,1,1,1,0,0,False,,False,,0.5184714198112488,0.0,,0,0,1,0.004575,0,7,0.0,0.0,0.0,146,224,context_0,False,4.6225e-06,0,0,0,8,N/A,N/A,N/A,N/A,N/A,N/A,8,8,8,0.0,0.875,1.0,0.00046770107686977904,0.0,0.0,False,False,False
const_input12_concat11_transpose,format_conversion,23,8,8,32,,,,,,,0,0,,215169.45,1859,,1,1,1,8,0,1,1,1,0,0,False,,False,,0.5925387740135193,0.0,,0,0,1,0.004575,0,8,0.0,0.0,0.0,128,256,context_0,False,4.6225e-06,0,0,0,8,N/A,N/A,N/A,N/A,N/A,N/A,8,8,8,0.0,1.0,1.0,0.00046770107686977904,0.0,0.0,False,False,False
const_input2_concat2_transpose,format_conversion,23,9,9,32,,,,,,,0,0,,120084.06,3331,,1,1,1,9,0,1,1,1,0,0,False,,False,,1.8915499448776245,0.0,,0,0,1,0.008255,0,9,0.0,0.0,0.0,113,288,context_1,False,8.3025e-06,0,0,0,8,N/A,N/A,N/A,N/A,N/A,N/A,8,8,8,0.0,0.5625,1.0,0.0023780015934252645,0.0,0.0,False,False,False
const_input3_concat3_transpose,format_conversion,23,10,10,32,,,,,,,0,0,,120084.06,3331,,1,1,1,10,0,1,1,1,0,0,False,,False,,2.101722240447998,0.0,,0,0,1,0.008255,0,10,0.0,0.0,0.0,102,320,context_1,False,8.3025e-06,0,0,0,8,N/A,N/A,N/A,N/A,N/A,N/A,8,8,8,0.0,0.625,1.0,0.0023780015934252645,0.0,0.0,False,False,False
const_input5_concat4_transpose,format_conversion,23,2,2,32,,,,,,,0,0,,215169.45,1859,,1,1,1,2,0,1,1,1,0,0,False,,False,,0.14813469350337982,0.0,,0,0,1,0.004575,0,2,0.0,0.0,0.0,255,64,context_0,False,4.6225e-06,0,0,0,8,N/A,N/A,N/A,N/A,N/A,N/A,8,8,8,0.0,0.25,1.0,0.00046770107686977904,0.0,0.0,False,False,False
const_input6_concat5_transpose,format_conversion,23,11,11,32,,,,,,,0,0,,120084.06,3331,,1,1,1,11,0,1,1,1,0,0,False,,False,,2.311894416809082,0.0,,0,0,1,0.008255,0,11,0.0,0.0,0.0,93,352,context_1,False,8.3025e-06,0,0,0,8,N/A,N/A,N/A,N/A,N/A,N/A,8,8,8,0.0,0.6875,1.0,0.0023780015934252645,0.0,0.0,False,False,False
const_input7_concat6_transpose,format_conversion,23,3,3,32,,,,,,,0,0,,215169.45,1859,,1,1,1,3,0,1,1,1,0,0,False,,False,,0.22220203280448914,0.0,,0,0,1,0.004575,0,3,0.0,0.0,0.0,255,96,context_0,False,4.6225e-06,0,0,0,8,N/A,N/A,N/A,N/A,N/A,N/A,8,8,8,0.0,0.375,1.0,0.00046770107686977904,0.0,0.0,False,False,False
const_input8_concat7_transpose,format_conversion,23,4,4,32,,,,,,,0,0,,215169.45,1859,,1,1,1,4,0,1,1,1,0,0,False,,False,,0.29626938700675964,0.0,,0,0,1,0.004575,0,4,0.0,0.0,0.0,255,128,context_0,False,4.6225e-06,0,0,0,8,N/A,N/A,N/A,N/A,N/A,N/A,8,8,8,0.0,0.5,1.0,0.00046770107686977904,0.0,0.0,False,False,False
const_input9_concat8_transpose,format_conversion,23,5,5,32,,,,,,,0,0,,215169.45,1859,,1,1,1,5,0,1,1,1,0,0,False,,False,,0.37033671140670776,0.0,,0,0,1,0.004575,0,5,0.0,0.0,0.0,204,160,context_0,False,4.6225e-06,0,0,0,8,N/A,N/A,N/A,N/A,N/A,N/A,8,8,8,0.0,0.625,1.0,0.00046770107686977904,0.0,0.0,False,False,False
auto_reshape_from_input_layer1_to_normalization1,format_conversion,368,1232,3,3,,,,,,,0,0,,1122.89,356225,,0,0,0,,0,0,1,1,,,False,,False,,136.87644958496094,0.0,,0,1,1,8.4650075,0,,0.0,0.0,0.0,2,3696,context_0,False,0.00846736,0,0,0,8,N/A,N/A,N/A,N/A,N/A,N/A,8,8,8,0.0,,,0.08962174077887954,0.0,,False,False,False
sh_from_conv17_to_sh_from_conv17_to_sh_from_conv17_to_conv17_concat1_transpose_conv17_concat10_transpose_conv17_con_2,shortcut,23,77,32,32,,,,,,,0,0,,51480.05,7770,,1,1,1,32,0,1,1,,,,False,,False,,5.703185558319092,0.0,stereonet/sh_from_conv17_to_sh_from_conv17_to_sh_from_conv17_to_conv17_concat1_transpose_conv17_concat10_transpose_conv17_con_2,0,0,1,4.035942500000001,0,32,0.9472329616546631,0.9472329616546631,0.0018516836891719357,12,2560,context_0,False,0.010769405,0,0,0,8,N/A,N/A,N/A,N/A,N/A,N/A,8,8,8,0.9472329616546631,0.9625,1.0,0.0019548345170942354,0.0,0.0017822455508279883,False,False,False
sh_from_conv17_to_sh_from_conv17_to_conv17_concat1_transpose_conv17_concat10_transpose_conv17_concat11_transpose_co_1,shortcut,23,77,32,32,,,,,,,0,0,,51480.05,7770,,1,1,1,32,0,1,1,,,,False,,False,,5.703185558319092,0.0,stereonet/sh_from_conv17_to_sh_from_conv17_to_conv17_concat1_transpose_conv17_concat10_transpose_conv17_concat11_transpose_co_1,0,0,1,4.035942500000001,0,32,0.9472329616546631,0.9472329616546631,0.0018516836891719357,12,2560,context_0,False,0.010770245,0,0,0,8,N/A,N/A,N/A,N/A,N/A,N/A,8,8,8,0.9472329616546631,0.9625,1.0,0.0019548345170942354,0.0,0.0017822455508279883,False,False,False
sh_from_conv17_to_conv17_concat1_transpose_conv17_concat10_transpose_conv17_concat11_transpose_conv17_concat2_transpo,shortcut,23,77,32,32,,,,,,,0,0,,51480.05,7770,,1,1,1,32,0,4,1,,,,False,,False,,5.703185558319092,0.0,stereonet/sh_from_conv17_to_conv17_concat1_transpose_conv17_concat10_transpose_conv17_concat11_transpose_conv17_concat2_transpo,0,0,1,4.035942500000001,0,32,0.9472329616546631,0.9472329616546631,0.0018516836891719357,48,2560,context_0,False,0.010771085,0,0,0,8,N/A,N/A,N/A,N/A,N/A,N/A,8,8,8,0.9472329616546631,0.9625,1.0,0.0019548345170942354,0.0,0.0017822455508279883,False,False,False
conv17_concat1_transpose,format_conversion,23,77,77,32,,,,,,,0,0,,26477.79,15107,,1,1,1,77,0,1,1,1,0,0,False,,False,,5.703185558319092,0.0,,0,0,1,4.03674,0,77,0.0,0.0,0.0,13,2464,context_0,False,0.0107727225,0,0,0,8,N/A,N/A,N/A,N/A,N/A,N/A,8,8,8,0.0,0.9625,1.0,0.003800731666633541,0.0,0.0,False,False,False
concat1_slice1_transpose,format_conversion,23,32,32,78,,,,,,,0,0,,26477.79,15107,,1,1,1,32,0,1,1,1,0,0,False,,False,,16.393434524536133,0.0,,0,0,1,0.037695,0,32,0.0,0.0,0.0,12,2560,context_1,False,3.92975e-05,0,0,0,8,N/A,N/A,N/A,N/A,N/A,N/A,8,8,8,0.0,1.0,1.0,0.010784890444874054,0.0,0.0,False,False,False
conv17_concat10_transpose,format_conversion,23,77,77,32,,,,,,,0,0,,26477.79,15107,,1,1,1,77,0,1,1,1,0,0,False,,False,,5.703185558319092,0.0,,0,0,1,4.03674,0,77,0.0,0.0,0.0,13,2464,context_0,False,0.0107727225,0,0,0,8,N/A,N/A,N/A,N/A,N/A,N/A,8,8,8,0.0,0.9625,1.0,0.003800731666633541,0.0,0.0,False,False,False
conv17_concat11_transpose,format_conversion,23,77,77,32,,,,,,,0,0,,26477.79,15107,,1,1,1,77,0,1,1,1,0,0,False,,False,,5.703185558319092,0.0,,0,0,1,4.03674,0,77,0.0,0.0,0.0,13,2464,context_0,False,0.0107727225,0,0,0,8,N/A,N/A,N/A,N/A,N/A,N/A,8,8,8,0.0,0.9625,1.0,0.003800731666633541,0.0,0.0,False,False,False
conv17_concat2_transpose,format_conversion,23,77,77,32,,,,,,,0,0,,26477.79,15107,,1,1,1,77,0,1,1,1,0,0,False,,False,,5.703185558319092,0.0,,0,0,1,4.03674,0,77,0.0,0.0,0.0,13,2464,context_0,False,0.0107727225,0,0,0,8,N/A,N/A,N/A,N/A,N/A,N/A,8,8,8,0.0,0.9625,1.0,0.003800731666633541,0.0,0.0,False,False,False
mux_conv17_concat10_transpose_conv17_concat11_transpose_conv17_concat2_transpose_to_concat2_concat10-11,output_mux,23|23|23,32|32|32,1,77|77|77,,,,,,,0,0,,17338.53,23070,,1,1,1,1,0,1,1,,,,False,,False,,5.703185558319092,0.0,stereonet/mux_conv17_concat10_transpose_conv17_concat11_transpose_conv17_concat2_transpose_to_concat2_concat10-11,0,0,1,4.037599999999999,0,1,0.9211963415145874,0.9211963415145874,0.005346736470127771,4,7392,context_0,False,0.01077522,0,0,0,8,N/A,N/A,N/A,N/A,N/A,N/A,8,8,8,0.9211963415145874,1.0,1.0,0.00580412256233771,0.0,0.005346736470127771,False,False,False
demux_conv17_concat10_transpose_conv17_concat11_transpose_conv17_concat2_transpose_to_concat2_concat10-11,demux,23,7392,77,1,,,,,,,0,0,,17477.93,22886,,1,1,1,77,0,3,1,,,,False,,False,,48.54978561401367,0.0,stereonet/demux_conv17_concat10_transpose_conv17_concat11_transpose_conv17_concat2_transpose_to_concat2_concat10-11,0,0,1,0.10409,0,77,0.9286026358604431,0.9286026358604431,0.015171807170058239,39,832,context_1,False,0.0001087525,0,0,0,8,N/A,N/A,N/A,N/A,N/A,N/A,8,8,8,0.9286026358604431,1.0,1.0,0.01633832016425416,0.0,0.015171807170058239,False,False,False
concat10_slice10_transpose,format_conversion,23,32,32,84,,,,,,,0,0,,24126.91,16579,,1,1,1,32,0,1,1,1,0,0,False,,False,,17.65446662902832,0.0,,0,0,1,0.10341499999999999,0,32,0.0,0.0,0.0,11,2816,context_1,False,0.0001097825,0,0,0,8,N/A,N/A,N/A,N/A,N/A,N/A,8,8,8,0.0,1.0,1.0,0.011835751551305153,0.0,0.0,False,False,False
concat11_slice11_transpose,format_conversion,23,32,32,85,,,,,,,0,0,,24126.91,16579,,1,1,1,32,0,1,1,1,0,0,False,,False,,17.864639282226562,0.0,,0,0,1,0.10341499999999999,0,32,0.0,0.0,0.0,11,2816,context_1,False,0.0001106175,0,0,0,8,N/A,N/A,N/A,N/A,N/A,N/A,8,8,8,0.0,1.0,1.0,0.011835751551305153,0.0,0.0,False,False,False
concat2_slice2_transpose,format_conversion,23,32,32,86,,,,,,,0,0,,24126.91,16579,,1,1,1,32,0,1,1,1,0,0,False,,False,,18.074811935424805,0.0,,0,0,1,0.10341499999999999,0,32,0.0,0.0,0.0,11,2816,context_1,False,0.0001114525,0,0,0,8,N/A,N/A,N/A,N/A,N/A,N/A,8,8,8,0.0,1.0,1.0,0.011835751551305153,0.0,0.0,False,False,False
conv17_concat5_transpose,format_conversion,23,77,77,32,,,,,,,0,0,,26477.79,15107,,1,1,1,77,0,1,1,1,0,0,False,,False,,5.703185558319092,0.0,,0,0,1,4.03674,0,77,0.0,0.0,0.0,13,2464,context_0,False,0.0107718825,0,0,0,8,N/A,N/A,N/A,N/A,N/A,N/A,8,8,8,0.0,0.9625,1.0,0.003800731666633541,0.0,0.0,False,False,False
conv17_concat4_transpose,format_conversion,23,77,77,32,,,,,,,0,0,,26477.79,15107,,1,1,1,77,0,1,1,1,0,0,False,,False,,5.703185558319092,0.0,,0,0,1,4.03674,0,77,0.0,0.0,0.0,13,2464,context_0,False,0.0107718825,0,0,0,8,N/A,N/A,N/A,N/A,N/A,N/A,8,8,8,0.0,0.9625,1.0,0.003800731666633541,0.0,0.0,False,False,False
concat4_slice4_transpose,format_conversion,23,32,32,79,,,,,,,0,0,,26477.79,15107,,1,1,1,32,0,1,1,1,0,0,False,,False,,16.603605270385742,0.0,,0,0,1,0.037695,0,32,0.0,0.0,0.0,12,2560,context_1,False,3.93175e-05,0,0,0,8,N/A,N/A,N/A,N/A,N/A,N/A,8,8,8,0.0,1.0,1.0,0.010784890444874054,0.0,0.0,False,False,False
conv17_concat3_transpose,format_conversion,23,77,77,32,,,,,,,0,0,,26477.79,15107,,1,1,1,77,0,1,1,1,0,0,False,,False,,5.703185558319092,0.0,,0,0,1,4.03674,0,77,0.0,0.0,0.0,13,2464,context_0,False,0.0107718825,0,0,0,8,N/A,N/A,N/A,N/A,N/A,N/A,8,8,8,0.0,0.9625,1.0,0.003800731666633541,0.0,0.0,False,False,False
mux_conv17_concat3_transpose_conv17_concat5_transpose_to_concat3_concat5,output_mux,23|23,32|32,1,77|77,,,,,,,0,0,,25843.13,15478,,1,1,1,1,0,1,1,,,,False,,False,,5.703185558319092,0.0,stereonet/mux_conv17_concat3_transpose_conv17_concat5_transpose_to_concat3_concat5,0,0,1,4.0367750000000004,0,1,0.9153637290000916,0.9153637290000916,0.0035644909964305817,6,4928,context_0,False,0.010773555,0,0,0,8,N/A,N/A,N/A,N/A,N/A,N/A,8,8,8,0.9153637290000916,1.0,1.0,0.0038940706120443465,0.0,0.0035644909964305817,False,False,False
demux_conv17_concat3_transpose_conv17_concat5_transpose_to_concat3_concat5,demux,23,4928,77,1,,,,,,,0,0,,26154.05,15294,,1,1,1,77,0,2,1,,,,False,,False,,32.36652374267578,0.0,stereonet/demux_conv17_concat3_transpose_conv17_concat5_transpose_to_concat3_concat5,0,0,1,0.069385,0,77,0.9263763427734375,0.9263763427734375,0.010114537996893786,26,1248,context_1,False,7.25075e-05,0,0,0,8,N/A,N/A,N/A,N/A,N/A,N/A,8,8,8,0.9263763427734375,1.0,1.0,0.010918389783802461,0.0,0.010114537996893786,False,False,False
concat3_slice3_transpose,format_conversion,23,32,32,87,,,,,,,0,0,,24126.91,16579,,1,1,1,32,0,1,1,1,0,0,False,,False,,18.284984588623047,0.0,,0,0,1,0.069535,0,32,0.0,0.0,0.0,11,2816,context_1,False,7.43925e-05,0,0,0,8,N/A,N/A,N/A,N/A,N/A,N/A,8,8,8,0.0,1.0,1.0,0.011835751551305153,0.0,0.0,False,False,False
concat5_slice5_transpose,format_conversion,23,32,32,88,,,,,,,0,0,,24126.91,16579,,1,1,1,32,0,1,1,1,0,0,False,,False,,18.495155334472656,0.0,,0,0,1,0.069535,0,32,0.0,0.0,0.0,11,2816,context_1,False,7.52275e-05,0,0,0,8,N/A,N/A,N/A,N/A,N/A,N/A,8,8,8,0.0,1.0,1.0,0.011835751551305153,0.0,0.0,False,False,False
conv17_concat7_transpose,format_conversion,23,77,77,32,,,,,,,0,0,,26477.79,15107,,1,1,1,77,0,1,1,1,0,0,False,,False,,5.703185558319092,0.0,,0,0,1,4.03674,0,77,0.0,0.0,0.0,13,2464,context_0,False,0.0107710425,0,0,0,8,N/A,N/A,N/A,N/A,N/A,N/A,8,8,8,0.0,0.9625,1.0,0.003800731666633541,0.0,0.0,False,False,False
conv17_concat8_transpose,format_conversion,23,77,77,32,,,,,,,0,0,,26477.79,15107,,1,1,1,77,0,1,1,1,0,0,False,,False,,5.703185558319092,0.0,,0,0,1,4.03674,0,77,0.0,0.0,0.0,13,2464,context_0,False,0.0107710425,0,0,0,8,N/A,N/A,N/A,N/A,N/A,N/A,8,8,8,0.0,0.9625,1.0,0.003800731666633541,0.0,0.0,False,False,False
conv17_concat6_transpose,format_conversion,23,77,77,32,,,,,,,0,0,,26477.79,15107,,1,1,1,77,0,1,1,1,0,0,False,,False,,5.703185558319092,0.0,,0,0,1,4.03674,0,77,0.0,0.0,0.0,13,2464,context_0,False,0.0107710425,0,0,0,8,N/A,N/A,N/A,N/A,N/A,N/A,8,8,8,0.0,0.9625,1.0,0.003800731666633541,0.0,0.0,False,False,False
mux_conv17_concat7_transpose_concat6_to_concat6_slice6_transpose_concat7,output_mux,23|23,32|32,1,80|77,,,,,,,0,0,,25390.38,15754,,1,1,1,1,0,1,1,,,,False,,False,,5.925387382507324,0.0,stereonet/mux_conv17_concat7_transpose_concat6_to_concat6_slice6_transpose_concat7,0,0,1,4.036805,0,1,0.916846513748169,0.916846513748169,0.0036339291790345764,6,5024,context_0,False,0.0107735875,0,0,0,8,-68.94171905517578,75.15777587890625,N/A,N/A,N/A,N/A,8,8,8,0.916846513748169,1.0,1.0,0.003963508749331091,0.0,0.0036339291790345764,False,False,False
demux_conv17_concat7_transpose_concat6_to_concat6_slice6_transpose_concat7,demux,23,5024,80,1,,,,,,,0,0,,25690.43,15570,,1,1,1,80,0,2,1,,,,False,,False,,32.997039794921875,0.0,stereonet/demux_conv17_concat7_transpose_concat6_to_concat6_slice6_transpose_concat7,0,0,1,0.070735,0,80,0.9276814460754395,0.9276814460754395,0.01031157468923538,24,2464,context_1,False,7.39175e-05,0,0,0,8,N/A,N/A,N/A,N/A,N/A,N/A,8,8,8,0.9276814460754395,1.0,1.0,0.011115426241258292,0.0,0.01031157468923538,False,False,False
concat6_slice6_transpose,format_conversion,23,32,32,80,,,,,,,0,0,,26477.79,15107,,1,1,1,32,0,1,1,1,0,0,False,,False,,16.813777923583984,0.0,,0,0,1,0.070695,0,32,0.0,0.0,0.0,12,2560,context_1,False,7.473e-05,0,0,0,8,N/A,N/A,N/A,N/A,N/A,N/A,8,8,8,0.0,1.0,1.0,0.010784890444874054,0.0,0.0,False,False,False
concat7_slice7_transpose,format_conversion,23,32,32,81,,,,,,,0,0,,24126.91,16579,,1,1,1,32,0,1,1,1,0,0,False,,False,,17.023950576782227,0.0,,0,0,1,0.070855,0,32,0.0,0.0,0.0,11,2816,context_1,False,7.65675e-05,0,0,0,8,N/A,N/A,N/A,N/A,N/A,N/A,8,8,8,0.0,1.0,1.0,0.011835751551305153,0.0,0.0,False,False,False
conv17_concat9_transpose,format_conversion,23,77,77,32,,,,,,,0,0,,26477.79,15107,,1,1,1,77,0,1,1,1,0,0,False,,False,,5.703185558319092,0.0,,0,0,1,4.03674,0,77,0.0,0.0,0.0,13,2464,context_0,False,0.0107702025,0,0,0,8,N/A,N/A,N/A,N/A,N/A,N/A,8,8,8,0.0,0.9625,1.0,0.003800731666633541,0.0,0.0,False,False,False
mux_conv17_concat9_transpose_conv17_concat8_transpose_conv17_to_concat8-9_ew_sub1,output_mux,23|23|23,77|32|32,1,32|77|77,,,,,,,0,0,,17133.56,23346,,1,1,1,1,0,1,1,,,,False,,False,,5.703185558319092,0.0,stereonet/mux_conv17_concat9_transpose_conv17_concat8_transpose_conv17_to_concat8-9_ew_sub1,0,0,1,4.0384275,0,1,0.9221279621124268,0.9221279621124268,0.0054161745582883385,4,7488,context_0,False,0.01077189,0,0,0,8,N/A,N/A,N/A,N/A,N/A,N/A,8,8,8,0.9221279621124268,0,1.0,0.0058735606996244555,0.0,0.0,False,False,False
demux_conv17_concat9_transpose_conv17_concat8_transpose_conv17_to_concat8-9_ew_sub1,demux,23,7488,32,1,,,,,,,0,0,,17269.67,23162,,1,1,1,32,0,3,1,,,,False,,False,,49.180301666259766,0.0,stereonet/demux_conv17_concat9_transpose_conv17_concat8_transpose_conv17_to_concat8-9_ew_sub1,0,0,1,0.10543999999999999,0,32,0.929453432559967,0.929453432559967,0.015368843970651531,36,2464,context_1,False,0.0001101625,0,0,0,8,N/A,N/A,N/A,N/A,N/A,N/A,8,8,8,0.929453432559967,1.0,1.0,0.01653535662170999,0.0,0.015368843970651531,False,False,False
concat9_slice9_transpose,format_conversion,23,32,32,83,,,,,,,0,0,,24126.91,16579,,1,1,1,32,0,1,1,1,0,0,False,,False,,17.444293975830078,0.0,,0,0,1,0.10473500000000001,0,32,0.0,0.0,0.0,11,2816,context_1,False,0.0001120075,0,0,0,8,N/A,N/A,N/A,N/A,N/A,N/A,8,8,8,0.0,1.0,1.0,0.011835751551305153,0.0,0.0,False,False,False
concat8_slice8_transpose,format_conversion,23,32,32,82,,,,,,,0,0,,24126.91,16579,,1,1,1,32,0,1,1,1,0,0,False,,False,,17.234121322631836,0.0,,0,0,1,0.10473500000000001,0,32,0.0,0.0,0.0,11,2816,context_1,False,0.0001128225,0,0,0,8,N/A,N/A,N/A,N/A,N/A,N/A,8,8,8,0.0,1.0,1.0,0.011835751551305153,0.0,0.0,False,False,False
auto_reshape_from_input_layer2_to_normalization2,format_conversion,368,1232,3,3,,,,,,,0,0,,1122.89,356225,,0,0,0,,0,0,1,1,,,False,,False,,136.87644958496094,0.0,,0,1,1,8.745112500000001,0,,0.0,0.0,0.0,2,3696,context_0,False,0.008747465,0,0,0,8,N/A,N/A,N/A,N/A,N/A,N/A,8,8,8,0.0,,,0.08962174077887954,0.0,,False,False,False
sh_from_conv34_to_sh_from_conv34_to_sh_from_conv34_to_ew_sub1_ew_sub5_ew_sub12_ew_sub3_ew_sub6_ew_sub7-9,shortcut,23,77,32,32,,,,,,,0,0,,51480.05,7770,,1,1,1,32,0,1,1,,,,False,,False,,5.703185558319092,0.0,stereonet/sh_from_conv34_to_sh_from_conv34_to_sh_from_conv34_to_ew_sub1_ew_sub5_ew_sub12_ew_sub3_ew_sub6_ew_sub7-9,0,0,1,4.035942500000001,0,32,0.9472329616546631,0.9472329616546631,0.0018516836891719357,12,2560,context_0,False,0.010769405,0,0,0,8,N/A,N/A,N/A,N/A,N/A,N/A,8,8,8,0.9472329616546631,0.9625,1.0,0.0019548345170942354,0.0,0.0017822455508279883,False,False,False
mux_sh_from_conv34_to_sh_from_conv34_to_sh_from_conv34_to_ew_sub1_ew_sub5_ew_sub12_ew_sub3_ew_sub6_ew_sub7-9_conv34_t,output_mux,23|23,77|77,1,32|32,,,,,,,0,0,,24953.21,16030,,1,1,1,1,0,1,1,,,,False,,False,,5.703185558319092,0.0,stereonet/mux_sh_from_conv34_to_sh_from_conv34_to_sh_from_conv34_to_ew_sub1_ew_sub5_ew_sub12_ew_sub3_ew_sub6_ew_sub7-9_conv34_t,0,0,1,4.036835,0,1,0.9182782173156738,0.9182782173156738,0.003703367277572224,6,5120,context_0,False,0.0107702975,0,0,0,8,N/A,N/A,N/A,N/A,N/A,N/A,8,8,8,0.9182782173156738,0.9625,1.0,0.004032946886617836,0.0,0.0035644910046632654,False,False,False
demux_sh_from_conv34_to_sh_from_conv34_to_sh_from_conv34_to_ew_sub1_ew_sub5_ew_sub12_ew_sub3_ew_sub6_ew_sub7-9_conv34,demux,23,5120,32,1,,,,,,,0,0,,25242.96,15846,,1,1,1,32,0,2,1,,,,False,,False,,33.62755584716797,0.0,stereonet/demux_sh_from_conv34_to_sh_from_conv34_to_sh_from_conv34_to_ew_sub1_ew_sub5_ew_sub12_ew_sub3_ew_sub6_ew_sub7-9_conv34,0,0,1,0.072085,0,32,0.9289410710334778,0.9289410710334778,0.010508611215369763,24,1232,context_1,False,7.53275e-05,0,0,0,8,N/A,N/A,N/A,N/A,N/A,N/A,8,8,8,0.9289410710334778,1.0,1.0,0.011312462698714122,0.0,0.010508611215369763,False,False,False
demuxer-shortcut_from_context_0_to_context_1_in_40_to_sh_from_conv34_to_sh_from_conv34_to_ew_sub1_ew_sub5_ew_sub12_ew,shortcut,23,77,32,32,,,,,,,0,0,,51480.05,7770,,1,1,1,32,0,3,1,,,,False,,False,,16.18326187133789,0.0,stereonet/demuxer-shortcut_from_context_0_to_context_1_in_40_to_sh_from_conv34_to_sh_from_conv34_to_ew_sub1_ew_sub5_ew_sub12_ew,0,0,1,0.0712175,0,32,0.9472329616546631,0.9472329616546631,0.005254305612152817,36,2560,context_1,False,7.61675e-05,0,0,0,8,N/A,N/A,N/A,N/A,N/A,N/A,8,8,8,0.9472329616546631,0.9625,1.0,0.005547004617506546,0.0,0.005057269151697087,False,False,False
sh_from_conv34_to_sh_from_conv34_to_ew_sub1_ew_sub5_ew_sub12_ew_sub3_ew_sub6,shortcut,23,77,32,32,,,,,,,0,0,,51480.05,7770,,1,1,1,32,0,2,1,,,,False,,False,,16.18326187133789,0.0,stereonet/sh_from_conv34_to_sh_from_conv34_to_ew_sub1_ew_sub5_ew_sub12_ew_sub3_ew_sub6,0,0,1,0.0712175,0,32,0.9472329616546631,0.9472329616546631,0.005254305612152817,24,2560,context_1,False,7.70075e-05,0,0,0,8,N/A,N/A,N/A,N/A,N/A,N/A,8,8,8,0.9472329616546631,0.9625,1.0,0.005547004617506546,0.0,0.005057269151697087,False,False,False
sh_from_conv34_to_ew_sub1_ew_sub5_ew_sub12,shortcut,23,77,32,32,,,,,,,0,0,,51480.05,7770,,1,1,1,32,0,2,1,,,,False,,False,,16.18326187133789,0.0,stereonet/sh_from_conv34_to_ew_sub1_ew_sub5_ew_sub12,0,0,1,0.0712175,0,32,0.9472329616546631,0.9472329616546631,0.005254305612152817,24,2560,context_1,False,7.78475e-05,0,0,0,8,N/A,N/A,N/A,N/A,N/A,N/A,8,8,8,0.9472329616546631,0.9625,1.0,0.005547004617506546,0.0,0.005057269151697087,False,False,False
concat_from_ew_sub1_ew_sub5_ew_sub8_to_concat12,concat,23|23|23|23,77|77|77|77,128,32|32|32|32,,,,,,,0,0,,13324.89,30019,,1,1,1,128,0,1,1,,,,False,,False,,16.18326187133789,0.0,stereonet/concat_from_ew_sub1_ew_sub5_ew_sub8_to_concat12,0,0,1,0.975855,0,128,0.9807122349739075,0.9807122349739075,0.02101722254388468,3,10240,context_1,False,0.000985785,0,0,0,8,-87.36100769042969,92.29267883300781,N/A,N/A,N/A,N/A,8,8,8,0.9807122349739075,0.9625,1.0,0.021430570349154313,0.0,0.020229076698489005,False,False,False
demuxer-shortcut_from_context_0_to_context_1_in_37_to_ew_sub10-11,shortcut,23,77,32,32,,,,,,,0,0,,51480.05,7770,,1,1,1,32,0,1,1,,,,False,,False,,16.18326187133789,0.0,stereonet/demuxer-shortcut_from_context_0_to_context_1_in_37_to_ew_sub10-11,0,0,1,0.0712175,0,32,0.9472329616546631,0.9472329616546631,0.005254305612152817,12,2560,context_1,False,7.53125e-05,0,0,0,8,N/A,N/A,N/A,N/A,N/A,N/A,8,8,8,0.9472329616546631,0.9625,1.0,0.005547004617506546,0.0,0.005057269151697087,False,False,False
concat_from_concat_from_ew_sub1_ew_sub5_ew_sub8_to_concat12_ew_sub9-11_to_concat12,concat,23|23|23|23,77|77|77|77,224,128|32|32|32,,,,,,,0,0,,7677.69,52099,,1,1,1,224,0,1,1,,,,False,,False,,64.73304748535156,0.0,stereonet/concat_from_concat_from_ew_sub1_ew_sub5_ew_sub8_to_concat12_ew_sub9-11_to_concat12,0,0,1,1.81205,0,224,0.9888865351676941,0.9888865351676941,0.0367801384364598,1,17920,context_1,False,0.0018252375,0,0,0,8,N/A,N/A,N/A,N/A,N/A,N/A,8,8,8,0.9888865351676941,0.9625,1.0,0.03719348694562079,0.0,0.035400883245092565,False,False,False
concat_from_concat_from_concat_from_ew_sub1_ew_sub5_ew_sub8_to_concat12_ew_sub9-11_to_concat12_ew_sub2_ew_sub12_to_co,concat,23|23|23|23,77|77|77|77,320,224|32|32|32,,,,,,,0,0,,5392.36,74179,,1,1,1,320,0,1,1,,,,False,,False,,113.28282928466797,0.0,stereonet/concat_from_concat_from_concat_from_ew_sub1_ew_sub5_ew_sub8_to_concat12_ew_sub9-11_to_concat12_ew_sub2_ew_sub12_to_co,0,0,1,1.9412075,0,320,0.9921945333480835,0.9921945333480835,0.052543054100234084,1,25600,context_1,False,0.0019600525,0,0,0,8,N/A,N/A,N/A,N/A,N/A,N/A,8,8,8,0.9921945333480835,0.9625,1.0,0.05295640354208728,0.0,0.05057268957147531,False,False,False
resize1_input_reshape,format_conversion,23,77,12,12,,,,,,,0,0,,51632.89,7747,,1,1,1,16,0,1,1,1,,,False,,False,,1.5471959114074707,0.0,,0,0,1,3.2828850000000003,0,12,0.0,0.0,0.0,26,1232,context_2,False,0.003751285,0,0,0,8,N/A,N/A,N/A,N/A,N/A,N/A,8,8,8,0.0,0.9625,0.75,0.0014099998052536735,0.0,0.0,False,False,False
resize1_output_reshape,format_conversion,368,1232,12,12,,,,,,,0,0,,219.81,1819779,,1,1,1,16,0,1,1,1,,,False,,False,,396.0821533203125,0.0,,0,0,1,11.102145,0,12,0.0,0.0,0.0,2,14784,context_2,False,0.014878125,0,0,0,8,N/A,N/A,N/A,N/A,N/A,N/A,8,8,8,0.0,1.0,0.75,0.3312105377055279,0.0,0.0,False,False,False
sh_from_conv40_sdc_to_conv42_sd0-3,shortcut,368,1232,32,32,,,,,,,0,0,,178.57,2240035,,1,1,1,32,0,1,1,,,,False,,False,,1056.2191162109375,0.0,stereonet/sh_from_conv40_sdc_to_conv42_sd0-3,0,0,1,13.4989625,0,32,0.8095873594284058,0.8095873594284058,0.3300684543670606,128,256,context_2,False,0.0174375175,0,0,0,8,N/A,N/A,N/A,N/A,N/A,N/A,8,8,8,0.8095873594284058,1.0,1.0,0.4076996145296776,0.0,0.3300684543670606,False,False,True
sh_from_sh_from_conv40_sdc_to_conv42_sd0-3_to_conv42_sd0-1,shortcut,368,1232,32,32,,,,,,,0,0,,190.36,2101299,,1,1,1,32,0,3,1,,,,False,,False,,1056.2191162109375,0.0,stereonet/sh_from_sh_from_conv40_sdc_to_conv42_sd0-3_to_conv42_sd0-1,0,0,1,13.509187500000001,0,32,0.863039493560791,0.863039493560791,0.3300684551137558,2,39424,context_2,False,0.01744794,0,0,0,8,N/A,N/A,N/A,N/A,N/A,N/A,8,8,8,0.863039493560791,1.0,1.0,0.3824488422330888,0.0,0.3300684551137558,False,True,False
sh_from_sh_from_conv40_sdc_to_conv42_sd0-3_to_conv42_sd2-3,shortcut,368,1232,32,32,,,,,,,0,0,,190.36,2101299,,1,1,1,32,0,16,1,,,,False,,False,,1056.2191162109375,0.0,stereonet/sh_from_sh_from_conv40_sdc_to_conv42_sd0-3_to_conv42_sd2-3,0,0,1,13.5449675,0,32,0.863039493560791,0.863039493560791,0.3300684551137558,12,39424,context_2,False,0.01748372,0,0,0,8,N/A,N/A,N/A,N/A,N/A,N/A,8,8,8,0.863039493560791,1.0,1.0,0.3824488422330888,0.0,0.3300684551137558,False,True,False
ws_from_conv42_ws_to_conv42_sd0-2,width_splitter,368,936,96,32,,,,,,,0,0,,279.13,1433017,,1,1,1,32,0,3,1,1,,,False,,False,,802.4521484375,0.0,stereonet/ws_from_conv42_ws_to_conv42_sd0-2,0,0,1,13.6411175,0,96,0.9943329095840454,0.9943329095840454,0.259339490185677,9,10240,context_2,False,0.0176914525,0,0,0,8,N/A,N/A,N/A,N/A,N/A,N/A,8,8,8,0.9943329095840454,1.0,3.0,0.26081756691947894,0.0,0.7780184705570309,False,False,False
ws_from_conv43_ws_to_conv43_sd0-1,width_splitter,368,832,64,32,,,,,,,0,0,,318.66,1255271,,1,1,1,32,0,2,1,1,,,False,,False,,713.2908325195312,0.0,stereonet/ws_from_conv43_ws_to_conv43_sd0-1,0,0,1,13.60707,0,64,0.9944115877151489,0.9944115877151489,0.22718997761195914,4,13568,context_2,False,0.01777165,0,0,0,8,N/A,N/A,N/A,N/A,N/A,N/A,8,8,8,0.9944115877151489,1.0,2.0,0.22846674397064462,0.0,0.4543799552239183,False,False,False
ws_from_conv44_ws_to_conv44_sd0-1,width_splitter,368,832,64,32,,,,,,,0,0,,318.66,1255271,,1,1,1,32,0,4,1,1,,,False,,False,,713.2908325195312,0.0,stereonet/ws_from_conv44_ws_to_conv44_sd0-1,0,0,1,13.598745000000001,0,64,0.9944115877151489,0.9944115877151489,0.22718997761195914,8,13568,context_2,False,0.0179064475,0,0,0,8,N/A,N/A,N/A,N/A,N/A,N/A,8,8,8,0.9944115877151489,1.0,2.0,0.22846674397064462,0.0,0.4543799552239183,False,False,False
ws_from_conv45_ws_to_conv45_sd3-5,width_splitter,368,616,96,32,,,,,,,0,0,,415.81,961977,,1,1,1,32,0,3,1,1,,,False,,False,,528.1095581054688,0.0,stereonet/ws_from_conv45_ws_to_conv45_sd3-5,0,0,1,13.592512500000002,0,96,0.9915580153465271,0.9915580153465271,0.17360743270813805,12,6912,context_2,False,0.0180524,0,0,0,8,N/A,N/A,N/A,N/A,N/A,N/A,8,8,8,0.9915580153465271,1.0,3.0,0.17508550182761237,0.0,0.5208222981244142,False,False,False
ws_from_conv45_ws_to_conv45_sd0-2,width_splitter,368,632,96,32,,,,,,,0,0,,405.87,985529,,1,1,1,32,0,3,1,1,,,False,,False,,541.82666015625,0.0,stereonet/ws_from_conv45_ws_to_conv45_sd0-2,0,0,1,13.592672499999999,0,96,0.9917597770690918,0.9917597770690918,0.17789403894874203,12,6912,context_2,False,0.01805256,0,0,0,8,N/A,N/A,N/A,N/A,N/A,N/A,8,8,8,0.9917597770690918,1.0,3.0,0.1793721050822057,0.0,0.533682116846226,False,False,False
ws_from_conv46_ws_to_ws_from_conv46_ws_to_conv46_sd0-2_ws_from_conv46_ws_to_conv46_sd3-5_ws_from_conv46_ws_to_conv46_sd6-8,width_splitter,368,1120,96,32,,,,,,,0,0,,234.76,1703865,,1,1,1,32,0,3,1,1,,,False,,False,,1454.5450439453125,0.0,stereonet/ws_from_conv46_ws_to_ws_from_conv46_ws_to_conv46_sd0-2_ws_from_conv46_ws_to_conv46_sd3-5_ws_from_conv46_ws_to_conv46_sd6-8,0,0,1,9.13712,0,96,0.9952337741851807,0.9952337741851807,0.9070773922573497,6,12032,context_3,False,0.0091743275,0,0,0,8,N/A,N/A,N/A,N/A,N/A,N/A,8,8,8,0.9952337741851807,1.0,3.0,0.9114214326176717,0.0,2.721232176772049,False,False,False
ws_from_conv46_ws_to_conv46_sd0-2,width_splitter,368,392,96,32,,,,,,,0,0,,632.66,632249,,1,1,1,32,0,3,1,1,,,False,,False,,509.09075927734375,0.0,stereonet/ws_from_conv46_ws_to_conv46_sd0-2,0,0,1,9.12984,0,96,0.9871553778648376,0.9871553778648376,0.3338548748593394,21,4352,context_3,False,0.00917862,0,0,0,8,N/A,N/A,N/A,N/A,N/A,N/A,8,8,8,0.9871553778648376,1.0,3.0,0.33819891209168,0.0,1.001564624578018,False,False,False
ws_from_conv46_ws_to_conv46_sd3-5,width_splitter,368,384,96,32,,,,,,,0,0,,644.67,620473,,1,1,1,32,0,3,1,1,,,False,,False,,498.7011413574219,0.0,stereonet/ws_from_conv46_ws_to_conv46_sd3-5,0,0,1,9.129760000000001,0,96,0.9869115948677063,0.9869115948677063,0.32755572494628143,21,4608,context_3,False,0.00917854,0,0,0,8,N/A,N/A,N/A,N/A,N/A,N/A,8,8,8,0.9869115948677063,1.0,3.0,0.3318997635144713,0.0,0.9826671748388444,False,False,False
ws_from_conv46_ws_to_conv46_sd6-8,width_splitter,368,376,96,32,,,,,,,0,0,,657.14,608697,,1,1,1,32,0,3,1,1,,,False,,False,,488.3115539550781,0.0,stereonet/ws_from_conv46_ws_to_conv46_sd6-8,0,0,1,9.129679999999999,0,96,0.9866583943367004,0.9866583943367004,0.3212565799290418,21,4352,context_3,False,0.00917846,0,0,0,8,N/A,N/A,N/A,N/A,N/A,N/A,8,8,8,0.9866583943367004,1.0,3.0,0.32560061493726256,0.0,0.9637697397871252,False,False,False
sh_from_conv44_to_conv46_sd0-3,shortcut,368,1232,32,32,,,,,,,0,0,,219.81,1819779,,1,1,1,32,0,12,1,,,,False,,False,,1599.99951171875,0.0,stereonet/sh_from_conv44_to_conv46_sd0-3,0,0,1,9.055217500000001,0,32,0.9965517520904541,0.9965517520904541,0.9700688546084266,6,39424,context_3,False,0.0090799,0,0,0,8,N/A,N/A,N/A,N/A,N/A,N/A,8,8,8,0.9965517520904541,1.0,1.0,0.9734254669399008,0.0,0.9700688546084266,False,False,False
sh_from_conv44_to_conv46_sd4-7,shortcut,368,1232,32,32,,,,,,,0,0,,219.81,1819779,,1,1,1,32,0,18,1,,,,False,,False,,1599.99951171875,0.0,stereonet/sh_from_conv44_to_conv46_sd4-7,0,0,1,9.055217500000001,0,32,0.9965517520904541,0.9965517520904541,0.9700688546084266,9,39424,context_3,False,0.0090799,0,0,0,8,N/A,N/A,N/A,N/A,N/A,N/A,8,8,8,0.9965517520904541,1.0,1.0,0.9734254669399008,0.0,0.9700688546084266,False,False,False
ws_from_conv47_ws_to_conv47_sd20-21,width_splitter,368,120,64,32,,,,,,,0,0,,1930.44,207207,,1,1,1,32,0,2,1,1,,,False,,False,,155.8441162109375,0.0,stereonet/ws_from_conv47_ws_to_conv47_sd20-21,0,0,1,9.007885,0,64,0.9661449790000916,0.9661449790000916,0.10708552723738364,28,2304,context_3,False,0.0092955825,0,0,0,8,N/A,N/A,N/A,N/A,N/A,N/A,8,8,8,0.9661449790000916,1.0,2.0,0.11083794830483044,0.0,0.21417105447476728,False,False,False
ws_from_conv47_ws_to_ws_from_conv47_ws_to_ws_from_conv47_ws_to_ws_from_conv47_ws_to_ws_from_conv47_ws_to_ws_from_conv47_ws_1141,width_splitter,368,1128,64,32,,,,,,,0,0,,236.55,1690983,,1,1,1,32,0,3,1,1,,,False,,False,,1464.9346923828125,0.0,stereonet/ws_from_conv47_ws_to_ws_from_conv47_ws_to_ws_from_conv47_ws_to_ws_from_conv47_ws_to_ws_from_conv47_ws_to_ws_from_conv47_ws_1141,0,0,1,9.017964999999998,0,64,0.9958515167236328,0.9958515167236328,0.9007782386796815,3,4096,context_3,False,0.0093056625,0,0,0,8,N/A,N/A,N/A,N/A,N/A,N/A,8,8,8,0.9958515167236328,1.0,2.0,0.9045306690331267,0.0,1.801556477359363,False,False,False
ws_from_conv47_ws_to_ws_from_conv47_ws_to_ws_from_conv47_ws_to_ws_from_conv47_ws_to_ws_from_conv47_ws_to_ws_from_conv47_ws_1139,width_splitter,368,1016,64,32,,,,,,,0,0,,262.10,1526119,,1,1,1,32,0,2,1,1,,,False,,False,,1319.480224609375,0.0,stereonet/ws_from_conv47_ws_to_ws_from_conv47_ws_to_ws_from_conv47_ws_to_ws_from_conv47_ws_to_ws_from_conv47_ws_to_ws_from_conv47_ws_1139,0,0,1,9.016845,0,64,0.9954033493995667,0.9954033493995667,0.8125901473005386,9,28928,context_3,False,0.0093160275,0,0,0,8,N/A,N/A,N/A,N/A,N/A,N/A,8,8,8,0.9954033493995667,1.0,2.0,0.816342588952205,0.0,1.6251802946010772,False,False,False
ws_from_conv47_ws_to_conv47_sd16-17,width_splitter,368,128,64,32,,,,,,,0,0,,1826.63,218983,,1,1,1,32,0,2,1,1,,,False,,False,,166.2337188720703,0.0,stereonet/ws_from_conv47_ws_to_conv47_sd16-17,0,0,1,9.007965,0,64,0.9679655432701111,0.9679655432701111,0.11338467362050664,28,2304,context_3,False,0.0093175125,0,0,0,8,N/A,N/A,N/A,N/A,N/A,N/A,8,8,8,0.9679655432701111,1.0,2.0,0.11713709688203913,0.0,0.22676934724101327,False,False,False
ws_from_conv47_ws_to_ws_from_conv47_ws_to_ws_from_conv47_ws_to_ws_from_conv47_ws_to_ws_from_conv47_ws_to_ws_from_conv47_ws_1137,width_splitter,368,904,64,32,,,,,,,0,0,,293.85,1361255,,1,1,1,32,0,2,1,1,,,False,,False,,1174.025634765625,0.0,stereonet/ws_from_conv47_ws_to_ws_from_conv47_ws_to_ws_from_conv47_ws_to_ws_from_conv47_ws_to_ws_from_conv47_ws_to_ws_from_conv47_ws_1137,0,0,1,9.015725,0,64,0.9948466420173645,0.9948466420173645,0.7244020680203992,9,4096,context_3,False,0.0093252725,0,0,0,8,N/A,N/A,N/A,N/A,N/A,N/A,8,8,8,0.9948466420173645,1.0,2.0,0.7281545088712831,0.0,1.4488041360407984,False,False,False
ws_from_conv47_ws_to_ws_from_conv47_ws_to_ws_from_conv47_ws_to_ws_from_conv47_ws_to_ws_from_conv47_ws_to_ws_from_conv47_ws_1134,width_splitter,368,792,64,32,,,,,,,0,0,,334.34,1196391,,1,1,1,32,0,2,1,1,,,False,,False,,1028.5711669921875,0.0,stereonet/ws_from_conv47_ws_to_ws_from_conv47_ws_to_ws_from_conv47_ws_to_ws_from_conv47_ws_to_ws_from_conv47_ws_to_ws_from_conv47_ws_1134,0,0,1,9.014605,0,64,0.9941365122795105,0.9941365122795105,0.6362139934936234,9,21760,context_3,False,0.0093333975,0,0,0,8,N/A,N/A,N/A,N/A,N/A,N/A,8,8,8,0.9941365122795105,1.0,2.0,0.6399664287903613,0.0,1.2724279869872468,False,False,False
ws_from_conv47_ws_to_conv47_sd12-13,width_splitter,368,128,64,32,,,,,,,0,0,,1826.63,218983,,1,1,1,32,0,2,1,1,,,False,,False,,166.2337188720703,0.0,stereonet/ws_from_conv47_ws_to_conv47_sd12-13,0,0,1,9.007965,0,64,0.9679655432701111,0.9679655432701111,0.11338467362050664,28,2304,context_3,False,0.0093348825,0,0,0,8,N/A,N/A,N/A,N/A,N/A,N/A,8,8,8,0.9679655432701111,1.0,2.0,0.11713709688203913,0.0,0.22676934724101327,False,False,False
ws_from_conv47_ws_to_ws_from_conv47_ws_to_ws_from_conv47_ws_to_ws_from_conv47_ws_to_ws_from_conv47_ws_to_ws_from_conv47_ws_1132,width_splitter,368,680,64,32,,,,,,,0,0,,387.77,1031527,,1,1,1,32,0,2,1,1,,,False,,False,,883.1166381835938,0.0,stereonet/ws_from_conv47_ws_to_ws_from_conv47_ws_to_ws_from_conv47_ws_to_ws_from_conv47_ws_to_ws_from_conv47_ws_to_ws_from_conv47_ws_1132,0,0,1,9.013485,0,64,0.9931994080543518,0.9931994080543518,0.5480259293154229,9,18176,context_3,False,0.0093404025,0,0,0,8,N/A,N/A,N/A,N/A,N/A,N/A,8,8,8,0.9931994080543518,1.0,2.0,0.5517783487094394,0.0,1.0960518586308459,False,False,False
ws_from_conv47_ws_to_conv47_sd10-11,width_splitter,368,128,64,32,,,,,,,0,0,,1826.63,218983,,1,1,1,32,0,2,1,1,,,False,,False,,166.2337188720703,0.0,stereonet/ws_from_conv47_ws_to_conv47_sd10-11,0,0,1,9.007965,0,64,0.9679655432701111,0.9679655432701111,0.11338467362050664,28,2304,context_3,False,0.0093418875,0,0,0,8,N/A,N/A,N/A,N/A,N/A,N/A,8,8,8,0.9679655432701111,1.0,2.0,0.11713709688203913,0.0,0.22676934724101327,False,False,False
ws_from_conv47_ws_to_ws_from_conv47_ws_to_ws_from_conv47_ws_to_ws_from_conv47_ws_to_ws_from_conv47_ws_to_conv47_sd0-1_ws_f_1130,width_splitter,368,568,64,32,,,,,,,0,0,,461.54,866663,,1,1,1,32,0,2,1,1,,,False,,False,,737.6621704101562,0.0,stereonet/ws_from_conv47_ws_to_ws_from_conv47_ws_to_ws_from_conv47_ws_to_ws_from_conv47_ws_to_ws_from_conv47_ws_to_conv47_sd0-1_ws_f_1130,0,0,1,9.012364999999999,0,64,0.9919057488441467,0.9919057488441467,0.45983785256082893,4,14592,context_3,False,0.0093462875,0,0,0,8,N/A,N/A,N/A,N/A,N/A,N/A,8,8,8,0.9919057488441467,1.0,2.0,0.46359026862851765,0.0,0.9196757051216579,False,False,False
ws_from_conv47_ws_to_conv47_sd8-9,width_splitter,368,128,64,32,,,,,,,0,0,,1826.63,218983,,1,1,1,32,0,2,1,1,,,False,,False,,166.2337188720703,0.0,stereonet/ws_from_conv47_ws_to_conv47_sd8-9,0,0,1,9.007965,0,64,0.9679655432701111,0.9679655432701111,0.11338467362050664,28,2304,context_3,False,0.0093477725,0,0,0,8,N/A,N/A,N/A,N/A,N/A,N/A,8,8,8,0.9679655432701111,1.0,2.0,0.11713709688203913,0.0,0.22676934724101327,False,False,False
ws_from_conv47_ws_to_ws_from_conv47_ws_to_ws_from_conv47_ws_to_ws_from_conv47_ws_to_conv47_sd0-1_ws_from_conv47_ws_to_conv_1129,width_splitter,368,456,64,32,,,,,,,0,0,,569.96,701799,,1,1,1,32,0,2,1,1,,,False,,False,,592.2076416015625,0.0,stereonet/ws_from_conv47_ws_to_ws_from_conv47_ws_to_ws_from_conv47_ws_to_ws_from_conv47_ws_to_conv47_sd0-1_ws_from_conv47_ws_to_conv_1129,0,0,1,9.011244999999999,0,64,0.9900042414665222,0.9900042414665222,0.371649758917935,4,11008,context_3,False,0.0093510525,0,0,0,8,N/A,N/A,N/A,N/A,N/A,N/A,8,8,8,0.9900042414665222,1.0,2.0,0.3754021885475959,0.0,0.74329951783587,False,False,False
ws_from_conv47_ws_to_conv47_sd6-7,width_splitter,368,128,64,32,,,,,,,0,0,,1826.63,218983,,1,1,1,32,0,2,1,1,,,False,,False,,166.2337188720703,0.0,stereonet/ws_from_conv47_ws_to_conv47_sd6-7,0,0,1,9.007965,0,64,0.9679655432701111,0.9679655432701111,0.11338467362050664,28,2304,context_3,False,0.0093525375,0,0,0,8,N/A,N/A,N/A,N/A,N/A,N/A,8,8,8,0.9679655432701111,1.0,2.0,0.11713709688203913,0.0,0.22676934724101327,False,False,False
ws_from_conv47_ws_to_ws_from_conv47_ws_to_ws_from_conv47_ws_to_conv47_sd0-1_ws_from_conv47_ws_to_conv47_sd2-3_ws_from_conv_1126,width_splitter,368,344,64,32,,,,,,,0,0,,744.97,536935,,1,1,1,32,0,2,1,1,,,False,,False,,446.75311279296875,0.0,stereonet/ws_from_conv47_ws_to_ws_from_conv47_ws_to_ws_from_conv47_ws_to_conv47_sd0-1_ws_from_conv47_ws_to_conv47_sd2-3_ws_from_conv_1126,0,0,1,9.010125,0,64,0.9869350790977478,0.9869350790977478,0.2834616788575461,8,7424,context_3,False,0.0093546975,0,0,0,8,N/A,N/A,N/A,N/A,N/A,N/A,8,8,8,0.9869350790977478,1.0,2.0,0.28721410846667406,0.0,0.5669233577150922,False,False,False
ws_from_conv47_ws_to_conv47_sd4-5,width_splitter,368,128,64,32,,,,,,,0,0,,1826.63,218983,,1,1,1,32,0,2,1,1,,,False,,False,,166.2337188720703,0.0,stereonet/ws_from_conv47_ws_to_conv47_sd4-5,0,0,1,9.007965,0,64,0.9679655432701111,0.9679655432701111,0.11338467362050664,28,2304,context_3,False,0.0093561825,0,0,0,8,N/A,N/A,N/A,N/A,N/A,N/A,8,8,8,0.9679655432701111,1.0,2.0,0.11713709688203913,0.0,0.22676934724101327,False,False,False
ws_from_conv47_ws_to_ws_from_conv47_ws_to_conv47_sd0-1_ws_from_conv47_ws_to_conv47_sd2-3,width_splitter,368,232,64,32,,,,,,,0,0,,1075.06,372071,,1,1,1,32,0,2,1,1,,,False,,False,,301.2986145019531,0.0,stereonet/ws_from_conv47_ws_to_ws_from_conv47_ws_to_conv47_sd0-1_ws_from_conv47_ws_to_conv47_sd2-3,0,0,1,9.009005,0,64,0.9811460971832275,0.9811460971832275,0.19527361098855905,16,4096,context_3,False,0.0093572225,0,0,0,8,N/A,N/A,N/A,N/A,N/A,N/A,8,8,8,0.9811460971832275,1.0,2.0,0.19902602838575223,0.0,0.3905472219771181,False,False,False
ws_from_conv47_ws_to_conv47_sd0-1,width_splitter,368,120,64,32,,,,,,,0,0,,1930.44,207207,,1,1,1,32,0,2,1,1,,,False,,False,,155.8441162109375,0.0,stereonet/ws_from_conv47_ws_to_conv47_sd0-1,0,0,1,9.007885,0,64,0.9661449790000916,0.9661449790000916,0.10708552723738364,28,2048,context_3,False,0.0093586275,0,0,0,8,N/A,N/A,N/A,N/A,N/A,N/A,8,8,8,0.9661449790000916,1.0,2.0,0.11083794830483044,0.0,0.21417105447476728,False,False,False
ws_from_conv47_ws_to_conv47_sd2-3,width_splitter,368,128,64,32,,,,,,,0,0,,1826.63,218983,,1,1,1,32,0,2,1,1,,,False,,False,,166.2337188720703,0.0,stereonet/ws_from_conv47_ws_to_conv47_sd2-3,0,0,1,9.007965,0,64,0.9679655432701111,0.9679655432701111,0.11338467362050664,28,2304,context_3,False,0.0093587075,0,0,0,8,N/A,N/A,N/A,N/A,N/A,N/A,8,8,8,0.9679655432701111,1.0,2.0,0.11713709688203913,0.0,0.22676934724101327,False,False,False
ws_from_conv47_ws_to_conv47_sd14-15,width_splitter,368,128,64,32,,,,,,,0,0,,1826.63,218983,,1,1,1,32,0,2,1,1,,,False,,False,,166.2337188720703,0.0,stereonet/ws_from_conv47_ws_to_conv47_sd14-15,0,0,1,9.007965,0,64,0.9679655432701111,0.9679655432701111,0.11338467362050664,28,2304,context_3,False,0.0093267575,0,0,0,8,N/A,N/A,N/A,N/A,N/A,N/A,8,8,8,0.9679655432701111,1.0,2.0,0.11713709688203913,0.0,0.22676934724101327,False,False,False
ws_from_conv47_ws_to_conv47_sd18-19,width_splitter,368,128,64,32,,,,,,,0,0,,1826.63,218983,,1,1,1,32,0,2,1,1,,,False,,False,,166.2337188720703,0.0,stereonet/ws_from_conv47_ws_to_conv47_sd18-19,0,0,1,9.007965,0,64,0.9679655432701111,0.9679655432701111,0.11338467362050664,28,2304,context_3,False,0.0093071475,0,0,0,8,N/A,N/A,N/A,N/A,N/A,N/A,8,8,8,0.9679655432701111,1.0,2.0,0.11713709688203913,0.0,0.22676934724101327,False,False,False
ws_from_conv48_ws_to_conv48_sd20-21,width_splitter,368,120,64,32,,,,,,,0,0,,1930.44,207207,,1,1,1,32,0,2,1,1,,,False,,False,,60.801456451416016,0.0,stereonet/ws_from_conv48_ws_to_conv48_sd20-21,0,0,1,19.091250000000002,0,64,0.9661449790000916,0.9661449790000916,0.02153385038836936,28,2304,context_4,False,0.0191284575,0,0,0,8,N/A,N/A,N/A,N/A,N/A,N/A,8,8,8,0.9661449790000916,1.0,2.0,0.022288425501787265,0.0,0.04306770077673872,False,False,False
ws_from_conv48_ws_to_ws_from_conv48_ws_to_ws_from_conv48_ws_to_ws_from_conv48_ws_to_ws_from_conv48_ws_to_ws_from_conv48_ws_1552,width_splitter,368,1128,64,32,,,,,,,0,0,,236.55,1690983,,1,1,1,32,0,2,1,1,,,False,,False,,571.53369140625,0.0,stereonet/ws_from_conv48_ws_to_ws_from_conv48_ws_to_ws_from_conv48_ws_to_ws_from_conv48_ws_to_ws_from_conv48_ws_to_ws_from_conv48_ws_1552,0,0,1,19.0522375,0,64,0.9958515167236328,0.9958515167236328,0.18113767868769054,2,4096,context_4,False,0.019089445,0,0,0,8,N/A,N/A,N/A,N/A,N/A,N/A,8,8,8,0.9958515167236328,1.0,2.0,0.18189225566843173,0.0,0.3622753573753811,False,False,False
ws_from_conv48_ws_to_ws_from_conv48_ws_to_ws_from_conv48_ws_to_ws_from_conv48_ws_to_ws_from_conv48_ws_to_ws_from_conv48_ws_1551,width_splitter,368,1016,64,32,,,,,,,0,0,,262.10,1526119,,1,1,1,32,0,2,1,1,,,False,,False,,514.78564453125,0.0,stereonet/ws_from_conv48_ws_to_ws_from_conv48_ws_to_ws_from_conv48_ws_to_ws_from_conv48_ws_to_ws_from_conv48_ws_to_ws_from_conv48_ws_1551,0,0,1,19.0511175,0,64,0.9954033493995667,0.9954033493995667,0.163403917508324,2,28928,context_4,False,0.01909981,0,0,0,8,N/A,N/A,N/A,N/A,N/A,N/A,8,8,8,0.9954033493995667,1.0,2.0,0.1641584967610268,0.0,0.326807835016648,False,False,False
ws_from_conv48_ws_to_conv48_sd16-17,width_splitter,368,128,64,32,,,,,,,0,0,,1826.63,218983,,1,1,1,32,0,2,1,1,,,False,,False,,64.85488891601562,0.0,stereonet/ws_from_conv48_ws_to_conv48_sd16-17,0,0,1,19.0422375,0,64,0.9679655432701111,0.9679655432701111,0.022800547011974863,28,2304,context_4,False,0.019101295,0,0,0,8,N/A,N/A,N/A,N/A,N/A,N/A,8,8,8,0.9679655432701111,1.0,2.0,0.023555122566601902,0.0,0.045601094023949726,False,False,False
ws_from_conv48_ws_to_ws_from_conv48_ws_to_ws_from_conv48_ws_to_ws_from_conv48_ws_to_ws_from_conv48_ws_to_ws_from_conv48_ws_1550,width_splitter,368,904,64,32,,,,,,,0,0,,293.85,1361255,,1,1,1,32,0,2,1,1,,,False,,False,,458.03765869140625,0.0,stereonet/ws_from_conv48_ws_to_ws_from_conv48_ws_to_ws_from_conv48_ws_to_ws_from_conv48_ws_to_ws_from_conv48_ws_to_ws_from_conv48_ws_1550,0,0,1,19.0499975,0,64,0.9948466420173645,0.9948466420173645,0.14567015876194855,2,4096,context_4,False,0.019109055,0,0,0,8,N/A,N/A,N/A,N/A,N/A,N/A,8,8,8,0.9948466420173645,1.0,2.0,0.14642473785362184,0.0,0.2913403175238971,False,False,False
ws_from_conv48_ws_to_ws_from_conv48_ws_to_ws_from_conv48_ws_to_ws_from_conv48_ws_to_ws_from_conv48_ws_to_ws_from_conv48_ws_1549,width_splitter,368,792,64,32,,,,,,,0,0,,334.34,1196391,,1,1,1,32,0,2,1,1,,,False,,False,,401.2896423339844,0.0,stereonet/ws_from_conv48_ws_to_ws_from_conv48_ws_to_ws_from_conv48_ws_to_ws_from_conv48_ws_to_ws_from_conv48_ws_to_ws_from_conv48_ws_1549,0,0,1,19.0488775,0,64,0.9941365122795105,0.9941365122795105,0.12793640097142797,2,4096,context_4,False,0.01911718,0,0,0,8,N/A,N/A,N/A,N/A,N/A,N/A,8,8,8,0.9941365122795105,1.0,2.0,0.1286909789462169,0.0,0.25587280194285594,False,False,False
ws_from_conv48_ws_to_ws_from_conv48_ws_to_ws_from_conv48_ws_to_ws_from_conv48_ws_to_ws_from_conv48_ws_to_ws_from_conv48_ws_1548,width_splitter,368,680,64,32,,,,,,,0,0,,387.77,1031527,,1,1,1,32,0,2,1,1,,,False,,False,,344.5415954589844,0.0,stereonet/ws_from_conv48_ws_to_ws_from_conv48_ws_to_ws_from_conv48_ws_to_ws_from_conv48_ws_to_ws_from_conv48_ws_to_ws_from_conv48_ws_1548,0,0,1,19.047757500000003,0,64,0.9931994080543518,0.9931994080543518,0.1102026452619045,2,18176,context_4,False,0.019124185,0,0,0,8,N/A,N/A,N/A,N/A,N/A,N/A,8,8,8,0.9931994080543518,1.0,2.0,0.11095722003881196,0.0,0.220405290523809,False,False,False
ws_from_conv48_ws_to_conv48_sd10-11,width_splitter,368,128,64,32,,,,,,,0,0,,1826.63,218983,,1,1,1,32,0,2,1,1,,,False,,False,,64.85488891601562,0.0,stereonet/ws_from_conv48_ws_to_conv48_sd10-11,0,0,1,19.0422375,0,64,0.9679655432701111,0.9679655432701111,0.022800547011974863,28,2304,context_4,False,0.01912567,0,0,0,8,N/A,N/A,N/A,N/A,N/A,N/A,8,8,8,0.9679655432701111,1.0,2.0,0.023555122566601902,0.0,0.045601094023949726,False,False,False
ws_from_conv48_ws_to_ws_from_conv48_ws_to_ws_from_conv48_ws_to_ws_from_conv48_ws_to_ws_from_conv48_ws_to_conv48_sd0-1_ws_f_1547,width_splitter,368,568,64,32,,,,,,,0,0,,461.54,866663,,1,1,1,32,0,2,1,1,,,False,,False,,287.7935791015625,0.0,stereonet/ws_from_conv48_ws_to_ws_from_conv48_ws_to_ws_from_conv48_ws_to_ws_from_conv48_ws_to_ws_from_conv48_ws_to_conv48_sd0-1_ws_f_1547,0,0,1,19.046637500000003,0,64,0.9919057488441467,0.9919057488441467,0.09246888702339148,4,14592,context_4,False,0.01913007,0,0,0,8,N/A,N/A,N/A,N/A,N/A,N/A,8,8,8,0.9919057488441467,1.0,2.0,0.09322346113140702,0.0,0.18493777404678297,False,False,False
ws_from_conv48_ws_to_conv48_sd8-9,width_splitter,368,128,64,32,,,,,,,0,0,,1826.63,218983,,1,1,1,32,0,2,1,1,,,False,,False,,64.85488891601562,0.0,stereonet/ws_from_conv48_ws_to_conv48_sd8-9,0,0,1,19.0422375,0,64,0.9679655432701111,0.9679655432701111,0.022800547011974863,28,2304,context_4,False,0.019131555,0,0,0,8,N/A,N/A,N/A,N/A,N/A,N/A,8,8,8,0.9679655432701111,1.0,2.0,0.023555122566601902,0.0,0.045601094023949726,False,False,False
ws_from_conv48_ws_to_ws_from_conv48_ws_to_ws_from_conv48_ws_to_ws_from_conv48_ws_to_conv48_sd0-1_ws_from_conv48_ws_to_conv_1546,width_splitter,368,456,64,32,,,,,,,0,0,,569.96,701799,,1,1,1,32,0,2,1,1,,,False,,False,,231.0455322265625,0.0,stereonet/ws_from_conv48_ws_to_ws_from_conv48_ws_to_ws_from_conv48_ws_to_ws_from_conv48_ws_to_conv48_sd0-1_ws_from_conv48_ws_to_conv_1546,0,0,1,19.045517500000003,0,64,0.9900042414665222,0.9900042414665222,0.07473512538880682,4,4096,context_4,False,0.019134835,0,0,0,8,N/A,N/A,N/A,N/A,N/A,N/A,8,8,8,0.9900042414665222,1.0,2.0,0.07548970222400209,0.0,0.14947025077761364,False,False,False
ws_from_conv48_ws_to_ws_from_conv48_ws_to_ws_from_conv48_ws_to_conv48_sd0-1_ws_from_conv48_ws_to_conv48_sd2-3_ws_from_conv_1545,width_splitter,368,344,64,32,,,,,,,0,0,,744.97,536935,,1,1,1,32,0,2,1,1,,,False,,False,,174.29751586914062,0.0,stereonet/ws_from_conv48_ws_to_ws_from_conv48_ws_to_ws_from_conv48_ws_to_conv48_sd0-1_ws_from_conv48_ws_to_conv48_sd2-3_ws_from_conv_1545,0,0,1,19.044397500000002,0,64,0.9869350790977478,0.9869350790977478,0.05700136648553084,8,7424,context_4,False,0.01913848,0,0,0,8,N/A,N/A,N/A,N/A,N/A,N/A,8,8,8,0.9869350790977478,1.0,2.0,0.05775594331659715,0.0,0.11400273297106168,False,False,False
ws_from_conv48_ws_to_conv48_sd4-5,width_splitter,368,128,64,32,,,,,,,0,0,,1826.63,218983,,1,1,1,32,0,2,1,1,,,False,,False,,64.85488891601562,0.0,stereonet/ws_from_conv48_ws_to_conv48_sd4-5,0,0,1,19.0422375,0,64,0.9679655432701111,0.9679655432701111,0.022800547011974863,28,2304,context_4,False,0.019139965,0,0,0,8,N/A,N/A,N/A,N/A,N/A,N/A,8,8,8,0.9679655432701111,1.0,2.0,0.023555122566601902,0.0,0.045601094023949726,False,False,False
ws_from_conv48_ws_to_ws_from_conv48_ws_to_conv48_sd0-1_ws_from_conv48_ws_to_conv48_sd2-3,width_splitter,368,232,64,32,,,,,,,0,0,,1075.06,372071,,1,1,1,32,0,2,1,1,,,False,,False,,117.54948425292969,0.0,stereonet/ws_from_conv48_ws_to_ws_from_conv48_ws_to_conv48_sd0-1_ws_from_conv48_ws_to_conv48_sd2-3,0,0,1,19.043277500000002,0,64,0.9811460971832275,0.9811460971832275,0.039267610033826346,16,4096,context_4,False,0.019141005,0,0,0,8,N/A,N/A,N/A,N/A,N/A,N/A,8,8,8,0.9811460971832275,1.0,2.0,0.0400221844091922,0.0,0.07853522006765269,False,False,False
ws_from_conv48_ws_to_conv48_sd0-1,width_splitter,368,120,64,32,,,,,,,0,0,,1930.44,207207,,1,1,1,32,0,2,1,1,,,False,,False,,60.801456451416016,0.0,stereonet/ws_from_conv48_ws_to_conv48_sd0-1,0,0,1,19.042157500000002,0,64,0.9661449790000916,0.9661449790000916,0.02153385038836936,28,2048,context_4,False,0.01914241,0,0,0,8,N/A,N/A,N/A,N/A,N/A,N/A,8,8,8,0.9661449790000916,1.0,2.0,0.022288425501787265,0.0,0.04306770077673872,False,False,False
ws_from_conv48_ws_to_conv48_sd2-3,width_splitter,368,128,64,32,,,,,,,0,0,,1826.63,218983,,1,1,1,32,0,2,1,1,,,False,,False,,64.85488891601562,0.0,stereonet/ws_from_conv48_ws_to_conv48_sd2-3,0,0,1,19.0422375,0,64,0.9679655432701111,0.9679655432701111,0.022800547011974863,28,2304,context_4,False,0.01914249,0,0,0,8,N/A,N/A,N/A,N/A,N/A,N/A,8,8,8,0.9679655432701111,1.0,2.0,0.023555122566601902,0.0,0.045601094023949726,False,False,False
ws_from_conv48_ws_to_conv48_sd6-7,width_splitter,368,128,64,32,,,,,,,0,0,,1826.63,218983,,1,1,1,32,0,2,1,1,,,False,,False,,64.85488891601562,0.0,stereonet/ws_from_conv48_ws_to_conv48_sd6-7,0,0,1,19.0422375,0,64,0.9679655432701111,0.9679655432701111,0.022800547011974863,28,2304,context_4,False,0.01913632,0,0,0,8,N/A,N/A,N/A,N/A,N/A,N/A,8,8,8,0.9679655432701111,1.0,2.0,0.023555122566601902,0.0,0.045601094023949726,False,False,False
ws_from_conv48_ws_to_conv48_sd12-13,width_splitter,368,128,64,32,,,,,,,0,0,,1826.63,218983,,1,1,1,32,0,2,1,1,,,False,,False,,64.85488891601562,0.0,stereonet/ws_from_conv48_ws_to_conv48_sd12-13,0,0,1,19.0422375,0,64,0.9679655432701111,0.9679655432701111,0.022800547011974863,28,2304,context_4,False,0.019118665,0,0,0,8,N/A,N/A,N/A,N/A,N/A,N/A,8,8,8,0.9679655432701111,1.0,2.0,0.023555122566601902,0.0,0.045601094023949726,False,False,False
ws_from_conv48_ws_to_conv48_sd14-15,width_splitter,368,128,64,32,,,,,,,0,0,,1826.63,218983,,1,1,1,32,0,2,1,1,,,False,,False,,64.85488891601562,0.0,stereonet/ws_from_conv48_ws_to_conv48_sd14-15,0,0,1,19.0422375,0,64,0.9679655432701111,0.9679655432701111,0.022800547011974863,28,2304,context_4,False,0.01911054,0,0,0,8,N/A,N/A,N/A,N/A,N/A,N/A,8,8,8,0.9679655432701111,1.0,2.0,0.023555122566601902,0.0,0.045601094023949726,False,False,False
ws_from_conv48_ws_to_conv48_sd18-19,width_splitter,368,128,64,32,,,,,,,0,0,,1826.63,218983,,1,1,1,32,0,2,1,1,,,False,,False,,64.85488891601562,0.0,stereonet/ws_from_conv48_ws_to_conv48_sd18-19,0,0,1,19.0422375,0,64,0.9679655432701111,0.9679655432701111,0.022800547011974863,28,2304,context_4,False,0.01909093,0,0,0,8,N/A,N/A,N/A,N/A,N/A,N/A,8,8,8,0.9679655432701111,1.0,2.0,0.023555122566601902,0.0,0.045601094023949726,False,False,False
sh_from_conv46_to_conv48_sd16-19,shortcut,368,1232,32,32,,,,,,,0,0,,219.81,1819779,,1,1,1,32,0,2,1,,,,False,,False,,624.228271484375,0.0,stereonet/sh_from_conv46_to_conv48_sd16-19,0,0,1,19.21473,0,32,0.9965517520904541,0.9965517520904541,0.1950713426964593,1,39424,context_4,False,0.0192394125,0,0,0,8,N/A,N/A,N/A,N/A,N/A,N/A,8,8,8,0.9965517520904541,1.0,1.0,0.1957463245508932,0.0,0.1950713426964593,False,False,False
sh_from_conv46_to_conv48_sd20-21,shortcut,368,1232,32,32,,,,,,,0,0,,219.81,1819779,,1,1,1,32,0,2,1,,,,False,,False,,624.228271484375,0.0,stereonet/sh_from_conv46_to_conv48_sd20-21,0,0,1,19.3037225,0,32,0.9965517520904541,0.9965517520904541,0.1950713426964593,1,39424,context_4,False,0.019328405,0,0,0,8,N/A,N/A,N/A,N/A,N/A,N/A,8,8,8,0.9965517520904541,1.0,1.0,0.1957463245508932,0.0,0.1950713426964593,False,False,False
sh_from_conv46_to_sh_from_conv46_to_conv48_sd0-3_sh_from_conv46_to_conv48_sd4-7_sh_from_conv46_to_conv48_sd8-11_sh_from_co_1501,shortcut,368,1232,32,32,,,,,,,0,0,,178.57,2240035,,1,1,1,32,0,2,1,,,,False,,False,,624.228271484375,0.0,stereonet/sh_from_conv46_to_sh_from_conv46_to_conv48_sd0-3_sh_from_conv46_to_conv48_sd4-7_sh_from_conv46_to_conv48_sd8-11_sh_from_co_1501,0,0,1,19.21758,0,32,0.8095873594284058,0.8095873594284058,0.19507135020561875,256,256,context_4,False,0.0192422625,0,0,0,8,N/A,N/A,N/A,N/A,N/A,N/A,8,8,8,0.8095873594284058,1.0,1.0,0.2409515760514656,0.0,0.19507135020561875,False,False,True
sh_from_conv46_to_conv48_sd8-11,shortcut,368,1232,32,32,,,,,,,0,0,,190.36,2101299,,1,1,1,32,0,3,1,,,,False,,False,,624.228271484375,0.0,stereonet/sh_from_conv46_to_conv48_sd8-11,0,0,1,19.2175875,0,32,0.863039493560791,0.863039493560791,0.1950713506469176,2,39424,context_4,False,0.0192424675,0,0,0,8,N/A,N/A,N/A,N/A,N/A,N/A,8,8,8,0.863039493560791,1.0,1.0,0.22602830125661813,0.0,0.1950713506469176,False,True,False
sh_from_conv46_to_conv48_sd0-3,shortcut,368,1232,32,32,,,,,,,0,0,,190.36,2101299,,1,1,1,32,0,16,1,,,,False,,False,,624.228271484375,0.0,stereonet/sh_from_conv46_to_conv48_sd0-3,0,0,1,19.2175875,0,32,0.863039493560791,0.863039493560791,0.1950713506469176,12,39424,context_4,False,0.0192424675,0,0,0,8,N/A,N/A,N/A,N/A,N/A,N/A,8,8,8,0.863039493560791,1.0,1.0,0.22602830125661813,0.0,0.1950713506469176,False,True,False
sh_from_conv46_to_conv48_sd4-7,shortcut,368,1232,32,32,,,,,,,0,0,,190.36,2101299,,1,1,1,32,0,16,1,,,,False,,False,,624.228271484375,0.0,stereonet/sh_from_conv46_to_conv48_sd4-7,0,0,1,19.2175875,0,32,0.863039493560791,0.863039493560791,0.1950713506469176,12,39424,context_4,False,0.0192424675,0,0,0,8,N/A,N/A,N/A,N/A,N/A,N/A,8,8,8,0.863039493560791,1.0,1.0,0.22602830125661813,0.0,0.1950713506469176,False,True,False
sh_from_conv46_to_conv48_sd12-15,shortcut,368,1232,32,32,,,,,,,0,0,,190.36,2101299,,1,1,1,32,0,12,1,,,,False,,False,,624.228271484375,0.0,stereonet/sh_from_conv46_to_conv48_sd12-15,0,0,1,19.2175875,0,32,0.863039493560791,0.863039493560791,0.1950713506469176,9,39424,context_4,False,0.0192424675,0,0,0,8,N/A,N/A,N/A,N/A,N/A,N/A,8,8,8,0.863039493560791,1.0,1.0,0.22602830125661813,0.0,0.1950713506469176,False,True,False
ws_from_conv53_ws_to_ws_from_conv53_ws_to_conv53_sd0-2_ws_from_conv53_ws_to_conv53_sd3-5_ws_from_conv53_ws_to_conv53_sd6-8,width_splitter,368,1120,96,32,,,,,,,0,0,,234.76,1703865,,1,1,1,32,0,3,1,1,,,False,,False,,1454.5450439453125,0.0,stereonet/ws_from_conv53_ws_to_ws_from_conv53_ws_to_conv53_sd0-2_ws_from_conv53_ws_to_conv53_sd3-5_ws_from_conv53_ws_to_conv53_sd6-8,0,0,1,9.05443,0,96,0.9952337741851807,0.9952337741851807,0.9195654585165283,6,12032,context_5,False,0.0090916375,0,0,0,8,N/A,N/A,N/A,N/A,N/A,N/A,8,8,8,0.9952337741851807,1.0,3.0,0.9239693048694979,0.0,2.758696375549585,False,False,False
ws_from_conv53_ws_to_conv53_sd3-5,width_splitter,368,384,96,32,,,,,,,0,0,,644.67,620473,,1,1,1,32,0,3,1,1,,,False,,False,,498.7011413574219,0.0,stereonet/ws_from_conv53_ws_to_conv53_sd3-5,0,0,1,9.047070000000001,0,96,0.9869115948677063,0.9869115948677063,0.3320653044282733,21,4352,context_5,False,0.00909585,0,0,0,8,N/A,N/A,N/A,N/A,N/A,N/A,8,8,8,0.9869115948677063,1.0,3.0,0.33646914896443797,0.0,0.9961959132848199,False,False,False
ws_from_conv53_ws_to_conv53_sd0-2,width_splitter,368,392,96,32,,,,,,,0,0,,632.66,632249,,1,1,1,32,0,3,1,1,,,False,,False,,509.09075927734375,0.0,stereonet/ws_from_conv53_ws_to_conv53_sd0-2,0,0,1,9.04715,0,96,0.9871553778648376,0.9871553778648376,0.3384511770423513,21,4608,context_5,False,0.00909593,0,0,0,8,N/A,N/A,N/A,N/A,N/A,N/A,8,8,8,0.9871553778648376,1.0,3.0,0.34285502022427555,0.0,1.0153535311270538,False,False,False
ws_from_conv53_ws_to_conv53_sd6-8,width_splitter,368,376,96,32,,,,,,,0,0,,657.14,608697,,1,1,1,32,0,3,1,1,,,False,,False,,488.3115539550781,0.0,stereonet/ws_from_conv53_ws_to_conv53_sd6-8,0,0,1,9.04699,0,96,0.9866583943367004,0.9866583943367004,0.3256794367774161,21,4352,context_5,False,0.00909577,0,0,0,8,N/A,N/A,N/A,N/A,N/A,N/A,8,8,8,0.9866583943367004,1.0,3.0,0.3300832777046003,0.0,0.9770383103322483,False,False,False
sh_from_reduce_sum1_to_conv53_sd0-3,shortcut,368,1232,1,1,,,,,,,0,0,,6354.55,62947,,1,1,1,1,0,3,1,,,,False,,False,,49.99998474121094,0.0,stereonet/sh_from_reduce_sum1_to_conv53_sd0-3,0,0,1,8.4383625,0,1,0.9003129601478577,0.9003129601478577,0.030732005385056868,78,1232,context_5,False,0.008439175,0,0,0,8,N/A,N/A,N/A,N/A,N/A,N/A,8,8,8,0.9003129601478577,1.0,1.0,0.03413480283568258,0.0,0.030732005385056868,False,False,False
sh_from_reduce_sum1_to_conv53_sd4-7,shortcut,368,1232,1,1,,,,,,,0,0,,6354.55,62947,,1,1,1,1,0,2,1,,,,False,,False,,49.99998474121094,0.0,stereonet/sh_from_reduce_sum1_to_conv53_sd4-7,0,0,1,8.438195,0,1,0.9003129601478577,0.9003129601478577,0.030732005385056868,52,1232,context_5,False,0.0084390075,0,0,0,8,N/A,N/A,N/A,N/A,N/A,N/A,8,8,8,0.9003129601478577,1.0,1.0,0.03413480283568258,0.0,0.030732005385056868,False,False,False
auto_reshape_from_conv53_sdc_to_output_layer1,format_conversion,368,1232,1,1,,,,,,,0,0,,3087.92,129537,,0,0,0,,0,0,1,1,,,False,,False,,49.99998474121094,0.0,,0,1,1,9.02469,0,,0.0,0.0,0.0,2,1232,context_5,False,0.0091116,0,0,0,8,N/A,N/A,N/A,N/A,N/A,N/A,8,8,8,0.0,,,0.07024512613668346,0.0,,False,False,False
